{
    "POSCAR": {
        "Atomes": "   Cr    C   I\n",
        "coordinate": "Direct\n",
        "unit_cell": {
            "a_vector": "3.426350840006221   5.913031169991162e-08   3.934686307921683e-08\n",
            "b_vector": "-1.7131753687407862   2.9673069655557276   -2.4765860453114636e-07\n",
            "c_vector": "3.1566118725489363e-07   -2.1119665889444487e-06   27.00434282830208\n"
        },
        "positions": {
            "Cr": [
                "0.33333333545252225   0.6666666736005066   0.16975945398660858\n",
                "0.6666666869334295   0.3333333674596388   0.2302405476081393\n"
            ],
            "C": [
                "-6.757581712222097e-09   -2.4217773318993927e-08   0.20000000057280964\n"
            ],
            "I": [
                "0.3333333204596752   0.6666666484149887   0.30197980806361935\n",
                "0.6666666636696754   0.3333333348881494   0.09802018976882353\n"
            ]
        }
    },
    "Termo_data": {
        "Temperature (K)": [
            0,
            10,
            20,
            30,
            40,
            50,
            60,
            70,
            80,
            90,
            100,
            110,
            120,
            130,
            140,
            150,
            160,
            170,
            180,
            190,
            200,
            210,
            220,
            230,
            240,
            250,
            260,
            270,
            280,
            290,
            300,
            310,
            320,
            330,
            340,
            350,
            360,
            370,
            380,
            390,
            400,
            410,
            420,
            430,
            440,
            450,
            460,
            470,
            480,
            490,
            500,
            510,
            520,
            530,
            540,
            550,
            560,
            570,
            580,
            590,
            600,
            610,
            620,
            630,
            640,
            650,
            660,
            670,
            680,
            690,
            700,
            710,
            720,
            730,
            740,
            750,
            760,
            770,
            780,
            790,
            800,
            810,
            820,
            830,
            840,
            850,
            860,
            870,
            880,
            890,
            900,
            910,
            920,
            930,
            940,
            950,
            960,
            970,
            980,
            990,
            1000,
            1010,
            1020,
            1030,
            1040,
            1050,
            1060,
            1070,
            1080,
            1090,
            1100,
            1110,
            1120,
            1130,
            1140,
            1150,
            1160,
            1170,
            1180,
            1190,
            1200,
            1210,
            1220,
            1230,
            1240,
            1250,
            1260,
            1270,
            1280,
            1290,
            1300,
            1310,
            1320,
            1330,
            1340,
            1350,
            1360,
            1370,
            1380,
            1390,
            1400,
            1410,
            1420,
            1430,
            1440,
            1450,
            1460,
            1470,
            1480,
            1490,
            1500,
            1510,
            1520,
            1530,
            1540,
            1550,
            1560,
            1570,
            1580,
            1590,
            1600,
            1610,
            1620,
            1630,
            1640,
            1650,
            1660,
            1670,
            1680,
            1690,
            1700,
            1710,
            1720,
            1730,
            1740,
            1750,
            1760,
            1770,
            1780,
            1790,
            1800,
            1810,
            1820,
            1830,
            1840,
            1850,
            1860,
            1870,
            1880,
            1890,
            1900,
            1910,
            1920,
            1930,
            1940,
            1950,
            1960,
            1970
        ],
        "Gibbs_free(J/mole)": [
            -338659.9502785653,
            -338660.0675078302,
            -338661.95275761327,
            -338670.24080627784,
            -338688.95201797865,
            -338720.6225599981,
            -338766.6986567892,
            -338827.8590911561,
            -338904.28334373754,
            -338995.84720241145,
            -339102.2517294252,
            -339223.1034005275,
            -339357.96240621863,
            -339506.3710404128,
            -339667.87023321807,
            -339842.00909618754,
            -340028.3502697369,
            -340226.47280003777,
            -340435.97356289724,
            -340656.4677742893,
            -340887.58895129495,
            -341128.9885110948,
            -341380.3352179361,
            -341641.3144442897,
            -341911.62740518915,
            -342190.99042660865,
            -342479.133898354,
            -342775.80179646524,
            -343080.7507146204,
            -343393.7491754919,
            -343714.57690171606,
            -344043.0241809548,
            -344378.89120003773,
            -344721.98746992927,
            -345072.13124658423,
            -345429.1490321705,
            -345792.8750439376,
            -346163.15083365556,
            -346539.8247659025,
            -346922.75167901366,
            -347311.7924913422,
            -347706.81388105894,
            -348107.68791568425,
            -348514.29181176645,
            -348926.50757284224,
            -349344.22176735464,
            -349767.32533722086,
            -350195.713295172,
            -350629.2845190289,
            -351067.94149846333,
            -351511.59034384484,
            -351960.1404121492,
            -352413.5041419576,
            -352871.5970542828,
            -353334.3375114772,
            -353801.6464839086,
            -354273.4476000653,
            -354749.666952079,
            -355230.2328987755,
            -355715.0761520472,
            -356204.1294762371,
            -356697.3277275283,
            -357194.6077230026,
            -357695.90796196467,
            -358201.16899242834,
            -358710.33292680205,
            -359223.34349906683,
            -359740.146124012,
            -360260.6875694514,
            -360784.9162453221,
            -361312.7819056189,
            -361844.2354002983,
            -362379.2290808297,
            -362917.7165098544,
            -363459.652339615,
            -364004.99253228883,
            -364553.6939017456,
            -365105.7146905824,
            -365661.0138517352,
            -366219.55126704124,
            -366781.28788441163,
            -367346.18585379637,
            -367914.20768975315,
            -368485.3169511201,
            -369059.4784154489,
            -369636.65701751446,
            -370216.81878228835,
            -370799.9302984296,
            -371385.9594731291,
            -371974.87417915283,
            -372566.64328806,
            -373161.23606469494,
            -373758.6227374944,
            -374358.7743011708,
            -374961.6617706013,
            -375567.2572288234,
            -376175.53268342325,
            -376786.4618612788,
            -377400.01739354915,
            -378016.17417510605,
            -378634.90621392365,
            -379256.1884188289,
            -379879.99647188536,
            -380506.3063299035,
            -381135.0941955017,
            -381766.33690551907,
            -382400.01169595367,
            -383036.09637492686,
            -383674.5683453761,
            -384315.4066898648,
            -384958.589675495,
            -385604.09683246707,
            -386251.90695177286,
            -386902.0012663587,
            -387554.35792461847,
            -388208.9590532957,
            -388865.78474802006,
            -389524.81676678045,
            -390186.0354793633,
            -390849.4236370431,
            -391514.9620791535,
            -392182.63550643076,
            -392852.4235645835,
            -393524.31063498347,
            -394198.2793601446,
            -394874.31442446145,
            -395552.3973816495,
            -396232.51336643985,
            -396914.6468344812,
            -397598.78065291845,
            -398284.90056318406,
            -398972.9904578394,
            -399663.03865258157,
            -400355.0240464316,
            -401048.93904904346,
            -401744.7638487706,
            -402442.4863706968,
            -403142.093408073,
            -403843.57080561254,
            -404546.9042991797,
            -405252.08166430227,
            -405959.0868952374,
            -406667.9123659099,
            -407378.53981559706,
            -408090.95846469083,
            -408805.15690156876,
            -409521.12334438536,
            -410238.8430378714,
            -410958.30456731195,
            -411679.49657133745,
            -412402.40730811947,
            -413127.02452024276,
            -413853.339159775,
            -414581.33796141564,
            -415311.01149271685,
            -416042.34447652503,
            -416775.3330430989,
            -417509.959178805,
            -418246.2147843202,
            -418984.09284544294,
            -419723.57927920163,
            -420464.66580913385,
            -421207.3395761505,
            -421951.59360050084,
            -422697.41727766435,
            -423444.80047349364,
            -424193.7340700262,
            -424944.20567644906,
            -425696.2096973652,
            -426449.7362636694,
            -427204.7758966945,
            -427961.31558144104,
            -428719.3528024602,
            -429478.8756868441,
            -430239.87520723295,
            -431002.3407290915,
            -431766.2676984324,
            -432531.6456050573,
            -433298.46535359113,
            -434066.72019511164,
            -434836.40259504307,
            -435607.4990501645,
            -436380.00802737114,
            -437153.91949396685,
            -437929.2238482236,
            -438705.91515654896,
            -439483.98392151645,
            -440263.4246381432,
            -441044.2299080521,
            -441826.3889569895,
            -442609.89820198267,
            -443394.748259766,
            -444180.9325687609,
            -444968.44339761883,
            -445757.27431585477,
            -446547.41872667917,
            -447338.8672738291,
            -448131.61689818144
        ],
        "Cp(J/mole.K)": [
            -0.0,
            0.24847099794424138,
            1.2498390658700371,
            3.0156341454494395,
            5.074737844517222,
            7.106847179711622,
            8.97570722066739,
            10.631526517038585,
            12.076739747868853,
            13.335319543660443,
            14.435572776434125,
            15.403146486544571,
            16.25914506180561,
            17.020385164063182,
            17.70027333178731,
            18.30961802831009,
            18.857302656606777,
            19.350789920560775,
            19.79644285681426,
            20.199737213134345,
            20.56543912171037,
            20.8977281044252,
            21.20025633656769,
            21.47627824632362,
            21.72858354707715,
            21.9596172110323,
            22.17171001598469,
            22.366806189811932,
            22.546559580496968,
            22.712529166239264,
            22.86608341950341,
            23.008419721499354,
            23.14059857986865,
            23.26357544504715,
            23.378188185821685,
            23.485209338388785,
            23.58533215038476,
            23.67911558254572,
            23.767103301064317,
            23.84982277000521,
            23.927698902378438,
            24.001121878776758,
            24.070444456711904,
            24.135926746731336,
            24.19791794269119,
            24.256768757848413,
            24.312630043848152,
            24.365593681855568,
            24.415971609461053,
            24.464120233329595,
            24.509966621044477,
            24.553603770856025,
            24.595442828827146,
            24.635443427172103,
            24.673570742588957,
            24.710177998836986,
            24.745294170826753,
            24.778942811876146,
            24.811354189613567,
            24.842503881490973,
            24.87250395581924,
            24.90120490681434,
            24.928685123351258,
            24.955450381581613,
            24.981179540417997,
            25.00587760545013,
            25.029780181031768,
            25.052847867693345,
            25.075451830984097,
            25.097083074101878,
            25.117468325785058,
            25.13746937927785,
            25.156950434041107,
            25.17571600291137,
            25.193861188882256,
            25.211504735961924,
            25.228936932096207,
            25.245254968076242,
            25.260461239266494,
            25.27607033520192,
            25.291545330197497,
            25.30543390141247,
            25.319386726210418,
            25.333610821566253,
            25.346246401697684,
            25.358080856705723,
            25.37069660290169,
            25.383554582494376,
            25.394872998143484,
            25.405060722054433,
            25.415177633083594,
            25.426198374241487,
            25.437042446609055,
            25.44640698596466,
            25.45491733045194,
            25.46404890670992,
            25.473113529430975,
            25.4811273266605,
            25.49007010908965,
            25.497276491588714,
            25.503593968023708,
            25.511760063210314,
            25.51903741931892,
            25.52511119303694,
            25.531419772608132,
            25.538346204521076,
            25.54374477178215,
            25.548511793218495,
            25.5546378803611,
            25.560030385195724,
            25.563851937230098,
            25.569658328058722,
            25.574350389651954,
            25.57572235316556,
            25.58117408456407,
            25.587288824688912,
            25.589333030750936,
            25.591283575420675,
            25.593811918640355,
            25.599872396886518,
            25.604656919371678,
            25.601358974303174,
            25.602645899637892,
            25.610632345199527,
            25.61290042611654,
            25.609851563785924,
            25.61400867921712,
            25.616993788156833,
            25.613682787678954,
            25.614621976563832,
            25.624172257696785,
            25.62289152334486,
            25.615613312436633,
            25.62316070811724,
            25.617199391368004,
            25.61542975156044,
            25.626185092155936,
            25.62356142953339,
            25.621162020245677,
            25.61667470488114,
            25.61945021266041,
            25.627893164424187,
            25.614659965235802,
            25.61189206296779,
            25.62761128891725,
            25.625307449729217,
            25.609652797054565,
            25.605184575455496,
            25.609616159420483,
            25.60719751125352,
            25.609165680071296,
            25.615233310098713,
            25.61382888797692,
            25.60100780713321,
            25.599487144857775,
            25.606725286008217,
            25.58474427298643,
            25.58693510501325,
            25.60687695748302,
            25.59620578556978,
            25.583208269905526,
            25.578181396240733,
            25.585488487989178,
            25.5872576251587,
            25.58027247686428,
            25.568111095787778,
            25.55916515510542,
            25.573479306027714,
            25.580402359482832,
            25.555886579341553,
            25.545502354507335,
            25.567867124300392,
            25.56564573038486,
            25.538851851633808,
            25.534875956023214,
            25.54927251814636,
            25.542721421061515,
            25.530984841738245,
            25.54115900462253,
            25.526585868261463,
            25.506858942622017,
            25.52818909166158,
            25.527267786124398,
            25.506625917281106,
            25.50356122553427,
            25.501412931196157,
            25.50949657899804,
            25.501364153271425,
            25.48484475635368,
            25.49129907030028,
            25.4888460262152,
            25.47861248926729,
            25.475425515231564,
            25.476922576368636,
            25.46837277025888,
            25.46135690440888,
            25.459585500833953,
            25.450877921485237
        ],
        "S(J/mole.K)": [
            0,
            0.12423549897212069,
            0.5609307644117507,
            1.3759962217875,
            2.5129441432603925,
            3.857971091796207,
            5.316631411489651,
            6.824001764428976,
            8.33819274988782,
            9.833840069888538,
            11.296469794469157,
            12.718391455406525,
            14.095998855097422,
            15.42809343129047,
            16.71487624890069,
            17.957349468836764,
            19.156960777799398,
            20.315392365834853,
            21.43443443631841,
            22.51590765871006,
            23.561615668677405,
            24.57331660158743,
            25.55270556410396,
            26.50140518580374,
            27.4209596237517,
            28.312830791869786,
            29.178402174859368,
            30.01898132825445,
            30.835798578246617,
            31.630011044065036,
            32.402707764842496,
            33.154912699062706,
            33.887588095768294,
            34.60163836441279,
            35.29791366533245,
            35.977213540966474,
            36.64029058915912,
            37.28785269521613,
            37.92056578706397,
            38.53905778908884,
            39.14392098395838,
            39.73571382851588,
            40.31496334699259,
            40.88216656820005,
            41.43779321946641,
            41.982289212589244,
            42.51607658332214,
            43.03955274461405,
            43.5530942256366,
            44.05706114316709,
            44.55179468930947,
            45.03761596111654,
            45.51483220929805,
            45.98373669553549,
            46.44460552754536,
            46.89770249771028,
            47.343280606043116,
            47.78157988004095,
            48.21283001190677,
            48.63725069021093,
            49.05505125042036,
            49.46643035365996,
            49.87157637385389,
            50.27067328711927,
            50.66389788229135,
            51.051416252108176,
            51.43338870359148,
            51.80996980166893,
            52.18130967520702,
            52.54755091832049,
            52.90882432718864,
            53.2652592474784,
            53.616984724407665,
            53.96412218006735,
            54.306787382862964,
            54.645092872919484,
            54.979149419396705,
            55.30905949469961,
            55.63491575535008,
            55.95681691763893,
            56.27486420465648,
            56.5891427450777,
            56.8997356316133,
            57.206734249424336,
            57.51021687710308,
            57.81025257290894,
            58.10692180443584,
            58.40030835205326,
            58.690479900779614,
            58.97749401214169,
            59.26141450367286,
            59.542314321639424,
            59.82026350421656,
            60.095316939831534,
            60.367524075979595,
            60.63694388245349,
            60.90363765878792,
            61.167656142234776,
            61.42905353749011,
            61.6878790392926,
            61.94417113282761,
            62.19798494456481,
            62.44937410714483,
            62.69837573459008,
            62.94503125179763,
            63.189389634645345,
            63.43149016917887,
            63.67136510043711,
            63.90905917826967,
            64.1446155327787,
            64.37806270556976,
            64.60944067367456,
            64.8387905218886,
            65.06612864205236,
            65.2914936870693,
            65.51494090086562,
            65.73648883198257,
            65.95615214097707,
            66.17396495628854,
            66.38997580093854,
            66.60422436049848,
            66.8167011705591,
            67.02742078676019,
            67.2364579249639,
            67.44384401082861,
            67.64956124138261,
            67.85364353922195,
            68.05614073705873,
            68.2570484917007,
            68.45638342061939,
            68.65421940983215,
            68.85057121440623,
            69.04539734860154,
            69.23875385874126,
            69.43066809546946,
            69.62112662240543,
            69.81021250022823,
            69.99794306356125,
            70.18429000828911,
            70.36926661735197,
            70.55291096571382,
            70.73528805596216,
            70.91635957440303,
            71.0961041092196,
            71.27464094078968,
            71.45198883134653,
            71.6280562508844,
            71.80285300582764,
            71.97646444388155,
            72.1489136103839,
            72.32020768897492,
            72.49039022791985,
            72.65946489734343,
            72.82738433762862,
            72.99416297983771,
            73.15988053747279,
            73.3244852625954,
            73.48797470256031,
            73.65049617778641,
            73.8120218117001,
            73.97246055070573,
            74.13184342250025,
            74.290246325513,
            74.44770240289726,
            74.60417955882004,
            74.75964731895291,
            74.91411188069978,
            75.06766462122542,
            75.2203640744163,
            75.37210535618725,
            75.52284831853322,
            75.67274199438035,
            75.82182057736136,
            75.96995102550355,
            76.1171388163908,
            76.26351281820462,
            76.40907528917668,
            76.55376126477495,
            76.69762751954622,
            76.84067566069207,
            76.98283135912497,
            77.12420360444594,
            77.26485332037045,
            77.4046734116724,
            77.54366680192325,
            77.6818926950793,
            77.81938934826613,
            77.95614872945153,
            78.0921130375391,
            78.22732917910398,
            78.36184238882706,
            78.49561623787595,
            78.62865643027544,
            78.76100107431557,
            78.89264360041561,
            79.02356926694556,
            79.15380271966569,
            79.28334677871825
        ]
    },
    "Phonon_data": {
        "Numb_Node": 15,
        "total_n_kpoints": 100,
        "frequency": {
            "Node_1": [
                -0.045586515553305736,
                -0.09830804932988492,
                1.5125868895755796,
                3.1907154280119756,
                4.903068128830392,
                6.3890431987843845,
                7.265608524120037,
                7.2642621081957275,
                7.097387265209641,
                7.026360785209952,
                7.081658556400881,
                7.229217654119224,
                7.333640903684488,
                7.310098184614789,
                7.2425064444794955,
                7.138576869745043,
                7.0108364483682015,
                6.878386454568589,
                6.764784257291012,
                6.691759753035252,
                6.666294731590829,
                6.638633263360427,
                6.574870874261944,
                6.606296847126409,
                6.741676147241278,
                6.990888981631197,
                7.361985231856704,
                7.753101219638666,
                6.344771162621875,
                4.455351539249352,
                2.33968556418938,
                0.4446698428780721,
                -0.045586515553305736,
                -0.045586515553305736,
                -0.045586515553305736,
                -0.045586515553305736,
                -0.045586515553305736,
                -0.045586515553305736,
                -0.045586515553305736,
                -0.045586515553305736,
                -0.045586515553305736,
                -0.045586515553305736,
                -0.045586515553305736,
                -0.045586515553305736,
                -0.045586515553305736,
                -0.09830804932988492,
                1.5125868895755796,
                3.1907154280119756,
                4.903068128830392,
                6.3890431987843845,
                7.265608524120037,
                7.2642621081957275,
                7.097387265209641,
                7.026360785209952,
                7.081658556400881,
                7.229217654119224,
                7.333640903684488,
                7.310098184614789,
                7.2425064444794955,
                7.138576869745043,
                7.0108364483682015,
                6.878386454568589,
                6.764784257291012,
                6.691759753035252,
                6.666294731590829,
                6.638633263360427,
                6.574870874261944,
                6.606296847126409,
                6.741676147241278,
                6.990888981631197,
                7.361985231856704,
                7.753101219638666,
                6.344771162621875,
                4.455351539249352,
                2.33968556418938,
                0.4446698428780721,
                -0.045586515553305736,
                7.333640903684488,
                7.333640903684488,
                7.333640903684488,
                7.333640903684488,
                7.333640903684488,
                7.333640903684488,
                7.333640903684488,
                7.333640903684488,
                7.333640903684488,
                7.333640903684488,
                7.333640903684488,
                7.333640903684488,
                7.333640903684488,
                6.638633263360427,
                6.638633263360427,
                6.638633263360439,
                6.638633263360427,
                6.638633263360439,
                6.638633263360427,
                6.638633263360427,
                6.638633263360427,
                6.638633263360427,
                6.638633263360427,
                6.638633263360427,
                6.638633263360427,
                6.638633263360427
            ],
            "Node_2": [
                -0.03364599690877753,
                1.5107759387101933,
                2.9984763520568247,
                4.43541959376439,
                5.78428554456644,
                7.008316125369269,
                8.077514096979089,
                8.839573115730719,
                9.060992747545155,
                8.91449538500414,
                8.582692051434849,
                8.237244418871871,
                8.06418913552971,
                8.036975457727342,
                7.954716121981273,
                7.819118837872345,
                7.638306318233358,
                7.426586319879543,
                7.204803526983217,
                7.000739283667635,
                6.849552982199223,
                6.8237727509321395,
                7.069017350593209,
                7.506463914208722,
                8.027352383602599,
                8.453304124317507,
                8.467108532992167,
                7.840119808027084,
                7.689969275584634,
                5.765613048003165,
                3.83000072855423,
                1.9079255211904282,
                -0.03364599690877753,
                -0.03364599690877753,
                -0.03364599690877753,
                -0.03364599690877753,
                -0.03364599690877753,
                -0.03364599690877753,
                -0.03364599690877753,
                -0.03364599690877753,
                -0.03364599690877753,
                -0.03364599690877753,
                -0.03364599690877753,
                -0.03364599690877753,
                -0.03364599690877753,
                1.5107759387101933,
                2.9984763520568247,
                4.43541959376439,
                5.78428554456644,
                7.008316125369269,
                8.077514096979089,
                8.839573115730719,
                9.060992747545155,
                8.91449538500414,
                8.582692051434849,
                8.237244418871871,
                8.06418913552971,
                8.036975457727342,
                7.954716121981273,
                7.819118837872345,
                7.638306318233358,
                7.426586319879543,
                7.204803526983217,
                7.000739283667635,
                6.849552982199223,
                6.8237727509321395,
                7.069017350593209,
                7.506463914208722,
                8.027352383602599,
                8.453304124317507,
                8.467108532992167,
                7.840119808027084,
                7.689969275584634,
                5.765613048003165,
                3.83000072855423,
                1.9079255211904282,
                -0.03364599690877753,
                8.06418913552971,
                8.06418913552971,
                8.06418913552971,
                8.06418913552971,
                8.06418913552971,
                8.06418913552971,
                8.06418913552971,
                8.06418913552971,
                8.06418913552971,
                8.06418913552971,
                8.06418913552971,
                8.06418913552971,
                8.06418913552971,
                6.8237727509321395,
                6.8237727509321395,
                6.823772750932148,
                6.8237727509321395,
                6.823772750932148,
                6.8237727509321395,
                6.8237727509321395,
                6.8237727509321395,
                6.8237727509321395,
                6.8237727509321395,
                6.8237727509321395,
                6.8237727509321395,
                6.8237727509321395
            ],
            "Node_3": [
                -0.03354281588369843,
                2.7613818317977272,
                5.37912724028594,
                7.56715821499016,
                8.525920051972113,
                8.440859619560797,
                8.427825793851131,
                9.024081987909643,
                9.756493919495542,
                10.324933176251397,
                10.725933647557651,
                10.967455472015034,
                11.048976668730313,
                11.197881611151848,
                11.621057934274882,
                12.260758318994982,
                13.044873183770111,
                13.895577415760656,
                14.726239687242908,
                15.37576620284447,
                15.63219364240303,
                15.74584074669996,
                15.808444169303366,
                15.112816068745461,
                13.9839110629974,
                12.657995851454425,
                11.17699847659643,
                9.526805208396624,
                8.350159821947434,
                8.410465519567216,
                6.5651065247073,
                3.429726305111354,
                -0.03354281588369843,
                -0.03354281588369843,
                -0.03354281588369843,
                -0.03354281588369843,
                -0.03354281588369843,
                -0.03354281588369843,
                -0.03354281588369843,
                -0.03354281588369843,
                -0.03354281588369843,
                -0.03354281588369843,
                -0.03354281588369843,
                -0.03354281588369843,
                -0.03354281588369843,
                2.7613818317977272,
                5.37912724028594,
                7.56715821499016,
                8.525920051972113,
                8.440859619560797,
                8.427825793851131,
                9.024081987909643,
                9.756493919495542,
                10.324933176251397,
                10.725933647557651,
                10.967455472015034,
                11.048976668730313,
                11.197881611151848,
                11.621057934274882,
                12.260758318994982,
                13.044873183770111,
                13.895577415760656,
                14.726239687242908,
                15.37576620284447,
                15.63219364240303,
                15.74584074669996,
                15.808444169303366,
                15.112816068745461,
                13.9839110629974,
                12.657995851454425,
                11.17699847659643,
                9.526805208396624,
                8.350159821947434,
                8.410465519567216,
                6.5651065247073,
                3.429726305111354,
                -0.03354281588369843,
                11.048976668730313,
                11.048976668730313,
                11.048976668730313,
                11.048976668730313,
                11.048976668730313,
                11.048976668730313,
                11.048976668730313,
                11.048976668730313,
                11.048976668730313,
                11.048976668730313,
                11.048976668730313,
                11.048976668730313,
                11.048976668730313,
                15.74584074669996,
                15.74584074669996,
                15.745840746699958,
                15.74584074669996,
                15.745840746699958,
                15.74584074669996,
                15.74584074669996,
                15.74584074669996,
                15.74584074669996,
                15.74584074669996,
                15.74584074669996,
                15.74584074669996,
                15.74584074669996
            ],
            "Node_4": [
                8.651012479291783,
                8.773018107557405,
                9.085849132662341,
                9.562380324677978,
                10.14521350958939,
                10.768922162026689,
                11.370183975798202,
                11.896956843104167,
                12.315370238946764,
                12.613359925288552,
                12.799466016599768,
                12.895473516512647,
                12.924167800052787,
                13.031182665326998,
                13.338494271459655,
                13.808428187564086,
                14.383310827033503,
                14.982227119649375,
                15.49802663166743,
                15.902257798583499,
                16.32929828126727,
                16.42701095516145,
                16.30826734503804,
                16.00694528011309,
                15.272807819571746,
                14.211498311675696,
                13.09974227828106,
                11.991456745132206,
                10.94712752456957,
                10.064279943595418,
                9.322008278015545,
                8.823961762775726,
                8.651012479291783,
                8.651012479291783,
                8.651012479291783,
                8.651012479291783,
                8.651012479291783,
                8.651012479291783,
                8.651012479291783,
                8.651012479291783,
                8.651012479291783,
                8.651012479291783,
                8.651012479291783,
                8.651012479291783,
                8.651012479291783,
                8.773018107557405,
                9.085849132662341,
                9.562380324677978,
                10.14521350958939,
                10.768922162026689,
                11.370183975798202,
                11.896956843104167,
                12.315370238946764,
                12.613359925288552,
                12.799466016599768,
                12.895473516512647,
                12.924167800052787,
                13.031182665326998,
                13.338494271459655,
                13.808428187564086,
                14.383310827033503,
                14.982227119649375,
                15.49802663166743,
                15.902257798583499,
                16.32929828126727,
                16.42701095516145,
                16.30826734503804,
                16.00694528011309,
                15.272807819571746,
                14.211498311675696,
                13.09974227828106,
                11.991456745132206,
                10.94712752456957,
                10.064279943595418,
                9.322008278015545,
                8.823961762775726,
                8.651012479291783,
                12.924167800052787,
                12.924167800052787,
                12.924167800052787,
                12.924167800052787,
                12.924167800052787,
                12.924167800052787,
                12.924167800052787,
                12.924167800052787,
                12.924167800052787,
                12.924167800052787,
                12.924167800052787,
                12.924167800052787,
                12.924167800052787,
                16.42701095516145,
                16.42701095516145,
                16.427010955161446,
                16.42701095516145,
                16.427010955161446,
                16.42701095516145,
                16.42701095516145,
                16.42701095516145,
                16.42701095516145,
                16.42701095516145,
                16.42701095516145,
                16.42701095516145,
                16.42701095516145
            ],
            "Node_5": [
                8.668548306967358,
                9.12011601834725,
                10.274874729393405,
                11.047408646213242,
                11.952045075159063,
                13.802578387128998,
                15.217147955110887,
                15.796511412761683,
                16.36930758057277,
                17.033427588671874,
                17.545063885445316,
                17.772944530252555,
                17.847998912767967,
                17.79812794403783,
                17.667443957261376,
                17.493577208390864,
                17.303726615606777,
                17.116324967302486,
                17.003422957914424,
                17.000409409597587,
                17.035107810465547,
                17.254506892444926,
                16.69993614057787,
                16.23160786454669,
                15.571585598509607,
                15.077128774806026,
                14.661522179406678,
                14.441139569492762,
                13.73385403445494,
                11.588672985881663,
                10.975452596486765,
                9.369931993898327,
                8.668548306967358,
                8.668548306967358,
                8.668548306967358,
                8.668548306967358,
                8.668548306967358,
                8.668548306967358,
                8.668548306967358,
                8.668548306967358,
                8.668548306967358,
                8.668548306967358,
                8.668548306967358,
                8.668548306967358,
                8.668548306967358,
                9.12011601834725,
                10.274874729393405,
                11.047408646213242,
                11.952045075159063,
                13.802578387128998,
                15.217147955110887,
                15.796511412761683,
                16.36930758057277,
                17.033427588671874,
                17.545063885445316,
                17.772944530252555,
                17.847998912767967,
                17.79812794403783,
                17.667443957261376,
                17.493577208390864,
                17.303726615606777,
                17.116324967302486,
                17.003422957914424,
                17.000409409597587,
                17.035107810465547,
                17.254506892444926,
                16.69993614057787,
                16.23160786454669,
                15.571585598509607,
                15.077128774806026,
                14.661522179406678,
                14.441139569492762,
                13.73385403445494,
                11.588672985881663,
                10.975452596486765,
                9.369931993898327,
                8.668548306967358,
                17.847998912767967,
                17.847998912767967,
                17.847998912767967,
                17.847998912767967,
                17.847998912767967,
                17.847998912767967,
                17.847998912767967,
                17.847998912767967,
                17.847998912767967,
                17.847998912767967,
                17.847998912767967,
                17.847998912767967,
                17.847998912767967,
                17.254506892444926,
                17.254506892444926,
                17.254506892444915,
                17.254506892444926,
                17.254506892444915,
                17.254506892444926,
                17.254506892444926,
                17.254506892444926,
                17.254506892444926,
                17.254506892444926,
                17.254506892444926,
                17.254506892444926,
                17.254506892444926
            ],
            "Node_6": [
                11.791771812895467,
                11.620751657376388,
                11.238311875700074,
                11.730595200313505,
                13.19519836772693,
                14.447227214697454,
                15.75986297162056,
                16.721564716145725,
                17.031697768940877,
                17.370793226793168,
                17.839917623608155,
                18.3949174430442,
                18.67068791826534,
                18.617543574973364,
                18.449508669392685,
                18.16078885885941,
                17.803748163969043,
                17.490068580237025,
                17.29139166667678,
                17.28999778478998,
                17.547818536398797,
                17.70497973722808,
                17.205396482424877,
                17.10288907519233,
                17.78571097202024,
                17.88220541081017,
                17.156276403814797,
                15.771698452747437,
                14.006825633485853,
                12.744228207991062,
                11.067876967320528,
                11.531705220409142,
                11.791771812895467,
                11.791771812895467,
                11.791771812895467,
                11.791771812895467,
                11.791771812895467,
                11.791771812895467,
                11.791771812895467,
                11.791771812895467,
                11.791771812895467,
                11.791771812895467,
                11.791771812895467,
                11.791771812895467,
                11.791771812895467,
                11.620751657376388,
                11.238311875700074,
                11.730595200313505,
                13.19519836772693,
                14.447227214697454,
                15.75986297162056,
                16.721564716145725,
                17.031697768940877,
                17.370793226793168,
                17.839917623608155,
                18.3949174430442,
                18.67068791826534,
                18.617543574973364,
                18.449508669392685,
                18.16078885885941,
                17.803748163969043,
                17.490068580237025,
                17.29139166667678,
                17.28999778478998,
                17.547818536398797,
                17.70497973722808,
                17.205396482424877,
                17.10288907519233,
                17.78571097202024,
                17.88220541081017,
                17.156276403814797,
                15.771698452747437,
                14.006825633485853,
                12.744228207991062,
                11.067876967320528,
                11.531705220409142,
                11.791771812895467,
                18.67068791826534,
                18.67068791826534,
                18.67068791826534,
                18.67068791826534,
                18.67068791826534,
                18.67068791826534,
                18.67068791826534,
                18.67068791826534,
                18.67068791826534,
                18.67068791826534,
                18.67068791826534,
                18.67068791826534,
                18.67068791826534,
                17.70497973722808,
                17.70497973722808,
                17.704979737228083,
                17.70497973722808,
                17.704979737228083,
                17.70497973722808,
                17.70497973722808,
                17.70497973722808,
                17.70497973722808,
                17.70497973722808,
                17.70497973722808,
                17.70497973722808,
                17.70497973722808
            ],
            "Node_7": [
                15.878967252592215,
                15.88166235173069,
                15.855705222885453,
                15.891497228508983,
                16.017824401754027,
                16.212809510171937,
                16.44918459657586,
                17.29889692865556,
                18.426538573438517,
                19.129908164725844,
                19.43506111273317,
                19.424614004424104,
                19.332186662982608,
                19.357554411439544,
                19.423661849843786,
                19.51143702060817,
                19.572903668164578,
                19.283454953358742,
                18.997749993849684,
                18.55645526994011,
                18.073570365715454,
                17.737637915448538,
                18.351304127082248,
                18.719489064814564,
                18.773386049986637,
                18.395961649527184,
                17.817236180857925,
                17.173315300772455,
                16.465283804432968,
                16.044209633426117,
                15.89638907601762,
                15.875852458294057,
                15.878967252592215,
                15.878967252592215,
                15.878967252592215,
                15.878967252592215,
                15.878967252592215,
                15.878967252592215,
                15.878967252592215,
                15.878967252592215,
                15.878967252592215,
                15.878967252592215,
                15.878967252592215,
                15.878967252592215,
                15.878967252592215,
                15.88166235173069,
                15.855705222885453,
                15.891497228508983,
                16.017824401754027,
                16.212809510171937,
                16.44918459657586,
                17.29889692865556,
                18.426538573438517,
                19.129908164725844,
                19.43506111273317,
                19.424614004424104,
                19.332186662982608,
                19.357554411439544,
                19.423661849843786,
                19.51143702060817,
                19.572903668164578,
                19.283454953358742,
                18.997749993849684,
                18.55645526994011,
                18.073570365715454,
                17.737637915448538,
                18.351304127082248,
                18.719489064814564,
                18.773386049986637,
                18.395961649527184,
                17.817236180857925,
                17.173315300772455,
                16.465283804432968,
                16.044209633426117,
                15.89638907601762,
                15.875852458294057,
                15.878967252592215,
                19.332186662982608,
                19.332186662982608,
                19.332186662982608,
                19.332186662982608,
                19.332186662982608,
                19.332186662982608,
                19.332186662982608,
                19.332186662982608,
                19.332186662982608,
                19.332186662982608,
                19.332186662982608,
                19.332186662982608,
                19.332186662982608,
                17.737637915448538,
                17.737637915448538,
                17.737637915448545,
                17.737637915448538,
                17.737637915448545,
                17.737637915448538,
                17.737637915448538,
                17.737637915448538,
                17.737637915448538,
                17.737637915448538,
                17.737637915448538,
                17.737637915448538,
                17.737637915448538
            ],
            "Node_8": [
                15.911582799746169,
                16.074114706936136,
                16.57686661022664,
                17.292705101002486,
                18.112780439686283,
                18.91466808509444,
                19.510951068960757,
                19.871817633391924,
                20.145658373083553,
                20.2938507355359,
                20.435962455943127,
                20.5915490111063,
                20.658859446677848,
                20.60813319532483,
                20.454776349501106,
                20.01812632700576,
                19.63081015440323,
                19.459093949832436,
                19.037052899846547,
                18.721209001845523,
                18.432344458860292,
                18.253923714474553,
                18.519187329368478,
                18.92867559054195,
                18.918958657329874,
                19.170960532371822,
                19.46016247180651,
                19.290644136097796,
                18.968054684366788,
                17.969025408509484,
                16.968040996622328,
                16.20439002066959,
                15.911582799746169,
                15.911582799746169,
                15.911582799746169,
                15.911582799746169,
                15.911582799746169,
                15.911582799746169,
                15.911582799746169,
                15.911582799746169,
                15.911582799746169,
                15.911582799746169,
                15.911582799746169,
                15.911582799746169,
                15.911582799746169,
                16.074114706936136,
                16.57686661022664,
                17.292705101002486,
                18.112780439686283,
                18.91466808509444,
                19.510951068960757,
                19.871817633391924,
                20.145658373083553,
                20.2938507355359,
                20.435962455943127,
                20.5915490111063,
                20.658859446677848,
                20.60813319532483,
                20.454776349501106,
                20.01812632700576,
                19.63081015440323,
                19.459093949832436,
                19.037052899846547,
                18.721209001845523,
                18.432344458860292,
                18.253923714474553,
                18.519187329368478,
                18.92867559054195,
                18.918958657329874,
                19.170960532371822,
                19.46016247180651,
                19.290644136097796,
                18.968054684366788,
                17.969025408509484,
                16.968040996622328,
                16.20439002066959,
                15.911582799746169,
                20.658859446677848,
                20.658859446677848,
                20.658859446677848,
                20.658859446677848,
                20.658859446677848,
                20.658859446677848,
                20.658859446677848,
                20.658859446677848,
                20.658859446677848,
                20.658859446677848,
                20.658859446677848,
                20.658859446677848,
                20.658859446677848,
                18.253923714474553,
                18.253923714474553,
                18.25392371447454,
                18.253923714474553,
                18.25392371447454,
                18.253923714474553,
                18.253923714474553,
                18.253923714474553,
                18.253923714474553,
                18.253923714474553,
                18.253923714474553,
                18.253923714474553,
                18.253923714474553
            ],
            "Node_9": [
                23.056154452758317,
                22.645933578167412,
                21.800500457042777,
                20.90086904437235,
                20.13183441440006,
                19.666846595478845,
                19.747353028243193,
                20.289900602107203,
                20.878427594271265,
                21.42030638944275,
                21.832680725617422,
                22.088731039141642,
                22.176526813660278,
                21.361582457350124,
                20.610427776973026,
                20.22377898917839,
                19.91338845378184,
                19.78224570749915,
                19.88904828474791,
                20.006933735770083,
                20.099826902386855,
                20.137828120695694,
                20.028684659740843,
                19.730422465203095,
                19.597638635183824,
                19.643169091348014,
                19.721583641612312,
                19.653715722628387,
                19.492318059893734,
                20.238593474309212,
                21.321213725831402,
                22.447661780808183,
                23.056154452758317,
                23.056154452758317,
                23.056154452758317,
                23.056154452758317,
                23.056154452758317,
                23.056154452758317,
                23.056154452758317,
                23.056154452758317,
                23.056154452758317,
                23.056154452758317,
                23.056154452758317,
                23.056154452758317,
                23.056154452758317,
                22.645933578167412,
                21.800500457042777,
                20.90086904437235,
                20.13183441440006,
                19.666846595478845,
                19.747353028243193,
                20.289900602107203,
                20.878427594271265,
                21.42030638944275,
                21.832680725617422,
                22.088731039141642,
                22.176526813660278,
                21.361582457350124,
                20.610427776973026,
                20.22377898917839,
                19.91338845378184,
                19.78224570749915,
                19.88904828474791,
                20.006933735770083,
                20.099826902386855,
                20.137828120695694,
                20.028684659740843,
                19.730422465203095,
                19.597638635183824,
                19.643169091348014,
                19.721583641612312,
                19.653715722628387,
                19.492318059893734,
                20.238593474309212,
                21.321213725831402,
                22.447661780808183,
                23.056154452758317,
                22.176526813660278,
                22.176526813660278,
                22.176526813660278,
                22.176526813660278,
                22.176526813660278,
                22.176526813660278,
                22.176526813660278,
                22.176526813660278,
                22.176526813660278,
                22.176526813660278,
                22.176526813660278,
                22.176526813660278,
                22.176526813660278,
                20.137828120695694,
                20.137828120695694,
                20.13782812069567,
                20.137828120695694,
                20.13782812069567,
                20.137828120695694,
                20.137828120695694,
                20.137828120695694,
                20.137828120695694,
                20.137828120695694,
                20.137828120695694,
                20.137828120695694,
                20.137828120695694
            ],
            "Node_10": [
                25.76025673838772,
                25.730577040242817,
                25.611064386987763,
                25.411028328137807,
                25.132654146513982,
                24.782075734952503,
                24.371393451516383,
                23.92009910457047,
                23.456595399251036,
                23.018080314005903,
                22.648438026003287,
                22.395892112557387,
                22.304890014605483,
                23.185074071628343,
                24.149137392208857,
                25.10353943435917,
                26.01747134246922,
                26.86464756350301,
                27.626261712042677,
                28.292605645354666,
                28.85944121331168,
                29.236979252461264,
                28.931322809580646,
                28.283994753986168,
                27.332988930987078,
                26.29108187237768,
                25.38779424252204,
                24.93053296196872,
                24.972809143559807,
                25.247064875340623,
                25.531149074358716,
                25.724216685117387,
                25.76025673838772,
                25.76025673838772,
                25.76025673838772,
                25.76025673838772,
                25.76025673838772,
                25.76025673838772,
                25.76025673838772,
                25.76025673838772,
                25.76025673838772,
                25.76025673838772,
                25.76025673838772,
                25.76025673838772,
                25.76025673838772,
                25.730577040242817,
                25.611064386987763,
                25.411028328137807,
                25.132654146513982,
                24.782075734952503,
                24.371393451516383,
                23.92009910457047,
                23.456595399251036,
                23.018080314005903,
                22.648438026003287,
                22.395892112557387,
                22.304890014605483,
                23.185074071628343,
                24.149137392208857,
                25.10353943435917,
                26.01747134246922,
                26.86464756350301,
                27.626261712042677,
                28.292605645354666,
                28.85944121331168,
                29.236979252461264,
                28.931322809580646,
                28.283994753986168,
                27.332988930987078,
                26.29108187237768,
                25.38779424252204,
                24.93053296196872,
                24.972809143559807,
                25.247064875340623,
                25.531149074358716,
                25.724216685117387,
                25.76025673838772,
                22.304890014605483,
                22.304890014605483,
                22.304890014605483,
                22.304890014605483,
                22.304890014605483,
                22.304890014605483,
                22.304890014605483,
                22.304890014605483,
                22.304890014605483,
                22.304890014605483,
                22.304890014605483,
                22.304890014605483,
                22.304890014605483,
                29.236979252461264,
                29.236979252461264,
                29.23697925246126,
                29.236979252461264,
                29.23697925246126,
                29.236979252461264,
                29.236979252461264,
                29.236979252461264,
                29.236979252461264,
                29.236979252461264,
                29.236979252461264,
                29.236979252461264,
                29.236979252461264
            ],
            "Node_11": [
                25.802721249223225,
                26.17170403472487,
                26.920903991697003,
                27.659844931072424,
                28.23782659847761,
                28.61007206511586,
                28.815084975392917,
                28.9537770254367,
                29.136824639594387,
                29.425059855208673,
                29.803387645808858,
                30.17841091163708,
                30.356207627972328,
                30.344278431560742,
                30.307841731557655,
                30.244089551585244,
                30.148526272500778,
                30.018744976835503,
                29.85745023738674,
                29.6722445050478,
                29.47443971837199,
                29.323075441327155,
                29.094055196840774,
                28.7381849152696,
                28.53904679275944,
                28.44389589436038,
                28.466585719204446,
                28.528511988132728,
                28.445316915546798,
                28.041514408679962,
                27.279669748110287,
                26.3300647574474,
                25.802721249223225,
                25.802721249223225,
                25.802721249223225,
                25.802721249223225,
                25.802721249223225,
                25.802721249223225,
                25.802721249223225,
                25.802721249223225,
                25.802721249223225,
                25.802721249223225,
                25.802721249223225,
                25.802721249223225,
                25.802721249223225,
                26.17170403472487,
                26.920903991697003,
                27.659844931072424,
                28.23782659847761,
                28.61007206511586,
                28.815084975392917,
                28.9537770254367,
                29.136824639594387,
                29.425059855208673,
                29.803387645808858,
                30.17841091163708,
                30.356207627972328,
                30.344278431560742,
                30.307841731557655,
                30.244089551585244,
                30.148526272500778,
                30.018744976835503,
                29.85745023738674,
                29.6722445050478,
                29.47443971837199,
                29.323075441327155,
                29.094055196840774,
                28.7381849152696,
                28.53904679275944,
                28.44389589436038,
                28.466585719204446,
                28.528511988132728,
                28.445316915546798,
                28.041514408679962,
                27.279669748110287,
                26.3300647574474,
                25.802721249223225,
                30.356207627972328,
                30.356207627972328,
                30.356207627972328,
                30.356207627972328,
                30.356207627972328,
                30.356207627972328,
                30.356207627972328,
                30.356207627972328,
                30.356207627972328,
                30.356207627972328,
                30.356207627972328,
                30.356207627972328,
                30.356207627972328,
                29.323075441327155,
                29.323075441327155,
                29.323075441327152,
                29.323075441327155,
                29.323075441327152,
                29.323075441327155,
                29.323075441327155,
                29.323075441327155,
                29.323075441327155,
                29.323075441327155,
                29.323075441327155,
                29.323075441327155,
                29.323075441327155
            ],
            "Node_12": [
                39.94170741563864,
                39.7057146313479,
                39.03761266298851,
                38.046733895314674,
                36.88444270665748,
                35.710494670852675,
                34.661775601994734,
                33.821814139998665,
                33.19853097856674,
                32.73452781471747,
                32.35614856390352,
                32.04120497667448,
                31.89447800739488,
                31.843514406170577,
                31.69667665449334,
                31.470790057305628,
                31.19039158936464,
                30.883821010616625,
                30.577811885977866,
                30.29070478505423,
                30.029619357875617,
                29.83289921525174,
                30.248831887090553,
                30.929259859611726,
                31.612526265459117,
                32.32605108992979,
                33.165579180314396,
                34.250274763221555,
                35.612593710766916,
                37.129435023316084,
                38.548916802289845,
                39.56925086440998,
                39.94170741563864,
                39.94170741563864,
                39.94170741563864,
                39.94170741563864,
                39.94170741563864,
                39.94170741563864,
                39.94170741563864,
                39.94170741563864,
                39.94170741563864,
                39.94170741563864,
                39.94170741563864,
                39.94170741563864,
                39.94170741563864,
                39.7057146313479,
                39.03761266298851,
                38.046733895314674,
                36.88444270665748,
                35.710494670852675,
                34.661775601994734,
                33.821814139998665,
                33.19853097856674,
                32.73452781471747,
                32.35614856390352,
                32.04120497667448,
                31.89447800739488,
                31.843514406170577,
                31.69667665449334,
                31.470790057305628,
                31.19039158936464,
                30.883821010616625,
                30.577811885977866,
                30.29070478505423,
                30.029619357875617,
                29.83289921525174,
                30.248831887090553,
                30.929259859611726,
                31.612526265459117,
                32.32605108992979,
                33.165579180314396,
                34.250274763221555,
                35.612593710766916,
                37.129435023316084,
                38.548916802289845,
                39.56925086440998,
                39.94170741563864,
                31.89447800739488,
                31.89447800739488,
                31.89447800739488,
                31.89447800739488,
                31.89447800739488,
                31.89447800739488,
                31.89447800739488,
                31.89447800739488,
                31.89447800739488,
                31.89447800739488,
                31.89447800739488,
                31.89447800739488,
                31.89447800739488,
                29.83289921525174,
                29.83289921525174,
                29.832899215251732,
                29.83289921525174,
                29.832899215251732,
                29.83289921525174,
                29.83289921525174,
                29.83289921525174,
                29.83289921525174,
                29.83289921525174,
                29.83289921525174,
                29.83289921525174,
                29.83289921525174
            ],
            "Node_13": [
                54.206698467096736,
                54.20710421250868,
                54.208729624242025,
                54.183671067536096,
                54.10004920719694,
                53.96013797065322,
                53.7594073096009,
                53.509158817638536,
                53.24131027434638,
                52.98913885728897,
                52.77737799888866,
                52.63097836381322,
                52.577703933266775,
                52.6066129758785,
                52.69257720071455,
                52.831848469256215,
                53.017282882546226,
                53.24153402304784,
                53.498298020632014,
                53.779656610242604,
                54.07522771660037,
                54.37266429938778,
                53.90817412409687,
                53.5282647562269,
                53.32334398792096,
                53.30590705519782,
                53.43056381985163,
                53.63487346997631,
                53.85484216247277,
                54.03531460962865,
                54.14737954022733,
                54.1952299439606,
                54.206698467096736,
                54.206698467096736,
                54.206698467096736,
                54.206698467096736,
                54.206698467096736,
                54.206698467096736,
                54.206698467096736,
                54.206698467096736,
                54.206698467096736,
                54.206698467096736,
                54.206698467096736,
                54.206698467096736,
                54.206698467096736,
                54.20710421250868,
                54.208729624242025,
                54.183671067536096,
                54.10004920719694,
                53.96013797065322,
                53.7594073096009,
                53.509158817638536,
                53.24131027434638,
                52.98913885728897,
                52.77737799888866,
                52.63097836381322,
                52.577703933266775,
                52.6066129758785,
                52.69257720071455,
                52.831848469256215,
                53.017282882546226,
                53.24153402304784,
                53.498298020632014,
                53.779656610242604,
                54.07522771660037,
                54.37266429938778,
                53.90817412409687,
                53.5282647562269,
                53.32334398792096,
                53.30590705519782,
                53.43056381985163,
                53.63487346997631,
                53.85484216247277,
                54.03531460962865,
                54.14737954022733,
                54.1952299439606,
                54.206698467096736,
                52.577703933266775,
                52.577703933266775,
                52.577703933266775,
                52.577703933266775,
                52.577703933266775,
                52.577703933266775,
                52.577703933266775,
                52.577703933266775,
                52.577703933266775,
                52.577703933266775,
                52.577703933266775,
                52.577703933266775,
                52.577703933266775,
                54.37266429938778,
                54.37266429938778,
                54.37266429938779,
                54.37266429938778,
                54.37266429938779,
                54.37266429938778,
                54.37266429938778,
                54.37266429938778,
                54.37266429938778,
                54.37266429938778,
                54.37266429938778,
                54.37266429938778,
                54.37266429938778
            ],
            "Node_14": [
                54.54011425143771,
                54.51493853412241,
                54.469552035054335,
                54.48548872268301,
                54.600986963141786,
                54.75832385426777,
                54.90318044400621,
                55.016625928016,
                55.104057452119775,
                55.171019341849494,
                55.21481731867768,
                55.23527604665262,
                55.240289004432846,
                55.244462178983866,
                55.25328663807134,
                55.25531196809095,
                55.23328808004374,
                55.170122155363764,
                55.05362265015243,
                54.877846683847814,
                54.645788214629455,
                54.3741434520882,
                54.833962409182256,
                55.20192118479844,
                55.42975746769218,
                55.4981301114802,
                55.42272014484088,
                55.24399945175132,
                55.006942799680154,
                54.76829908270586,
                54.6029141194751,
                54.54493210675273,
                54.54011425143771,
                54.54011425143771,
                54.54011425143771,
                54.54011425143771,
                54.54011425143771,
                54.54011425143771,
                54.54011425143771,
                54.54011425143771,
                54.54011425143771,
                54.54011425143771,
                54.54011425143771,
                54.54011425143771,
                54.54011425143771,
                54.51493853412241,
                54.469552035054335,
                54.48548872268301,
                54.600986963141786,
                54.75832385426777,
                54.90318044400621,
                55.016625928016,
                55.104057452119775,
                55.171019341849494,
                55.21481731867768,
                55.23527604665262,
                55.240289004432846,
                55.244462178983866,
                55.25328663807134,
                55.25531196809095,
                55.23328808004374,
                55.170122155363764,
                55.05362265015243,
                54.877846683847814,
                54.645788214629455,
                54.3741434520882,
                54.833962409182256,
                55.20192118479844,
                55.42975746769218,
                55.4981301114802,
                55.42272014484088,
                55.24399945175132,
                55.006942799680154,
                54.76829908270586,
                54.6029141194751,
                54.54493210675273,
                54.54011425143771,
                55.240289004432846,
                55.240289004432846,
                55.240289004432846,
                55.240289004432846,
                55.240289004432846,
                55.240289004432846,
                55.240289004432846,
                55.240289004432846,
                55.240289004432846,
                55.240289004432846,
                55.240289004432846,
                55.240289004432846,
                55.240289004432846,
                54.3741434520882,
                54.3741434520882,
                54.37414345208821,
                54.3741434520882,
                54.37414345208821,
                54.3741434520882,
                54.3741434520882,
                54.3741434520882,
                54.3741434520882,
                54.3741434520882,
                54.3741434520882,
                54.3741434520882,
                54.3741434520882
            ],
            "Node_15": [
                56.16860743086865,
                56.15281075425966,
                56.15261280643904,
                56.25289821207394,
                56.479906403191734,
                56.774544477461625,
                57.05604809856528,
                57.29768725915707,
                57.52115171345695,
                57.732886595739345,
                57.90143073639987,
                57.99846286840361,
                58.02764864097779,
                58.03492290478183,
                58.0573092936037,
                58.09231136130589,
                58.132044550477204,
                58.16997743246118,
                58.20375621548657,
                58.229754679636365,
                58.24341556105341,
                58.244987138791544,
                58.22141790746493,
                58.144506283000084,
                57.99706963461008,
                57.76564122338391,
                57.46156392873937,
                57.12004254706232,
                56.76696248784135,
                56.445200976825575,
                56.23723646973095,
                56.170861214498075,
                56.16860743086865,
                56.16860743086865,
                56.16860743086865,
                56.16860743086865,
                56.16860743086865,
                56.16860743086865,
                56.16860743086865,
                56.16860743086865,
                56.16860743086865,
                56.16860743086865,
                56.16860743086865,
                56.16860743086865,
                56.16860743086865,
                56.15281075425966,
                56.15261280643904,
                56.25289821207394,
                56.479906403191734,
                56.774544477461625,
                57.05604809856528,
                57.29768725915707,
                57.52115171345695,
                57.732886595739345,
                57.90143073639987,
                57.99846286840361,
                58.02764864097779,
                58.03492290478183,
                58.0573092936037,
                58.09231136130589,
                58.132044550477204,
                58.16997743246118,
                58.20375621548657,
                58.229754679636365,
                58.24341556105341,
                58.244987138791544,
                58.22141790746493,
                58.144506283000084,
                57.99706963461008,
                57.76564122338391,
                57.46156392873937,
                57.12004254706232,
                56.76696248784135,
                56.445200976825575,
                56.23723646973095,
                56.170861214498075,
                56.16860743086865,
                58.02764864097779,
                58.02764864097779,
                58.02764864097779,
                58.02764864097779,
                58.02764864097779,
                58.02764864097779,
                58.02764864097779,
                58.02764864097779,
                58.02764864097779,
                58.02764864097779,
                58.02764864097779,
                58.02764864097779,
                58.02764864097779,
                58.244987138791544,
                58.244987138791544,
                58.24498713879156,
                58.244987138791544,
                58.24498713879156,
                58.244987138791544,
                58.244987138791544,
                58.244987138791544,
                58.244987138791544,
                58.244987138791544,
                58.244987138791544,
                58.244987138791544,
                58.244987138791544
            ]
        }
    },
    "Phonon_DOS": {
        "DOS": [
            0.0,
            0.002,
            0.0,
            0.0,
            0.004,
            0.004,
            0.0,
            0.004,
            0.036000000000000004,
            0.05,
            0.04733333333333333,
            0.016,
            0.01933333333333333,
            0.03266666666666666,
            0.015333333333333334,
            0.03333333333333333,
            0.025333333333333333,
            0.03066666666666667,
            0.03866666666666666,
            0.05533333333333333,
            0.051333333333333335,
            0.094,
            0.03,
            0.008,
            0.008,
            0.004666666666666667,
            0.027999999999999997,
            0.012,
            0.004,
            0.013333333333333334,
            0.034666666666666665,
            0.02666666666666667,
            0.012666666666666666,
            0.018000000000000002,
            0.016,
            0.004,
            0.008,
            0.004,
            0.004,
            0.0,
            0.004,
            0.0006666666666666666,
            0.0,
            0.0,
            0.0,
            0.0,
            0.0,
            0.0,
            0.0,
            0.0,
            0.0,
            0.0,
            0.0,
            0.0,
            0.013999999999999999,
            0.04666666666666666,
            0.025333333333333333,
            0.04733333333333333,
            0.012666666666666666,
            0.027999999999999997,
            0.026000000000000002,
            0.0
        ],
        "Energy(meV)": [
            -1.5,
            -0.5,
            0.5,
            1.5,
            2.5,
            3.5,
            4.5,
            5.5,
            6.5,
            7.5,
            8.5,
            9.5,
            10.5,
            11.5,
            12.5,
            13.5,
            14.5,
            15.5,
            16.5,
            17.5,
            18.5,
            19.5,
            20.5,
            21.5,
            22.5,
            23.5,
            24.5,
            25.5,
            26.5,
            27.5,
            28.5,
            29.5,
            30.5,
            31.5,
            32.5,
            33.5,
            34.5,
            35.5,
            36.5,
            37.5,
            38.5,
            39.5,
            40.5,
            41.5,
            42.5,
            43.5,
            44.5,
            45.5,
            46.5,
            47.5,
            48.5,
            49.5,
            50.5,
            51.5,
            52.5,
            53.5,
            54.5,
            55.5,
            56.5,
            57.5,
            58.5,
            59.5
        ]
    }
}