{
    "POSCAR": {
        "Atomes": "   Cr    C   Br\n",
        "coordinate": "Direct\n",
        "unit_cell": {
            "a_vector": "3.280343921053844   1.3900481132920287e-07   2.7313300797984624e-07\n",
            "b_vector": "-1.6401718400935517   2.8408612289345467   -2.7927180835861086e-07\n",
            "c_vector": "2.1912163464729227e-06   -1.3219668232361664e-06   26.185346921177686\n"
        },
        "positions": {
            "Cr": [
                "0.3333333207395772   0.6666666767066322   0.1676041535761472\n",
                "0.6666666701451552   0.33333330085480617   0.23239584773012617\n"
            ],
            "C": [
                "1.2045867409032983e-08   9.753951903731917e-09   0.2000000011320513\n"
            ],
            "Br": [
                "0.33333333414317284   0.6666666764127923   0.3010350913423145\n",
                "0.666666662683946   0.3333333364173255   0.09896490621936198\n"
            ]
        }
    },
    "Termo_data": {
        "Temperature (K)": [
            0,
            10,
            20,
            30,
            40,
            50,
            60,
            70,
            80,
            90,
            100,
            110,
            120,
            130,
            140,
            150,
            160,
            170,
            180,
            190,
            200,
            210,
            220,
            230,
            240,
            250,
            260,
            270,
            280,
            290,
            300,
            310,
            320,
            330,
            340,
            350,
            360,
            370,
            380,
            390,
            400,
            410,
            420,
            430,
            440,
            450,
            460,
            470,
            480,
            490,
            500,
            510,
            520,
            530,
            540,
            550,
            560,
            570,
            580,
            590,
            600,
            610,
            620,
            630,
            640,
            650,
            660,
            670,
            680,
            690,
            700,
            710,
            720,
            730,
            740,
            750,
            760,
            770,
            780,
            790,
            800,
            810,
            820,
            830,
            840,
            850,
            860,
            870,
            880,
            890,
            900,
            910,
            920,
            930,
            940,
            950,
            960,
            970,
            980,
            990,
            1000,
            1010,
            1020,
            1030,
            1040,
            1050,
            1060,
            1070,
            1080,
            1090,
            1100,
            1110,
            1120,
            1130,
            1140,
            1150,
            1160,
            1170,
            1180,
            1190,
            1200,
            1210,
            1220,
            1230,
            1240,
            1250,
            1260,
            1270,
            1280,
            1290,
            1300,
            1310,
            1320,
            1330,
            1340,
            1350,
            1360,
            1370,
            1380,
            1390,
            1400,
            1410,
            1420,
            1430,
            1440,
            1450,
            1460,
            1470,
            1480,
            1490,
            1500,
            1510,
            1520,
            1530,
            1540,
            1550,
            1560,
            1570,
            1580,
            1590,
            1600,
            1610,
            1620,
            1630,
            1640,
            1650,
            1660,
            1670,
            1680,
            1690,
            1700,
            1710,
            1720,
            1730,
            1740,
            1750,
            1760,
            1770,
            1780,
            1790,
            1800,
            1810,
            1820,
            1830,
            1840,
            1850,
            1860,
            1870,
            1880,
            1890,
            1900,
            1910,
            1920,
            1930,
            1940,
            1950,
            1960,
            1970
        ],
        "Gibbs_free(J/mole)": [
            -377070.56093027705,
            -377070.6929629766,
            -377071.7094704114,
            -377074.93497010105,
            -377082.9643565756,
            -377098.58792865096,
            -377123.970761446,
            -377160.5332137977,
            -377209.08755447814,
            -377270.0134109339,
            -377343.4040454483,
            -377429.1719838803,
            -377527.12018882955,
            -377636.98804766446,
            -377758.4804994923,
            -377891.28613004327,
            -378035.0883875043,
            -378189.57242250565,
            -378354.4292108845,
            -378529.3580159393,
            -378714.06776065426,
            -378908.27776858606,
            -379111.7180786748,
            -379324.1294430444,
            -379545.26322381047,
            -379774.88111984066,
            -380012.75484920305,
            -380258.6657978044,
            -380512.4046147568,
            -380773.77083343733,
            -381042.57246626855,
            -381318.62561528315,
            -381601.7540719073,
            -381891.7889606622,
            -382188.56836681755,
            -382491.9369936773,
            -382801.74584044586,
            -383117.8518610611,
            -383440.1177071305,
            -383768.41139571776,
            -384102.60604749486,
            -384442.57970083255,
            -384788.2149407948,
            -385139.39879782824,
            -385496.0224327033,
            -385857.981021772,
            -386225.1734889379,
            -386597.5023538879,
            -386974.8735677694,
            -387357.19637693994,
            -387744.3830850895,
            -388136.3489667995,
            -388533.0121930515,
            -388934.2935721584,
            -389340.1165260579,
            -389750.4069202908,
            -390165.09290306177,
            -390584.1050821984,
            -391007.37610362616,
            -391434.8405938834,
            -391866.43525837926,
            -392302.09869019204,
            -392741.77132713946,
            -393185.39525032317,
            -393632.914403388,
            -394084.2740653144,
            -394539.42136886984,
            -394998.30463718594,
            -395460.87394291634,
            -395927.0803055012,
            -396396.87652469845,
            -396870.2163855869,
            -397347.05499000143,
            -397827.34855990676,
            -398311.05436652404,
            -398798.1314319699,
            -399288.5386081828,
            -399782.23707721115,
            -400279.1882480356,
            -400779.3545207506,
            -401282.69944316044,
            -401789.18743854394,
            -402298.78359248425,
            -402811.45410285355,
            -403327.1657599583,
            -403845.8863499488,
            -404367.5841387567,
            -404892.22848986584,
            -405419.7888527058,
            -405950.23627568485,
            -406483.54166279186,
            -407019.67723802925,
            -407558.61511024204,
            -408100.32872398925,
            -408644.7915800753,
            -409191.97858729184,
            -409741.863965648,
            -410294.4233084565,
            -410849.63293961476,
            -411407.46909230045,
            -411967.9088636929,
            -412530.9298876367,
            -413096.51013685117,
            -413664.62772837485,
            -414235.26223400916,
            -414808.3925922678,
            -415383.9990831288,
            -415962.06115336,
            -416542.5604037836,
            -417125.4776968075,
            -417710.794343543,
            -418298.4922490548,
            -418888.55388426105,
            -419480.9620415996,
            -420075.69962806476,
            -420672.7499114432,
            -421272.09702199185,
            -421873.72480466176,
            -422477.6176861606,
            -423083.76088191883,
            -423692.1390503464,
            -424302.73822075716,
            -424915.5439898168,
            -425530.54220503866,
            -426147.71993084927,
            -426767.06343611586,
            -427388.56015550526,
            -428012.1973068733,
            -428637.9623955468,
            -429265.8436042446,
            -429895.82907347975,
            -430527.9080041235,
            -431162.06883419823,
            -431798.30063889956,
            -432436.5929310617,
            -433076.93574198097,
            -433719.31866945093,
            -434363.7321419698,
            -435010.1673997935,
            -435658.61491262517,
            -436309.06529548636,
            -436961.5109577429,
            -437615.943076658,
            -438272.3538731485,
            -438930.7359008571,
            -439591.0813399059,
            -440253.3841030567,
            -440917.6356665153,
            -441583.83148796565,
            -442251.96457525244,
            -442922.0276262638,
            -443594.0181562355,
            -444267.9288796158,
            -444943.75494619296,
            -445621.49174838996,
            -446301.13627813896,
            -446982.6835742721,
            -447666.12976811995,
            -448351.47389479534,
            -449038.7096668215,
            -449727.83704409463,
            -450418.8530713084,
            -451111.75700541126,
            -451806.54717980657,
            -452503.2228043487,
            -453201.7832053154,
            -453902.22857368767,
            -454604.559733484,
            -455308.7790180893,
            -456014.88609543967,
            -456722.88370073953,
            -457432.7755271847,
            -458144.56454663957,
            -458858.25454295625,
            -459573.8506136118,
            -460291.35705725284,
            -461010.78297199885,
            -461732.13388586417,
            -462455.41629514575,
            -463180.63973128627,
            -463907.8167292219,
            -464636.95479613997,
            -465368.06790186354,
            -466101.16844884906,
            -466836.2726398855,
            -467573.3949866568,
            -468312.55364540464,
            -469053.7688523703,
            -469797.05976375705,
            -470542.4532026479,
            -471289.9715509144,
            -472039.6465377301,
            -472791.50491856417,
            -473545.5846102553,
            -474301.92406020634,
            -475060.5608514247,
            -475821.54745997884,
            -476584.9293732465
        ],
        "Cp(J/mole.K)": [
            -0.0,
            0.09944854313507678,
            0.5053173014923232,
            1.455821356907836,
            2.9751518706150817,
            4.786540824607073,
            6.616558224268374,
            8.318609598146576,
            9.839939587598202,
            11.177634557297282,
            12.349913102778377,
            13.380809980393673,
            14.293250184453782,
            15.106656043254775,
            15.836652072216387,
            16.495578781337834,
            17.093174147303216,
            17.63720291279315,
            18.133976875295062,
            18.588725626225628,
            19.00588412539218,
            19.389258951089854,
            19.742154913314153,
            20.067501344278604,
            20.36788815414765,
            20.64562572970314,
            20.902791104774224,
            21.141241426672813,
            21.36266017057934,
            21.568566004360036,
            21.760315595267468,
            21.939136738260242,
            22.10615141717716,
            22.262367299720086,
            22.40870191036664,
            22.545980072660303,
            22.67495375069559,
            22.796317227344844,
            22.910649995735703,
            23.018551196690588,
            23.120552935579326,
            23.21706167793006,
            23.30852853897671,
            23.395361469198573,
            23.477920758730065,
            23.5564966935927,
            23.63137598644819,
            23.702911850022826,
            23.771326186275076,
            23.836744339189213,
            23.899488302413374,
            23.959819761631625,
            24.017792557663014,
            24.073584174928115,
            24.12725939664528,
            24.17911894090487,
            24.229552984703332,
            24.278223432812997,
            24.325133573645267,
            24.370812319808465,
            24.415371010632825,
            24.458657329324385,
            24.500861606909893,
            24.54205140463314,
            24.582222773321064,
            24.62160493055121,
            24.660254131676492,
            24.698036543175157,
            24.735013150540325,
            24.771710304055883,
            24.80779616150524,
            24.843067265654103,
            24.877640195342455,
            24.912523381393008,
            24.947000501883824,
            24.98019970906187,
            25.01425656868976,
            25.047711723959782,
            25.080032780428716,
            25.113061651507447,
            25.14590839797165,
            25.178336695383884,
            25.21093720804219,
            25.243584280273353,
            25.27604378097452,
            25.30852224620327,
            25.340620574154187,
            25.37277983682118,
            25.405811501282983,
            25.43881776902145,
            25.471434069258976,
            25.503941225470044,
            25.536951481038443,
            25.57122732152632,
            25.60540198775727,
            25.637787422383553,
            25.67181214573793,
            25.707576997336513,
            25.74202777283478,
            25.777153443360223,
            25.813372700358883,
            25.848539639898952,
            25.884601199286408,
            25.922584623495787,
            25.960355100315212,
            25.99720514817447,
            26.034849568022764,
            26.075852800272468,
            26.11607158262632,
            26.154573979543134,
            26.195402636192426,
            26.238291825669876,
            26.28136863983252,
            26.32356836898131,
            26.36720285166537,
            26.412692202982644,
            26.45748370081411,
            26.503963312684043,
            26.552065050238078,
            26.600253204253555,
            26.65072585386241,
            26.700602465552134,
            26.751554764309375,
            26.805533896818815,
            26.859279232885456,
            26.914499000668002,
            26.970348464456038,
            27.026954499095154,
            27.086201252602223,
            27.148380586996883,
            27.212519052933107,
            27.27496928823084,
            27.33830927842636,
            27.40620711525389,
            27.47549911137068,
            27.544377062491744,
            27.6181726413422,
            27.69581953300076,
            27.76962045842724,
            27.846128756734636,
            27.929599175782442,
            28.012717764573285,
            28.0984027473813,
            28.18727108279834,
            28.279360801912848,
            28.372366963528997,
            28.4670168891809,
            28.571589319265126,
            28.67038753992529,
            28.77440411622956,
            28.894181451978085,
            29.00411387824489,
            29.114138604246765,
            29.240373106229523,
            29.371484865623643,
            29.49711238557189,
            29.634129100420978,
            29.776654228294724,
            29.912673665312468,
            30.064935496594767,
            30.227248069364805,
            30.39158364542695,
            30.560642364228027,
            30.733311818505175,
            30.913878646388184,
            31.104573471442798,
            31.31040150997043,
            31.520556061063942,
            31.727800644188164,
            31.953969860128073,
            32.19869381160315,
            32.44547171322653,
            32.70245061051125,
            32.971631120897655,
            33.26136765437816,
            33.57512512695369,
            33.884244943386875,
            34.20089938766614,
            34.56364363512763,
            34.94625695639963,
            35.32832354473143,
            35.741110045657585,
            36.18872248037951,
            36.65894932626278,
            37.15083048714945,
            37.68139156438,
            38.2467746746475,
            38.85151533692578,
            39.50664338324515,
            40.20495320182446,
            40.952507338966555,
            41.75612129027841,
            42.65171516351484,
            43.6091637081845,
            44.640651932146284,
            45.78736818055123,
            47.036746435862455,
            48.43215360492059
        ],
        "S(J/mole.K)": [
            0,
            0.04972427156753839,
            0.2257778685081576,
            0.5947440866992111,
            1.209274963344069,
            2.0598230296316613,
            3.089856964114733,
            4.23542321600471,
            5.444605840097211,
            6.680581761949725,
            7.919057114716271,
            9.14477140532763,
            10.348542131818977,
            11.525119455270762,
            12.671739404568509,
            13.787186747477975,
            14.871201065625794,
            15.924104019869993,
            16.946566861880275,
            17.939465431913415,
            18.90378952521205,
            19.84058565099185,
            20.750920012575804,
            21.63585538073821,
            22.49643641317307,
            23.33367993097854,
            24.14856919758749,
            24.942050420466693,
            25.715030965805635,
            26.468378867941645,
            27.202922622190815,
            27.919451592944093,
            28.618717253002977,
            29.301434464346674,
            29.968282793772957,
            30.61990795735837,
            31.25692330017191,
            31.879911554286082,
            32.48942581619267,
            33.085991367915994,
            33.67010791033754,
            34.242249720543626,
            34.80286710166183,
            35.35238867111984,
            35.89122231204746,
            36.41975571827497,
            36.938357352887394,
            37.44737877205116,
            37.94715538986057,
            38.43800545606137,
            38.92023242417927,
            39.39412750094489,
            39.85996800774083,
            40.31801760546442,
            40.76852744010249,
            41.21173816226147,
            41.647883628957786,
            42.07718579568172,
            42.49985209525839,
            42.91608383041239,
            43.32607756329598,
            43.73001978616594,
            44.1280881775514,
            44.520453956906564,
            44.907280758074194,
            45.288726334495,
            45.6649434025574,
            46.03607721516164,
            46.40226601740287,
            46.763646261228864,
            47.120349952370454,
            47.472499674308345,
            47.82021224248093,
            48.16360735451673,
            48.502801890509005,
            48.837897369438004,
            49.16899951159068,
            49.49621446774328,
            49.81963138737048,
            50.13934425644476,
            50.455449612106165,
            50.76803337104647,
            51.07718042937776,
            51.382975441076994,
            51.68549786745134,
            51.98482416927654,
            52.281027018932946,
            52.574176782092394,
            52.86434855757906,
            53.15161446585844,
            53.43603713947741,
            53.71767665172374,
            53.996595976706885,
            54.27286347327754,
            54.546542136803325,
            54.81767680682242,
            55.08631988502384,
            55.352540523440986,
            55.616390683324425,
            55.877915203369774,
            56.1371697105249,
            56.39419964155095,
            56.649048009071706,
            56.90177109850265,
            57.15241828745785,
            57.4010239019699,
            57.647626011149995,
            57.892281684779306,
            58.135039203028285,
            58.37592205183464,
            58.61496717381524,
            58.852227689517164,
            59.08774573180708,
            59.32154923661219,
            59.55367082938901,
            59.784154248118284,
            60.01303291832592,
            60.240338596828224,
            60.46611214752265,
            60.69038666750129,
            60.913197128324825,
            61.134574887422055,
            61.35454547498738,
            61.573148579459655,
            61.790417709699966,
            62.00637925099653,
            62.22106243931847,
            62.434492964311346,
            62.64670377062794,
            62.857735525615865,
            63.06762534177979,
            63.27639181281339,
            63.484048950840226,
            63.69063400646919,
            63.896185379358215,
            64.10072210977305,
            64.30427572053232,
            64.50689275328114,
            64.70858695349162,
            64.90936745114959,
            65.10928195041416,
            65.30836639749687,
            65.50664031393754,
            65.70413524367832,
            65.90088436058286,
            66.09691233373961,
            66.29223786575676,
            66.48690992621997,
            66.68095162018072,
            66.87436944061993,
            67.06724178186778,
            67.25959583222067,
            67.4514061371774,
            67.6427331048115,
            67.83365184351788,
            68.02416578280463,
            68.21429894125613,
            68.4041102332776,
            68.59360070198528,
            68.78280488400196,
            68.97180885653506,
            69.1606528068929,
            69.34935957729394,
            69.53795651018736,
            69.72648010284028,
            69.91498601610655,
            70.1035507376364,
            70.29223209825795,
            70.48103299870418,
            70.66999934917912,
            70.85923976216873,
            71.04881160312216,
            71.23874666685589,
            71.42910566182182,
            71.61997803607011,
            71.81148560768925,
            72.00367659612166,
            72.19655136575457,
            72.39025296250475,
            72.58495709201524,
            72.7807065669789,
            72.97757314724004,
            73.17572506268624,
            73.375305693673,
            73.57642010112103,
            73.77921504365877,
            73.98387055289713,
            74.19056552036345,
            74.39951743747588,
            74.61095060759544,
            74.82508267380835,
            75.0421616480009,
            75.26254304094327,
            75.48659232390055,
            75.71462265858209,
            75.94707939336658,
            76.18447460161333,
            76.42739054943304
        ]
    },
    "Phonon_data": {
        "Numb_Node": 15,
        "total_n_kpoints": 100,
        "frequency": {
            "Node_1": [
                -0.05266784747365723,
                -0.3714904910596792,
                1.620707612559148,
                3.570743369821376,
                5.627751318216954,
                7.631963860513295,
                9.485029722382382,
                11.049358882108715,
                12.085866995086228,
                12.566496328192342,
                12.82652128713638,
                13.06926798875415,
                13.335457837935488,
                13.306336866522853,
                13.18627310855396,
                13.00856698609481,
                12.810242647029723,
                12.627992002304378,
                12.48974728430998,
                12.412277028425136,
                12.397351293427613,
                12.4249911122109,
                12.457717942090751,
                12.573621125360757,
                12.704247557831959,
                12.501949274050519,
                11.535964641258756,
                9.796004213246324,
                7.570194468667345,
                5.097283164513595,
                2.587099013858836,
                0.28275030228393044,
                -0.05266784747365723,
                -0.05266784747365723,
                -0.05266784747365723,
                -0.05266784747365723,
                -0.05266784747365723,
                -0.05266784747365723,
                -0.05266784747365723,
                -0.05266784747365723,
                -0.05266784747365723,
                -0.05266784747365723,
                -0.05266784747365723,
                -0.05266784747365723,
                -0.05266784747365723,
                -0.3714904910596792,
                1.620707612559148,
                3.570743369821376,
                5.627751318216954,
                7.631963860513295,
                9.485029722382382,
                11.049358882108715,
                12.085866995086228,
                12.566496328192342,
                12.82652128713638,
                13.06926798875415,
                13.335457837935488,
                13.306336866522853,
                13.18627310855396,
                13.00856698609481,
                12.810242647029723,
                12.627992002304378,
                12.48974728430998,
                12.412277028425136,
                12.397351293427613,
                12.4249911122109,
                12.457717942090751,
                12.573621125360757,
                12.704247557831959,
                12.501949274050519,
                11.535964641258756,
                9.796004213246324,
                7.570194468667345,
                5.097283164513595,
                2.587099013858836,
                0.28275030228393044,
                -0.05266784747365723,
                13.335457837935488,
                13.335457837935488,
                13.335457837935488,
                13.335457837935488,
                13.335457837935488,
                13.335457837935488,
                13.335457837935488,
                13.335457837935488,
                13.335457837935488,
                13.335457837935488,
                13.335457837935488,
                13.335457837935488,
                13.335457837935488,
                12.4249911122109,
                12.4249911122109,
                12.424991112210911,
                12.4249911122109,
                12.424991112210911,
                12.4249911122109,
                12.4249911122109,
                12.4249911122109,
                12.4249911122109,
                12.4249911122109,
                12.4249911122109,
                12.4249911122109,
                12.4249911122109
            ],
            "Node_2": [
                -0.040137887776439465,
                1.942331169253079,
                3.839588812945269,
                5.667101221050009,
                7.404714176137182,
                9.020547746066761,
                10.481754599360766,
                11.76417513966701,
                12.848352880155772,
                13.717271433420876,
                13.865839607608487,
                13.632984876807129,
                13.351846128635755,
                13.321813501537342,
                13.271349822905526,
                13.191165541103514,
                13.08409120426572,
                12.957697280631976,
                12.822781399467123,
                12.69247653305458,
                12.58320723116534,
                12.51943799494718,
                12.60433525993889,
                12.775624775375974,
                12.939779839326834,
                13.081210493290857,
                13.19795857770497,
                11.92638523528479,
                9.688998025936467,
                7.341892735055366,
                4.923573113761541,
                2.4708862152549456,
                -0.040137887776439465,
                -0.040137887776439465,
                -0.040137887776439465,
                -0.040137887776439465,
                -0.040137887776439465,
                -0.040137887776439465,
                -0.040137887776439465,
                -0.040137887776439465,
                -0.040137887776439465,
                -0.040137887776439465,
                -0.040137887776439465,
                -0.040137887776439465,
                -0.040137887776439465,
                1.942331169253079,
                3.839588812945269,
                5.667101221050009,
                7.404714176137182,
                9.020547746066761,
                10.481754599360766,
                11.76417513966701,
                12.848352880155772,
                13.717271433420876,
                13.865839607608487,
                13.632984876807129,
                13.351846128635755,
                13.321813501537342,
                13.271349822905526,
                13.191165541103514,
                13.08409120426572,
                12.957697280631976,
                12.822781399467123,
                12.69247653305458,
                12.58320723116534,
                12.51943799494718,
                12.60433525993889,
                12.775624775375974,
                12.939779839326834,
                13.081210493290857,
                13.19795857770497,
                11.92638523528479,
                9.688998025936467,
                7.341892735055366,
                4.923573113761541,
                2.4708862152549456,
                -0.040137887776439465,
                13.351846128635755,
                13.351846128635755,
                13.351846128635755,
                13.351846128635755,
                13.351846128635755,
                13.351846128635755,
                13.351846128635755,
                13.351846128635755,
                13.351846128635755,
                13.351846128635755,
                13.351846128635755,
                13.351846128635755,
                13.351846128635755,
                12.51943799494718,
                12.51943799494718,
                12.519437994947184,
                12.51943799494718,
                12.519437994947184,
                12.51943799494718,
                12.51943799494718,
                12.51943799494718,
                12.51943799494718,
                12.51943799494718,
                12.51943799494718,
                12.51943799494718,
                12.51943799494718
            ],
            "Node_3": [
                -0.03208638676070105,
                3.592627099272008,
                7.054609881282468,
                10.231678002340352,
                12.578930453632546,
                13.254526862874153,
                13.365559112512674,
                13.466521761621816,
                13.702292680048036,
                13.938268041892124,
                14.407768348505906,
                14.82180633109579,
                14.966156988405498,
                15.121156031230184,
                15.5669122968574,
                16.250852658198358,
                17.100668392991846,
                18.03714274600011,
                18.965650547893212,
                19.755917848214736,
                20.425531664006595,
                20.86474814322394,
                20.268151475672322,
                19.269028894741822,
                17.78575471067424,
                16.013605735056125,
                14.044281292390334,
                13.28735220337368,
                13.209123227867881,
                11.972700840499634,
                8.699353723297362,
                4.4819169159176555,
                -0.03208638676070105,
                -0.03208638676070105,
                -0.03208638676070105,
                -0.03208638676070105,
                -0.03208638676070105,
                -0.03208638676070105,
                -0.03208638676070105,
                -0.03208638676070105,
                -0.03208638676070105,
                -0.03208638676070105,
                -0.03208638676070105,
                -0.03208638676070105,
                -0.03208638676070105,
                3.592627099272008,
                7.054609881282468,
                10.231678002340352,
                12.578930453632546,
                13.254526862874153,
                13.365559112512674,
                13.466521761621816,
                13.702292680048036,
                13.938268041892124,
                14.407768348505906,
                14.82180633109579,
                14.966156988405498,
                15.121156031230184,
                15.5669122968574,
                16.250852658198358,
                17.100668392991846,
                18.03714274600011,
                18.965650547893212,
                19.755917848214736,
                20.425531664006595,
                20.86474814322394,
                20.268151475672322,
                19.269028894741822,
                17.78575471067424,
                16.013605735056125,
                14.044281292390334,
                13.28735220337368,
                13.209123227867881,
                11.972700840499634,
                8.699353723297362,
                4.4819169159176555,
                -0.03208638676070105,
                14.966156988405498,
                14.966156988405498,
                14.966156988405498,
                14.966156988405498,
                14.966156988405498,
                14.966156988405498,
                14.966156988405498,
                14.966156988405498,
                14.966156988405498,
                14.966156988405498,
                14.966156988405498,
                14.966156988405498,
                14.966156988405498,
                20.86474814322394,
                20.86474814322394,
                20.864748143223945,
                20.86474814322394,
                20.864748143223945,
                20.86474814322394,
                20.86474814322394,
                20.86474814322394,
                20.86474814322394,
                20.86474814322394,
                20.86474814322394,
                20.86474814322394,
                20.86474814322394
            ],
            "Node_4": [
                10.84081547467783,
                10.982587144017996,
                11.372986656927933,
                11.953440890629164,
                12.646459062586448,
                13.371519254357931,
                14.05217236650616,
                14.6537166300594,
                15.14238712288225,
                15.503631211416916,
                15.736689776716009,
                15.855693485570596,
                15.88902231455538,
                16.008872852240604,
                16.35458417918076,
                16.888623467173144,
                17.55841764668329,
                18.307480296575488,
                19.103184709579285,
                19.964027877844288,
                20.726724961112424,
                20.939591724921094,
                20.528789099164143,
                19.566357487589375,
                18.46123148353349,
                17.256281823875412,
                16.013935457850824,
                14.776104107350692,
                13.641638026789481,
                12.769816964177922,
                11.687814138930287,
                11.058232846768727,
                10.84081547467783,
                10.84081547467783,
                10.84081547467783,
                10.84081547467783,
                10.84081547467783,
                10.84081547467783,
                10.84081547467783,
                10.84081547467783,
                10.84081547467783,
                10.84081547467783,
                10.84081547467783,
                10.84081547467783,
                10.84081547467783,
                10.982587144017996,
                11.372986656927933,
                11.953440890629164,
                12.646459062586448,
                13.371519254357931,
                14.05217236650616,
                14.6537166300594,
                15.14238712288225,
                15.503631211416916,
                15.736689776716009,
                15.855693485570596,
                15.88902231455538,
                16.008872852240604,
                16.35458417918076,
                16.888623467173144,
                17.55841764668329,
                18.307480296575488,
                19.103184709579285,
                19.964027877844288,
                20.726724961112424,
                20.939591724921094,
                20.528789099164143,
                19.566357487589375,
                18.46123148353349,
                17.256281823875412,
                16.013935457850824,
                14.776104107350692,
                13.641638026789481,
                12.769816964177922,
                11.687814138930287,
                11.058232846768727,
                10.84081547467783,
                15.88902231455538,
                15.88902231455538,
                15.88902231455538,
                15.88902231455538,
                15.88902231455538,
                15.88902231455538,
                15.88902231455538,
                15.88902231455538,
                15.88902231455538,
                15.88902231455538,
                15.88902231455538,
                15.88902231455538,
                15.88902231455538,
                20.939591724921094,
                20.939591724921094,
                20.93959172492111,
                20.939591724921094,
                20.93959172492111,
                20.939591724921094,
                20.939591724921094,
                20.939591724921094,
                20.939591724921094,
                20.939591724921094,
                20.939591724921094,
                20.939591724921094,
                20.939591724921094
            ],
            "Node_5": [
                10.845813404063524,
                11.467701515836918,
                13.002968368069494,
                14.653841053585515,
                15.132693597314,
                17.06001817718547,
                18.197203088698966,
                18.672847093622355,
                19.154014853503757,
                19.66562555479299,
                20.330903695091777,
                20.960779279284104,
                21.295723232115723,
                21.312539286803982,
                21.33288575130923,
                21.267856988220036,
                21.209640371074126,
                21.245201286460787,
                21.361638598170135,
                21.497440631371166,
                21.503719893869096,
                21.6606770680948,
                20.84786389365954,
                19.600684531583997,
                18.555637080440352,
                17.826630615216885,
                17.57619496389286,
                17.510337120087165,
                16.960773035069817,
                14.832938604611362,
                13.928609246877047,
                11.802129810736105,
                10.845813404063524,
                10.845813404063524,
                10.845813404063524,
                10.845813404063524,
                10.845813404063524,
                10.845813404063524,
                10.845813404063524,
                10.845813404063524,
                10.845813404063524,
                10.845813404063524,
                10.845813404063524,
                10.845813404063524,
                10.845813404063524,
                11.467701515836918,
                13.002968368069494,
                14.653841053585515,
                15.132693597314,
                17.06001817718547,
                18.197203088698966,
                18.672847093622355,
                19.154014853503757,
                19.66562555479299,
                20.330903695091777,
                20.960779279284104,
                21.295723232115723,
                21.312539286803982,
                21.33288575130923,
                21.267856988220036,
                21.209640371074126,
                21.245201286460787,
                21.361638598170135,
                21.497440631371166,
                21.503719893869096,
                21.6606770680948,
                20.84786389365954,
                19.600684531583997,
                18.555637080440352,
                17.826630615216885,
                17.57619496389286,
                17.510337120087165,
                16.960773035069817,
                14.832938604611362,
                13.928609246877047,
                11.802129810736105,
                10.845813404063524,
                21.295723232115723,
                21.295723232115723,
                21.295723232115723,
                21.295723232115723,
                21.295723232115723,
                21.295723232115723,
                21.295723232115723,
                21.295723232115723,
                21.295723232115723,
                21.295723232115723,
                21.295723232115723,
                21.295723232115723,
                21.295723232115723,
                21.6606770680948,
                21.6606770680948,
                21.66067706809479,
                21.6606770680948,
                21.66067706809479,
                21.6606770680948,
                21.6606770680948,
                21.6606770680948,
                21.6606770680948,
                21.6606770680948,
                21.6606770680948,
                21.6606770680948,
                21.6606770680948
            ],
            "Node_6": [
                16.61021270834154,
                15.748393872817804,
                15.041380022829179,
                14.945804976884322,
                16.815694548570583,
                17.748980362667933,
                19.111684159611915,
                19.45599596572822,
                19.510675715209032,
                19.97443841797353,
                20.740269374871673,
                21.6607239538784,
                22.2496143817683,
                21.998052613919985,
                21.72844454577757,
                21.701805777592703,
                21.831633748343812,
                21.97062334045633,
                22.00943343725507,
                21.92555994342863,
                21.924332303158458,
                21.94665606312172,
                22.19849172313041,
                22.30847199604104,
                21.862513370693282,
                21.331366389132963,
                20.86045918967588,
                19.354305335881016,
                17.19282279416979,
                16.115743183352656,
                14.790687573191919,
                15.535335095620697,
                16.61021270834154,
                16.61021270834154,
                16.61021270834154,
                16.61021270834154,
                16.61021270834154,
                16.61021270834154,
                16.61021270834154,
                16.61021270834154,
                16.61021270834154,
                16.61021270834154,
                16.61021270834154,
                16.61021270834154,
                16.61021270834154,
                15.748393872817804,
                15.041380022829179,
                14.945804976884322,
                16.815694548570583,
                17.748980362667933,
                19.111684159611915,
                19.45599596572822,
                19.510675715209032,
                19.97443841797353,
                20.740269374871673,
                21.6607239538784,
                22.2496143817683,
                21.998052613919985,
                21.72844454577757,
                21.701805777592703,
                21.831633748343812,
                21.97062334045633,
                22.00943343725507,
                21.92555994342863,
                21.924332303158458,
                21.94665606312172,
                22.19849172313041,
                22.30847199604104,
                21.862513370693282,
                21.331366389132963,
                20.86045918967588,
                19.354305335881016,
                17.19282279416979,
                16.115743183352656,
                14.790687573191919,
                15.535335095620697,
                16.61021270834154,
                22.2496143817683,
                22.2496143817683,
                22.2496143817683,
                22.2496143817683,
                22.2496143817683,
                22.2496143817683,
                22.2496143817683,
                22.2496143817683,
                22.2496143817683,
                22.2496143817683,
                22.2496143817683,
                22.2496143817683,
                22.2496143817683,
                21.94665606312172,
                21.94665606312172,
                21.9466560631217,
                21.94665606312172,
                21.9466560631217,
                21.94665606312172,
                21.94665606312172,
                21.94665606312172,
                21.94665606312172,
                21.94665606312172,
                21.94665606312172,
                21.94665606312172,
                21.94665606312172
            ],
            "Node_7": [
                16.612722693416995,
                16.646530900704988,
                16.769517806151615,
                17.002676560839753,
                17.3404730684691,
                18.42637363479357,
                19.459399903293985,
                20.98981453344504,
                22.23521007366295,
                23.037240496211123,
                23.403186264465578,
                22.9986655045799,
                22.653382325362998,
                22.885655319145698,
                22.999742873413307,
                22.927017483533007,
                22.82906139227699,
                22.738060518485643,
                22.722117000191353,
                22.498392676335044,
                22.17905824706993,
                21.972030822480423,
                22.466261536927753,
                22.37680574528531,
                22.224130394677996,
                21.825168004899275,
                20.955350482911776,
                20.29818513273728,
                18.951235296290793,
                17.505519371391607,
                16.92770462806114,
                16.682487977628302,
                16.612722693416995,
                16.612722693416995,
                16.612722693416995,
                16.612722693416995,
                16.612722693416995,
                16.612722693416995,
                16.612722693416995,
                16.612722693416995,
                16.612722693416995,
                16.612722693416995,
                16.612722693416995,
                16.612722693416995,
                16.612722693416995,
                16.646530900704988,
                16.769517806151615,
                17.002676560839753,
                17.3404730684691,
                18.42637363479357,
                19.459399903293985,
                20.98981453344504,
                22.23521007366295,
                23.037240496211123,
                23.403186264465578,
                22.9986655045799,
                22.653382325362998,
                22.885655319145698,
                22.999742873413307,
                22.927017483533007,
                22.82906139227699,
                22.738060518485643,
                22.722117000191353,
                22.498392676335044,
                22.17905824706993,
                21.972030822480423,
                22.466261536927753,
                22.37680574528531,
                22.224130394677996,
                21.825168004899275,
                20.955350482911776,
                20.29818513273728,
                18.951235296290793,
                17.505519371391607,
                16.92770462806114,
                16.682487977628302,
                16.612722693416995,
                22.653382325362998,
                22.653382325362998,
                22.653382325362998,
                22.653382325362998,
                22.653382325362998,
                22.653382325362998,
                22.653382325362998,
                22.653382325362998,
                22.653382325362998,
                22.653382325362998,
                22.653382325362998,
                22.653382325362998,
                22.653382325362998,
                21.972030822480423,
                21.972030822480423,
                21.972030822480423,
                21.972030822480423,
                21.972030822480423,
                21.972030822480423,
                21.972030822480423,
                21.972030822480423,
                21.972030822480423,
                21.972030822480423,
                21.972030822480423,
                21.972030822480423,
                21.972030822480423
            ],
            "Node_8": [
                16.85929856309458,
                17.921750058652606,
                19.23643177935236,
                20.643051799321935,
                22.03196534825491,
                22.50463142942029,
                22.458561187821132,
                23.107524501598288,
                24.001827254827237,
                24.352272606333823,
                23.666530991825123,
                23.35095637941701,
                23.07342745572423,
                23.06139056353796,
                23.14973320539732,
                23.243347210118465,
                23.19545286820145,
                23.036725256209884,
                22.79627829930326,
                22.802862295065943,
                22.893702731770293,
                22.44820002817659,
                22.793385271673902,
                23.39659504323324,
                23.725061317965196,
                23.50106085035435,
                22.862791918491457,
                22.27316672530307,
                22.638352125518093,
                21.81718691992192,
                19.974760037230276,
                18.25665719374166,
                16.85929856309458,
                16.85929856309458,
                16.85929856309458,
                16.85929856309458,
                16.85929856309458,
                16.85929856309458,
                16.85929856309458,
                16.85929856309458,
                16.85929856309458,
                16.85929856309458,
                16.85929856309458,
                16.85929856309458,
                16.85929856309458,
                17.921750058652606,
                19.23643177935236,
                20.643051799321935,
                22.03196534825491,
                22.50463142942029,
                22.458561187821132,
                23.107524501598288,
                24.001827254827237,
                24.352272606333823,
                23.666530991825123,
                23.35095637941701,
                23.07342745572423,
                23.06139056353796,
                23.14973320539732,
                23.243347210118465,
                23.19545286820145,
                23.036725256209884,
                22.79627829930326,
                22.802862295065943,
                22.893702731770293,
                22.44820002817659,
                22.793385271673902,
                23.39659504323324,
                23.725061317965196,
                23.50106085035435,
                22.862791918491457,
                22.27316672530307,
                22.638352125518093,
                21.81718691992192,
                19.974760037230276,
                18.25665719374166,
                16.85929856309458,
                23.07342745572423,
                23.07342745572423,
                23.07342745572423,
                23.07342745572423,
                23.07342745572423,
                23.07342745572423,
                23.07342745572423,
                23.07342745572423,
                23.07342745572423,
                23.07342745572423,
                23.07342745572423,
                23.07342745572423,
                23.07342745572423,
                22.44820002817659,
                22.44820002817659,
                22.448200028176597,
                22.44820002817659,
                22.448200028176597,
                22.44820002817659,
                22.44820002817659,
                22.44820002817659,
                22.44820002817659,
                22.44820002817659,
                22.44820002817659,
                22.44820002817659,
                22.44820002817659
            ],
            "Node_9": [
                28.04615584027854,
                27.119265116151922,
                25.85606876248792,
                24.66008576078873,
                23.699429700846203,
                23.95088446605334,
                25.236732775871502,
                25.665649830602547,
                25.030751265597516,
                24.79332185354653,
                25.382304457906148,
                25.75464489668631,
                25.888146503603647,
                25.834745787431466,
                25.67592147134292,
                25.415493542866308,
                25.059677720588017,
                24.617285636771857,
                24.099477903846665,
                23.5203368960406,
                22.90622791448189,
                22.92786825788965,
                23.016944705605745,
                23.709314163377613,
                24.50823929459712,
                25.224832295988605,
                25.665851934634986,
                25.352225751640496,
                23.713925811965066,
                23.747219925050004,
                25.190406013673254,
                26.77755892459886,
                28.04615584027854,
                28.04615584027854,
                28.04615584027854,
                28.04615584027854,
                28.04615584027854,
                28.04615584027854,
                28.04615584027854,
                28.04615584027854,
                28.04615584027854,
                28.04615584027854,
                28.04615584027854,
                28.04615584027854,
                28.04615584027854,
                27.119265116151922,
                25.85606876248792,
                24.66008576078873,
                23.699429700846203,
                23.95088446605334,
                25.236732775871502,
                25.665649830602547,
                25.030751265597516,
                24.79332185354653,
                25.382304457906148,
                25.75464489668631,
                25.888146503603647,
                25.834745787431466,
                25.67592147134292,
                25.415493542866308,
                25.059677720588017,
                24.617285636771857,
                24.099477903846665,
                23.5203368960406,
                22.90622791448189,
                22.92786825788965,
                23.016944705605745,
                23.709314163377613,
                24.50823929459712,
                25.224832295988605,
                25.665851934634986,
                25.352225751640496,
                23.713925811965066,
                23.747219925050004,
                25.190406013673254,
                26.77755892459886,
                28.04615584027854,
                25.888146503603647,
                25.888146503603647,
                25.888146503603647,
                25.888146503603647,
                25.888146503603647,
                25.888146503603647,
                25.888146503603647,
                25.888146503603647,
                25.888146503603647,
                25.888146503603647,
                25.888146503603647,
                25.888146503603647,
                25.888146503603647,
                22.92786825788965,
                22.92786825788965,
                22.92786825788965,
                22.92786825788965,
                22.92786825788965,
                22.92786825788965,
                22.92786825788965,
                22.92786825788965,
                22.92786825788965,
                22.92786825788965,
                22.92786825788965,
                22.92786825788965,
                22.92786825788965
            ],
            "Node_10": [
                28.089842092572162,
                28.001855769675547,
                27.83702859086214,
                27.569089625774357,
                27.208636493465306,
                26.76657687880724,
                26.25143246493371,
                26.352691502442106,
                27.032061983120244,
                27.223596561733753,
                27.063307670827108,
                26.806852775788617,
                26.689047595578543,
                26.83126592263247,
                27.24694694066675,
                27.881642711848425,
                28.636683559019048,
                29.410992242923417,
                30.126803472023486,
                30.731475591175883,
                31.189677971421617,
                31.387868697673706,
                31.201028678131852,
                31.17010303569302,
                30.585251163725168,
                29.483844259828544,
                28.072743922118228,
                26.963795942895523,
                27.030410084323872,
                27.389373253157185,
                27.742606550838584,
                27.9905688977348,
                28.089842092572162,
                28.089842092572162,
                28.089842092572162,
                28.089842092572162,
                28.089842092572162,
                28.089842092572162,
                28.089842092572162,
                28.089842092572162,
                28.089842092572162,
                28.089842092572162,
                28.089842092572162,
                28.089842092572162,
                28.089842092572162,
                28.001855769675547,
                27.83702859086214,
                27.569089625774357,
                27.208636493465306,
                26.76657687880724,
                26.25143246493371,
                26.352691502442106,
                27.032061983120244,
                27.223596561733753,
                27.063307670827108,
                26.806852775788617,
                26.689047595578543,
                26.83126592263247,
                27.24694694066675,
                27.881642711848425,
                28.636683559019048,
                29.410992242923417,
                30.126803472023486,
                30.731475591175883,
                31.189677971421617,
                31.387868697673706,
                31.201028678131852,
                31.17010303569302,
                30.585251163725168,
                29.483844259828544,
                28.072743922118228,
                26.963795942895523,
                27.030410084323872,
                27.389373253157185,
                27.742606550838584,
                27.9905688977348,
                28.089842092572162,
                26.689047595578543,
                26.689047595578543,
                26.689047595578543,
                26.689047595578543,
                26.689047595578543,
                26.689047595578543,
                26.689047595578543,
                26.689047595578543,
                26.689047595578543,
                26.689047595578543,
                26.689047595578543,
                26.689047595578543,
                26.689047595578543,
                31.387868697673706,
                31.387868697673706,
                31.38786869767371,
                31.387868697673706,
                31.38786869767371,
                31.387868697673706,
                31.387868697673706,
                31.387868697673706,
                31.387868697673706,
                31.387868697673706,
                31.387868697673706,
                31.387868697673706,
                31.387868697673706
            ],
            "Node_11": [
                28.831769178144903,
                29.69893125111352,
                30.707597659367924,
                31.53779587051969,
                32.14146940272336,
                32.507721441290165,
                32.676465965381475,
                32.73271775060677,
                32.76654483574917,
                32.83038095324862,
                32.92975443841444,
                33.02868315758922,
                33.07101318352159,
                33.04312037377123,
                32.96023796119319,
                32.82497584224911,
                32.64233354333712,
                32.42049396586854,
                32.17181374928838,
                31.91398243590586,
                31.673158944592462,
                31.56973351968025,
                31.667780943951236,
                31.340110066556516,
                31.362154738575438,
                31.7010198244124,
                32.089485453439046,
                32.36386667544666,
                32.359458605685084,
                31.96211539907126,
                31.143668388140405,
                29.96664095909385,
                28.831769178144903,
                28.831769178144903,
                28.831769178144903,
                28.831769178144903,
                28.831769178144903,
                28.831769178144903,
                28.831769178144903,
                28.831769178144903,
                28.831769178144903,
                28.831769178144903,
                28.831769178144903,
                28.831769178144903,
                28.831769178144903,
                29.69893125111352,
                30.707597659367924,
                31.53779587051969,
                32.14146940272336,
                32.507721441290165,
                32.676465965381475,
                32.73271775060677,
                32.76654483574917,
                32.83038095324862,
                32.92975443841444,
                33.02868315758922,
                33.07101318352159,
                33.04312037377123,
                32.96023796119319,
                32.82497584224911,
                32.64233354333712,
                32.42049396586854,
                32.17181374928838,
                31.91398243590586,
                31.673158944592462,
                31.56973351968025,
                31.667780943951236,
                31.340110066556516,
                31.362154738575438,
                31.7010198244124,
                32.089485453439046,
                32.36386667544666,
                32.359458605685084,
                31.96211539907126,
                31.143668388140405,
                29.96664095909385,
                28.831769178144903,
                33.07101318352159,
                33.07101318352159,
                33.07101318352159,
                33.07101318352159,
                33.07101318352159,
                33.07101318352159,
                33.07101318352159,
                33.07101318352159,
                33.07101318352159,
                33.07101318352159,
                33.07101318352159,
                33.07101318352159,
                33.07101318352159,
                31.56973351968025,
                31.56973351968025,
                31.56973351968026,
                31.56973351968025,
                31.56973351968026,
                31.56973351968025,
                31.56973351968025,
                31.56973351968025,
                31.56973351968025,
                31.56973351968025,
                31.56973351968025,
                31.56973351968025,
                31.56973351968025
            ],
            "Node_12": [
                44.20099933619062,
                43.91319213231513,
                43.106066770609296,
                41.92833072507822,
                40.57463148032949,
                39.237694998996034,
                38.074170768198925,
                37.18871415129957,
                36.62628825039503,
                36.35235831868629,
                36.256807890099445,
                36.230288355825,
                36.224020145575615,
                36.15241611921524,
                35.948366240014266,
                35.64044709859715,
                35.26849285002275,
                34.87923207529188,
                34.5210814673695,
                34.234642706387035,
                34.04347625983625,
                33.95370284285643,
                34.01767546004572,
                34.303088395935895,
                34.74231974464868,
                35.349337353234915,
                36.23604534615531,
                37.48828267826469,
                39.07481765902009,
                40.84250663023763,
                42.51886410839186,
                43.746776791477366,
                44.20099933619062,
                44.20099933619062,
                44.20099933619062,
                44.20099933619062,
                44.20099933619062,
                44.20099933619062,
                44.20099933619062,
                44.20099933619062,
                44.20099933619062,
                44.20099933619062,
                44.20099933619062,
                44.20099933619062,
                44.20099933619062,
                43.91319213231513,
                43.106066770609296,
                41.92833072507822,
                40.57463148032949,
                39.237694998996034,
                38.074170768198925,
                37.18871415129957,
                36.62628825039503,
                36.35235831868629,
                36.256807890099445,
                36.230288355825,
                36.224020145575615,
                36.15241611921524,
                35.948366240014266,
                35.64044709859715,
                35.26849285002275,
                34.87923207529188,
                34.5210814673695,
                34.234642706387035,
                34.04347625983625,
                33.95370284285643,
                34.01767546004572,
                34.303088395935895,
                34.74231974464868,
                35.349337353234915,
                36.23604534615531,
                37.48828267826469,
                39.07481765902009,
                40.84250663023763,
                42.51886410839186,
                43.746776791477366,
                44.20099933619062,
                36.224020145575615,
                36.224020145575615,
                36.224020145575615,
                36.224020145575615,
                36.224020145575615,
                36.224020145575615,
                36.224020145575615,
                36.224020145575615,
                36.224020145575615,
                36.224020145575615,
                36.224020145575615,
                36.224020145575615,
                36.224020145575615,
                33.95370284285643,
                33.95370284285643,
                33.95370284285644,
                33.95370284285643,
                33.95370284285644,
                33.95370284285643,
                33.95370284285643,
                33.95370284285643,
                33.95370284285643,
                33.95370284285643,
                33.95370284285643,
                33.95370284285643,
                33.95370284285643
            ],
            "Node_13": [
                63.11542959168719,
                63.078468663930074,
                63.017018791129075,
                63.0283702314931,
                63.16205506949815,
                63.38355738615735,
                63.62861048867835,
                63.87159449395394,
                64.12270809711171,
                64.374593760697,
                64.58500047399257,
                64.7150807025095,
                64.75711201033644,
                64.7655278905639,
                64.79097799163193,
                64.8307254998016,
                64.87745101172237,
                64.92498973494482,
                64.97031949226773,
                65.00842712777772,
                65.03250141117329,
                65.03925966055002,
                65.00522101126865,
                64.89327362382909,
                64.69489187738728,
                64.41371870234484,
                64.0778258233154,
                63.735467689439645,
                63.42398324236736,
                63.1851234010708,
                63.07619473193204,
                63.08830132363213,
                63.11542959168719,
                63.11542959168719,
                63.11542959168719,
                63.11542959168719,
                63.11542959168719,
                63.11542959168719,
                63.11542959168719,
                63.11542959168719,
                63.11542959168719,
                63.11542959168719,
                63.11542959168719,
                63.11542959168719,
                63.11542959168719,
                63.078468663930074,
                63.017018791129075,
                63.0283702314931,
                63.16205506949815,
                63.38355738615735,
                63.62861048867835,
                63.87159449395394,
                64.12270809711171,
                64.374593760697,
                64.58500047399257,
                64.7150807025095,
                64.75711201033644,
                64.7655278905639,
                64.79097799163193,
                64.8307254998016,
                64.87745101172237,
                64.92498973494482,
                64.97031949226773,
                65.00842712777772,
                65.03250141117329,
                65.03925966055002,
                65.00522101126865,
                64.89327362382909,
                64.69489187738728,
                64.41371870234484,
                64.0778258233154,
                63.735467689439645,
                63.42398324236736,
                63.1851234010708,
                63.07619473193204,
                63.08830132363213,
                63.11542959168719,
                64.75711201033644,
                64.75711201033644,
                64.75711201033644,
                64.75711201033644,
                64.75711201033644,
                64.75711201033644,
                64.75711201033644,
                64.75711201033644,
                64.75711201033644,
                64.75711201033644,
                64.75711201033644,
                64.75711201033644,
                64.75711201033644,
                65.03925966055002,
                65.03925966055002,
                65.03925966055002,
                65.03925966055002,
                65.03925966055002,
                65.03925966055002,
                65.03925966055002,
                65.03925966055002,
                65.03925966055002,
                65.03925966055002,
                65.03925966055002,
                65.03925966055002,
                65.03925966055002
            ],
            "Node_14": [
                69.95417957348751,
                69.98096538516646,
                70.04525109975131,
                70.12129557409376,
                70.20395686024871,
                70.31385007067664,
                70.46752633757087,
                70.64016879281381,
                70.76876306078857,
                70.84343917896008,
                70.88701023658442,
                70.91355006836558,
                70.92336618058353,
                70.9706507732706,
                71.10231924228712,
                71.28824995559955,
                71.4685856294746,
                71.59328625341716,
                71.69586316302475,
                71.79296146025882,
                71.88310119656381,
                71.95129940440356,
                71.880908259302,
                71.58944099233422,
                71.24098096608878,
                70.90119800715368,
                70.60366163709983,
                70.37313801398015,
                70.22877983337388,
                70.15186145374587,
                70.08136072936583,
                69.99618259832052,
                69.95417957348751,
                69.95417957348751,
                69.95417957348751,
                69.95417957348751,
                69.95417957348751,
                69.95417957348751,
                69.95417957348751,
                69.95417957348751,
                69.95417957348751,
                69.95417957348751,
                69.95417957348751,
                69.95417957348751,
                69.95417957348751,
                69.98096538516646,
                70.04525109975131,
                70.12129557409376,
                70.20395686024871,
                70.31385007067664,
                70.46752633757087,
                70.64016879281381,
                70.76876306078857,
                70.84343917896008,
                70.88701023658442,
                70.91355006836558,
                70.92336618058353,
                70.9706507732706,
                71.10231924228712,
                71.28824995559955,
                71.4685856294746,
                71.59328625341716,
                71.69586316302475,
                71.79296146025882,
                71.88310119656381,
                71.95129940440356,
                71.880908259302,
                71.58944099233422,
                71.24098096608878,
                70.90119800715368,
                70.60366163709983,
                70.37313801398015,
                70.22877983337388,
                70.15186145374587,
                70.08136072936583,
                69.99618259832052,
                69.95417957348751,
                70.92336618058353,
                70.92336618058353,
                70.92336618058353,
                70.92336618058353,
                70.92336618058353,
                70.92336618058353,
                70.92336618058353,
                70.92336618058353,
                70.92336618058353,
                70.92336618058353,
                70.92336618058353,
                70.92336618058353,
                70.92336618058353,
                71.95129940440356,
                71.95129940440356,
                71.95129940440356,
                71.95129940440356,
                71.95129940440356,
                71.95129940440356,
                71.95129940440356,
                71.95129940440356,
                71.95129940440356,
                71.95129940440356,
                71.95129940440356,
                71.95129940440356,
                71.95129940440356
            ],
            "Node_15": [
                69.98003200398206,
                70.03000110852062,
                70.15083319990357,
                70.28279700548525,
                70.39386538770188,
                70.49617872179763,
                70.61324728888438,
                70.75591084435803,
                70.93108237986446,
                71.10618871543491,
                71.25068509904408,
                71.34880580533222,
                71.38428235964217,
                71.39757700476754,
                71.43732688725426,
                71.50736690225939,
                71.6322822740616,
                71.82148418553474,
                72.00198195819998,
                72.12786227070268,
                72.1830657165304,
                72.17266013556137,
                72.14902132272684,
                72.14713089012142,
                72.042660102588,
                71.81228531783658,
                71.47697320059163,
                71.0875092120016,
                70.71297254515719,
                70.40789880112983,
                70.18445380560695,
                70.03620432684153,
                69.98003200398206,
                69.98003200398206,
                69.98003200398206,
                69.98003200398206,
                69.98003200398206,
                69.98003200398206,
                69.98003200398206,
                69.98003200398206,
                69.98003200398206,
                69.98003200398206,
                69.98003200398206,
                69.98003200398206,
                69.98003200398206,
                70.03000110852062,
                70.15083319990357,
                70.28279700548525,
                70.39386538770188,
                70.49617872179763,
                70.61324728888438,
                70.75591084435803,
                70.93108237986446,
                71.10618871543491,
                71.25068509904408,
                71.34880580533222,
                71.38428235964217,
                71.39757700476754,
                71.43732688725426,
                71.50736690225939,
                71.6322822740616,
                71.82148418553474,
                72.00198195819998,
                72.12786227070268,
                72.1830657165304,
                72.17266013556137,
                72.14902132272684,
                72.14713089012142,
                72.042660102588,
                71.81228531783658,
                71.47697320059163,
                71.0875092120016,
                70.71297254515719,
                70.40789880112983,
                70.18445380560695,
                70.03620432684153,
                69.98003200398206,
                71.38428235964217,
                71.38428235964217,
                71.38428235964217,
                71.38428235964217,
                71.38428235964217,
                71.38428235964217,
                71.38428235964217,
                71.38428235964217,
                71.38428235964217,
                71.38428235964217,
                71.38428235964217,
                71.38428235964217,
                71.38428235964217,
                72.17266013556137,
                72.17266013556137,
                72.17266013556139,
                72.17266013556137,
                72.17266013556139,
                72.17266013556137,
                72.17266013556137,
                72.17266013556137,
                72.17266013556137,
                72.17266013556137,
                72.17266013556137,
                72.17266013556137,
                72.17266013556137
            ]
        }
    },
    "Phonon_DOS": {
        "DOS": [
            0.0,
            0.002,
            0.0,
            0.0,
            0.004,
            0.0,
            0.004,
            0.004,
            0.0,
            0.005333333333333333,
            0.010666666666666666,
            0.005333333333333333,
            0.004,
            0.02,
            0.05466666666666667,
            0.06133333333333334,
            0.03133333333333333,
            0.02066666666666667,
            0.034,
            0.027999999999999997,
            0.032,
            0.024,
            0.044000000000000004,
            0.03266666666666666,
            0.06,
            0.062,
            0.013333333333333334,
            0.042,
            0.018000000000000002,
            0.025333333333333333,
            0.008666666666666666,
            0.009333333333333334,
            0.0026666666666666666,
            0.024,
            0.044000000000000004,
            0.002,
            0.016,
            0.016666666666666666,
            0.010666666666666666,
            0.010666666666666666,
            0.0,
            0.004,
            0.004,
            0.0,
            0.004,
            0.0,
            0.0006666666666666666,
            0.0,
            0.0,
            0.0,
            0.0,
            0.0,
            0.0,
            0.0,
            0.0,
            0.0,
            0.0,
            0.0,
            0.0,
            0.0,
            0.0,
            0.0,
            0.0,
            0.0,
            0.0,
            0.024666666666666667,
            0.04066666666666666,
            0.0013333333333333333,
            0.0,
            0.0,
            0.0,
            0.0013333333333333333,
            0.06066666666666667,
            0.062,
            0.009333333333333334,
            0.0
        ],
        "Energy(meV)": [
            -1.5,
            -0.5,
            0.5,
            1.5,
            2.5,
            3.5,
            4.5,
            5.5,
            6.5,
            7.5,
            8.5,
            9.5,
            10.5,
            11.5,
            12.5,
            13.5,
            14.5,
            15.5,
            16.5,
            17.5,
            18.5,
            19.5,
            20.5,
            21.5,
            22.5,
            23.5,
            24.5,
            25.5,
            26.5,
            27.5,
            28.5,
            29.5,
            30.5,
            31.5,
            32.5,
            33.5,
            34.5,
            35.5,
            36.5,
            37.5,
            38.5,
            39.5,
            40.5,
            41.5,
            42.5,
            43.5,
            44.5,
            45.5,
            46.5,
            47.5,
            48.5,
            49.5,
            50.5,
            51.5,
            52.5,
            53.5,
            54.5,
            55.5,
            56.5,
            57.5,
            58.5,
            59.5,
            60.5,
            61.5,
            62.5,
            63.5,
            64.5,
            65.5,
            66.5,
            67.5,
            68.5,
            69.5,
            70.5,
            71.5,
            72.5,
            73.5
        ]
    }
}