{
    "POSCAR": {
        "Atomes": "   Cr    N   Cl\n",
        "coordinate": "Direct\n",
        "unit_cell": {
            "a_vector": "3.204352926644336   7.239913005087735e-08   -4.208484981163877e-08\n",
            "b_vector": "-1.6021764005722072   2.775051253583893   -1.0963482877383343e-07\n",
            "c_vector": "-3.3762675381337203e-07   -1.2105436071962685e-06   24.281104159716858\n"
        },
        "positions": {
            "Cr": [
                "0.33333335754036575   0.6666666588733129   0.16626815544830373\n",
                "0.6666666448187416   0.3333333107972947   0.23373184364111413\n"
            ],
            "N": [
                "4.774604713593139e-10   9.578470561434015e-09   0.20000000006586247\n"
            ],
            "Cl": [
                "0.3333333369910548   0.6666666758790011   0.30001368263168393\n",
                "0.6666666599300963   0.3333333450174292   0.09998631821303612\n"
            ]
        }
    },
    "Termo_data": {
        "Temperature (K)": [
            0,
            10,
            20,
            30,
            40,
            50,
            60,
            70,
            80,
            90,
            100,
            110,
            120,
            130,
            140,
            150,
            160,
            170,
            180,
            190,
            200,
            210,
            220,
            230,
            240,
            250,
            260,
            270,
            280,
            290,
            300,
            310,
            320,
            330,
            340,
            350,
            360,
            370,
            380,
            390,
            400,
            410,
            420,
            430,
            440,
            450,
            460,
            470,
            480,
            490,
            500,
            510,
            520,
            530,
            540,
            550,
            560,
            570,
            580,
            590,
            600,
            610,
            620,
            630,
            640,
            650,
            660,
            670,
            680,
            690,
            700,
            710,
            720,
            730,
            740,
            750,
            760,
            770,
            780,
            790,
            800,
            810,
            820,
            830,
            840,
            850,
            860,
            870,
            880,
            890,
            900,
            910,
            920,
            930,
            940,
            950,
            960,
            970,
            980,
            990,
            1000,
            1010,
            1020,
            1030,
            1040,
            1050,
            1060,
            1070,
            1080,
            1090,
            1100,
            1110,
            1120,
            1130,
            1140,
            1150,
            1160,
            1170,
            1180,
            1190,
            1200,
            1210,
            1220,
            1230,
            1240,
            1250,
            1260,
            1270,
            1280,
            1290,
            1300,
            1310,
            1320,
            1330,
            1340,
            1350,
            1360,
            1370,
            1380,
            1390,
            1400,
            1410,
            1420,
            1430,
            1440,
            1450,
            1460,
            1470,
            1480,
            1490,
            1500,
            1510,
            1520,
            1530,
            1540,
            1550,
            1560,
            1570,
            1580,
            1590,
            1600,
            1610,
            1620,
            1630,
            1640,
            1650,
            1660,
            1670,
            1680,
            1690,
            1700,
            1710,
            1720,
            1730,
            1740,
            1750,
            1760,
            1770,
            1780,
            1790,
            1800,
            1810,
            1820,
            1830,
            1840,
            1850,
            1860,
            1870,
            1880,
            1890,
            1900,
            1910,
            1920,
            1930,
            1940,
            1950,
            1960,
            1970
        ],
        "Gibbs_free(J/mole)": [
            -370063.33459150326,
            -370063.34443869826,
            -370063.7184223243,
            -370064.9548559403,
            -370067.9928219947,
            -370074.38714856736,
            -370085.9063450677,
            -370104.15864908404,
            -370130.42753270915,
            -370165.6530528029,
            -370210.4769340826,
            -370265.3038198243,
            -370330.35840741487,
            -370405.73226700607,
            -370491.41998517595,
            -370587.34638733446,
            -370693.3867756079,
            -370809.381830479,
            -370935.14871998376,
            -371070.48924128135,
            -371215.1958738682,
            -371369.0562156721,
            -371531.85633107513,
            -371703.3831302471,
            -371883.4261531749,
            -372071.77879593114,
            -372268.2392373558,
            -372472.61102312943,
            -372684.70345244487,
            -372904.3318113886,
            -373131.3174920858,
            -373365.48795822536,
            -373606.6767615753,
            -373854.72337406257,
            -374109.47308497585,
            -374370.77682773833,
            -374638.49101641966,
            -374912.4773182111,
            -375192.6025024025,
            -375478.7381616156,
            -375770.7606712482,
            -376068.55079124705,
            -376371.9936633091,
            -376680.97847072565,
            -376995.3983978076,
            -377315.15031927894,
            -377640.1348576665,
            -377970.2558248074,
            -378305.42054678174,
            -378645.53944326984,
            -378990.52584208414,
            -379340.2960575034,
            -379694.769052173,
            -380053.8665133916,
            -380417.51262122585,
            -380785.6339625781,
            -381158.15943091805,
            -381535.0200500436,
            -381916.1491499378,
            -382301.481944426,
            -382690.95564525214,
            -383084.5093162834,
            -383482.08385947545,
            -383883.62195041234,
            -384289.06771976553,
            -384698.36707436136,
            -385111.4674914531,
            -385528.31780183094,
            -385948.86831628176,
            -386373.0705925237,
            -386800.8777320816,
            -387232.2438537566,
            -387667.12467035046,
            -388105.47664348833,
            -388547.25760922214,
            -388992.42671975977,
            -389440.94353575114,
            -389892.7694303158,
            -390347.8661164532,
            -390806.19672730047,
            -391267.7250508864,
            -391732.4160526832,
            -392200.23508879414,
            -392671.14901316725,
            -393145.1252217238,
            -393622.13146621856,
            -394102.13702676387,
            -394585.11169190455,
            -395071.0253756386,
            -395559.8495331153,
            -396051.5557728588,
            -396546.1169573547,
            -397043.5056545135,
            -397543.69623789575,
            -398046.6627387395,
            -398552.38031378866,
            -399060.8246350824,
            -399571.9718470662,
            -400085.7987066879,
            -400602.2824355271,
            -401121.40126100776,
            -401643.1328000144,
            -402167.4567835695,
            -402694.35264923837,
            -403223.799776597,
            -403755.7789218931,
            -404290.27084168,
            -404827.25727083185,
            -405366.7199320669,
            -405908.64106135967,
            -406453.00388214434,
            -406999.79091349343,
            -407548.9865929929,
            -408100.5748290832,
            -408654.5403794316,
            -409210.86829454853,
            -409769.5441333448,
            -410330.55343355896,
            -410893.8830941633,
            -411459.52021480876,
            -412027.4511115615,
            -412597.6643697287,
            -413170.1476790859,
            -413744.8905809783,
            -414321.8813658444,
            -414901.10940572544,
            -415482.5654807557,
            -416066.23976631265,
            -416652.12360656395,
            -417240.2080736402,
            -417830.4856930687,
            -418422.9483395192,
            -419017.5898407065,
            -419614.40406561166,
            -420213.3843995894,
            -420814.52582055685,
            -421417.82552667044,
            -422023.27770787466,
            -422630.88025744056,
            -423240.6308889186,
            -423852.5275911293,
            -424466.57011079683,
            -425082.7592309378,
            -425701.0952036099,
            -426321.58075597044,
            -426944.21958855883,
            -427569.0154637046,
            -428195.9761155939,
            -428825.1064569259,
            -429456.41788893816,
            -430089.92041976034,
            -430725.62722135853,
            -431363.55318481504,
            -432003.7169650124,
            -432646.1396515,
            -433290.845878492,
            -433937.861735939,
            -434587.22314475785,
            -435238.96703147236,
            -435893.1385798358,
            -436549.7930434175,
            -437208.99337978126,
            -437870.816122183,
            -438535.35489188664,
            -439202.72613628,
            -439873.07665068744,
            -440546.5982242524,
            -441223.5564968393,
            -441904.3353745189,
            -442589.55402821186,
            -443280.49176367704,
            -443983.9488040209,
            -444695.67896991596,
            -445409.7695235235,
            -446126.16935343744,
            -446844.82997752645,
            -447565.7051898792,
            -448288.7539868903,
            -449013.9397508108,
            -449741.2313614614,
            -450470.603295232,
            -451202.0348152557,
            -451935.51003791974,
            -452671.0176216658,
            -453408.54942987685,
            -454148.1016311009,
            -454889.67216300673,
            -455633.26173761813,
            -456378.8733056612,
            NaN,
            NaN,
            NaN,
            NaN,
            NaN,
            NaN,
            NaN,
            NaN,
            NaN
        ],
        "Cp(J/mole.K)": [
            -0.0,
            0.039768071300932205,
            0.19452844246989118,
            0.5866406538756563,
            1.3639123402594124,
            2.5424009862035746,
            3.991149685261189,
            5.5515080603800016,
            7.105642746400552,
            8.585181743073916,
            9.958017989716609,
            11.213862044099372,
            12.354031328635761,
            13.385343772653146,
            14.316824434799484,
            15.157996056062979,
            15.918061577575287,
            16.605586254553057,
            17.228344278849537,
            17.79329270450543,
            18.30665166125982,
            18.773968596728825,
            19.200150691045565,
            19.589531887679186,
            19.945957248704516,
            20.272850946421393,
            20.5732350902719,
            20.849778716097322,
            21.10487718632215,
            21.340634968747356,
            21.558922386408064,
            21.761433475345257,
            21.94964312887754,
            22.124881216810863,
            22.288366836754694,
            22.441157197390567,
            22.584199085121483,
            22.718326461850666,
            22.84434871971319,
            22.962991571245976,
            23.07482321519636,
            23.180426093348082,
            23.280329559522215,
            23.374981755294677,
            23.464897896396074,
            23.550364097056427,
            23.631613644794463,
            23.709282697443335,
            23.783527424605666,
            23.8544198195916,
            23.922393483080562,
            23.98764810972487,
            24.050466653157528,
            24.11101612017672,
            24.169374863145563,
            24.22562763367015,
            24.280073058547146,
            24.333024856617097,
            24.384325627185007,
            24.43407927553926,
            24.48257836344432,
            24.530024964152705,
            24.576251403501374,
            24.621171466609074,
            24.66545823598267,
            24.709105720910838,
            24.75173768278337,
            24.79345589887239,
            24.834604650962817,
            24.875311681607855,
            24.91566432088444,
            24.955663085565902,
            24.994801085034847,
            25.03404793490029,
            25.073027166028627,
            25.111189283670843,
            25.1496429288119,
            25.18782887504494,
            25.22588977573049,
            25.264256086204785,
            25.302206949097865,
            25.34011108017433,
            25.379194794926967,
            25.417697077075836,
            25.455511431838445,
            25.495266848672813,
            25.53456924458157,
            25.572813766334853,
            25.612506359908792,
            25.65332223884021,
            25.69383997769897,
            25.734473086180515,
            25.77656591405413,
            25.818649193068268,
            25.861308474600015,
            25.90521128849657,
            25.949220630386776,
            25.993708819619634,
            26.039782650023838,
            26.08594566545369,
            26.13242060469929,
            26.18294896002168,
            26.233049687833336,
            26.28154033421153,
            26.33298734420663,
            26.386700245544787,
            26.441767055390088,
            26.497056250766036,
            26.554121164383602,
            26.612517876196634,
            26.671592120619607,
            26.734526090491272,
            26.799011652427964,
            26.86447839831817,
            26.932407302164776,
            27.00106144222106,
            27.072100025601685,
            27.148803550146113,
            27.22571690994664,
            27.302686668719726,
            27.385650378652002,
            27.473220397172554,
            27.563213663996343,
            27.652286504933727,
            27.746327273699166,
            27.848549500231634,
            27.953134325393968,
            28.06048090054228,
            28.172674228809683,
            28.28956632854279,
            28.411698682350384,
            28.543132198967214,
            28.67835710883345,
            28.81454593539092,
            28.966003463850935,
            29.126696757550143,
            29.2862525428298,
            29.459431011980733,
            29.644480069249305,
            29.83649189924171,
            30.045071419183028,
            30.26519504525756,
            30.494092545634764,
            30.74246938568425,
            31.007457725470886,
            31.291515062344946,
            31.595442028183918,
            31.918280186122757,
            32.27498756845577,
            32.65915755860446,
            33.07050832605487,
            33.52355240653894,
            34.02406619489193,
            34.574824583193625,
            35.1721283531806,
            35.83736704688658,
            36.5945232680119,
            37.43731258754168,
            38.396829826499186,
            39.50897534815158,
            40.78826728137187,
            42.289516443825455,
            44.09208809261327,
            46.29300528376916,
            49.044502889207564,
            52.627110323062,
            57.54000852035824,
            64.78633579663634,
            77.36080334507812,
            119.97835774393266,
            165.88097259320833,
            134.34590929019032,
            65.80366231502242,
            39.96185171378602,
            39.34772020335974,
            38.778054704088305,
            38.27438775501264,
            37.848641041944965,
            37.50897652886823,
            37.25920452402959,
            37.09439219944812,
            37.011570586164666,
            37.003554175599646,
            37.06300383950095,
            37.183369394787064,
            37.351949005046805,
            37.5646042892802,
            NaN,
            NaN,
            NaN,
            NaN,
            NaN,
            NaN,
            NaN,
            NaN,
            NaN,
            NaN,
            NaN
        ],
        "S(J/mole.K)": [
            0,
            0.019884035650466102,
            0.088400181918405,
            0.23480573484848716,
            0.5030682196935231,
            0.927797360846307,
            1.5146332665717637,
            2.243765363704006,
            3.0844043253811835,
            4.005461538313102,
            4.980316979080817,
            5.987938880571164,
            7.012411187935505,
            8.041983407628141,
            9.06811948034665,
            10.084701173934446,
            11.087407133435772,
            12.073246153457148,
            13.04021086803623,
            13.987020531748568,
            14.91293136813547,
            15.817596911970032,
            16.700963225433227,
            17.563189675455945,
            18.40458984033321,
            19.225587635276312,
            20.026683790556124,
            20.80842994016857,
            21.57140976032824,
            22.31622454944663,
            23.043481904773213,
            23.75378814038558,
            24.447742176779865,
            25.12593082365056,
            25.788926397173054,
            26.437284457676284,
            27.071541849376807,
            27.692215692761238,
            28.299803640193566,
            28.894784503815753,
            29.477617121842194,
            30.04874053512176,
            30.60857543868187,
            31.157524332586032,
            31.695973013024194,
            32.224290292218214,
            32.74282637011202,
            33.25191814749124,
            33.75188963650581,
            34.24304716098414,
            34.72568354295363,
            35.20008049846801,
            35.666508006201184,
            36.12522490947886,
            36.57647783369903,
            37.02050132017903,
            37.45752066526111,
            37.88775461831683,
            38.31141190846102,
            38.72869008058042,
            39.13978003537923,
            39.54486730013596,
            39.94412865436534,
            40.3377303529509,
            40.72583536817037,
            41.10860430464599,
            41.48618751291651,
            41.85872646747011,
            42.22635964489964,
            42.589222913789854,
            42.947447826404094,
            43.30116096350393,
            43.650480077275276,
            43.99552116655613,
            44.33639959401843,
            44.67321986829265,
            45.006085974013686,
            45.33510148153436,
            45.66036323353109,
            45.981968010146375,
            46.300007158554216,
            46.614566390752586,
            46.92573801729304,
            47.233607862157804,
            47.538247420628615,
            47.83974047994197,
            48.138169435808955,
            48.433596427801966,
            48.72609222617902,
            49.01573761835534,
            49.30260096164565,
            49.58674272084754,
            49.86823095675936,
            50.14713093079918,
            50.423501024158035,
            50.69740439292655,
            50.968899801017685,
            51.2380401815928,
            51.50488440531335,
            51.76948763957262,
            52.031896942926686,
            52.29217760515821,
            52.55038954518895,
            52.80656321889619,
            53.06074441247401,
            53.31299626671752,
            53.563372536566746,
            53.811915872729145,
            54.05866963872394,
            54.30368115492964,
            54.54699143464312,
            54.78865173748271,
            55.02871597556004,
            55.26722379388084,
            55.50421776075527,
            55.73973827349982,
            55.97382427913107,
            56.2065348934404,
            56.43791862867801,
            56.66799900680052,
            56.896823054255215,
            57.12445563495348,
            57.35094532950024,
            57.5763169886457,
            57.80060500927502,
            58.02387955918602,
            58.24619889339883,
            58.46759836386481,
            58.688122206825206,
            58.90782119742507,
            59.12674644348154,
            59.34496546031224,
            59.56253885354381,
            59.77949435476694,
            59.99590181790336,
            60.21186057503801,
            60.427407275808946,
            60.642593493498865,
            60.857517201558224,
            61.07225024846994,
            61.28687958539595,
            61.50150679857834,
            61.716203750565185,
            61.93106846756491,
            62.14622440303209,
            62.361790962878146,
            62.57789630754487,
            62.794665454998906,
            63.01226815402697,
            63.230899762642366,
            63.450729278847575,
            63.671969447020096,
            63.894895857817026,
            64.11980675101586,
            64.34699159576266,
            64.57679122751723,
            64.80968577602543,
            65.04620302485637,
            65.28693909015492,
            65.53269010614531,
            65.78439550224284,
            66.04319273949659,
            66.31061333313991,
            66.58870310847632,
            66.88023211561158,
            67.18923413094235,
            67.5220235015062,
            67.88930784544137,
            68.31351939684681,
            68.89872543844831,
            69.74157620741316,
            70.62228571709275,
            71.20639972929493,
            71.51318612658069,
            71.74175096933831,
            71.9656135728539,
            72.18514207098778,
            72.40079319220021,
            72.61307255091087,
            72.82251083482187,
            73.02962680344426,
            73.23490868947265,
            73.43880871303627,
            73.64173186671614,
            73.84403866918873,
            74.04603164737563,
            74.24796297996,
            NaN,
            NaN,
            NaN,
            NaN,
            NaN,
            NaN,
            NaN,
            NaN,
            NaN,
            NaN,
            NaN
        ]
    },
    "Phonon_data": {
        "Numb_Node": 15,
        "total_n_kpoints": 100,
        "frequency": {
            "Node_1": [
                -0.07299374896076068,
                -0.4626289139250498,
                1.6776524905399843,
                3.915914620885067,
                6.382822640730387,
                8.914308694881106,
                11.444455866771968,
                13.894748199346028,
                15.677391131755837,
                17.027372451645714,
                18.14676301755899,
                18.97442150567718,
                19.318939115907945,
                19.388820674635767,
                19.51060541703131,
                19.559366002820322,
                19.552500538119716,
                19.555496721553016,
                19.59423896669627,
                19.667601820629194,
                19.765074556501798,
                19.860800691560232,
                19.75608827066156,
                19.364227713403917,
                18.361787104172045,
                16.583426820086085,
                14.23897756604846,
                11.54469741345733,
                8.648115346279942,
                5.657123728423903,
                2.7364367288827647,
                -0.2779472601704717,
                -0.07299374896076068,
                -0.07299374896076068,
                -0.07299374896076068,
                -0.07299374896076068,
                -0.07299374896076068,
                -0.07299374896076068,
                -0.07299374896076068,
                -0.07299374896076068,
                -0.07299374896076068,
                -0.07299374896076068,
                -0.07299374896076068,
                -0.07299374896076068,
                -0.07299374896076068,
                -0.4626289139250498,
                1.6776524905399843,
                3.915914620885067,
                6.382822640730387,
                8.914308694881106,
                11.444455866771968,
                13.894748199346028,
                15.677391131755837,
                17.027372451645714,
                18.14676301755899,
                18.97442150567718,
                19.318939115907945,
                19.388820674635767,
                19.51060541703131,
                19.559366002820322,
                19.552500538119716,
                19.555496721553016,
                19.59423896669627,
                19.667601820629194,
                19.765074556501798,
                19.860800691560232,
                19.75608827066156,
                19.364227713403917,
                18.361787104172045,
                16.583426820086085,
                14.23897756604846,
                11.54469741345733,
                8.648115346279942,
                5.657123728423903,
                2.7364367288827647,
                -0.2779472601704717,
                -0.07299374896076068,
                19.318939115907945,
                19.318939115907945,
                19.318939115907945,
                19.318939115907945,
                19.318939115907945,
                19.318939115907945,
                19.318939115907945,
                19.318939115907945,
                19.318939115907945,
                19.318939115907945,
                19.318939115907945,
                19.318939115907945,
                19.318939115907945,
                19.860800691560232,
                19.860800691560232,
                19.860800691560225,
                19.860800691560232,
                19.860800691560225,
                19.860800691560232,
                19.860800691560232,
                19.860800691560232,
                19.860800691560232,
                19.860800691560232,
                19.860800691560232,
                19.860800691560232,
                19.860800691560232
            ],
            "Node_2": [
                -0.039424385352167225,
                2.2511019138479824,
                4.471170061529334,
                6.634748671545229,
                8.71214661254709,
                10.676146932722821,
                12.512471336891597,
                14.239940937696243,
                16.332974094717578,
                18.36503351355087,
                19.88040009174396,
                20.79661980633566,
                20.783539321460427,
                20.90437607217145,
                21.049916388832056,
                21.00291336854159,
                20.881111465464684,
                20.706426554021608,
                20.50132803722861,
                20.298172645807817,
                20.126050348168764,
                20.010626879641997,
                20.139701006870045,
                20.399085543950203,
                20.664602144238874,
                20.163174326797424,
                17.575018901643638,
                14.735267292406519,
                11.788203680005378,
                8.806106368471529,
                5.837129458188277,
                2.9048049945795023,
                -0.039424385352167225,
                -0.039424385352167225,
                -0.039424385352167225,
                -0.039424385352167225,
                -0.039424385352167225,
                -0.039424385352167225,
                -0.039424385352167225,
                -0.039424385352167225,
                -0.039424385352167225,
                -0.039424385352167225,
                -0.039424385352167225,
                -0.039424385352167225,
                -0.039424385352167225,
                2.2511019138479824,
                4.471170061529334,
                6.634748671545229,
                8.71214661254709,
                10.676146932722821,
                12.512471336891597,
                14.239940937696243,
                16.332974094717578,
                18.36503351355087,
                19.88040009174396,
                20.79661980633566,
                20.783539321460427,
                20.90437607217145,
                21.049916388832056,
                21.00291336854159,
                20.881111465464684,
                20.706426554021608,
                20.50132803722861,
                20.298172645807817,
                20.126050348168764,
                20.010626879641997,
                20.139701006870045,
                20.399085543950203,
                20.664602144238874,
                20.163174326797424,
                17.575018901643638,
                14.735267292406519,
                11.788203680005378,
                8.806106368471529,
                5.837129458188277,
                2.9048049945795023,
                -0.039424385352167225,
                20.783539321460427,
                20.783539321460427,
                20.783539321460427,
                20.783539321460427,
                20.783539321460427,
                20.783539321460427,
                20.783539321460427,
                20.783539321460427,
                20.783539321460427,
                20.783539321460427,
                20.783539321460427,
                20.783539321460427,
                20.783539321460427,
                20.010626879641997,
                20.010626879641997,
                20.01062687964199,
                20.010626879641997,
                20.01062687964199,
                20.010626879641997,
                20.010626879641997,
                20.010626879641997,
                20.010626879641997,
                20.010626879641997,
                20.010626879641997,
                20.010626879641997,
                20.010626879641997
            ],
            "Node_3": [
                -0.038404474910303174,
                4.45657504983359,
                8.786540066878484,
                12.846791260975865,
                16.41501047215284,
                19.0509048247746,
                19.975267674583677,
                20.512460331363254,
                20.867610693612818,
                21.03595195099729,
                21.031636867030993,
                20.912642309111515,
                21.209398827114157,
                21.22217754954096,
                21.450112996188444,
                22.029611273231957,
                22.71148054980446,
                23.333366190032155,
                23.81048104614719,
                24.15392382309407,
                24.38533460451824,
                24.474389011466517,
                24.166770910261384,
                23.35381679217823,
                22.19538120153587,
                20.89002160128271,
                20.867841655340733,
                20.5302731147395,
                18.811103545820526,
                15.520259572582999,
                10.903306951049146,
                5.598902367804595,
                -0.038404474910303174,
                -0.038404474910303174,
                -0.038404474910303174,
                -0.038404474910303174,
                -0.038404474910303174,
                -0.038404474910303174,
                -0.038404474910303174,
                -0.038404474910303174,
                -0.038404474910303174,
                -0.038404474910303174,
                -0.038404474910303174,
                -0.038404474910303174,
                -0.038404474910303174,
                4.45657504983359,
                8.786540066878484,
                12.846791260975865,
                16.41501047215284,
                19.0509048247746,
                19.975267674583677,
                20.512460331363254,
                20.867610693612818,
                21.03595195099729,
                21.031636867030993,
                20.912642309111515,
                21.209398827114157,
                21.22217754954096,
                21.450112996188444,
                22.029611273231957,
                22.71148054980446,
                23.333366190032155,
                23.81048104614719,
                24.15392382309407,
                24.38533460451824,
                24.474389011466517,
                24.166770910261384,
                23.35381679217823,
                22.19538120153587,
                20.89002160128271,
                20.867841655340733,
                20.5302731147395,
                18.811103545820526,
                15.520259572582999,
                10.903306951049146,
                5.598902367804595,
                -0.038404474910303174,
                21.209398827114157,
                21.209398827114157,
                21.209398827114157,
                21.209398827114157,
                21.209398827114157,
                21.209398827114157,
                21.209398827114157,
                21.209398827114157,
                21.209398827114157,
                21.209398827114157,
                21.209398827114157,
                21.209398827114157,
                21.209398827114157,
                24.474389011466517,
                24.474389011466517,
                24.474389011466524,
                24.474389011466517,
                24.474389011466524,
                24.474389011466517,
                24.474389011466517,
                24.474389011466517,
                24.474389011466517,
                24.474389011466517,
                24.474389011466517,
                24.474389011466517,
                24.474389011466517
            ],
            "Node_4": [
                16.502845865501214,
                16.71684106581423,
                17.146430798614613,
                17.782562484944382,
                18.533225670920743,
                19.302486765139246,
                20.471177284723094,
                21.149881350841238,
                21.575044102414555,
                21.93253529674016,
                22.16488988779382,
                22.0921342520279,
                21.92685244627358,
                21.9598290650247,
                22.20486140414485,
                22.82969169639033,
                23.76173620453674,
                24.81283307519033,
                25.816249948922447,
                26.677614027970485,
                27.366978224918967,
                27.81894070295818,
                27.376347148859498,
                26.179915961362152,
                24.573339010508107,
                23.880299540633555,
                22.573222557075244,
                20.890375197631343,
                19.77424405779762,
                18.558949568290693,
                17.467715404686384,
                16.76302986659254,
                16.502845865501214,
                16.502845865501214,
                16.502845865501214,
                16.502845865501214,
                16.502845865501214,
                16.502845865501214,
                16.502845865501214,
                16.502845865501214,
                16.502845865501214,
                16.502845865501214,
                16.502845865501214,
                16.502845865501214,
                16.502845865501214,
                16.71684106581423,
                17.146430798614613,
                17.782562484944382,
                18.533225670920743,
                19.302486765139246,
                20.471177284723094,
                21.149881350841238,
                21.575044102414555,
                21.93253529674016,
                22.16488988779382,
                22.0921342520279,
                21.92685244627358,
                21.9598290650247,
                22.20486140414485,
                22.82969169639033,
                23.76173620453674,
                24.81283307519033,
                25.816249948922447,
                26.677614027970485,
                27.366978224918967,
                27.81894070295818,
                27.376347148859498,
                26.179915961362152,
                24.573339010508107,
                23.880299540633555,
                22.573222557075244,
                20.890375197631343,
                19.77424405779762,
                18.558949568290693,
                17.467715404686384,
                16.76302986659254,
                16.502845865501214,
                21.92685244627358,
                21.92685244627358,
                21.92685244627358,
                21.92685244627358,
                21.92685244627358,
                21.92685244627358,
                21.92685244627358,
                21.92685244627358,
                21.92685244627358,
                21.92685244627358,
                21.92685244627358,
                21.92685244627358,
                21.92685244627358,
                27.81894070295818,
                27.81894070295818,
                27.818940702958184,
                27.81894070295818,
                27.818940702958184,
                27.81894070295818,
                27.81894070295818,
                27.81894070295818,
                27.81894070295818,
                27.81894070295818,
                27.81894070295818,
                27.81894070295818,
                27.81894070295818
            ],
            "Node_5": [
                16.591725146130518,
                17.17345561116319,
                18.84082496877409,
                21.033539496844572,
                22.300212414567646,
                23.060883069232503,
                23.391607724121172,
                23.73584937389593,
                24.053982874617443,
                24.303006783546447,
                24.476270098373664,
                24.571968868053393,
                24.59949006272423,
                24.846997314018836,
                25.476636015217363,
                26.29898269622471,
                27.017267976143994,
                27.141635172683426,
                27.546619440401813,
                27.974915474313335,
                28.074163782411354,
                27.897330907171103,
                27.87546924760605,
                27.08461180356027,
                25.77757842060155,
                24.225597480423566,
                23.76640810080338,
                23.50437311488887,
                22.942593689243544,
                21.95136708501173,
                19.90203470802641,
                17.567884524575863,
                16.591725146130518,
                16.591725146130518,
                16.591725146130518,
                16.591725146130518,
                16.591725146130518,
                16.591725146130518,
                16.591725146130518,
                16.591725146130518,
                16.591725146130518,
                16.591725146130518,
                16.591725146130518,
                16.591725146130518,
                16.591725146130518,
                17.17345561116319,
                18.84082496877409,
                21.033539496844572,
                22.300212414567646,
                23.060883069232503,
                23.391607724121172,
                23.73584937389593,
                24.053982874617443,
                24.303006783546447,
                24.476270098373664,
                24.571968868053393,
                24.59949006272423,
                24.846997314018836,
                25.476636015217363,
                26.29898269622471,
                27.017267976143994,
                27.141635172683426,
                27.546619440401813,
                27.974915474313335,
                28.074163782411354,
                27.897330907171103,
                27.87546924760605,
                27.08461180356027,
                25.77757842060155,
                24.225597480423566,
                23.76640810080338,
                23.50437311488887,
                22.942593689243544,
                21.95136708501173,
                19.90203470802641,
                17.567884524575863,
                16.591725146130518,
                24.59949006272423,
                24.59949006272423,
                24.59949006272423,
                24.59949006272423,
                24.59949006272423,
                24.59949006272423,
                24.59949006272423,
                24.59949006272423,
                24.59949006272423,
                24.59949006272423,
                24.59949006272423,
                24.59949006272423,
                24.59949006272423,
                27.897330907171103,
                27.897330907171103,
                27.8973309071711,
                27.897330907171103,
                27.8973309071711,
                27.897330907171103,
                27.897330907171103,
                27.897330907171103,
                27.897330907171103,
                27.897330907171103,
                27.897330907171103,
                27.897330907171103,
                27.897330907171103
            ],
            "Node_6": [
                21.986767682691273,
                21.866594558760003,
                21.689270330014597,
                21.786527536996957,
                22.76226643512449,
                23.503347946443306,
                25.023131137816765,
                24.999924453754048,
                24.76599152668858,
                24.696109235059716,
                25.128813293516053,
                26.265512949574692,
                27.252777273436422,
                27.286177384005306,
                27.36551062819058,
                27.201932875585904,
                27.167671216465664,
                27.984668986407616,
                28.746806328857918,
                29.36328528637819,
                29.737458299749083,
                30.00765628638905,
                29.048835772889873,
                28.028223328219532,
                27.52871470510884,
                27.029466875040047,
                26.621054254419978,
                25.775529135599175,
                23.461674713844523,
                22.1326779296973,
                21.65707826204097,
                21.854460149879802,
                21.986767682691273,
                21.986767682691273,
                21.986767682691273,
                21.986767682691273,
                21.986767682691273,
                21.986767682691273,
                21.986767682691273,
                21.986767682691273,
                21.986767682691273,
                21.986767682691273,
                21.986767682691273,
                21.986767682691273,
                21.986767682691273,
                21.866594558760003,
                21.689270330014597,
                21.786527536996957,
                22.76226643512449,
                23.503347946443306,
                25.023131137816765,
                24.999924453754048,
                24.76599152668858,
                24.696109235059716,
                25.128813293516053,
                26.265512949574692,
                27.252777273436422,
                27.286177384005306,
                27.36551062819058,
                27.201932875585904,
                27.167671216465664,
                27.984668986407616,
                28.746806328857918,
                29.36328528637819,
                29.737458299749083,
                30.00765628638905,
                29.048835772889873,
                28.028223328219532,
                27.52871470510884,
                27.029466875040047,
                26.621054254419978,
                25.775529135599175,
                23.461674713844523,
                22.1326779296973,
                21.65707826204097,
                21.854460149879802,
                21.986767682691273,
                27.252777273436422,
                27.252777273436422,
                27.252777273436422,
                27.252777273436422,
                27.252777273436422,
                27.252777273436422,
                27.252777273436422,
                27.252777273436422,
                27.252777273436422,
                27.252777273436422,
                27.252777273436422,
                27.252777273436422,
                27.252777273436422,
                30.00765628638905,
                30.00765628638905,
                30.00765628638905,
                30.00765628638905,
                30.00765628638905,
                30.00765628638905,
                30.00765628638905,
                30.00765628638905,
                30.00765628638905,
                30.00765628638905,
                30.00765628638905,
                30.00765628638905,
                30.00765628638905
            ],
            "Node_7": [
                22.137628820514717,
                22.15982536955249,
                22.289519629828032,
                22.500471663433945,
                23.35047772973984,
                25.169942979105397,
                26.011401692273935,
                28.12643964683467,
                28.723343705073273,
                28.756819549350435,
                28.77412785605436,
                28.7848129160854,
                28.816901100796464,
                28.327826753866965,
                27.785350317652693,
                27.719043467307742,
                28.05918125072275,
                28.58306154572465,
                29.195152319281846,
                29.82434493431642,
                30.212788036965343,
                30.480312405390897,
                30.068079141728205,
                29.002026568540558,
                28.08468534971452,
                27.424405376430276,
                26.90696050342118,
                26.526693602262238,
                26.047024948541424,
                23.621082236445016,
                22.440275932541397,
                22.12057957639372,
                22.137628820514717,
                22.137628820514717,
                22.137628820514717,
                22.137628820514717,
                22.137628820514717,
                22.137628820514717,
                22.137628820514717,
                22.137628820514717,
                22.137628820514717,
                22.137628820514717,
                22.137628820514717,
                22.137628820514717,
                22.137628820514717,
                22.15982536955249,
                22.289519629828032,
                22.500471663433945,
                23.35047772973984,
                25.169942979105397,
                26.011401692273935,
                28.12643964683467,
                28.723343705073273,
                28.756819549350435,
                28.77412785605436,
                28.7848129160854,
                28.816901100796464,
                28.327826753866965,
                27.785350317652693,
                27.719043467307742,
                28.05918125072275,
                28.58306154572465,
                29.195152319281846,
                29.82434493431642,
                30.212788036965343,
                30.480312405390897,
                30.068079141728205,
                29.002026568540558,
                28.08468534971452,
                27.424405376430276,
                26.90696050342118,
                26.526693602262238,
                26.047024948541424,
                23.621082236445016,
                22.440275932541397,
                22.12057957639372,
                22.137628820514717,
                28.816901100796464,
                28.816901100796464,
                28.816901100796464,
                28.816901100796464,
                28.816901100796464,
                28.816901100796464,
                28.816901100796464,
                28.816901100796464,
                28.816901100796464,
                28.816901100796464,
                28.816901100796464,
                28.816901100796464,
                28.816901100796464,
                30.480312405390897,
                30.480312405390897,
                30.48031240539089,
                30.480312405390897,
                30.48031240539089,
                30.480312405390897,
                30.480312405390897,
                30.480312405390897,
                30.480312405390897,
                30.480312405390897,
                30.480312405390897,
                30.480312405390897,
                30.480312405390897
            ],
            "Node_8": [
                26.71827553772693,
                27.115126503705994,
                27.413716998634097,
                27.136358655086187,
                26.836563030419544,
                26.9858629299531,
                28.480285508858422,
                28.668603559532723,
                30.176531547091663,
                31.576592784922095,
                31.4753748975072,
                30.156426039925652,
                29.095500043367604,
                29.519604648544487,
                29.91480601922104,
                30.12660843857766,
                30.15382415466606,
                30.04518010761839,
                29.897152213277618,
                29.917618067459205,
                30.489193647919006,
                30.794097145585994,
                30.92000205458084,
                32.04447959301914,
                32.6852607964778,
                31.60776158985413,
                29.54808483205805,
                27.786452875346264,
                27.0120114467843,
                27.268617600276347,
                27.494840855154,
                27.259155831261246,
                26.71827553772693,
                26.71827553772693,
                26.71827553772693,
                26.71827553772693,
                26.71827553772693,
                26.71827553772693,
                26.71827553772693,
                26.71827553772693,
                26.71827553772693,
                26.71827553772693,
                26.71827553772693,
                26.71827553772693,
                26.71827553772693,
                27.115126503705994,
                27.413716998634097,
                27.136358655086187,
                26.836563030419544,
                26.9858629299531,
                28.480285508858422,
                28.668603559532723,
                30.176531547091663,
                31.576592784922095,
                31.4753748975072,
                30.156426039925652,
                29.095500043367604,
                29.519604648544487,
                29.91480601922104,
                30.12660843857766,
                30.15382415466606,
                30.04518010761839,
                29.897152213277618,
                29.917618067459205,
                30.489193647919006,
                30.794097145585994,
                30.92000205458084,
                32.04447959301914,
                32.6852607964778,
                31.60776158985413,
                29.54808483205805,
                27.786452875346264,
                27.0120114467843,
                27.268617600276347,
                27.494840855154,
                27.259155831261246,
                26.71827553772693,
                29.095500043367604,
                29.095500043367604,
                29.095500043367604,
                29.095500043367604,
                29.095500043367604,
                29.095500043367604,
                29.095500043367604,
                29.095500043367604,
                29.095500043367604,
                29.095500043367604,
                29.095500043367604,
                29.095500043367604,
                29.095500043367604,
                30.794097145585994,
                30.794097145585994,
                30.794097145586,
                30.794097145585994,
                30.794097145586,
                30.794097145585994,
                30.794097145585994,
                30.794097145585994,
                30.794097145585994,
                30.794097145585994,
                30.794097145585994,
                30.794097145585994,
                30.794097145585994
            ],
            "Node_9": [
                27.940752644423934,
                27.927714645134543,
                28.056430452813,
                28.179111447225893,
                28.318883390144745,
                28.45872397850564,
                28.588956791592658,
                30.292547408373085,
                31.80761760776946,
                32.74528387243007,
                32.764522726056484,
                32.65771339942602,
                32.60609825013737,
                32.611148004580166,
                32.62877593620451,
                32.657755416712035,
                32.67697280904686,
                32.64425596585463,
                32.504643943015644,
                32.18427687088506,
                31.626579355845912,
                31.087468640886563,
                31.745370198774992,
                32.456167018613094,
                32.98174397705961,
                32.00368787796749,
                30.65105767266449,
                28.71622183743562,
                27.42180426773815,
                27.471926352508873,
                27.665089931962328,
                27.871126008211508,
                27.940752644423934,
                27.940752644423934,
                27.940752644423934,
                27.940752644423934,
                27.940752644423934,
                27.940752644423934,
                27.940752644423934,
                27.940752644423934,
                27.940752644423934,
                27.940752644423934,
                27.940752644423934,
                27.940752644423934,
                27.940752644423934,
                27.927714645134543,
                28.056430452813,
                28.179111447225893,
                28.318883390144745,
                28.45872397850564,
                28.588956791592658,
                30.292547408373085,
                31.80761760776946,
                32.74528387243007,
                32.764522726056484,
                32.65771339942602,
                32.60609825013737,
                32.611148004580166,
                32.62877593620451,
                32.657755416712035,
                32.67697280904686,
                32.64425596585463,
                32.504643943015644,
                32.18427687088506,
                31.626579355845912,
                31.087468640886563,
                31.745370198774992,
                32.456167018613094,
                32.98174397705961,
                32.00368787796749,
                30.65105767266449,
                28.71622183743562,
                27.42180426773815,
                27.471926352508873,
                27.665089931962328,
                27.871126008211508,
                27.940752644423934,
                32.60609825013737,
                32.60609825013737,
                32.60609825013737,
                32.60609825013737,
                32.60609825013737,
                32.60609825013737,
                32.60609825013737,
                32.60609825013737,
                32.60609825013737,
                32.60609825013737,
                32.60609825013737,
                32.60609825013737,
                32.60609825013737,
                31.087468640886563,
                31.087468640886563,
                31.087468640886563,
                31.087468640886563,
                31.087468640886563,
                31.087468640886563,
                31.087468640886563,
                31.087468640886563,
                31.087468640886563,
                31.087468640886563,
                31.087468640886563,
                31.087468640886563,
                31.087468640886563
            ],
            "Node_10": [
                27.97703733082432,
                27.98983413849915,
                28.505625802184106,
                29.825473743821114,
                31.253940282717835,
                32.62436699582495,
                33.78485383163143,
                34.423562037806846,
                34.309877565468334,
                33.891306744675155,
                34.19261052945318,
                34.761918413514884,
                34.978119959868195,
                34.93971546016153,
                34.82610642326996,
                34.64394826798081,
                34.406546982117604,
                34.131521483428,
                33.836778531299444,
                33.5392374329919,
                33.28724280345681,
                33.1761824746489,
                33.08812335110019,
                33.107469373548916,
                33.28507401406314,
                34.06956017999086,
                34.911158414573215,
                34.41777844826009,
                32.96754140676983,
                31.20532191277034,
                29.37454726347597,
                28.111541376229187,
                27.97703733082432,
                27.97703733082432,
                27.97703733082432,
                27.97703733082432,
                27.97703733082432,
                27.97703733082432,
                27.97703733082432,
                27.97703733082432,
                27.97703733082432,
                27.97703733082432,
                27.97703733082432,
                27.97703733082432,
                27.97703733082432,
                27.98983413849915,
                28.505625802184106,
                29.825473743821114,
                31.253940282717835,
                32.62436699582495,
                33.78485383163143,
                34.423562037806846,
                34.309877565468334,
                33.891306744675155,
                34.19261052945318,
                34.761918413514884,
                34.978119959868195,
                34.93971546016153,
                34.82610642326996,
                34.64394826798081,
                34.406546982117604,
                34.131521483428,
                33.836778531299444,
                33.5392374329919,
                33.28724280345681,
                33.1761824746489,
                33.08812335110019,
                33.107469373548916,
                33.28507401406314,
                34.06956017999086,
                34.911158414573215,
                34.41777844826009,
                32.96754140676983,
                31.20532191277034,
                29.37454726347597,
                28.111541376229187,
                27.97703733082432,
                34.978119959868195,
                34.978119959868195,
                34.978119959868195,
                34.978119959868195,
                34.978119959868195,
                34.978119959868195,
                34.978119959868195,
                34.978119959868195,
                34.978119959868195,
                34.978119959868195,
                34.978119959868195,
                34.978119959868195,
                34.978119959868195,
                33.1761824746489,
                33.1761824746489,
                33.17618247464889,
                33.1761824746489,
                33.17618247464889,
                33.1761824746489,
                33.1761824746489,
                33.1761824746489,
                33.1761824746489,
                33.1761824746489,
                33.1761824746489,
                33.1761824746489,
                33.1761824746489
            ],
            "Node_11": [
                37.474338946787675,
                37.445924826275125,
                37.34189709985318,
                37.13378737996241,
                36.823807082593625,
                36.44633207487629,
                36.0599614943347,
                35.78232202020656,
                35.5350046603273,
                35.255932405747785,
                35.5091251044875,
                35.952436652821596,
                36.14344777416484,
                36.08946299215976,
                35.927190962740134,
                35.656941614303854,
                35.28333797370166,
                34.82155512564024,
                34.30956741619633,
                33.828036235980605,
                33.477627754121684,
                33.358794227343566,
                33.82045592916789,
                33.93840883924438,
                33.768176055250834,
                34.96082391799348,
                35.30978313839894,
                35.71471611029009,
                36.36559622437529,
                36.886835601024835,
                37.24696781152594,
                37.42782531908129,
                37.474338946787675,
                37.474338946787675,
                37.474338946787675,
                37.474338946787675,
                37.474338946787675,
                37.474338946787675,
                37.474338946787675,
                37.474338946787675,
                37.474338946787675,
                37.474338946787675,
                37.474338946787675,
                37.474338946787675,
                37.474338946787675,
                37.445924826275125,
                37.34189709985318,
                37.13378737996241,
                36.823807082593625,
                36.44633207487629,
                36.0599614943347,
                35.78232202020656,
                35.5350046603273,
                35.255932405747785,
                35.5091251044875,
                35.952436652821596,
                36.14344777416484,
                36.08946299215976,
                35.927190962740134,
                35.656941614303854,
                35.28333797370166,
                34.82155512564024,
                34.30956741619633,
                33.828036235980605,
                33.477627754121684,
                33.358794227343566,
                33.82045592916789,
                33.93840883924438,
                33.768176055250834,
                34.96082391799348,
                35.30978313839894,
                35.71471611029009,
                36.36559622437529,
                36.886835601024835,
                37.24696781152594,
                37.42782531908129,
                37.474338946787675,
                36.14344777416484,
                36.14344777416484,
                36.14344777416484,
                36.14344777416484,
                36.14344777416484,
                36.14344777416484,
                36.14344777416484,
                36.14344777416484,
                36.14344777416484,
                36.14344777416484,
                36.14344777416484,
                36.14344777416484,
                36.14344777416484,
                33.358794227343566,
                33.358794227343566,
                33.358794227343566,
                33.358794227343566,
                33.358794227343566,
                33.358794227343566,
                33.358794227343566,
                33.358794227343566,
                33.358794227343566,
                33.358794227343566,
                33.358794227343566,
                33.358794227343566,
                33.358794227343566
            ],
            "Node_12": [
                47.23864757323012,
                46.9565261739925,
                46.16349036956616,
                44.98788477199289,
                43.57762498778823,
                42.07245901754881,
                40.619678461930256,
                39.449250892530785,
                38.94404125947316,
                39.10525736419162,
                39.42877015764372,
                39.65044033080663,
                39.72276546886424,
                39.63436071790918,
                39.37631297700393,
                38.969623294849114,
                38.44886971931284,
                37.863933921558036,
                37.28351060684845,
                36.795372151386864,
                36.484150154148715,
                36.37692051601804,
                36.51674357876269,
                36.85375275727567,
                37.16055886364881,
                37.37690027409722,
                38.24022784432128,
                39.95542090552129,
                41.92391129186569,
                43.87514703592826,
                45.58768903945601,
                46.7961683351981,
                47.23864757323012,
                47.23864757323012,
                47.23864757323012,
                47.23864757323012,
                47.23864757323012,
                47.23864757323012,
                47.23864757323012,
                47.23864757323012,
                47.23864757323012,
                47.23864757323012,
                47.23864757323012,
                47.23864757323012,
                47.23864757323012,
                46.9565261739925,
                46.16349036956616,
                44.98788477199289,
                43.57762498778823,
                42.07245901754881,
                40.619678461930256,
                39.449250892530785,
                38.94404125947316,
                39.10525736419162,
                39.42877015764372,
                39.65044033080663,
                39.72276546886424,
                39.63436071790918,
                39.37631297700393,
                38.969623294849114,
                38.44886971931284,
                37.863933921558036,
                37.28351060684845,
                36.795372151386864,
                36.484150154148715,
                36.37692051601804,
                36.51674357876269,
                36.85375275727567,
                37.16055886364881,
                37.37690027409722,
                38.24022784432128,
                39.95542090552129,
                41.92391129186569,
                43.87514703592826,
                45.58768903945601,
                46.7961683351981,
                47.23864757323012,
                39.72276546886424,
                39.72276546886424,
                39.72276546886424,
                39.72276546886424,
                39.72276546886424,
                39.72276546886424,
                39.72276546886424,
                39.72276546886424,
                39.72276546886424,
                39.72276546886424,
                39.72276546886424,
                39.72276546886424,
                39.72276546886424,
                36.37692051601804,
                36.37692051601804,
                36.37692051601803,
                36.37692051601804,
                36.37692051601803,
                36.37692051601804,
                36.37692051601804,
                36.37692051601804,
                36.37692051601804,
                36.37692051601804,
                36.37692051601804,
                36.37692051601804,
                36.37692051601804
            ],
            "Node_13": [
                49.48186920484825,
                49.57193728381206,
                49.881559411735836,
                50.46777835748636,
                51.29885248990105,
                52.23533510704916,
                53.12327447770711,
                53.89028231599473,
                54.539658310399105,
                55.07692042777628,
                55.47657882626866,
                55.71396794468646,
                55.79069205062749,
                55.8490649688314,
                56.01610980679146,
                56.26565034822629,
                56.55657632475905,
                56.846239368398514,
                57.09952784177082,
                57.287911041887725,
                57.39135798169786,
                57.402907160523064,
                57.223362607197046,
                56.7977945320748,
                56.148114584320545,
                55.30583985217739,
                54.31688063636437,
                53.23418458213401,
                52.102362041630215,
                51.01380465852801,
                50.146166386756576,
                49.63803544355454,
                49.48186920484825,
                49.48186920484825,
                49.48186920484825,
                49.48186920484825,
                49.48186920484825,
                49.48186920484825,
                49.48186920484825,
                49.48186920484825,
                49.48186920484825,
                49.48186920484825,
                49.48186920484825,
                49.48186920484825,
                49.48186920484825,
                49.57193728381206,
                49.881559411735836,
                50.46777835748636,
                51.29885248990105,
                52.23533510704916,
                53.12327447770711,
                53.89028231599473,
                54.539658310399105,
                55.07692042777628,
                55.47657882626866,
                55.71396794468646,
                55.79069205062749,
                55.8490649688314,
                56.01610980679146,
                56.26565034822629,
                56.55657632475905,
                56.846239368398514,
                57.09952784177082,
                57.287911041887725,
                57.39135798169786,
                57.402907160523064,
                57.223362607197046,
                56.7977945320748,
                56.148114584320545,
                55.30583985217739,
                54.31688063636437,
                53.23418458213401,
                52.102362041630215,
                51.01380465852801,
                50.146166386756576,
                49.63803544355454,
                49.48186920484825,
                55.79069205062749,
                55.79069205062749,
                55.79069205062749,
                55.79069205062749,
                55.79069205062749,
                55.79069205062749,
                55.79069205062749,
                55.79069205062749,
                55.79069205062749,
                55.79069205062749,
                55.79069205062749,
                55.79069205062749,
                55.79069205062749,
                57.402907160523064,
                57.402907160523064,
                57.40290716052305,
                57.402907160523064,
                57.40290716052305,
                57.402907160523064,
                57.402907160523064,
                57.402907160523064,
                57.402907160523064,
                57.402907160523064,
                57.402907160523064,
                57.402907160523064,
                57.402907160523064
            ],
            "Node_14": [
                58.18663099286,
                58.428459381802256,
                59.010545762085286,
                59.90604234535499,
                61.02931296156845,
                62.26937094880642,
                63.51664388245371,
                64.68246733064603,
                65.70366995906366,
                66.53551658661128,
                67.14608891223642,
                67.51661887906081,
                67.64042058361763,
                67.68129191568062,
                67.80043645901989,
                67.98766467538591,
                68.22715589866318,
                68.4995709632314,
                68.7841572929679,
                69.05937735854732,
                69.2921352970324,
                69.31549485108359,
                68.95876926873892,
                68.43824838091899,
                67.72257779985786,
                66.75524657694767,
                65.51235717051287,
                64.02734160208918,
                62.39681345128639,
                60.78767651841617,
                59.4222254145087,
                58.511738793762625,
                58.18663099286,
                58.18663099286,
                58.18663099286,
                58.18663099286,
                58.18663099286,
                58.18663099286,
                58.18663099286,
                58.18663099286,
                58.18663099286,
                58.18663099286,
                58.18663099286,
                58.18663099286,
                58.18663099286,
                58.428459381802256,
                59.010545762085286,
                59.90604234535499,
                61.02931296156845,
                62.26937094880642,
                63.51664388245371,
                64.68246733064603,
                65.70366995906366,
                66.53551658661128,
                67.14608891223642,
                67.51661887906081,
                67.64042058361763,
                67.68129191568062,
                67.80043645901989,
                67.98766467538591,
                68.22715589866318,
                68.4995709632314,
                68.7841572929679,
                69.05937735854732,
                69.2921352970324,
                69.31549485108359,
                68.95876926873892,
                68.43824838091899,
                67.72257779985786,
                66.75524657694767,
                65.51235717051287,
                64.02734160208918,
                62.39681345128639,
                60.78767651841617,
                59.4222254145087,
                58.511738793762625,
                58.18663099286,
                67.64042058361763,
                67.64042058361763,
                67.64042058361763,
                67.64042058361763,
                67.64042058361763,
                67.64042058361763,
                67.64042058361763,
                67.64042058361763,
                67.64042058361763,
                67.64042058361763,
                67.64042058361763,
                67.64042058361763,
                67.64042058361763,
                69.31549485108359,
                69.31549485108359,
                69.3154948510836,
                69.31549485108359,
                69.3154948510836,
                69.31549485108359,
                69.31549485108359,
                69.31549485108359,
                69.31549485108359,
                69.31549485108359,
                69.31549485108359,
                69.31549485108359,
                69.31549485108359
            ],
            "Node_15": [
                58.251649438502724,
                58.50857037868009,
                59.36826737978157,
                60.7000276568505,
                62.34434764360262,
                64.11237904889998,
                65.81435194833863,
                67.29573923292486,
                68.46004700737079,
                69.2747939800934,
                69.76773416373344,
                70.01051706338262,
                70.08026600468962,
                70.0769180777886,
                70.06527795335006,
                70.04103650942021,
                69.99891659662747,
                69.93467439006801,
                69.84541509316833,
                69.73016798642848,
                69.60305266074793,
                69.61638598109529,
                69.84334134009053,
                69.90444502891457,
                69.67342150275027,
                69.02561625672581,
                67.86813545972306,
                66.20151090707967,
                64.15734086732382,
                61.99793607871469,
                60.070444443163964,
                58.728259846373945,
                58.251649438502724,
                58.251649438502724,
                58.251649438502724,
                58.251649438502724,
                58.251649438502724,
                58.251649438502724,
                58.251649438502724,
                58.251649438502724,
                58.251649438502724,
                58.251649438502724,
                58.251649438502724,
                58.251649438502724,
                58.251649438502724,
                58.50857037868009,
                59.36826737978157,
                60.7000276568505,
                62.34434764360262,
                64.11237904889998,
                65.81435194833863,
                67.29573923292486,
                68.46004700737079,
                69.2747939800934,
                69.76773416373344,
                70.01051706338262,
                70.08026600468962,
                70.0769180777886,
                70.06527795335006,
                70.04103650942021,
                69.99891659662747,
                69.93467439006801,
                69.84541509316833,
                69.73016798642848,
                69.60305266074793,
                69.61638598109529,
                69.84334134009053,
                69.90444502891457,
                69.67342150275027,
                69.02561625672581,
                67.86813545972306,
                66.20151090707967,
                64.15734086732382,
                61.99793607871469,
                60.070444443163964,
                58.728259846373945,
                58.251649438502724,
                70.08026600468962,
                70.08026600468962,
                70.08026600468962,
                70.08026600468962,
                70.08026600468962,
                70.08026600468962,
                70.08026600468962,
                70.08026600468962,
                70.08026600468962,
                70.08026600468962,
                70.08026600468962,
                70.08026600468962,
                70.08026600468962,
                69.61638598109529,
                69.61638598109529,
                69.61638598109529,
                69.61638598109529,
                69.61638598109529,
                69.61638598109529,
                69.61638598109529,
                69.61638598109529,
                69.61638598109529,
                69.61638598109529,
                69.61638598109529,
                69.61638598109529,
                69.61638598109529
            ]
        }
    },
    "Phonon_DOS": {
        "DOS": [
            0.0,
            0.002,
            0.0,
            0.0,
            0.004,
            0.0,
            0.0,
            0.004,
            0.004,
            0.0,
            0.004,
            0.004,
            0.008,
            0.008,
            0.0,
            0.0,
            0.016,
            0.004,
            0.013333333333333334,
            0.006666666666666667,
            0.025333333333333333,
            0.034,
            0.05,
            0.03,
            0.04733333333333333,
            0.03866666666666666,
            0.03133333333333333,
            0.03066666666666667,
            0.03133333333333333,
            0.04066666666666666,
            0.06733333333333333,
            0.016666666666666666,
            0.017333333333333333,
            0.03066666666666667,
            0.04333333333333334,
            0.02,
            0.04933333333333333,
            0.03666666666666667,
            0.013999999999999999,
            0.02066666666666667,
            0.013333333333333334,
            0.018000000000000002,
            0.0026666666666666666,
            0.0,
            0.004,
            0.004,
            0.0,
            0.004,
            0.0,
            0.0006666666666666666,
            0.0,
            0.002,
            0.0026666666666666666,
            0.005333333333333333,
            0.0026666666666666666,
            0.009333333333333334,
            0.009333333333333334,
            0.013999999999999999,
            0.017333333333333333,
            0.004,
            0.0013333333333333333,
            0.006666666666666667,
            0.0013333333333333333,
            0.005333333333333333,
            0.006666666666666667,
            0.008,
            0.008,
            0.0026666666666666666,
            0.022000000000000002,
            0.017333333333333333,
            0.017333333333333333,
            0.024,
            0.012666666666666666,
            0.0
        ],
        "Energy(meV)": [
            -1.5,
            -0.5,
            0.5,
            1.5,
            2.5,
            3.5,
            4.5,
            5.5,
            6.5,
            7.5,
            8.5,
            9.5,
            10.5,
            11.5,
            12.5,
            13.5,
            14.5,
            15.5,
            16.5,
            17.5,
            18.5,
            19.5,
            20.5,
            21.5,
            22.5,
            23.5,
            24.5,
            25.5,
            26.5,
            27.5,
            28.5,
            29.5,
            30.5,
            31.5,
            32.5,
            33.5,
            34.5,
            35.5,
            36.5,
            37.5,
            38.5,
            39.5,
            40.5,
            41.5,
            42.5,
            43.5,
            44.5,
            45.5,
            46.5,
            47.5,
            48.5,
            49.5,
            50.5,
            51.5,
            52.5,
            53.5,
            54.5,
            55.5,
            56.5,
            57.5,
            58.5,
            59.5,
            60.5,
            61.5,
            62.5,
            63.5,
            64.5,
            65.5,
            66.5,
            67.5,
            68.5,
            69.5,
            70.5,
            71.5
        ]
    }
}