{
    "POSCAR": {
        "Atomes": "   Cr    N\n",
        "coordinate": "Direct\n",
        "unit_cell": {
            "a_vector": "2.976409244447093   -1.1940640070225966e-07   -1.26024950406131e-07\n",
            "b_vector": "-1.488204725632526   2.5776479427141705   -2.170184684943161e-07\n",
            "c_vector": "-1.507265051591915e-06   -3.867305551285788e-06   37.921761859571504\n"
        },
        "positions": {
            "Cr": [
                "0.6666666700168545   0.333333358739446   0.14703045850925736\n",
                "0.3333333149679666   0.6666666407022863   0.2529695300810828\n",
                "4.7542028474413835e-08   2.263886117311213e-08   0.20000000548650676\n"
            ],
            "N": [
                "0.33333331176383413   0.6666666298053872   0.16624756648116798\n",
                "0.6666666556178921   0.3333333481882285   0.23375243938825174\n"
            ]
        }
    },
    "Termo_data": {
        "Temperature (K)": [
            0,
            10,
            20,
            30,
            40,
            50,
            60,
            70,
            80,
            90,
            100,
            110,
            120,
            130,
            140,
            150,
            160,
            170,
            180,
            190,
            200,
            210,
            220,
            230,
            240,
            250,
            260,
            270,
            280,
            290,
            300,
            310,
            320,
            330,
            340,
            350,
            360,
            370,
            380,
            390,
            400,
            410,
            420,
            430,
            440,
            450,
            460,
            470,
            480,
            490,
            500,
            510,
            520,
            530,
            540,
            550,
            560,
            570,
            580,
            590,
            600,
            610,
            620,
            630,
            640,
            650,
            660,
            670,
            680,
            690,
            700,
            710,
            720,
            730,
            740,
            750,
            760,
            770,
            780,
            790,
            800,
            810,
            820,
            830,
            840,
            850,
            860,
            870,
            880,
            890,
            900,
            910,
            920,
            930,
            940,
            950,
            960,
            970,
            980,
            990,
            1000,
            1010,
            1020,
            1030,
            1040,
            1050,
            1060,
            1070,
            1080,
            1090,
            1100,
            1110,
            1120,
            1130,
            1140,
            1150,
            1160,
            1170,
            1180,
            1190,
            1200,
            1210,
            1220,
            1230,
            1240,
            1250,
            1260,
            1270,
            1280,
            1290,
            1300,
            1310,
            1320,
            1330,
            1340,
            1350,
            1360,
            1370,
            1380,
            1390,
            1400,
            1410,
            1420,
            1430,
            1440,
            1450,
            1460,
            1470,
            1480,
            1490,
            1500,
            1510,
            1520,
            1530,
            1540,
            1550,
            1560,
            1570,
            1580,
            1590,
            1600,
            1610,
            1620,
            1630,
            1640,
            1650,
            1660,
            1670,
            1680,
            1690,
            1700,
            1710,
            1720,
            1730,
            1740,
            1750,
            1760,
            1770,
            1780,
            1790,
            1800,
            1810,
            1820,
            1830,
            1840,
            1850,
            1860,
            1870,
            1880,
            1890,
            1900,
            1910,
            1920,
            1930,
            1940,
            1950,
            1960,
            1970
        ],
        "Gibbs_free(J/mole)": [
            -417275.9710452669,
            -417276.5465812225,
            -417279.95423659723,
            -417288.881139512,
            -417306.1403428693,
            -417333.6555309846,
            -417372.4447735249,
            -417422.8777399134,
            -417484.93464698485,
            -417558.38994780113,
            -417642.9253145271,
            -417738.1931353684,
            -417843.849079163,
            -417959.56652395974,
            -418085.04106561263,
            -418219.9918454291,
            -418364.1568065204,
            -418517.29188296763,
            -418679.16756887274,
            -418849.5666436708,
            -419028.2821124506,
            -419215.1157913198,
            -419409.8774708909,
            -419612.3834947275,
            -419822.4566931778,
            -420039.9257789563,
            -420264.6249017174,
            -420496.39351480233,
            -420735.07614218054,
            -420980.52214287745,
            -421232.58569109224,
            -421491.12547214585,
            -421756.0047795463,
            -422027.0911406019,
            -422304.25633488304,
            -422587.3762449711,
            -422876.3307100835,
            -423171.0034647929,
            -423471.2818873889,
            -423777.0569996644,
            -424088.223364714,
            -424404.6787588393,
            -424726.3243004673,
            -425053.0642028314,
            -425384.8057101792,
            -425721.4587773336,
            -426062.9363929724,
            -426409.1540557643,
            -426760.0299934261,
            -427115.48473883653,
            -427475.4413015243,
            -427839.8250054171,
            -428208.5633752142,
            -428581.5859444304,
            -428958.8244020714,
            -429340.2124232377,
            -429725.68546536926,
            -430115.1808995094,
            -430508.6377549515,
            -430905.9967956663,
            -431307.2005016412,
            -431712.19275154115,
            -432120.9188829029,
            -432533.32587186206,
            -432949.36198746425,
            -433368.97687360266,
            -433792.12153383513,
            -434218.7478808624,
            -434648.8096707998,
            -435082.2611333051,
            -435519.05808771955,
            -435959.15719221754,
            -436402.51636583725,
            -436849.0942585093,
            -437298.85078091937,
            -437751.7465841957,
            -438207.74338531686,
            -438666.8037580205,
            -439128.890822659,
            -439593.96908438165,
            -440062.0033711929,
            -440532.9595228288,
            -441006.80404620897,
            -441483.50426840107,
            -441963.02802879317,
            -442445.3440809143,
            -442930.4216324897,
            -443418.23068400944,
            -443908.74181134964,
            -444401.92601405596,
            -444897.75551035657,
            -445396.2022130679,
            -445897.2390587813,
            -446400.83952841174,
            -446906.9775244628,
            -447415.6275294074,
            -447926.764605057,
            -448440.3639375806,
            -448956.4014344632,
            -449474.8535384144,
            -449995.6968846996,
            -450518.9087564071,
            -451044.4669797543,
            -451572.3492402116,
            -452102.53410163184,
            -452635.0003634858,
            -453169.7270914667,
            -453706.6940186727,
            -454245.8808792066,
            -454787.2681062598,
            -455330.836057859,
            -455876.56579970435,
            -456424.4386066307,
            -456974.43592062953,
            -457526.53955408937,
            -458080.7318683082,
            -458636.9950107797,
            -459195.31199299556,
            -459755.66578371375,
            -460318.03952355805,
            -460882.416688345,
            -461448.7814632446,
            -462017.11739896954,
            -462587.40931913344,
            -463159.6414064728,
            -463733.79868497496,
            -464309.86503871635,
            -464887.8269678013,
            -465467.6716999214,
            -466049.3814969655,
            -466632.94369780313,
            -467218.3441794737,
            -467805.56942071725,
            -468394.6060399881,
            -468985.4404172417,
            -469578.0597575665,
            -470172.45075701206,
            -470768.6009982822,
            -471366.49764736625,
            -471966.12848151365,
            -472567.48127122084,
            -473170.543912747,
            -473775.30446214543,
            -474381.75137361395,
            -474989.87254736247,
            -475599.6572264058,
            -476211.0936865324,
            -476824.1708681807,
            -477438.8781391475,
            -478055.2042832362,
            -478673.1385924053,
            -479292.6707643813,
            -479913.7904417182,
            -480536.48687919026,
            -481160.7503112093,
            -481786.5705534317,
            -482413.93776301807,
            -483042.84199027356,
            -483673.27382746036,
            -484305.22360885364,
            -484938.68174000614,
            -485573.6391552207,
            -486210.0866765459,
            -486848.01511702914,
            -487487.41539248097,
            -488128.27866661333,
            -488770.59625083196,
            -489414.3594037357,
            -490059.559658285,
            -490706.1885100944,
            -491354.237583498,
            -492003.6985748589,
            -492654.5632678523,
            -493306.8237116271,
            -493960.47149115306,
            -494615.4994774022,
            -495271.8991599005,
            -495929.66312201193,
            -496588.78336548514,
            -497249.2532229312,
            -497911.064152839,
            -498574.209334316,
            -499238.68113290606,
            -499904.47265575133,
            -500571.57648003404,
            -501239.9857939068,
            -501909.693075279,
            -502580.6921101548,
            -503252.9756661042,
            -503926.5366126436,
            -504601.3687963964,
            -505277.4653155141,
            -505954.8194687277,
            -506633.4246952567,
            -507313.27491616854,
            -507994.36379841785,
            -508676.6843871808,
            -509360.23080425203
        ],
        "Cp(J/mole.K)": [
            -0.0,
            0.27958715945715085,
            1.1101457470853346,
            2.4329874887305776,
            4.011832438356942,
            5.55597718203353,
            6.927816420653836,
            8.100749817803445,
            9.100158816459587,
            9.965470427900437,
            10.733274273399726,
            11.431805281617558,
            12.080466544133387,
            12.691878185361569,
            13.273314060349357,
            13.8280185259282,
            14.358008577814331,
            14.86425734496879,
            15.34670155147906,
            15.80533379929258,
            16.24040743123622,
            16.652241773290704,
            17.041125115647446,
            17.407883972168218,
            17.753391751600446,
            18.078407260727534,
            18.383970750289127,
            18.67110225465586,
            18.94081591400903,
            19.19415836512634,
            19.432154656751663,
            19.655812870425883,
            19.865973506169382,
            20.063534628368483,
            20.24939688412703,
            20.424351020999918,
            20.589121894491875,
            20.74434142097164,
            20.89078501869517,
            21.029018695838694,
            21.159458428213824,
            21.282776937611896,
            21.399497656489316,
            21.50981529835126,
            21.61420038946659,
            21.71329191957911,
            21.807355309551447,
            21.896600453771086,
            21.9812491733814,
            22.061739797744632,
            22.138456989632616,
            22.211357351684892,
            22.280639117572065,
            22.346840227091274,
            22.410049194798844,
            22.4702465135778,
            22.52771679814913,
            22.582573336355644,
            22.635162805850186,
            22.685588084020086,
            22.73345185795911,
            22.779175780223202,
            22.82332111449518,
            22.86566323600264,
            22.90630689524096,
            22.94500896858526,
            22.982174479772365,
            23.01826068148662,
            23.0524759235674,
            23.085341160309326,
            23.11725709645543,
            23.147788098262293,
            23.1770465359559,
            23.205348395266732,
            23.232650233438314,
            23.259090259489312,
            23.284182594850535,
            23.30819363242761,
            23.331966823880904,
            23.354596369893876,
            23.376252964371815,
            23.39747192833031,
            23.417780514657963,
            23.43726390246593,
            23.456204335932853,
            23.47442998665077,
            23.492136601265642,
            23.508981119215605,
            23.5257443234091,
            23.542433448064422,
            23.557161190052156,
            23.571539655039604,
            23.586309690564136,
            23.60034414045817,
            23.61424504490258,
            23.627467046753736,
            23.63939714874141,
            23.651492201890505,
            23.663621033891104,
            23.674902468258956,
            23.68661204585827,
            23.69779617482585,
            23.70741839831164,
            23.71739663441258,
            23.727256688999404,
            23.736646270939374,
            23.74611444822505,
            23.755156670567597,
            23.763755463907728,
            23.771825961429645,
            23.78026782804227,
            23.788486258820843,
            23.79551632341463,
            23.802960578608246,
            23.81035131032396,
            23.817008899917873,
            23.824417106737712,
            23.83116218480847,
            23.83638850684477,
            23.842867144008135,
            23.84941797971294,
            23.85489651204544,
            23.86105548009492,
            23.866643104427553,
            23.86883669506642,
            23.871615577627292,
            23.886541228715124,
            23.895832122521824,
            23.889077365212415,
            23.891294534600178,
            23.899606355349437,
            23.90480797025849,
            23.909402914135814,
            23.912924737694077,
            23.9167998737188,
            23.920390588507967,
            23.924271985061836,
            23.927880616387217,
            23.931730576351598,
            23.935619306635438,
            23.938484745042032,
            23.941904458419394,
            23.944374738156128,
            23.946751131529265,
            23.950994230457578,
            23.953235063498447,
            23.95609407474133,
            23.960166806195048,
            23.961202378186442,
            23.963171183899867,
            23.967735206461253,
            23.96986708097506,
            23.970476677268632,
            23.97341482924687,
            23.976191922993166,
            23.97758007665823,
            23.979589270736213,
            23.982463322494116,
            23.98380000876798,
            23.984862953241326,
            23.988095975946635,
            23.99067215150717,
            23.991306550934908,
            23.991920186251694,
            23.993783905356423,
            23.99589859505795,
            23.997578773441617,
            23.99944156156149,
            24.00097459189152,
            24.00204926440953,
            24.002976350457175,
            24.004432815989517,
            24.004917469836073,
            24.006470454727733,
            24.009587693009948,
            24.00946990161099,
            24.00876208373836,
            24.012069169562892,
            24.014788873039905,
            24.01289683356419,
            24.012867209297326,
            24.015125478355486,
            24.016570127255335,
            24.017911494644743,
            24.017741338127905,
            24.01844867798328,
            24.021879447942112,
            24.02102067601981,
            24.019535495247425,
            24.022846803299572,
            24.02332468535988,
            24.021482064095927,
            24.022920526006146,
            24.027165494730887,
            24.02701432126078,
            24.023525530981438,
            24.025367489997905,
            24.02871409573619
        ],
        "S(J/mole.K)": [
            0,
            0.13979357972857542,
            0.5571235962284845,
            1.2401579477882478,
            2.1471349173712952,
            3.204211690369266,
            4.3371274436271054,
            5.493070465667552,
            6.640455378682237,
            7.76285255070543,
            8.853153510369886,
            9.90944473684067,
            10.932425022313694,
            11.923926955961363,
            12.88612304766357,
            13.821103929254607,
            14.730725648175575,
            15.616597455790178,
            16.480078760666945,
            17.322305862809298,
            18.144245885413692,
            18.94673801817771,
            19.73051826324372,
            20.496248821591145,
            21.24454341001401,
            21.975973883386903,
            22.691079927645475,
            23.390378979553496,
            24.074368988024798,
            24.743531608548075,
            25.39833461774324,
            26.039233101868014,
            26.66666817774749,
            27.28106696269606,
            27.88284515990672,
            28.472406851359846,
            29.050143320829374,
            29.616432285263,
            30.171639973630228,
            30.71612152766902,
            31.250217561814495,
            31.774256852381946,
            32.28855883707874,
            32.79342889293693,
            33.289158937829775,
            33.776033650452874,
            34.2543289203153,
            34.72430794909014,
            35.18622185266504,
            35.640312992075636,
            36.0868173558265,
            36.5259603311315,
            36.95795565113222,
            37.38301181314964,
            37.80133151608243,
            38.21310693989508,
            38.61852223675524,
            39.017755313874666,
            39.410978776282725,
            39.798360236601006,
            40.18005641522541,
            40.55621640295067,
            40.926989999772196,
            41.292522558764176,
            41.652951599129295,
            42.008407190737486,
            42.35901464214912,
            42.70490008935885,
            43.04618165358406,
            43.38297023389386,
            43.715378579740346,
            44.043514436956315,
            44.36747874125285,
            44.687371195741434,
            45.00328930461692,
            45.315327272789,
            45.62357328632716,
            45.92811060483946,
            46.22902640144021,
            46.52640419241216,
            46.82031967451476,
            47.11085009460585,
            47.39807027827119,
            47.68204995963461,
            47.962858560300816,
            48.24056370647959,
            48.51523077829625,
            48.78692205473054,
            49.05570014346013,
            49.32163000736546,
            49.584763987155746,
            49.845151059026826,
            50.102851478884986,
            50.3579215152422,
            50.61041277229888,
            50.86037554842769,
            51.10785249829714,
            51.352889266704004,
            51.59553693533817,
            51.835839910201315,
            52.07384318491676,
            52.3095920677937,
            52.54312072572719,
            52.77446655438397,
            53.003672897221264,
            53.230777895596844,
            53.455819518318464,
            53.6788348971335,
            53.89985768854313,
            54.118920148167675,
            54.33605734787634,
            54.551304817875646,
            54.76469014497052,
            54.97624296297582,
            55.18599716279059,
            55.39398074079509,
            55.60022440644971,
            55.804758432935344,
            56.00760265259014,
            56.20878441285603,
            56.40833710182196,
            56.60628362926654,
            56.80264879277965,
            56.997458878171884,
            57.190723061834426,
            57.38245483339924,
            57.57272915772846,
            57.7615950989697,
            57.94898988665009,
            58.13490851190872,
            58.319431991614685,
            58.5025932795972,
            58.68439892480383,
            58.86486305823273,
            59.04400306210591,
            59.221838891896184,
            59.3983898134109,
            59.57367472715559,
            59.74771192735716,
            59.920520446135924,
            60.092114384534945,
            60.262509343330024,
            60.43172089240543,
            60.5997619701222,
            60.7666550435948,
            60.93241558029404,
            61.09705436064615,
            61.2605929447178,
            61.42304011875967,
            61.58440345291456,
            61.74470922972323,
            61.90397210120936,
            62.06219277423516,
            62.21938751936905,
            62.37557679124584,
            62.53076860272195,
            62.68497329314633,
            62.83820822279304,
            62.9904835958143,
            63.141805794445105,
            63.29219269170717,
            63.44166068464911,
            63.590213120107364,
            63.73785520974561,
            63.88460183714196,
            64.03046846156866,
            64.17546516957154,
            64.31960164880074,
            64.4628877362542,
            64.60533118832609,
            64.74694015766437,
            64.88772554697717,
            65.02769568385483,
            65.16686028327167,
            65.30523621394096,
            65.44282776745749,
            65.57963296335583,
            65.71567037768982,
            65.85095835367392,
            65.98549075660921,
            66.11926829634395,
            66.25231083088947,
            66.38463054478198,
            66.51623284204544,
            66.6471211525095,
            66.77730148012851,
            66.90679115103777,
            67.03559342380103,
            67.1637024951502,
            67.29113674325927,
            67.4179085235177,
            67.54401125990626,
            67.66945440967683,
            67.79426064127911,
            67.918432478654,
            68.0419565567092,
            68.16484454290257,
            68.28712032968251
        ]
    },
    "Phonon_data": {
        "Numb_Node": 15,
        "total_n_kpoints": 100,
        "frequency": {
            "Node_1": [
                -0.5248787931250157,
                0.5784049366030335,
                -1.5904959981663074,
                -1.719112988527108,
                3.929087729350127,
                7.076012276441274,
                8.120205250069086,
                4.1643378697270546,
                -7.2476458813525255,
                -11.042635380456916,
                -13.39632311894597,
                -14.701704701147543,
                -15.114564009770055,
                -14.969412788847615,
                -14.531799989817218,
                -13.832928056498917,
                -13.003525812869556,
                -12.322663731442802,
                -12.15192141972775,
                -12.496009900953126,
                -12.92381505548915,
                -13.10940920206524,
                -12.659401269636605,
                -11.246037463249344,
                -8.710433513827802,
                -4.3180747794466114,
                5.560108982004044,
                7.6878144372721735,
                7.207874165299609,
                4.235343440901927,
                1.735821704804444,
                1.1896897168368927,
                -0.5248787931250157,
                -0.5248787931250157,
                -0.5248787931250157,
                -0.5248787931250157,
                -0.5248787931250157,
                -0.5248787931250157,
                -0.5248787931250157,
                -0.5248787931250157,
                -0.5248787931250157,
                -0.5248787931250157,
                -0.5248787931250157,
                -0.5248787931250157,
                -0.5248787931250157,
                0.5784049366030335,
                -1.5904959981663074,
                -1.719112988527108,
                3.929087729350127,
                7.076012276441274,
                8.120205250069086,
                4.1643378697270546,
                -7.2476458813525255,
                -11.042635380456916,
                -13.39632311894597,
                -14.701704701147543,
                -15.114564009770055,
                -14.969412788847615,
                -14.531799989817218,
                -13.832928056498917,
                -13.003525812869556,
                -12.322663731442802,
                -12.15192141972775,
                -12.496009900953126,
                -12.92381505548915,
                -13.10940920206524,
                -12.659401269636605,
                -11.246037463249344,
                -8.710433513827802,
                -4.3180747794466114,
                5.560108982004044,
                7.6878144372721735,
                7.207874165299609,
                4.235343440901927,
                1.735821704804444,
                1.1896897168368927,
                -0.5248787931250157,
                -15.114564009770055,
                -15.114564009770055,
                -15.114564009770055,
                -15.114564009770055,
                -15.114564009770055,
                -15.114564009770055,
                -15.114564009770055,
                -15.114564009770055,
                -15.114564009770055,
                -15.114564009770055,
                -15.114564009770055,
                -15.114564009770055,
                -15.114564009770055,
                -13.10940920206524,
                -13.10940920206524,
                -13.109409202065217,
                -13.10940920206524,
                -13.109409202065217,
                -13.10940920206524,
                -13.10940920206524,
                -13.10940920206524,
                -13.10940920206524,
                -13.10940920206524,
                -13.10940920206524,
                -13.10940920206524,
                -13.10940920206524
            ],
            "Node_2": [
                -0.49421840391124583,
                2.471524260024046,
                4.6634203521437065,
                7.038359556056639,
                7.720199486828591,
                8.633413606816486,
                9.984836478021599,
                10.799487022035882,
                11.180079144681265,
                11.225518478987846,
                10.996547897420921,
                10.774315261101279,
                10.694111233578171,
                10.77106240611349,
                10.983159285375182,
                11.212819000592576,
                10.079768223287791,
                7.705418031781893,
                6.232928153737405,
                6.693523909003852,
                8.116213793823828,
                9.382782554479183,
                8.795388786133927,
                6.539719375528643,
                5.693423075360159,
                7.762898392419978,
                10.642961584791532,
                10.305407574272175,
                8.823855619100806,
                7.796633751441254,
                5.7677579703256505,
                3.0103340881875416,
                -0.49421840391124583,
                -0.49421840391124583,
                -0.49421840391124583,
                -0.49421840391124583,
                -0.49421840391124583,
                -0.49421840391124583,
                -0.49421840391124583,
                -0.49421840391124583,
                -0.49421840391124583,
                -0.49421840391124583,
                -0.49421840391124583,
                -0.49421840391124583,
                -0.49421840391124583,
                2.471524260024046,
                4.6634203521437065,
                7.038359556056639,
                7.720199486828591,
                8.633413606816486,
                9.984836478021599,
                10.799487022035882,
                11.180079144681265,
                11.225518478987846,
                10.996547897420921,
                10.774315261101279,
                10.694111233578171,
                10.77106240611349,
                10.983159285375182,
                11.212819000592576,
                10.079768223287791,
                7.705418031781893,
                6.232928153737405,
                6.693523909003852,
                8.116213793823828,
                9.382782554479183,
                8.795388786133927,
                6.539719375528643,
                5.693423075360159,
                7.762898392419978,
                10.642961584791532,
                10.305407574272175,
                8.823855619100806,
                7.796633751441254,
                5.7677579703256505,
                3.0103340881875416,
                -0.49421840391124583,
                10.694111233578171,
                10.694111233578171,
                10.694111233578171,
                10.694111233578171,
                10.694111233578171,
                10.694111233578171,
                10.694111233578171,
                10.694111233578171,
                10.694111233578171,
                10.694111233578171,
                10.694111233578171,
                10.694111233578171,
                10.694111233578171,
                9.382782554479183,
                9.382782554479183,
                9.382782554479167,
                9.382782554479183,
                9.382782554479167,
                9.382782554479183,
                9.382782554479183,
                9.382782554479183,
                9.382782554479183,
                9.382782554479183,
                9.382782554479183,
                9.382782554479183,
                9.382782554479183
            ],
            "Node_3": [
                -0.35748512444313757,
                4.664566027853763,
                7.6169842916335035,
                8.002419233379069,
                9.486565748479137,
                11.01543947311296,
                11.241991319300547,
                12.113151301483034,
                12.28226640858499,
                12.279203737623872,
                12.431491629129715,
                12.517395316088912,
                12.515439584146225,
                12.512501438694304,
                12.44843490944484,
                12.099088013266234,
                11.925890536522848,
                12.180609970720578,
                12.35573136619999,
                12.475329643947129,
                12.407521220864362,
                11.880339668777454,
                12.379575908843046,
                12.658588898410313,
                12.131697693979842,
                11.852328015528611,
                11.642246778639329,
                11.870588748092752,
                10.16226453000105,
                8.20779658388786,
                7.051436241093784,
                4.5754996592897905,
                -0.35748512444313757,
                -0.35748512444313757,
                -0.35748512444313757,
                -0.35748512444313757,
                -0.35748512444313757,
                -0.35748512444313757,
                -0.35748512444313757,
                -0.35748512444313757,
                -0.35748512444313757,
                -0.35748512444313757,
                -0.35748512444313757,
                -0.35748512444313757,
                -0.35748512444313757,
                4.664566027853763,
                7.6169842916335035,
                8.002419233379069,
                9.486565748479137,
                11.01543947311296,
                11.241991319300547,
                12.113151301483034,
                12.28226640858499,
                12.279203737623872,
                12.431491629129715,
                12.517395316088912,
                12.515439584146225,
                12.512501438694304,
                12.44843490944484,
                12.099088013266234,
                11.925890536522848,
                12.180609970720578,
                12.35573136619999,
                12.475329643947129,
                12.407521220864362,
                11.880339668777454,
                12.379575908843046,
                12.658588898410313,
                12.131697693979842,
                11.852328015528611,
                11.642246778639329,
                11.870588748092752,
                10.16226453000105,
                8.20779658388786,
                7.051436241093784,
                4.5754996592897905,
                -0.35748512444313757,
                12.515439584146225,
                12.515439584146225,
                12.515439584146225,
                12.515439584146225,
                12.515439584146225,
                12.515439584146225,
                12.515439584146225,
                12.515439584146225,
                12.515439584146225,
                12.515439584146225,
                12.515439584146225,
                12.515439584146225,
                12.515439584146225,
                11.880339668777454,
                11.880339668777454,
                11.880339668777427,
                11.880339668777454,
                11.880339668777427,
                11.880339668777454,
                11.880339668777454,
                11.880339668777454,
                11.880339668777454,
                11.880339668777454,
                11.880339668777454,
                11.880339668777454,
                11.880339668777454
            ],
            "Node_4": [
                11.735996318334355,
                11.610584295151096,
                11.634093899612257,
                12.137492219977736,
                12.52512496985252,
                12.358667881691634,
                12.099352255328753,
                12.330903678984912,
                13.186540374048642,
                13.965022362125183,
                14.521879085581865,
                14.903671476016973,
                15.058658414905882,
                14.997764034302921,
                14.739613420598866,
                14.037152793513235,
                13.441504361055651,
                13.43386639264297,
                13.642994079736601,
                13.522230703837886,
                13.040265511685654,
                13.041531481725782,
                13.10099178860345,
                13.370105401935811,
                13.435031334002542,
                13.053173848021947,
                12.706603064752462,
                13.015285825079626,
                13.868832392362172,
                13.07576673257968,
                11.953824711800285,
                11.648772215077603,
                11.735996318334355,
                11.735996318334355,
                11.735996318334355,
                11.735996318334355,
                11.735996318334355,
                11.735996318334355,
                11.735996318334355,
                11.735996318334355,
                11.735996318334355,
                11.735996318334355,
                11.735996318334355,
                11.735996318334355,
                11.735996318334355,
                11.610584295151096,
                11.634093899612257,
                12.137492219977736,
                12.52512496985252,
                12.358667881691634,
                12.099352255328753,
                12.330903678984912,
                13.186540374048642,
                13.965022362125183,
                14.521879085581865,
                14.903671476016973,
                15.058658414905882,
                14.997764034302921,
                14.739613420598866,
                14.037152793513235,
                13.441504361055651,
                13.43386639264297,
                13.642994079736601,
                13.522230703837886,
                13.040265511685654,
                13.041531481725782,
                13.10099178860345,
                13.370105401935811,
                13.435031334002542,
                13.053173848021947,
                12.706603064752462,
                13.015285825079626,
                13.868832392362172,
                13.07576673257968,
                11.953824711800285,
                11.648772215077603,
                11.735996318334355,
                15.058658414905882,
                15.058658414905882,
                15.058658414905882,
                15.058658414905882,
                15.058658414905882,
                15.058658414905882,
                15.058658414905882,
                15.058658414905882,
                15.058658414905882,
                15.058658414905882,
                15.058658414905882,
                15.058658414905882,
                15.058658414905882,
                13.041531481725782,
                13.041531481725782,
                13.041531481725782,
                13.041531481725782,
                13.041531481725782,
                13.041531481725782,
                13.041531481725782,
                13.041531481725782,
                13.041531481725782,
                13.041531481725782,
                13.041531481725782,
                13.041531481725782,
                13.041531481725782
            ],
            "Node_5": [
                11.74873564509397,
                11.893991186049073,
                12.321933164379525,
                12.960469592897539,
                13.767236830280535,
                14.798483326628393,
                15.899954000681396,
                16.457925547064235,
                16.7634309657623,
                16.948449919525313,
                16.953598816106908,
                16.882937945607736,
                16.84515085555127,
                16.82703599303153,
                16.71181386314635,
                16.10763279119192,
                15.582637583376858,
                14.928984732107276,
                14.238249821241153,
                13.936455380839675,
                14.092179862750271,
                14.12881379550254,
                13.854004752639309,
                13.875245642783861,
                13.872262324243417,
                13.616119151012489,
                13.156762789590754,
                13.665118333152055,
                14.489876046360079,
                13.530220241723832,
                12.693177214823038,
                11.99014242271998,
                11.74873564509397,
                11.74873564509397,
                11.74873564509397,
                11.74873564509397,
                11.74873564509397,
                11.74873564509397,
                11.74873564509397,
                11.74873564509397,
                11.74873564509397,
                11.74873564509397,
                11.74873564509397,
                11.74873564509397,
                11.74873564509397,
                11.893991186049073,
                12.321933164379525,
                12.960469592897539,
                13.767236830280535,
                14.798483326628393,
                15.899954000681396,
                16.457925547064235,
                16.7634309657623,
                16.948449919525313,
                16.953598816106908,
                16.882937945607736,
                16.84515085555127,
                16.82703599303153,
                16.71181386314635,
                16.10763279119192,
                15.582637583376858,
                14.928984732107276,
                14.238249821241153,
                13.936455380839675,
                14.092179862750271,
                14.12881379550254,
                13.854004752639309,
                13.875245642783861,
                13.872262324243417,
                13.616119151012489,
                13.156762789590754,
                13.665118333152055,
                14.489876046360079,
                13.530220241723832,
                12.693177214823038,
                11.99014242271998,
                11.74873564509397,
                16.84515085555127,
                16.84515085555127,
                16.84515085555127,
                16.84515085555127,
                16.84515085555127,
                16.84515085555127,
                16.84515085555127,
                16.84515085555127,
                16.84515085555127,
                16.84515085555127,
                16.84515085555127,
                16.84515085555127,
                16.84515085555127,
                14.12881379550254,
                14.12881379550254,
                14.12881379550252,
                14.12881379550254,
                14.12881379550252,
                14.12881379550254,
                14.12881379550254,
                14.12881379550254,
                14.12881379550254,
                14.12881379550254,
                14.12881379550254,
                14.12881379550254,
                14.12881379550254
            ],
            "Node_6": [
                15.230994045400768,
                15.264755476000785,
                15.37085301759709,
                15.62130110649154,
                15.869230662471777,
                16.209380900704808,
                16.328706803366465,
                16.976213042139644,
                17.755370566837886,
                18.3493432619269,
                18.716680121998795,
                18.911061885349387,
                18.97168586854831,
                18.501634025515493,
                17.514696352015395,
                16.569870965653077,
                15.71172450939185,
                15.304811030229486,
                15.08401387057038,
                14.850441858677634,
                14.583818899974862,
                14.366599790386086,
                14.405771903423943,
                14.720360693546564,
                15.51425329504396,
                16.275057039952678,
                16.573155967510633,
                16.059904641756265,
                14.893751041772036,
                15.183585368794668,
                15.245770168676666,
                15.225031389964638,
                15.230994045400768,
                15.230994045400768,
                15.230994045400768,
                15.230994045400768,
                15.230994045400768,
                15.230994045400768,
                15.230994045400768,
                15.230994045400768,
                15.230994045400768,
                15.230994045400768,
                15.230994045400768,
                15.230994045400768,
                15.230994045400768,
                15.264755476000785,
                15.37085301759709,
                15.62130110649154,
                15.869230662471777,
                16.209380900704808,
                16.328706803366465,
                16.976213042139644,
                17.755370566837886,
                18.3493432619269,
                18.716680121998795,
                18.911061885349387,
                18.97168586854831,
                18.501634025515493,
                17.514696352015395,
                16.569870965653077,
                15.71172450939185,
                15.304811030229486,
                15.08401387057038,
                14.850441858677634,
                14.583818899974862,
                14.366599790386086,
                14.405771903423943,
                14.720360693546564,
                15.51425329504396,
                16.275057039952678,
                16.573155967510633,
                16.059904641756265,
                14.893751041772036,
                15.183585368794668,
                15.245770168676666,
                15.225031389964638,
                15.230994045400768,
                18.97168586854831,
                18.97168586854831,
                18.97168586854831,
                18.97168586854831,
                18.97168586854831,
                18.97168586854831,
                18.97168586854831,
                18.97168586854831,
                18.97168586854831,
                18.97168586854831,
                18.97168586854831,
                18.97168586854831,
                18.97168586854831,
                14.366599790386086,
                14.366599790386086,
                14.366599790386083,
                14.366599790386086,
                14.366599790386083,
                14.366599790386086,
                14.366599790386086,
                14.366599790386086,
                14.366599790386086,
                14.366599790386086,
                14.366599790386086,
                14.366599790386086,
                14.366599790386086
            ],
            "Node_7": [
                15.411182599471795,
                15.44120170053396,
                15.7246168912943,
                16.23886886778434,
                16.4692965310173,
                16.388634740604733,
                16.92220042728194,
                17.516056809362077,
                18.082201317357377,
                18.629662751357127,
                19.0924883462661,
                19.351437174525607,
                19.42399213067279,
                18.98057996866748,
                17.853000255263353,
                17.095193594497918,
                16.92889257735046,
                16.871777882278394,
                16.862376193973386,
                16.901782639501718,
                16.96647211568048,
                17.017915075348387,
                17.06455509553645,
                17.156777759530712,
                17.312034333945913,
                17.39476376775872,
                17.370346487334796,
                17.418307194347438,
                17.56165216288889,
                17.328827196764653,
                16.463006921464277,
                15.651568712081714,
                15.411182599471795,
                15.411182599471795,
                15.411182599471795,
                15.411182599471795,
                15.411182599471795,
                15.411182599471795,
                15.411182599471795,
                15.411182599471795,
                15.411182599471795,
                15.411182599471795,
                15.411182599471795,
                15.411182599471795,
                15.411182599471795,
                15.44120170053396,
                15.7246168912943,
                16.23886886778434,
                16.4692965310173,
                16.388634740604733,
                16.92220042728194,
                17.516056809362077,
                18.082201317357377,
                18.629662751357127,
                19.0924883462661,
                19.351437174525607,
                19.42399213067279,
                18.98057996866748,
                17.853000255263353,
                17.095193594497918,
                16.92889257735046,
                16.871777882278394,
                16.862376193973386,
                16.901782639501718,
                16.96647211568048,
                17.017915075348387,
                17.06455509553645,
                17.156777759530712,
                17.312034333945913,
                17.39476376775872,
                17.370346487334796,
                17.418307194347438,
                17.56165216288889,
                17.328827196764653,
                16.463006921464277,
                15.651568712081714,
                15.411182599471795,
                19.42399213067279,
                19.42399213067279,
                19.42399213067279,
                19.42399213067279,
                19.42399213067279,
                19.42399213067279,
                19.42399213067279,
                19.42399213067279,
                19.42399213067279,
                19.42399213067279,
                19.42399213067279,
                19.42399213067279,
                19.42399213067279,
                17.017915075348387,
                17.017915075348387,
                17.017915075348373,
                17.017915075348387,
                17.017915075348373,
                17.017915075348387,
                17.017915075348387,
                17.017915075348387,
                17.017915075348387,
                17.017915075348387,
                17.017915075348387,
                17.017915075348387,
                17.017915075348387
            ],
            "Node_8": [
                22.901329374270404,
                22.804379605688446,
                22.519413123048093,
                22.092362480893087,
                21.62318045550235,
                21.210294672840458,
                20.820576943362045,
                20.47826875553449,
                20.37357658344253,
                20.636445752017867,
                21.117801434091053,
                21.579187854276523,
                21.79518282990171,
                22.079778073334264,
                22.68959509347452,
                23.30544189361683,
                23.76602053060193,
                24.018455316786138,
                24.092257823190987,
                24.06348167963824,
                24.03930719153024,
                24.111950831511674,
                24.101002696077856,
                23.614524239507258,
                22.904790096368597,
                22.047787044642327,
                21.25982509456339,
                20.891986720561192,
                21.037685066965828,
                21.587782204265963,
                22.262228807506215,
                22.74131893692725,
                22.901329374270404,
                22.901329374270404,
                22.901329374270404,
                22.901329374270404,
                22.901329374270404,
                22.901329374270404,
                22.901329374270404,
                22.901329374270404,
                22.901329374270404,
                22.901329374270404,
                22.901329374270404,
                22.901329374270404,
                22.901329374270404,
                22.804379605688446,
                22.519413123048093,
                22.092362480893087,
                21.62318045550235,
                21.210294672840458,
                20.820576943362045,
                20.47826875553449,
                20.37357658344253,
                20.636445752017867,
                21.117801434091053,
                21.579187854276523,
                21.79518282990171,
                22.079778073334264,
                22.68959509347452,
                23.30544189361683,
                23.76602053060193,
                24.018455316786138,
                24.092257823190987,
                24.06348167963824,
                24.03930719153024,
                24.111950831511674,
                24.101002696077856,
                23.614524239507258,
                22.904790096368597,
                22.047787044642327,
                21.25982509456339,
                20.891986720561192,
                21.037685066965828,
                21.587782204265963,
                22.262228807506215,
                22.74131893692725,
                22.901329374270404,
                21.79518282990171,
                21.79518282990171,
                21.79518282990171,
                21.79518282990171,
                21.79518282990171,
                21.79518282990171,
                21.79518282990171,
                21.79518282990171,
                21.79518282990171,
                21.79518282990171,
                21.79518282990171,
                21.79518282990171,
                21.79518282990171,
                24.111950831511674,
                24.111950831511674,
                24.111950831511667,
                24.111950831511674,
                24.111950831511667,
                24.111950831511674,
                24.111950831511674,
                24.111950831511674,
                24.111950831511674,
                24.111950831511674,
                24.111950831511674,
                24.111950831511674,
                24.111950831511674
            ],
            "Node_9": [
                25.743122979984765,
                25.639833760656227,
                25.376088780912642,
                25.13955661606942,
                25.351583201304717,
                26.476528334320843,
                28.393082837454102,
                29.95042847614021,
                30.216628466725897,
                29.233102908114283,
                27.625998407458837,
                26.173226227986916,
                25.56670195260729,
                25.623288512788164,
                25.704592391856277,
                25.71191796797342,
                25.633238364999514,
                25.483799553251075,
                25.292542826064267,
                25.098820092657455,
                24.913764721344663,
                24.744037894171846,
                25.05133264423063,
                26.550008345764937,
                28.728042966229566,
                30.66187004769032,
                31.114234665672733,
                29.3925519917891,
                26.62060415884328,
                25.11476776119459,
                25.135035337613036,
                25.57210514678339,
                25.743122979984765,
                25.743122979984765,
                25.743122979984765,
                25.743122979984765,
                25.743122979984765,
                25.743122979984765,
                25.743122979984765,
                25.743122979984765,
                25.743122979984765,
                25.743122979984765,
                25.743122979984765,
                25.743122979984765,
                25.743122979984765,
                25.639833760656227,
                25.376088780912642,
                25.13955661606942,
                25.351583201304717,
                26.476528334320843,
                28.393082837454102,
                29.95042847614021,
                30.216628466725897,
                29.233102908114283,
                27.625998407458837,
                26.173226227986916,
                25.56670195260729,
                25.623288512788164,
                25.704592391856277,
                25.71191796797342,
                25.633238364999514,
                25.483799553251075,
                25.292542826064267,
                25.098820092657455,
                24.913764721344663,
                24.744037894171846,
                25.05133264423063,
                26.550008345764937,
                28.728042966229566,
                30.66187004769032,
                31.114234665672733,
                29.3925519917891,
                26.62060415884328,
                25.11476776119459,
                25.135035337613036,
                25.57210514678339,
                25.743122979984765,
                25.56670195260729,
                25.56670195260729,
                25.56670195260729,
                25.56670195260729,
                25.56670195260729,
                25.56670195260729,
                25.56670195260729,
                25.56670195260729,
                25.56670195260729,
                25.56670195260729,
                25.56670195260729,
                25.56670195260729,
                25.56670195260729,
                24.744037894171846,
                24.744037894171846,
                24.74403789417184,
                24.744037894171846,
                24.74403789417184,
                24.744037894171846,
                24.744037894171846,
                24.744037894171846,
                24.744037894171846,
                24.744037894171846,
                24.744037894171846,
                24.744037894171846,
                24.744037894171846
            ],
            "Node_10": [
                43.513692132435125,
                43.49998143705593,
                43.778049503109024,
                44.78145752271085,
                46.353992514691924,
                47.776501256342115,
                48.371081172713055,
                48.318484576522636,
                48.160223375327504,
                48.055122584865806,
                47.96513723860833,
                47.875379428161544,
                47.83470158257459,
                48.08431931003647,
                48.75846831875754,
                49.6912696527932,
                50.716407955324264,
                51.7037026665853,
                52.56298316258609,
                53.23892861147669,
                53.69826464139417,
                53.91169038420357,
                53.65544120407261,
                53.03083469569831,
                52.26781256982744,
                51.44607652338821,
                50.5527566623047,
                49.322540699742646,
                47.76889537095846,
                45.94886668933762,
                44.385976877255,
                43.64128664108463,
                43.513692132435125,
                43.513692132435125,
                43.513692132435125,
                43.513692132435125,
                43.513692132435125,
                43.513692132435125,
                43.513692132435125,
                43.513692132435125,
                43.513692132435125,
                43.513692132435125,
                43.513692132435125,
                43.513692132435125,
                43.513692132435125,
                43.49998143705593,
                43.778049503109024,
                44.78145752271085,
                46.353992514691924,
                47.776501256342115,
                48.371081172713055,
                48.318484576522636,
                48.160223375327504,
                48.055122584865806,
                47.96513723860833,
                47.875379428161544,
                47.83470158257459,
                48.08431931003647,
                48.75846831875754,
                49.6912696527932,
                50.716407955324264,
                51.7037026665853,
                52.56298316258609,
                53.23892861147669,
                53.69826464139417,
                53.91169038420357,
                53.65544120407261,
                53.03083469569831,
                52.26781256982744,
                51.44607652338821,
                50.5527566623047,
                49.322540699742646,
                47.76889537095846,
                45.94886668933762,
                44.385976877255,
                43.64128664108463,
                43.513692132435125,
                47.83470158257459,
                47.83470158257459,
                47.83470158257459,
                47.83470158257459,
                47.83470158257459,
                47.83470158257459,
                47.83470158257459,
                47.83470158257459,
                47.83470158257459,
                47.83470158257459,
                47.83470158257459,
                47.83470158257459,
                47.83470158257459,
                53.91169038420357,
                53.91169038420357,
                53.9116903842036,
                53.91169038420357,
                53.9116903842036,
                53.91169038420357,
                53.91169038420357,
                53.91169038420357,
                53.91169038420357,
                53.91169038420357,
                53.91169038420357,
                53.91169038420357,
                53.91169038420357
            ],
            "Node_11": [
                54.82072670479197,
                54.532970036667564,
                53.83308994036607,
                53.02150953530851,
                52.295109892918745,
                51.832317144569416,
                51.91783258079902,
                52.46100369666902,
                53.15820258428224,
                53.84972046405905,
                54.37715374188106,
                54.656269439592734,
                54.73290860966443,
                54.72503532053127,
                54.710710982871,
                54.700022403704764,
                54.68739225254468,
                54.66390722617636,
                54.62273064083887,
                54.54919410989586,
                54.42876262817858,
                54.27611195600381,
                54.065090314328074,
                53.61338406337547,
                52.86649884622327,
                51.92828284998764,
                51.121368676500516,
                51.06102890231182,
                51.63230260871905,
                52.490618958868446,
                53.45532960378307,
                54.390922369404564,
                54.82072670479197,
                54.82072670479197,
                54.82072670479197,
                54.82072670479197,
                54.82072670479197,
                54.82072670479197,
                54.82072670479197,
                54.82072670479197,
                54.82072670479197,
                54.82072670479197,
                54.82072670479197,
                54.82072670479197,
                54.82072670479197,
                54.532970036667564,
                53.83308994036607,
                53.02150953530851,
                52.295109892918745,
                51.832317144569416,
                51.91783258079902,
                52.46100369666902,
                53.15820258428224,
                53.84972046405905,
                54.37715374188106,
                54.656269439592734,
                54.73290860966443,
                54.72503532053127,
                54.710710982871,
                54.700022403704764,
                54.68739225254468,
                54.66390722617636,
                54.62273064083887,
                54.54919410989586,
                54.42876262817858,
                54.27611195600381,
                54.065090314328074,
                53.61338406337547,
                52.86649884622327,
                51.92828284998764,
                51.121368676500516,
                51.06102890231182,
                51.63230260871905,
                52.490618958868446,
                53.45532960378307,
                54.390922369404564,
                54.82072670479197,
                54.73290860966443,
                54.73290860966443,
                54.73290860966443,
                54.73290860966443,
                54.73290860966443,
                54.73290860966443,
                54.73290860966443,
                54.73290860966443,
                54.73290860966443,
                54.73290860966443,
                54.73290860966443,
                54.73290860966443,
                54.73290860966443,
                54.27611195600381,
                54.27611195600381,
                54.27611195600381,
                54.27611195600381,
                54.27611195600381,
                54.27611195600381,
                54.27611195600381,
                54.27611195600381,
                54.27611195600381,
                54.27611195600381,
                54.27611195600381,
                54.27611195600381,
                54.27611195600381
            ],
            "Node_12": [
                69.16844206111513,
                69.27409414321042,
                69.42045307315028,
                69.66980036560767,
                70.02221327036474,
                70.44287399885569,
                70.89501579023626,
                71.35803664017885,
                71.81595039022936,
                72.238868050538,
                72.58528969575462,
                72.81528596929863,
                72.89667439021386,
                72.96735537776479,
                73.17869331832814,
                73.52927255355614,
                74.01083402469155,
                74.22056811510832,
                74.33304124905199,
                74.4334896129566,
                74.49345153944817,
                74.48879981457314,
                74.29429443215949,
                73.8388337925349,
                73.1593692739356,
                72.33618999541744,
                71.49046939184383,
                70.75223496489194,
                70.17553487881419,
                69.74403524955365,
                69.43358266747573,
                69.2429926428492,
                69.16844206111513,
                69.16844206111513,
                69.16844206111513,
                69.16844206111513,
                69.16844206111513,
                69.16844206111513,
                69.16844206111513,
                69.16844206111513,
                69.16844206111513,
                69.16844206111513,
                69.16844206111513,
                69.16844206111513,
                69.16844206111513,
                69.27409414321042,
                69.42045307315028,
                69.66980036560767,
                70.02221327036474,
                70.44287399885569,
                70.89501579023626,
                71.35803664017885,
                71.81595039022936,
                72.238868050538,
                72.58528969575462,
                72.81528596929863,
                72.89667439021386,
                72.96735537776479,
                73.17869331832814,
                73.52927255355614,
                74.01083402469155,
                74.22056811510832,
                74.33304124905199,
                74.4334896129566,
                74.49345153944817,
                74.48879981457314,
                74.29429443215949,
                73.8388337925349,
                73.1593692739356,
                72.33618999541744,
                71.49046939184383,
                70.75223496489194,
                70.17553487881419,
                69.74403524955365,
                69.43358266747573,
                69.2429926428492,
                69.16844206111513,
                72.89667439021386,
                72.89667439021386,
                72.89667439021386,
                72.89667439021386,
                72.89667439021386,
                72.89667439021386,
                72.89667439021386,
                72.89667439021386,
                72.89667439021386,
                72.89667439021386,
                72.89667439021386,
                72.89667439021386,
                72.89667439021386,
                74.48879981457314,
                74.48879981457314,
                74.4887998145732,
                74.48879981457314,
                74.4887998145732,
                74.48879981457314,
                74.48879981457314,
                74.48879981457314,
                74.48879981457314,
                74.48879981457314,
                74.48879981457314,
                74.48879981457314,
                74.48879981457314
            ],
            "Node_13": [
                69.2662312946978,
                69.38561893801291,
                69.82202250137276,
                70.40569537777151,
                71.22868004585779,
                72.29302637248958,
                72.89390740680534,
                73.25476523710311,
                73.47165025829783,
                73.66977774706709,
                73.82929253302346,
                73.92960989753648,
                73.96273954806222,
                73.97406371365551,
                74.00566988876874,
                74.05713159977442,
                74.1411158994608,
                74.65517859629584,
                75.37481546971752,
                76.09034446785695,
                76.63958620816521,
                76.66718191887767,
                76.17227132122213,
                75.3320290828416,
                74.43116863053154,
                73.64784743514166,
                73.05328699481719,
                72.63983398418489,
                72.35098872110113,
                71.04260048634455,
                70.03665992174712,
                69.47509815712141,
                69.2662312946978,
                69.2662312946978,
                69.2662312946978,
                69.2662312946978,
                69.2662312946978,
                69.2662312946978,
                69.2662312946978,
                69.2662312946978,
                69.2662312946978,
                69.2662312946978,
                69.2662312946978,
                69.2662312946978,
                69.2662312946978,
                69.38561893801291,
                69.82202250137276,
                70.40569537777151,
                71.22868004585779,
                72.29302637248958,
                72.89390740680534,
                73.25476523710311,
                73.47165025829783,
                73.66977774706709,
                73.82929253302346,
                73.92960989753648,
                73.96273954806222,
                73.97406371365551,
                74.00566988876874,
                74.05713159977442,
                74.1411158994608,
                74.65517859629584,
                75.37481546971752,
                76.09034446785695,
                76.63958620816521,
                76.66718191887767,
                76.17227132122213,
                75.3320290828416,
                74.43116863053154,
                73.64784743514166,
                73.05328699481719,
                72.63983398418489,
                72.35098872110113,
                71.04260048634455,
                70.03665992174712,
                69.47509815712141,
                69.2662312946978,
                73.96273954806222,
                73.96273954806222,
                73.96273954806222,
                73.96273954806222,
                73.96273954806222,
                73.96273954806222,
                73.96273954806222,
                73.96273954806222,
                73.96273954806222,
                73.96273954806222,
                73.96273954806222,
                73.96273954806222,
                73.96273954806222,
                76.66718191887767,
                76.66718191887767,
                76.66718191887766,
                76.66718191887767,
                76.66718191887766,
                76.66718191887767,
                76.66718191887767,
                76.66718191887767,
                76.66718191887767,
                76.66718191887767,
                76.66718191887767,
                76.66718191887767,
                76.66718191887767
            ],
            "Node_14": [
                72.28027929247233,
                72.25357465680851,
                72.19174369826013,
                72.1696165851194,
                72.29127175327336,
                72.83598823341782,
                73.03914702578233,
                73.51664071850026,
                74.20029776016688,
                74.8894337201941,
                75.49961968181952,
                75.92782959327151,
                76.08284501233199,
                76.10711665126338,
                76.17924732445877,
                76.28810674388197,
                76.4123544522357,
                76.53710158697386,
                76.6533255204202,
                76.74236392300443,
                76.77231958131131,
                76.89982779037219,
                76.6717176813567,
                76.06421563883167,
                75.27051027183032,
                74.47891591053954,
                73.81548974424231,
                73.26834837238539,
                72.6897533115121,
                72.20775269780026,
                72.17876293996324,
                72.24769100867704,
                72.28027929247233,
                72.28027929247233,
                72.28027929247233,
                72.28027929247233,
                72.28027929247233,
                72.28027929247233,
                72.28027929247233,
                72.28027929247233,
                72.28027929247233,
                72.28027929247233,
                72.28027929247233,
                72.28027929247233,
                72.28027929247233,
                72.25357465680851,
                72.19174369826013,
                72.1696165851194,
                72.29127175327336,
                72.83598823341782,
                73.03914702578233,
                73.51664071850026,
                74.20029776016688,
                74.8894337201941,
                75.49961968181952,
                75.92782959327151,
                76.08284501233199,
                76.10711665126338,
                76.17924732445877,
                76.28810674388197,
                76.4123544522357,
                76.53710158697386,
                76.6533255204202,
                76.74236392300443,
                76.77231958131131,
                76.89982779037219,
                76.6717176813567,
                76.06421563883167,
                75.27051027183032,
                74.47891591053954,
                73.81548974424231,
                73.26834837238539,
                72.6897533115121,
                72.20775269780026,
                72.17876293996324,
                72.24769100867704,
                72.28027929247233,
                76.08284501233199,
                76.08284501233199,
                76.08284501233199,
                76.08284501233199,
                76.08284501233199,
                76.08284501233199,
                76.08284501233199,
                76.08284501233199,
                76.08284501233199,
                76.08284501233199,
                76.08284501233199,
                76.08284501233199,
                76.08284501233199,
                76.89982779037219,
                76.89982779037219,
                76.89982779037217,
                76.89982779037219,
                76.89982779037217,
                76.89982779037219,
                76.89982779037219,
                76.89982779037219,
                76.89982779037219,
                76.89982779037219,
                76.89982779037219,
                76.89982779037219,
                76.89982779037219
            ],
            "Node_15": [
                72.46154950495375,
                72.46297253177801,
                72.48791576525893,
                72.55456302091392,
                72.67056207090864,
                72.90692823041337,
                74.86369485706663,
                77.29734779651314,
                79.39368746369405,
                80.67413489222471,
                81.21314488132565,
                81.35602796875489,
                81.3739342390834,
                81.33206872133111,
                81.2114086259645,
                81.02807969021524,
                80.79502502275194,
                80.5026880515141,
                80.14641478789719,
                79.7795483390948,
                79.51459639686853,
                79.45929886629669,
                79.7730203271204,
                80.21101643697898,
                80.4133694909108,
                79.91842748976492,
                78.29349845253752,
                75.68206524237476,
                73.14166794471251,
                72.5939174276651,
                72.45830709614921,
                72.44178094922854,
                72.46154950495375,
                72.46154950495375,
                72.46154950495375,
                72.46154950495375,
                72.46154950495375,
                72.46154950495375,
                72.46154950495375,
                72.46154950495375,
                72.46154950495375,
                72.46154950495375,
                72.46154950495375,
                72.46154950495375,
                72.46154950495375,
                72.46297253177801,
                72.48791576525893,
                72.55456302091392,
                72.67056207090864,
                72.90692823041337,
                74.86369485706663,
                77.29734779651314,
                79.39368746369405,
                80.67413489222471,
                81.21314488132565,
                81.35602796875489,
                81.3739342390834,
                81.33206872133111,
                81.2114086259645,
                81.02807969021524,
                80.79502502275194,
                80.5026880515141,
                80.14641478789719,
                79.7795483390948,
                79.51459639686853,
                79.45929886629669,
                79.7730203271204,
                80.21101643697898,
                80.4133694909108,
                79.91842748976492,
                78.29349845253752,
                75.68206524237476,
                73.14166794471251,
                72.5939174276651,
                72.45830709614921,
                72.44178094922854,
                72.46154950495375,
                81.3739342390834,
                81.3739342390834,
                81.3739342390834,
                81.3739342390834,
                81.3739342390834,
                81.3739342390834,
                81.3739342390834,
                81.3739342390834,
                81.3739342390834,
                81.3739342390834,
                81.3739342390834,
                81.3739342390834,
                81.3739342390834,
                79.45929886629669,
                79.45929886629669,
                79.45929886629668,
                79.45929886629669,
                79.45929886629668,
                79.45929886629669,
                79.45929886629669,
                79.45929886629669,
                79.45929886629669,
                79.45929886629669,
                79.45929886629669,
                79.45929886629669,
                79.45929886629669
            ]
        }
    },
    "Phonon_DOS": {
        "DOS": [
            0.0,
            0.0013333333333333333,
            0.0,
            0.006,
            0.012,
            0.0013333333333333333,
            0.006666666666666667,
            0.0026666666666666666,
            0.005333333333333333,
            0.0,
            0.0026666666666666666,
            0.0,
            0.0,
            0.0,
            0.0026666666666666666,
            0.0013333333333333333,
            0.002,
            0.0,
            0.005333333333333333,
            0.0,
            0.0,
            0.005333333333333333,
            0.009333333333333334,
            0.010666666666666666,
            0.010666666666666666,
            0.021333333333333333,
            0.0013333333333333333,
            0.026000000000000002,
            0.037333333333333336,
            0.055999999999999994,
            0.04466666666666667,
            0.042,
            0.034666666666666665,
            0.048,
            0.051333333333333335,
            0.013333333333333334,
            0.004,
            0.016,
            0.02333333333333333,
            0.012666666666666666,
            0.009333333333333334,
            0.006666666666666667,
            0.02,
            0.010666666666666666,
            0.005333333333333333,
            0.006666666666666667,
            0.014666666666666666,
            0.006666666666666667,
            0.0026666666666666666,
            0.0,
            0.0,
            0.0,
            0.0,
            0.0,
            0.0,
            0.0,
            0.0,
            0.0,
            0.0,
            0.0,
            0.002,
            0.0026666666666666666,
            0.0,
            0.008666666666666666,
            0.004,
            0.013333333333333334,
            0.016,
            0.0,
            0.02666666666666667,
            0.016,
            0.02333333333333333,
            0.02066666666666667,
            0.0,
            0.0,
            0.0,
            0.0,
            0.0,
            0.0,
            0.0,
            0.0,
            0.0,
            0.0,
            0.0,
            0.0,
            0.0,
            0.0,
            0.010666666666666666,
            0.016,
            0.013999999999999999,
            0.05266666666666667,
            0.050666666666666665,
            0.032,
            0.021333333333333333,
            0.022000000000000002,
            0.005333333333333333,
            0.0,
            0.010666666666666666,
            0.017333333333333333,
            0.013999999999999999,
            0.0
        ],
        "Energy(meV)": [
            -16.5,
            -15.5,
            -14.5,
            -13.5,
            -12.5,
            -11.5,
            -10.5,
            -9.5,
            -8.5,
            -7.5,
            -6.5,
            -5.5,
            -4.5,
            -3.5,
            -2.5,
            -1.5,
            -0.5,
            0.5,
            1.5,
            2.5,
            3.5,
            4.5,
            5.5,
            6.5,
            7.5,
            8.5,
            9.5,
            10.5,
            11.5,
            12.5,
            13.5,
            14.5,
            15.5,
            16.5,
            17.5,
            18.5,
            19.5,
            20.5,
            21.5,
            22.5,
            23.5,
            24.5,
            25.5,
            26.5,
            27.5,
            28.5,
            29.5,
            30.5,
            31.5,
            32.5,
            33.5,
            34.5,
            35.5,
            36.5,
            37.5,
            38.5,
            39.5,
            40.5,
            41.5,
            42.5,
            43.5,
            44.5,
            45.5,
            46.5,
            47.5,
            48.5,
            49.5,
            50.5,
            51.5,
            52.5,
            53.5,
            54.5,
            55.5,
            56.5,
            57.5,
            58.5,
            59.5,
            60.5,
            61.5,
            62.5,
            63.5,
            64.5,
            65.5,
            66.5,
            67.5,
            68.5,
            69.5,
            70.5,
            71.5,
            72.5,
            73.5,
            74.5,
            75.5,
            76.5,
            77.5,
            78.5,
            79.5,
            80.5,
            81.5,
            82.5
        ]
    }
}