{
    "POSCAR": {
        "Atomes": "   Hf    C   Br\n",
        "coordinate": "Direct\n",
        "unit_cell": {
            "a_vector": "3.4347727747603596   1.8826167069339392e-07   1.926567196062713e-07\n",
            "b_vector": "-1.7173862242866853   2.9746004244230484   -2.3627695668896277e-07\n",
            "c_vector": "1.5455933223949723e-06   -1.2964297498582373e-06   31.12875912283854\n"
        },
        "positions": {
            "Hf": [
                "0.3333333511010743   0.6666666552714383   0.16214883081882966\n",
                "0.6666666712025424   0.33333333580072183   0.23785116955120128\n"
            ],
            "C": [
                "-1.8872008345556475e-08   1.1067705411535537e-08   0.19999999941519625\n"
            ],
            "Br": [
                "0.33333333645561614   0.6666666601809055   0.30065898463844737\n",
                "0.666666659870493   0.3333333378247369   0.09934101557632628\n"
            ]
        }
    },
    "Termo_data": {
        "Temperature (K)": [
            0,
            10,
            20,
            30,
            40,
            50,
            60,
            70,
            80,
            90,
            100,
            110,
            120,
            130,
            140,
            150,
            160,
            170,
            180,
            190,
            200,
            210,
            220,
            230,
            240,
            250,
            260,
            270,
            280,
            290,
            300,
            310,
            320,
            330,
            340,
            350,
            360,
            370,
            380,
            390,
            400,
            410,
            420,
            430,
            440,
            450,
            460,
            470,
            480,
            490,
            500,
            510,
            520,
            530,
            540,
            550,
            560,
            570,
            580,
            590,
            600,
            610,
            620,
            630,
            640,
            650,
            660,
            670,
            680,
            690,
            700,
            710,
            720,
            730,
            740,
            750,
            760,
            770,
            780,
            790,
            800,
            810,
            820,
            830,
            840,
            850,
            860,
            870,
            880,
            890,
            900,
            910,
            920,
            930,
            940,
            950,
            960,
            970,
            980,
            990,
            1000,
            1010,
            1020,
            1030,
            1040,
            1050,
            1060,
            1070,
            1080,
            1090,
            1100,
            1110,
            1120,
            1130,
            1140,
            1150,
            1160,
            1170,
            1180,
            1190,
            1200,
            1210,
            1220,
            1230,
            1240,
            1250,
            1260,
            1270,
            1280,
            1290,
            1300,
            1310,
            1320,
            1330,
            1340,
            1350,
            1360,
            1370,
            1380,
            1390,
            1400,
            1410,
            1420,
            1430,
            1440,
            1450,
            1460,
            1470,
            1480,
            1490,
            1500,
            1510,
            1520,
            1530,
            1540,
            1550,
            1560,
            1570,
            1580,
            1590,
            1600,
            1610,
            1620,
            1630,
            1640,
            1650,
            1660,
            1670,
            1680,
            1690,
            1700,
            1710,
            1720,
            1730,
            1740,
            1750,
            1760,
            1770,
            1780,
            1790,
            1800,
            1810,
            1820,
            1830,
            1840,
            1850,
            1860,
            1870,
            1880,
            1890,
            1900,
            1910,
            1920,
            1930,
            1940,
            1950,
            1960,
            1970
        ],
        "Gibbs_free(J/mole)": [
            -568321.9136085378,
            -568322.2481421276,
            -568324.2220554195,
            -568329.5697603041,
            -568341.6840654844,
            -568364.1538883866,
            -568399.5622659884,
            -568449.3526058756,
            -568514.1161795928,
            -568593.9045946432,
            -568688.4606361276,
            -568797.366431095,
            -568920.1320128067,
            -569056.2454130664,
            -569205.1995980407,
            -569366.5059995425,
            -569539.7004661391,
            -569724.3451877905,
            -569920.0285014629,
            -570126.3636784205,
            -570342.9872938303,
            -570569.5575087492,
            -570805.7523801122,
            -571051.2682769316,
            -571305.8184332149,
            -571569.1316575172,
            -571840.951149184,
            -572121.0334273088,
            -572409.1473843771,
            -572705.0734139752,
            -573008.6026232861,
            -573319.5361118122,
            -573637.6843258768,
            -573962.8664469087,
            -574294.9098514236,
            -574633.6495946442,
            -574978.927947095,
            -575330.5939654008,
            -575688.5030880774,
            -576052.5167634838,
            -576422.5021143187,
            -576798.3316084244,
            -577179.8827708416,
            -577567.0378985272,
            -577959.6838070602,
            -578357.7116289681,
            -578761.0164398996,
            -579169.4972659138,
            -579583.0567336373,
            -580001.6009472674,
            -580425.0392934324,
            -580853.2842797866,
            -581286.2514067483,
            -581723.858993791,
            -582166.0280581797,
            -582612.6822098049,
            -583063.7474874028,
            -583519.1522898249,
            -583978.8272532339,
            -584442.7051446213,
            -584910.7207819086,
            -585382.810931857,
            -585858.9142399373,
            -586338.9711450537,
            -586822.9237988009,
            -587310.7160044082,
            -587802.2931466209,
            -588297.6021167964,
            -588796.5912775586,
            -589299.2103753012,
            -589805.4105109778,
            -590315.144069172,
            -590828.3646898426,
            -591345.0271973455,
            -591865.0875719966,
            -592388.5029076329,
            -592915.2313574041,
            -593445.2321224485,
            -593978.465373369,
            -594514.8922600109,
            -595054.4748532361,
            -595597.1761086225,
            -596142.9598494609,
            -596691.7907393676,
            -597243.6342383573,
            -597798.4565916297,
            -598356.2247919268,
            -598916.9065696524,
            -599480.4703553271,
            -600046.8852623265,
            -600616.1210651619,
            -601188.1481852912,
            -601762.9376615314,
            -602340.4611310919,
            -602920.6908200578,
            -603503.5995230133,
            -604089.1605777714,
            -604677.3478647495,
            -605268.1357667607,
            -605861.4991853433,
            -606457.413502143,
            -607055.854574759,
            -607656.7987244239,
            -608260.2227207506,
            -608866.103760906,
            -609474.4194761642,
            -610085.1478988923,
            -610698.2674786078,
            -611313.7570489608,
            -611931.5958107347,
            -612551.7633543403,
            -613174.239619983,
            -613799.0048940057,
            -614426.0398080914,
            -615055.3253491352,
            -615686.8428074406,
            -616320.5737824226,
            -616956.5001952187,
            -617594.6042699747,
            -618234.8685327619,
            -618877.275866466,
            -619521.8092114155,
            -620168.4519652914,
            -620817.1877705288,
            -621468.0004997093,
            -622120.8742881455,
            -622775.7935290135,
            -623432.7428418606,
            -624091.706565682,
            -624752.6707959934,
            -625415.6203943429,
            -626080.5409005429,
            -626747.4180695887,
            -627416.2378715596,
            -628086.986502135,
            -628759.6503587574,
            -629434.2160116629,
            -630110.6702345702,
            -630788.9999762675,
            -631469.192424659,
            -632151.2349114101,
            -632835.114941532,
            -633520.8202053043,
            -634208.3385497564,
            -634897.6579949852,
            -635588.7667713765,
            -636281.653212819,
            -636976.3058349717,
            -637672.7132562842,
            -638370.8643634354,
            -639070.7480623291,
            -639772.3534774493,
            -640475.6699299845,
            -641180.6867037566,
            -641887.3934000458,
            -642595.7796332989,
            -643305.8352458219,
            -644017.5501631725,
            -644730.9143830669,
            -645445.9181440936,
            -646162.5517454563,
            -646880.8055532366,
            -647600.6701870161,
            -648322.1362613457,
            -649045.1944754038,
            -649769.8358474581,
            -650496.051316173,
            -651223.8318878921,
            -651953.1688737819,
            -652684.0535733016,
            -653416.4773877371,
            -654150.4317969751,
            -654885.9084479366,
            -655622.8990022604,
            -656361.3953416614,
            -657101.3892856983,
            -657842.8728807975,
            -658585.8381960215,
            -659330.277368055,
            -660076.1827341497,
            -660823.5465055796,
            -661572.3611903366,
            -662322.6193536603,
            -663074.3135576978,
            -663827.4363923356,
            -664581.9807008967,
            -665337.9392803333,
            -666095.3050975102,
            -666854.0710301691,
            -667614.2302321153,
            -668375.7758693337,
            -669138.70107702,
            -669902.9990411311,
            -670668.6632941698,
            -671435.6872049212,
            -672204.0642026882,
            -672973.7878744041,
            -673744.8517703824
        ],
        "Cp(J/mole.K)": [
            -0.0,
            0.16631377491576133,
            0.7576781591633335,
            2.0446882429561812,
            4.041619043902028,
            6.326823675815832,
            8.501356965053128,
            10.386822473746722,
            11.958108586096209,
            13.254715728972224,
            14.331730036064982,
            15.239715017835263,
            16.018862566456658,
            16.699021464088577,
            17.301649002579502,
            17.841975664399804,
            18.330866890121257,
            18.776203512420757,
            19.18384066962172,
            19.55828635681535,
            19.9031469572801,
            20.221392373228475,
            20.515531751437827,
            20.787752131812148,
            21.039997719833636,
            21.273993253780652,
            21.491287495562574,
            21.69329639048664,
            21.881302601157202,
            22.056465598705117,
            22.219847761269182,
            22.372418876050528,
            22.51505836490543,
            22.648570427228677,
            22.773684605921105,
            22.891070143465114,
            23.001340779871782,
            23.105045276833724,
            23.20269099590366,
            23.294745686298203,
            23.38163028168495,
            23.463731291176984,
            23.541398680501032,
            23.6149983634649,
            23.684756282751977,
            23.75089481781476,
            23.813810033217273,
            23.873702179390172,
            23.930719268694588,
            23.985072677905485,
            24.036941901140274,
            24.086511393572437,
            24.1338995500236,
            24.179265162497252,
            24.22275001887465,
            24.264438008496576,
            24.304471251228705,
            24.342954056346247,
            24.379956123232965,
            24.415575347901946,
            24.449894030985888,
            24.482999590685445,
            24.514956294046627,
            24.54581769835768,
            24.575662330165642,
            24.604536179875325,
            24.632492144359276,
            24.659594745215145,
            24.685874218586832,
            24.71137600637735,
            24.73615452955695,
            24.760245887376318,
            24.783665920794167,
            24.80646235769969,
            24.828671018947922,
            24.850320990590102,
            24.87143805900139,
            24.892026287541434,
            24.912154609209285,
            24.931829321954865,
            24.951032715383974,
            24.969833820580913,
            24.988254976959375,
            25.00628464759799,
            25.02394581340492,
            25.041267241409635,
            25.058271136297783,
            25.074954366704333,
            25.091322155762526,
            25.107412396761166,
            25.12324470313615,
            25.13880195180853,
            25.15409296083969,
            25.169162230618465,
            25.18400808999418,
            25.19863081000201,
            25.213035061676123,
            25.227223729752655,
            25.241238662873954,
            25.25507033437912,
            25.26871724636308,
            25.282210353971315,
            25.29552621332703,
            25.30866926156159,
            25.321663910639472,
            25.33452345407568,
            25.34728201789526,
            25.35988190247161,
            25.37231933990276,
            25.384675156100847,
            25.396894286008163,
            25.408951336509435,
            25.420963299507434,
            25.432941755393163,
            25.44473774996004,
            25.45636673328433,
            25.467957367910756,
            25.479528062778908,
            25.49127137027149,
            25.502714803215518,
            25.513507002498272,
            25.524588390966528,
            25.535928557015723,
            25.54697239750478,
            25.55793414774834,
            25.56886280799553,
            25.57802319721668,
            25.5885963259092,
            25.602534376084805,
            25.613435093752557,
            25.622501400677535,
            25.632987680245982,
            25.643499091803847,
            25.654091302092624,
            25.664607887883903,
            25.674936575712838,
            25.685147261153134,
            25.69542639551219,
            25.705848356366044,
            25.716135574810323,
            25.726255630201393,
            25.736347013791114,
            25.746360042987888,
            25.756492889331593,
            25.766741350293156,
            25.776802160093624,
            25.786613554775457,
            25.79653339162697,
            25.806621544737876,
            25.816431174287573,
            25.826481039257487,
            25.83652390775721,
            25.846089142654307,
            25.855864873883547,
            25.865746501704702,
            25.875701284065364,
            25.885436729213467,
            25.89499536100417,
            25.904989319918187,
            25.914727182349402,
            25.924316681921482,
            25.93427833831811,
            25.943679652508354,
            25.95317786355468,
            25.963464764866046,
            25.972874076570847,
            25.981974884245318,
            25.99206777292735,
            26.002016654633678,
            26.01137416495476,
            26.020821538259042,
            26.03039639081714,
            26.04008415860565,
            26.049813009823737,
            26.059307539190456,
            26.068992623259213,
            26.07857173415732,
            26.08815303726663,
            26.09769368893467,
            26.106783312514963,
            26.11669750203248,
            26.12694806357296,
            26.136067205643954,
            26.145099457592785,
            26.15490688337013,
            26.16479704264176,
            26.174207546793994,
            26.183450110308527,
            26.19351984494213,
            26.203481166301017,
            26.212080006545335,
            26.22130246994493,
            26.231961564346875,
            26.241685853298712,
            26.25065261065666,
            26.25996348229819,
            26.26941285666544,
            26.27960470712015
        ],
        "S(J/mole.K)": [
            0,
            0.08315688745788066,
            0.35573331470659475,
            0.8859342283234583,
            1.731917982637242,
            2.8698027307065788,
            4.210931512042589,
            5.661293816778926,
            7.150591494391847,
            8.634346377076872,
            10.087305974934134,
            11.496606795729896,
            12.856773721658103,
            14.166496384904896,
            15.426682477022407,
            16.639331034975477,
            17.806903147438426,
            18.931984017531796,
            20.017109760353925,
            21.064685969630958,
            22.076956389794944,
            23.05599678689905,
            24.00372059533111,
            24.921890335630454,
            25.812131276499713,
            26.67594442740519,
            27.514718282780084,
            28.329739984014303,
            29.122205241398476,
            29.89322667748056,
            30.64384136313456,
            31.37501762489846,
            32.08766087759286,
            32.78261882253282,
            33.46068610707879,
            34.122608521400245,
            34.76908687555114,
            35.40078028351708,
            36.01830919083149,
            36.62225834228883,
            37.21317930653168,
            37.79159274957929,
            38.35799056030228,
            38.91283831072505,
            39.45657627270993,
            39.98962006177753,
            40.5123646543172,
            41.02518597064772,
            41.52843985146319,
            42.02246381674922,
            42.50757887533109,
            42.98409056290693,
            43.4522895579139,
            43.91245255947433,
            44.364843556989214,
            44.80971407946345,
            45.24730408714095,
            45.677842979446,
            46.1015496996959,
            46.51863339073171,
            46.92929416314728,
            47.333723604585984,
            47.73210518953566,
            48.12461452694261,
            48.511419965868114,
            48.89268299074465,
            49.26855844263919,
            49.63919505806844,
            50.00473566554429,
            50.36531738863851,
            50.72107214878197,
            51.072126895634575,
            51.41860361553554,
            51.760619683074765,
            52.098288250165936,
            52.431718347438434,
            52.76101503600948,
            53.08627945231128,
            53.40760928542295,
            53.725098972313575,
            54.038839314898354,
            54.348918046039756,
            54.655420231106106,
            54.958427908463634,
            55.25802023583819,
            55.55427386625961,
            55.84726306115335,
            56.13705961718078,
            56.423732880753235,
            56.7073500898172,
            56.987976550134775,
            57.26567541726836,
            57.54050772967894,
            57.81253283314873,
            58.081808399497824,
            58.34839026202244,
            58.61233252565289,
            58.87368765231949,
            59.13250671795249,
            59.38883940813975,
            59.64273385464621,
            59.8942368980759,
            60.14339403279009,
            60.39024932808097,
            60.63484571465669,
            60.877225071334394,
            61.11742831023875,
            61.35549508230615,
            61.591463644734176,
            61.825371550141426,
            62.057255442733,
            62.28715060705581,
            62.51509178610722,
            62.741113369919184,
            62.96524823740328,
            63.1875278197389,
            63.40798335341096,
            63.62664590378408,
            63.843546637585675,
            64.05871476320317,
            64.27217530625931,
            64.48395509118419,
            64.69408404183778,
            64.90258896803425,
            65.10949463540456,
            65.31482627271618,
            65.5186018160006,
            65.72084441327316,
            65.92159681839985,
            66.12088359851478,
            66.31870856103342,
            66.51509247418434,
            66.71006277128181,
            66.90364118980216,
            67.09584860433388,
            67.28670442428992,
            67.47622747043788,
            67.66443708734877,
            67.85135314752551,
            68.03699436405296,
            68.22137793324801,
            68.40452105953446,
            68.5864408987618,
            68.76715476354147,
            68.94668028289743,
            69.12503365949814,
            69.30222950458119,
            69.47828313583014,
            69.65321097893175,
            69.82702783055429,
            69.99974842006195,
            70.17138809386088,
            70.34195952760346,
            70.51147584811551,
            70.67995183498715,
            70.84740153556339,
            71.0138376830684,
            71.17927196452365,
            71.34371791691956,
            71.50718858399777,
            71.66969492640345,
            71.83124965310998,
            71.99186397553275,
            72.15154803592158,
            72.3103159157341,
            72.46817849952494,
            72.62514313903957,
            72.78122266172868,
            72.93643017825234,
            73.09077386088029,
            73.24426241723268,
            73.39690651543496,
            73.54871670464927,
            73.69970310062199,
            73.84987464517035,
            73.99924054887815,
            74.1478102364621,
            74.29559243554249,
            74.4425959114451,
            74.58882801551809,
            74.73429837320145,
            74.87901864482993,
            75.02299491694139,
            75.16623199734605,
            75.30873981184851,
            75.45052859606221,
            75.59160503672028,
            75.73197503458941,
            75.87164787609217,
            76.01063287144788,
            76.14893340810667,
            76.28655471908132,
            76.42350927205115,
            76.5598053140653,
            76.69544527733377,
            76.83043483819347,
            76.96478188619949,
            77.0984951988401
        ]
    },
    "Phonon_data": {
        "Numb_Node": 15,
        "total_n_kpoints": 100,
        "frequency": {
            "Node_1": [
                -0.03610414580890923,
                0.34931870124043324,
                1.4332339984067641,
                2.9333585479755975,
                4.6466183066516145,
                6.437818304660459,
                8.212602574308628,
                9.882290869451191,
                11.337693846889314,
                12.410092784712964,
                13.056235716060582,
                13.451549585920006,
                13.587907308135293,
                13.645018475502841,
                13.690028990913092,
                13.73433798045484,
                13.80069553690131,
                13.884750707597066,
                13.975407922974572,
                14.059848319615718,
                14.114988492385223,
                14.102507422787221,
                13.968804342567042,
                13.751759967231076,
                13.450737083319682,
                12.07151132753114,
                10.327270052709919,
                8.379152067271736,
                6.289747847354772,
                4.1581963405756674,
                2.148831626051376,
                0.5742157880278865,
                -0.03610414580890923,
                -0.03610414580890923,
                -0.03610414580890923,
                -0.03610414580890923,
                -0.03610414580890923,
                -0.03610414580890923,
                -0.03610414580890923,
                -0.03610414580890923,
                -0.03610414580890923,
                -0.03610414580890923,
                -0.03610414580890923,
                -0.03610414580890923,
                -0.03610414580890923,
                0.34931870124043324,
                1.4332339984067641,
                2.9333585479755975,
                4.6466183066516145,
                6.437818304660459,
                8.212602574308628,
                9.882290869451191,
                11.337693846889314,
                12.410092784712964,
                13.056235716060582,
                13.451549585920006,
                13.587907308135293,
                13.645018475502841,
                13.690028990913092,
                13.73433798045484,
                13.80069553690131,
                13.884750707597066,
                13.975407922974572,
                14.059848319615718,
                14.114988492385223,
                14.102507422787221,
                13.968804342567042,
                13.751759967231076,
                13.450737083319682,
                12.07151132753114,
                10.327270052709919,
                8.379152067271736,
                6.289747847354772,
                4.1581963405756674,
                2.148831626051376,
                0.5742157880278865,
                -0.03610414580890923,
                13.587907308135293,
                13.587907308135293,
                13.587907308135293,
                13.587907308135293,
                13.587907308135293,
                13.587907308135293,
                13.587907308135293,
                13.587907308135293,
                13.587907308135293,
                13.587907308135293,
                13.587907308135293,
                13.587907308135293,
                13.587907308135293,
                14.102507422787221,
                14.102507422787221,
                14.102507422787236,
                14.102507422787221,
                14.102507422787236,
                14.102507422787221,
                14.102507422787221,
                14.102507422787221,
                14.102507422787221,
                14.102507422787221,
                14.102507422787221,
                14.102507422787221,
                14.102507422787221
            ],
            "Node_2": [
                -0.019979055830048047,
                1.6802850299981207,
                3.3479099617036745,
                4.979516276151772,
                6.539507052038062,
                7.999384647731097,
                9.344279831636971,
                10.554890115830855,
                11.59980171452216,
                12.472307757302456,
                13.142016531391153,
                13.536611308088908,
                13.675962232499078,
                13.699084193749421,
                13.888760829227401,
                14.217274666881217,
                14.6182495293389,
                14.609191371441575,
                14.494003912768715,
                14.40526277124696,
                14.360242711204286,
                14.38548121851828,
                14.499795247295268,
                14.46699669230774,
                13.571011184492834,
                13.083800037548752,
                12.068167588873742,
                10.36839546873647,
                8.457532869990754,
                6.406944416314885,
                4.283476483166638,
                2.140177008340135,
                -0.019979055830048047,
                -0.019979055830048047,
                -0.019979055830048047,
                -0.019979055830048047,
                -0.019979055830048047,
                -0.019979055830048047,
                -0.019979055830048047,
                -0.019979055830048047,
                -0.019979055830048047,
                -0.019979055830048047,
                -0.019979055830048047,
                -0.019979055830048047,
                -0.019979055830048047,
                1.6802850299981207,
                3.3479099617036745,
                4.979516276151772,
                6.539507052038062,
                7.999384647731097,
                9.344279831636971,
                10.554890115830855,
                11.59980171452216,
                12.472307757302456,
                13.142016531391153,
                13.536611308088908,
                13.675962232499078,
                13.699084193749421,
                13.888760829227401,
                14.217274666881217,
                14.6182495293389,
                14.609191371441575,
                14.494003912768715,
                14.40526277124696,
                14.360242711204286,
                14.38548121851828,
                14.499795247295268,
                14.46699669230774,
                13.571011184492834,
                13.083800037548752,
                12.068167588873742,
                10.36839546873647,
                8.457532869990754,
                6.406944416314885,
                4.283476483166638,
                2.140177008340135,
                -0.019979055830048047,
                13.675962232499078,
                13.675962232499078,
                13.675962232499078,
                13.675962232499078,
                13.675962232499078,
                13.675962232499078,
                13.675962232499078,
                13.675962232499078,
                13.675962232499078,
                13.675962232499078,
                13.675962232499078,
                13.675962232499078,
                13.675962232499078,
                14.38548121851828,
                14.38548121851828,
                14.385481218518288,
                14.38548121851828,
                14.385481218518288,
                14.38548121851828,
                14.38548121851828,
                14.38548121851828,
                14.38548121851828,
                14.38548121851828,
                14.38548121851828,
                14.38548121851828,
                14.38548121851828
            ],
            "Node_3": [
                -0.01661126931388036,
                2.708210702840628,
                5.270646830118749,
                7.5612436073417975,
                9.459460272185037,
                10.859875825248551,
                11.79830120461242,
                12.4751759694575,
                13.093032668705483,
                13.81659819391985,
                14.655439093929022,
                15.049392901166454,
                15.097402816229456,
                15.075761142279596,
                15.016195637607249,
                14.905847344196085,
                14.785364325780002,
                15.135341212964525,
                15.622479020010843,
                16.06434048109655,
                16.390765021641595,
                16.526601071588132,
                16.11090428780287,
                15.195548982428624,
                14.521877092992563,
                13.528233952705488,
                12.66160714472854,
                12.018509989193062,
                10.931016153724729,
                9.083255692941306,
                6.484974116817929,
                3.3728402493580782,
                -0.01661126931388036,
                -0.01661126931388036,
                -0.01661126931388036,
                -0.01661126931388036,
                -0.01661126931388036,
                -0.01661126931388036,
                -0.01661126931388036,
                -0.01661126931388036,
                -0.01661126931388036,
                -0.01661126931388036,
                -0.01661126931388036,
                -0.01661126931388036,
                -0.01661126931388036,
                2.708210702840628,
                5.270646830118749,
                7.5612436073417975,
                9.459460272185037,
                10.859875825248551,
                11.79830120461242,
                12.4751759694575,
                13.093032668705483,
                13.81659819391985,
                14.655439093929022,
                15.049392901166454,
                15.097402816229456,
                15.075761142279596,
                15.016195637607249,
                14.905847344196085,
                14.785364325780002,
                15.135341212964525,
                15.622479020010843,
                16.06434048109655,
                16.390765021641595,
                16.526601071588132,
                16.11090428780287,
                15.195548982428624,
                14.521877092992563,
                13.528233952705488,
                12.66160714472854,
                12.018509989193062,
                10.931016153724729,
                9.083255692941306,
                6.484974116817929,
                3.3728402493580782,
                -0.01661126931388036,
                15.097402816229456,
                15.097402816229456,
                15.097402816229456,
                15.097402816229456,
                15.097402816229456,
                15.097402816229456,
                15.097402816229456,
                15.097402816229456,
                15.097402816229456,
                15.097402816229456,
                15.097402816229456,
                15.097402816229456,
                15.097402816229456,
                16.526601071588132,
                16.526601071588132,
                16.526601071588132,
                16.526601071588132,
                16.526601071588132,
                16.526601071588132,
                16.526601071588132,
                16.526601071588132,
                16.526601071588132,
                16.526601071588132,
                16.526601071588132,
                16.526601071588132,
                16.526601071588132
            ],
            "Node_4": [
                10.893751396078038,
                10.999065243507834,
                11.27561587562088,
                11.695650323894386,
                12.210647651740105,
                12.769548942668555,
                13.326591797257198,
                13.843914052285108,
                14.291812169277984,
                14.649000870922695,
                14.90370084587984,
                15.345403556123383,
                15.474250294180573,
                15.451276229735473,
                15.429038540660574,
                15.491671479181102,
                15.654291910920854,
                15.895830819211287,
                16.199209038826773,
                16.550136579221814,
                16.93165051756694,
                17.301531280255276,
                16.775317924471306,
                16.279678753183646,
                15.836179097360029,
                15.732055241075223,
                14.91861288605704,
                13.909588727729677,
                12.992191187300532,
                12.184594566506195,
                11.51288788695362,
                11.074344833109768,
                10.893751396078038,
                10.893751396078038,
                10.893751396078038,
                10.893751396078038,
                10.893751396078038,
                10.893751396078038,
                10.893751396078038,
                10.893751396078038,
                10.893751396078038,
                10.893751396078038,
                10.893751396078038,
                10.893751396078038,
                10.893751396078038,
                10.999065243507834,
                11.27561587562088,
                11.695650323894386,
                12.210647651740105,
                12.769548942668555,
                13.326591797257198,
                13.843914052285108,
                14.291812169277984,
                14.649000870922695,
                14.90370084587984,
                15.345403556123383,
                15.474250294180573,
                15.451276229735473,
                15.429038540660574,
                15.491671479181102,
                15.654291910920854,
                15.895830819211287,
                16.199209038826773,
                16.550136579221814,
                16.93165051756694,
                17.301531280255276,
                16.775317924471306,
                16.279678753183646,
                15.836179097360029,
                15.732055241075223,
                14.91861288605704,
                13.909588727729677,
                12.992191187300532,
                12.184594566506195,
                11.51288788695362,
                11.074344833109768,
                10.893751396078038,
                15.474250294180573,
                15.474250294180573,
                15.474250294180573,
                15.474250294180573,
                15.474250294180573,
                15.474250294180573,
                15.474250294180573,
                15.474250294180573,
                15.474250294180573,
                15.474250294180573,
                15.474250294180573,
                15.474250294180573,
                15.474250294180573,
                17.301531280255276,
                17.301531280255276,
                17.301531280255293,
                17.301531280255276,
                17.301531280255293,
                17.301531280255276,
                17.301531280255276,
                17.301531280255276,
                17.301531280255276,
                17.301531280255276,
                17.301531280255276,
                17.301531280255276,
                17.301531280255276
            ],
            "Node_5": [
                10.934151962730315,
                11.30465515327197,
                12.28040325884436,
                13.525593100640611,
                14.620773323614822,
                15.447685206073865,
                16.018229878247062,
                16.1392770423672,
                16.088958292254667,
                15.950781850401375,
                15.767319244630299,
                15.608020969449578,
                15.68465593794217,
                15.796946477742724,
                16.086755405567384,
                16.481955545689388,
                16.91570877464538,
                17.321904488005963,
                17.649340970259388,
                17.87190294013852,
                17.690472316949794,
                17.31940381219295,
                17.703204694270656,
                17.404995541044237,
                16.77552803455907,
                15.946434434163656,
                15.820168294858863,
                15.758851376129352,
                15.300214415265124,
                14.347673116290785,
                12.874787400776107,
                11.493614242622591,
                10.934151962730315,
                10.934151962730315,
                10.934151962730315,
                10.934151962730315,
                10.934151962730315,
                10.934151962730315,
                10.934151962730315,
                10.934151962730315,
                10.934151962730315,
                10.934151962730315,
                10.934151962730315,
                10.934151962730315,
                10.934151962730315,
                11.30465515327197,
                12.28040325884436,
                13.525593100640611,
                14.620773323614822,
                15.447685206073865,
                16.018229878247062,
                16.1392770423672,
                16.088958292254667,
                15.950781850401375,
                15.767319244630299,
                15.608020969449578,
                15.68465593794217,
                15.796946477742724,
                16.086755405567384,
                16.481955545689388,
                16.91570877464538,
                17.321904488005963,
                17.649340970259388,
                17.87190294013852,
                17.690472316949794,
                17.31940381219295,
                17.703204694270656,
                17.404995541044237,
                16.77552803455907,
                15.946434434163656,
                15.820168294858863,
                15.758851376129352,
                15.300214415265124,
                14.347673116290785,
                12.874787400776107,
                11.493614242622591,
                10.934151962730315,
                15.68465593794217,
                15.68465593794217,
                15.68465593794217,
                15.68465593794217,
                15.68465593794217,
                15.68465593794217,
                15.68465593794217,
                15.68465593794217,
                15.68465593794217,
                15.68465593794217,
                15.68465593794217,
                15.68465593794217,
                15.68465593794217,
                17.31940381219295,
                17.31940381219295,
                17.319403812192956,
                17.31940381219295,
                17.319403812192956,
                17.31940381219295,
                17.31940381219295,
                17.31940381219295,
                17.31940381219295,
                17.31940381219295,
                17.31940381219295,
                17.31940381219295,
                17.31940381219295
            ],
            "Node_6": [
                14.937248893423481,
                14.646724274128385,
                14.322222315798628,
                14.275633295975402,
                14.723111412605393,
                15.591976499736436,
                16.17059147615632,
                16.456112632164484,
                16.714538781975243,
                16.931009020446965,
                17.094123876043795,
                17.1956236869325,
                17.23008878168976,
                17.328545995218615,
                17.597918829380845,
                17.959501154148185,
                18.272458028938225,
                18.379665715017328,
                18.274118436092277,
                18.035383187376056,
                18.010140080029313,
                18.05123997883995,
                18.089357464718187,
                18.271494685140908,
                18.202742435032352,
                17.96171947575687,
                17.522939736083497,
                16.62509495530728,
                15.406183758788037,
                14.464451575390834,
                14.235466248521176,
                14.533178374175773,
                14.937248893423481,
                14.937248893423481,
                14.937248893423481,
                14.937248893423481,
                14.937248893423481,
                14.937248893423481,
                14.937248893423481,
                14.937248893423481,
                14.937248893423481,
                14.937248893423481,
                14.937248893423481,
                14.937248893423481,
                14.937248893423481,
                14.646724274128385,
                14.322222315798628,
                14.275633295975402,
                14.723111412605393,
                15.591976499736436,
                16.17059147615632,
                16.456112632164484,
                16.714538781975243,
                16.931009020446965,
                17.094123876043795,
                17.1956236869325,
                17.23008878168976,
                17.328545995218615,
                17.597918829380845,
                17.959501154148185,
                18.272458028938225,
                18.379665715017328,
                18.274118436092277,
                18.035383187376056,
                18.010140080029313,
                18.05123997883995,
                18.089357464718187,
                18.271494685140908,
                18.202742435032352,
                17.96171947575687,
                17.522939736083497,
                16.62509495530728,
                15.406183758788037,
                14.464451575390834,
                14.235466248521176,
                14.533178374175773,
                14.937248893423481,
                17.23008878168976,
                17.23008878168976,
                17.23008878168976,
                17.23008878168976,
                17.23008878168976,
                17.23008878168976,
                17.23008878168976,
                17.23008878168976,
                17.23008878168976,
                17.23008878168976,
                17.23008878168976,
                17.23008878168976,
                17.23008878168976,
                18.05123997883995,
                18.05123997883995,
                18.051239978839945,
                18.05123997883995,
                18.051239978839945,
                18.05123997883995,
                18.05123997883995,
                18.05123997883995,
                18.05123997883995,
                18.05123997883995,
                18.05123997883995,
                18.05123997883995,
                18.05123997883995
            ],
            "Node_7": [
                14.965512274632642,
                14.992766460624363,
                15.128133520260738,
                15.33102469628544,
                15.58253182209476,
                15.868443118413937,
                16.653462516438246,
                17.89020664341819,
                18.1275003881421,
                18.219421869205476,
                18.28756339628802,
                18.328581638016978,
                18.341919838096754,
                18.410772049586388,
                18.600539953815208,
                18.877478916099154,
                19.214373668828014,
                19.591751867957914,
                19.97433520840209,
                20.272729844998647,
                20.40000968115936,
                20.419707956939483,
                20.34944884003426,
                19.799365425754598,
                19.080107434605694,
                18.323709582224158,
                17.5793592327604,
                16.842283130827862,
                16.15789818183256,
                15.60704714826723,
                15.245850117529232,
                15.031008819577531,
                14.965512274632642,
                14.965512274632642,
                14.965512274632642,
                14.965512274632642,
                14.965512274632642,
                14.965512274632642,
                14.965512274632642,
                14.965512274632642,
                14.965512274632642,
                14.965512274632642,
                14.965512274632642,
                14.965512274632642,
                14.965512274632642,
                14.992766460624363,
                15.128133520260738,
                15.33102469628544,
                15.58253182209476,
                15.868443118413937,
                16.653462516438246,
                17.89020664341819,
                18.1275003881421,
                18.219421869205476,
                18.28756339628802,
                18.328581638016978,
                18.341919838096754,
                18.410772049586388,
                18.600539953815208,
                18.877478916099154,
                19.214373668828014,
                19.591751867957914,
                19.97433520840209,
                20.272729844998647,
                20.40000968115936,
                20.419707956939483,
                20.34944884003426,
                19.799365425754598,
                19.080107434605694,
                18.323709582224158,
                17.5793592327604,
                16.842283130827862,
                16.15789818183256,
                15.60704714826723,
                15.245850117529232,
                15.031008819577531,
                14.965512274632642,
                18.341919838096754,
                18.341919838096754,
                18.341919838096754,
                18.341919838096754,
                18.341919838096754,
                18.341919838096754,
                18.341919838096754,
                18.341919838096754,
                18.341919838096754,
                18.341919838096754,
                18.341919838096754,
                18.341919838096754,
                18.341919838096754,
                20.419707956939483,
                20.419707956939483,
                20.4197079569395,
                20.419707956939483,
                20.4197079569395,
                20.419707956939483,
                20.419707956939483,
                20.419707956939483,
                20.419707956939483,
                20.419707956939483,
                20.419707956939483,
                20.419707956939483,
                20.419707956939483
            ],
            "Node_8": [
                15.805977670874583,
                16.289087373722115,
                17.13158492221063,
                17.54575804832053,
                17.651098863676367,
                17.769961531262574,
                17.89516551697166,
                18.019544028558002,
                18.859764481746883,
                19.428463210686502,
                19.623911211221397,
                19.54800266724453,
                19.460715401941577,
                19.455213473242008,
                19.445805907314725,
                19.458238714107534,
                19.55801929192017,
                19.81864329520235,
                20.159350298263178,
                20.426454579180856,
                20.58339206425133,
                20.63310871082873,
                20.43943596449999,
                20.63171286548622,
                20.446574723376134,
                19.878365894109802,
                19.067443607818515,
                18.31885509083588,
                17.914190129252525,
                17.6752961100669,
                17.475941670151716,
                16.483971993663207,
                15.805977670874583,
                15.805977670874583,
                15.805977670874583,
                15.805977670874583,
                15.805977670874583,
                15.805977670874583,
                15.805977670874583,
                15.805977670874583,
                15.805977670874583,
                15.805977670874583,
                15.805977670874583,
                15.805977670874583,
                15.805977670874583,
                16.289087373722115,
                17.13158492221063,
                17.54575804832053,
                17.651098863676367,
                17.769961531262574,
                17.89516551697166,
                18.019544028558002,
                18.859764481746883,
                19.428463210686502,
                19.623911211221397,
                19.54800266724453,
                19.460715401941577,
                19.455213473242008,
                19.445805907314725,
                19.458238714107534,
                19.55801929192017,
                19.81864329520235,
                20.159350298263178,
                20.426454579180856,
                20.58339206425133,
                20.63310871082873,
                20.43943596449999,
                20.63171286548622,
                20.446574723376134,
                19.878365894109802,
                19.067443607818515,
                18.31885509083588,
                17.914190129252525,
                17.6752961100669,
                17.475941670151716,
                16.483971993663207,
                15.805977670874583,
                19.460715401941577,
                19.460715401941577,
                19.460715401941577,
                19.460715401941577,
                19.460715401941577,
                19.460715401941577,
                19.460715401941577,
                19.460715401941577,
                19.460715401941577,
                19.460715401941577,
                19.460715401941577,
                19.460715401941577,
                19.460715401941577,
                20.63310871082873,
                20.63310871082873,
                20.63310871082874,
                20.63310871082873,
                20.63310871082874,
                20.63310871082873,
                20.63310871082873,
                20.63310871082873,
                20.63310871082873,
                20.63310871082873,
                20.63310871082873,
                20.63310871082873,
                20.63310871082873
            ],
            "Node_9": [
                17.369031921314402,
                17.39616659871926,
                17.460067085656007,
                17.92641445414065,
                18.362962634692657,
                18.997834213468817,
                19.83379982207412,
                20.69770006709539,
                21.398529009773224,
                21.742532935344755,
                21.68753148972563,
                21.63584828391655,
                21.64881178530524,
                21.616429731853096,
                21.52398347462624,
                21.385004059799567,
                21.221354810989247,
                21.065838647235257,
                20.97199745866577,
                21.005648182896515,
                21.09822373810151,
                21.110109225898682,
                21.22189321045566,
                20.932099138931246,
                21.25990504140509,
                21.32578335217646,
                20.698082042509952,
                19.815338734506724,
                18.882754259504207,
                18.178736093929647,
                17.66573583530175,
                17.43136575866587,
                17.369031921314402,
                17.369031921314402,
                17.369031921314402,
                17.369031921314402,
                17.369031921314402,
                17.369031921314402,
                17.369031921314402,
                17.369031921314402,
                17.369031921314402,
                17.369031921314402,
                17.369031921314402,
                17.369031921314402,
                17.369031921314402,
                17.39616659871926,
                17.460067085656007,
                17.92641445414065,
                18.362962634692657,
                18.997834213468817,
                19.83379982207412,
                20.69770006709539,
                21.398529009773224,
                21.742532935344755,
                21.68753148972563,
                21.63584828391655,
                21.64881178530524,
                21.616429731853096,
                21.52398347462624,
                21.385004059799567,
                21.221354810989247,
                21.065838647235257,
                20.97199745866577,
                21.005648182896515,
                21.09822373810151,
                21.110109225898682,
                21.22189321045566,
                20.932099138931246,
                21.25990504140509,
                21.32578335217646,
                20.698082042509952,
                19.815338734506724,
                18.882754259504207,
                18.178736093929647,
                17.66573583530175,
                17.43136575866587,
                17.369031921314402,
                21.64881178530524,
                21.64881178530524,
                21.64881178530524,
                21.64881178530524,
                21.64881178530524,
                21.64881178530524,
                21.64881178530524,
                21.64881178530524,
                21.64881178530524,
                21.64881178530524,
                21.64881178530524,
                21.64881178530524,
                21.64881178530524,
                21.110109225898682,
                21.110109225898682,
                21.110109225898693,
                21.110109225898682,
                21.110109225898693,
                21.110109225898682,
                21.110109225898682,
                21.110109225898682,
                21.110109225898682,
                21.110109225898682,
                21.110109225898682,
                21.110109225898682,
                21.110109225898682
            ],
            "Node_10": [
                17.48865757652898,
                17.534070937568313,
                17.687945748118814,
                18.10782366176386,
                19.069776014685562,
                20.01973145598518,
                20.85424211509706,
                21.503400775316877,
                21.936084961873444,
                22.166737320822286,
                22.3219770815053,
                22.35348905224751,
                22.335835123759903,
                22.312748312644068,
                22.24635136569145,
                22.14235865225668,
                22.004686421917604,
                21.83755717661993,
                21.65717772314906,
                21.50711319423185,
                21.454684006155997,
                21.471338794770922,
                21.33240222728008,
                21.55575736666951,
                21.633260142388828,
                21.71869747579468,
                21.56569652000804,
                20.955859143709304,
                20.003242991178446,
                18.837080270992182,
                17.756891117820558,
                17.537269941063382,
                17.48865757652898,
                17.48865757652898,
                17.48865757652898,
                17.48865757652898,
                17.48865757652898,
                17.48865757652898,
                17.48865757652898,
                17.48865757652898,
                17.48865757652898,
                17.48865757652898,
                17.48865757652898,
                17.48865757652898,
                17.48865757652898,
                17.534070937568313,
                17.687945748118814,
                18.10782366176386,
                19.069776014685562,
                20.01973145598518,
                20.85424211509706,
                21.503400775316877,
                21.936084961873444,
                22.166737320822286,
                22.3219770815053,
                22.35348905224751,
                22.335835123759903,
                22.312748312644068,
                22.24635136569145,
                22.14235865225668,
                22.004686421917604,
                21.83755717661993,
                21.65717772314906,
                21.50711319423185,
                21.454684006155997,
                21.471338794770922,
                21.33240222728008,
                21.55575736666951,
                21.633260142388828,
                21.71869747579468,
                21.56569652000804,
                20.955859143709304,
                20.003242991178446,
                18.837080270992182,
                17.756891117820558,
                17.537269941063382,
                17.48865757652898,
                22.335835123759903,
                22.335835123759903,
                22.335835123759903,
                22.335835123759903,
                22.335835123759903,
                22.335835123759903,
                22.335835123759903,
                22.335835123759903,
                22.335835123759903,
                22.335835123759903,
                22.335835123759903,
                22.335835123759903,
                22.335835123759903,
                21.471338794770922,
                21.471338794770922,
                21.47133879477091,
                21.471338794770922,
                21.47133879477091,
                21.471338794770922,
                21.471338794770922,
                21.471338794770922,
                21.471338794770922,
                21.471338794770922,
                21.471338794770922,
                21.471338794770922,
                21.471338794770922
            ],
            "Node_11": [
                26.00688217023047,
                25.926242863548875,
                25.710117410871323,
                25.41723704294476,
                25.10368402021301,
                24.804526695106233,
                24.54170202060956,
                24.329011326130342,
                24.025621671103544,
                23.80284415443383,
                23.895423144703997,
                24.042583847675314,
                24.108316070582966,
                24.083341842110034,
                23.990736664686903,
                23.840880514592705,
                23.645222290027792,
                23.42068853084848,
                23.189773098450697,
                22.98785294027829,
                22.869675252247852,
                22.86794811233075,
                22.91455063148669,
                23.010183864920943,
                23.06509615003522,
                23.320858994868324,
                24.038090441899385,
                24.370357535062073,
                24.749916729613354,
                25.16477406532953,
                25.57138570395237,
                25.885933119615903,
                26.00688217023047,
                26.00688217023047,
                26.00688217023047,
                26.00688217023047,
                26.00688217023047,
                26.00688217023047,
                26.00688217023047,
                26.00688217023047,
                26.00688217023047,
                26.00688217023047,
                26.00688217023047,
                26.00688217023047,
                26.00688217023047,
                25.926242863548875,
                25.710117410871323,
                25.41723704294476,
                25.10368402021301,
                24.804526695106233,
                24.54170202060956,
                24.329011326130342,
                24.025621671103544,
                23.80284415443383,
                23.895423144703997,
                24.042583847675314,
                24.108316070582966,
                24.083341842110034,
                23.990736664686903,
                23.840880514592705,
                23.645222290027792,
                23.42068853084848,
                23.189773098450697,
                22.98785294027829,
                22.869675252247852,
                22.86794811233075,
                22.91455063148669,
                23.010183864920943,
                23.06509615003522,
                23.320858994868324,
                24.038090441899385,
                24.370357535062073,
                24.749916729613354,
                25.16477406532953,
                25.57138570395237,
                25.885933119615903,
                26.00688217023047,
                24.108316070582966,
                24.108316070582966,
                24.108316070582966,
                24.108316070582966,
                24.108316070582966,
                24.108316070582966,
                24.108316070582966,
                24.108316070582966,
                24.108316070582966,
                24.108316070582966,
                24.108316070582966,
                24.108316070582966,
                24.108316070582966,
                22.86794811233075,
                22.86794811233075,
                22.867948112330758,
                22.86794811233075,
                22.867948112330758,
                22.86794811233075,
                22.86794811233075,
                22.86794811233075,
                22.86794811233075,
                22.86794811233075,
                22.86794811233075,
                22.86794811233075,
                22.86794811233075
            ],
            "Node_12": [
                29.21295608654876,
                29.056765769998588,
                28.61424891447194,
                27.95258017263079,
                27.155090314864914,
                26.29863445771643,
                25.44723434813403,
                24.67374248813899,
                24.239833684968676,
                24.144699109554725,
                24.112355340279787,
                24.11511512510491,
                24.114953890700605,
                24.088314742384853,
                24.027340032231763,
                23.92762387157049,
                23.791730084132556,
                23.62462286615316,
                23.433668511181132,
                23.23168007833771,
                23.046127317249613,
                22.93350129820574,
                23.080839390828512,
                23.294220027902057,
                23.507023306764317,
                23.75471458061328,
                24.092306814110987,
                25.127689094204257,
                26.242368980193067,
                27.336535065507274,
                28.295892543748295,
                28.96887056084116,
                29.21295608654876,
                29.21295608654876,
                29.21295608654876,
                29.21295608654876,
                29.21295608654876,
                29.21295608654876,
                29.21295608654876,
                29.21295608654876,
                29.21295608654876,
                29.21295608654876,
                29.21295608654876,
                29.21295608654876,
                29.21295608654876,
                29.056765769998588,
                28.61424891447194,
                27.95258017263079,
                27.155090314864914,
                26.29863445771643,
                25.44723434813403,
                24.67374248813899,
                24.239833684968676,
                24.144699109554725,
                24.112355340279787,
                24.11511512510491,
                24.114953890700605,
                24.088314742384853,
                24.027340032231763,
                23.92762387157049,
                23.791730084132556,
                23.62462286615316,
                23.433668511181132,
                23.23168007833771,
                23.046127317249613,
                22.93350129820574,
                23.080839390828512,
                23.294220027902057,
                23.507023306764317,
                23.75471458061328,
                24.092306814110987,
                25.127689094204257,
                26.242368980193067,
                27.336535065507274,
                28.295892543748295,
                28.96887056084116,
                29.21295608654876,
                24.114953890700605,
                24.114953890700605,
                24.114953890700605,
                24.114953890700605,
                24.114953890700605,
                24.114953890700605,
                24.114953890700605,
                24.114953890700605,
                24.114953890700605,
                24.114953890700605,
                24.114953890700605,
                24.114953890700605,
                24.114953890700605,
                22.93350129820574,
                22.93350129820574,
                22.933501298205748,
                22.93350129820574,
                22.933501298205748,
                22.93350129820574,
                22.93350129820574,
                22.93350129820574,
                22.93350129820574,
                22.93350129820574,
                22.93350129820574,
                22.93350129820574,
                22.93350129820574
            ],
            "Node_13": [
                67.45635319866747,
                67.26090409508063,
                66.7450509509944,
                66.0676709881523,
                65.37228861430411,
                64.7335991698047,
                64.18949154977452,
                63.793706735691686,
                63.606456321731194,
                63.630675044634245,
                63.78305939633404,
                63.93980610588871,
                64.00367916594242,
                64.01416768237308,
                64.04917671528966,
                64.11351217974828,
                64.20639980400536,
                64.32297614874048,
                64.45459588428018,
                64.58442965938356,
                64.69002144370566,
                64.7528925625085,
                64.73881787271115,
                64.58625878870603,
                64.36724687765019,
                64.19108984577306,
                64.17316033577637,
                64.40345275381526,
                64.90765408092763,
                65.63905591311149,
                66.47408334713279,
                67.17630590557953,
                67.45635319866747,
                67.45635319866747,
                67.45635319866747,
                67.45635319866747,
                67.45635319866747,
                67.45635319866747,
                67.45635319866747,
                67.45635319866747,
                67.45635319866747,
                67.45635319866747,
                67.45635319866747,
                67.45635319866747,
                67.45635319866747,
                67.26090409508063,
                66.7450509509944,
                66.0676709881523,
                65.37228861430411,
                64.7335991698047,
                64.18949154977452,
                63.793706735691686,
                63.606456321731194,
                63.630675044634245,
                63.78305939633404,
                63.93980610588871,
                64.00367916594242,
                64.01416768237308,
                64.04917671528966,
                64.11351217974828,
                64.20639980400536,
                64.32297614874048,
                64.45459588428018,
                64.58442965938356,
                64.69002144370566,
                64.7528925625085,
                64.73881787271115,
                64.58625878870603,
                64.36724687765019,
                64.19108984577306,
                64.17316033577637,
                64.40345275381526,
                64.90765408092763,
                65.63905591311149,
                66.47408334713279,
                67.17630590557953,
                67.45635319866747,
                64.00367916594242,
                64.00367916594242,
                64.00367916594242,
                64.00367916594242,
                64.00367916594242,
                64.00367916594242,
                64.00367916594242,
                64.00367916594242,
                64.00367916594242,
                64.00367916594242,
                64.00367916594242,
                64.00367916594242,
                64.00367916594242,
                64.7528925625085,
                64.7528925625085,
                64.7528925625085,
                64.7528925625085,
                64.7528925625085,
                64.7528925625085,
                64.7528925625085,
                64.7528925625085,
                64.7528925625085,
                64.7528925625085,
                64.7528925625085,
                64.7528925625085,
                64.7528925625085
            ],
            "Node_14": [
                72.88393340732209,
                72.57443400453882,
                71.74612488422012,
                70.72902998914434,
                69.82589429124391,
                69.19580224472593,
                68.8797710802604,
                68.87548382172514,
                69.14788546710933,
                69.59748569116634,
                70.06983827682454,
                70.41543587110017,
                70.54042817424087,
                70.49272632367924,
                70.35867816089812,
                70.16205654517215,
                69.93614368075326,
                69.71968406009086,
                69.54833102146767,
                69.4440163123916,
                69.4121436458455,
                69.43710930290702,
                69.39470781845856,
                69.16778824706833,
                68.83866562052701,
                68.47303516604383,
                68.24027334479649,
                68.34793923267853,
                68.91712529508555,
                69.94061705710241,
                71.25402192859255,
                72.43677057453104,
                72.88393340732209,
                72.88393340732209,
                72.88393340732209,
                72.88393340732209,
                72.88393340732209,
                72.88393340732209,
                72.88393340732209,
                72.88393340732209,
                72.88393340732209,
                72.88393340732209,
                72.88393340732209,
                72.88393340732209,
                72.88393340732209,
                72.57443400453882,
                71.74612488422012,
                70.72902998914434,
                69.82589429124391,
                69.19580224472593,
                68.8797710802604,
                68.87548382172514,
                69.14788546710933,
                69.59748569116634,
                70.06983827682454,
                70.41543587110017,
                70.54042817424087,
                70.49272632367924,
                70.35867816089812,
                70.16205654517215,
                69.93614368075326,
                69.71968406009086,
                69.54833102146767,
                69.4440163123916,
                69.4121436458455,
                69.43710930290702,
                69.39470781845856,
                69.16778824706833,
                68.83866562052701,
                68.47303516604383,
                68.24027334479649,
                68.34793923267853,
                68.91712529508555,
                69.94061705710241,
                71.25402192859255,
                72.43677057453104,
                72.88393340732209,
                70.54042817424087,
                70.54042817424087,
                70.54042817424087,
                70.54042817424087,
                70.54042817424087,
                70.54042817424087,
                70.54042817424087,
                70.54042817424087,
                70.54042817424087,
                70.54042817424087,
                70.54042817424087,
                70.54042817424087,
                70.54042817424087,
                69.43710930290702,
                69.43710930290702,
                69.43710930290702,
                69.43710930290702,
                69.43710930290702,
                69.43710930290702,
                69.43710930290702,
                69.43710930290702,
                69.43710930290702,
                69.43710930290702,
                69.43710930290702,
                69.43710930290702,
                69.43710930290702
            ],
            "Node_15": [
                72.94151023672778,
                72.82869635149356,
                72.58118769065321,
                72.29680850155704,
                72.0473007961174,
                71.83642826520583,
                71.64463064219584,
                71.48066685277102,
                71.37266063558836,
                71.32505676637288,
                71.31031119267071,
                71.30254574317838,
                71.29866209165196,
                71.26236882636496,
                71.15838644594213,
                70.99708211491594,
                70.79051275764405,
                70.55625050963434,
                70.31759149952315,
                70.09529189709217,
                69.904319614185,
                69.76451716580505,
                69.79914912545065,
                70.08269759998502,
                70.40511537550726,
                70.71093037755695,
                71.00209732851106,
                71.30876222106151,
                71.64999310469308,
                72.02651678280509,
                72.42300973782385,
                72.76241619023065,
                72.94151023672778,
                72.94151023672778,
                72.94151023672778,
                72.94151023672778,
                72.94151023672778,
                72.94151023672778,
                72.94151023672778,
                72.94151023672778,
                72.94151023672778,
                72.94151023672778,
                72.94151023672778,
                72.94151023672778,
                72.94151023672778,
                72.82869635149356,
                72.58118769065321,
                72.29680850155704,
                72.0473007961174,
                71.83642826520583,
                71.64463064219584,
                71.48066685277102,
                71.37266063558836,
                71.32505676637288,
                71.31031119267071,
                71.30254574317838,
                71.29866209165196,
                71.26236882636496,
                71.15838644594213,
                70.99708211491594,
                70.79051275764405,
                70.55625050963434,
                70.31759149952315,
                70.09529189709217,
                69.904319614185,
                69.76451716580505,
                69.79914912545065,
                70.08269759998502,
                70.40511537550726,
                70.71093037755695,
                71.00209732851106,
                71.30876222106151,
                71.64999310469308,
                72.02651678280509,
                72.42300973782385,
                72.76241619023065,
                72.94151023672778,
                71.29866209165196,
                71.29866209165196,
                71.29866209165196,
                71.29866209165196,
                71.29866209165196,
                71.29866209165196,
                71.29866209165196,
                71.29866209165196,
                71.29866209165196,
                71.29866209165196,
                71.29866209165196,
                71.29866209165196,
                71.29866209165196,
                69.76451716580505,
                69.76451716580505,
                69.76451716580505,
                69.76451716580505,
                69.76451716580505,
                69.76451716580505,
                69.76451716580505,
                69.76451716580505,
                69.76451716580505,
                69.76451716580505,
                69.76451716580505,
                69.76451716580505,
                69.76451716580505
            ]
        }
    },
    "Phonon_DOS": {
        "DOS": [
            0.0,
            0.002,
            0.0,
            0.0026666666666666666,
            0.0013333333333333333,
            0.0013333333333333333,
            0.006666666666666667,
            0.0,
            0.009333333333333334,
            0.006666666666666667,
            0.008,
            0.004,
            0.021333333333333333,
            0.018666666666666668,
            0.042666666666666665,
            0.06533333333333333,
            0.044000000000000004,
            0.08800000000000001,
            0.050666666666666665,
            0.054000000000000006,
            0.066,
            0.05533333333333333,
            0.024,
            0.08066666666666666,
            0.018000000000000002,
            0.06866666666666667,
            0.03133333333333333,
            0.016,
            0.004666666666666667,
            0.004,
            0.004,
            0.0006666666666666666,
            0.0,
            0.0,
            0.0,
            0.0,
            0.0,
            0.0,
            0.0,
            0.0,
            0.0,
            0.0,
            0.0,
            0.0,
            0.0,
            0.0,
            0.0,
            0.0,
            0.0,
            0.0,
            0.0,
            0.0,
            0.0,
            0.0,
            0.0,
            0.0,
            0.0,
            0.0,
            0.0,
            0.0,
            0.0,
            0.0,
            0.0,
            0.0,
            0.0,
            0.012,
            0.04466666666666667,
            0.005333333333333333,
            0.004,
            0.0006666666666666666,
            0.021333333333333333,
            0.038,
            0.03,
            0.037333333333333336,
            0.006666666666666667,
            0.0
        ],
        "Energy(meV)": [
            -1.5,
            -0.5,
            0.5,
            1.5,
            2.5,
            3.5,
            4.5,
            5.5,
            6.5,
            7.5,
            8.5,
            9.5,
            10.5,
            11.5,
            12.5,
            13.5,
            14.5,
            15.5,
            16.5,
            17.5,
            18.5,
            19.5,
            20.5,
            21.5,
            22.5,
            23.5,
            24.5,
            25.5,
            26.5,
            27.5,
            28.5,
            29.5,
            30.5,
            31.5,
            32.5,
            33.5,
            34.5,
            35.5,
            36.5,
            37.5,
            38.5,
            39.5,
            40.5,
            41.5,
            42.5,
            43.5,
            44.5,
            45.5,
            46.5,
            47.5,
            48.5,
            49.5,
            50.5,
            51.5,
            52.5,
            53.5,
            54.5,
            55.5,
            56.5,
            57.5,
            58.5,
            59.5,
            60.5,
            61.5,
            62.5,
            63.5,
            64.5,
            65.5,
            66.5,
            67.5,
            68.5,
            69.5,
            70.5,
            71.5,
            72.5,
            73.5
        ]
    }
}