{
    "POSCAR": {
        "Atomes": "   Hf    C   F\n",
        "coordinate": "Direct\n",
        "unit_cell": {
            "a_vector": "3.228242193808651   2.5868346702069705e-07   3.8904086532807413e-07\n",
            "b_vector": "-1.61412087282702   2.795741043693308   -1.006083866858883e-06\n",
            "c_vector": "3.1210900135352818e-06   -7.518010208291285e-06   26.728554649287084\n"
        },
        "positions": {
            "Hf": [
                "0.3333332992074927   0.6666666623251083   0.15461711424376523\n",
                "0.6666666936270662   0.3333333307989245   0.2453828827315982\n"
            ],
            "C": [
                "1.9228272292090867e-08   4.271330474469805e-08   0.20000000224822082\n"
            ],
            "F": [
                "0.3333333082596086   0.6666666266646392   0.2965580654630586\n",
                "0.6666666794352794   0.3333333376435326   0.10344193531335752\n"
            ]
        }
    },
    "Termo_data": {
        "Temperature (K)": [
            0,
            10,
            20,
            30,
            40,
            50,
            60,
            70,
            80,
            90,
            100,
            110,
            120,
            130,
            140,
            150,
            160,
            170,
            180,
            190,
            200,
            210,
            220,
            230,
            240,
            250,
            260,
            270,
            280,
            290,
            300,
            310,
            320,
            330,
            340,
            350,
            360,
            370,
            380,
            390,
            400,
            410,
            420,
            430,
            440,
            450,
            460,
            470,
            480,
            490,
            500,
            510,
            520,
            530,
            540,
            550,
            560,
            570,
            580,
            590,
            600,
            610,
            620,
            630,
            640,
            650,
            660,
            670,
            680,
            690,
            700,
            710,
            720,
            730,
            740,
            750,
            760,
            770,
            780,
            790,
            800,
            810,
            820,
            830,
            840,
            850,
            860,
            870,
            880,
            890,
            900,
            910,
            920,
            930,
            940,
            950,
            960,
            970,
            980,
            990,
            1000,
            1010,
            1020,
            1030,
            1040,
            1050,
            1060,
            1070,
            1080,
            1090,
            1100,
            1110,
            1120,
            1130,
            1140,
            1150,
            1160,
            1170,
            1180,
            1190,
            1200,
            1210,
            1220,
            1230,
            1240,
            1250,
            1260,
            1270,
            1280,
            1290,
            1300,
            1310,
            1320,
            1330,
            1340,
            1350,
            1360,
            1370,
            1380,
            1390,
            1400,
            1410,
            1420,
            1430,
            1440,
            1450,
            1460,
            1470,
            1480,
            1490,
            1500,
            1510,
            1520,
            1530,
            1540,
            1550,
            1560,
            1570,
            1580,
            1590,
            1600,
            1610,
            1620,
            1630,
            1640,
            1650,
            1660,
            1670,
            1680,
            1690,
            1700,
            1710,
            1720,
            1730,
            1740,
            1750,
            1760,
            1770,
            1780,
            1790,
            1800,
            1810,
            1820,
            1830,
            1840,
            1850,
            1860,
            1870,
            1880,
            1890,
            1900,
            1910,
            1920,
            1930,
            1940,
            1950,
            1960,
            1970
        ],
        "Gibbs_free(J/mole)": [
            -650346.8865030534,
            -650347.1242373394,
            -650348.4558849038,
            -650351.8806364746,
            -650359.492015504,
            -650373.8665227257,
            -650397.2101066277,
            -650431.0424155158,
            -650476.2584105642,
            -650533.2932122044,
            -650602.2735534083,
            -650683.1305959844,
            -650775.6769799083,
            -650879.6575316075,
            -650994.7817677323,
            -651120.744118098,
            -651257.236289202,
            -651403.9544652804,
            -651560.603390278,
            -651726.8984918128,
            -651902.5667505981,
            -652087.3468921614,
            -652280.9892413712,
            -652483.2552560909,
            -652693.9170678164,
            -652912.7569002581,
            -653139.5665500503,
            -653374.1468271351,
            -653616.3070636289,
            -653865.8646426846,
            -654122.6445436387,
            -654386.4789340937,
            -654657.2067869359,
            -654934.6735106573,
            -655218.7306271172,
            -655509.2354353545,
            -655806.0507460088,
            -656109.0445786089,
            -656418.0899171697,
            -656733.0644590706,
            -657053.8503940951,
            -657380.3341754633,
            -657712.4063326499,
            -658049.9612517096,
            -658392.8970458803,
            -658741.1153008757,
            -659094.5210106767,
            -659453.0223313625,
            -659816.5305144825,
            -660184.9597547104,
            -660558.2269424554,
            -660936.2517579101,
            -661318.9564292656,
            -661706.2655241891,
            -662098.1060473329,
            -662494.4072180686,
            -662895.100379803,
            -663300.1190160714,
            -663709.3985272325,
            -664122.8761246206,
            -664540.4910561803,
            -664962.1840725573,
            -665387.8977871601,
            -665817.5762608644,
            -666251.165315102,
            -666688.6121514319,
            -667129.8652447665,
            -667574.8746186765,
            -668023.5917011818,
            -668475.9692642082,
            -668931.9607789179,
            -669391.521451193,
            -669854.607552884,
            -670321.1762625254,
            -670791.1859901351,
            -671264.5959262236,
            -671741.3666958667,
            -672221.4595742315,
            -672704.8367140901,
            -673191.4615723419,
            -673681.297246022,
            -674174.309936841,
            -674670.4642226337,
            -675169.7271178665,
            -675672.0657495856,
            -676177.4483403822,
            -676685.8427088665,
            -677197.2189156215,
            -677711.547024856,
            -678228.7973103136,
            -678748.9414023658,
            -679271.951212946,
            -679797.7988095094,
            -680326.4580276225,
            -680857.9017220092,
            -681392.1047729738,
            -681929.0414635803,
            -682468.6871205643,
            -683011.0171742858,
            -683556.0086841115,
            -684103.6376726824,
            -684653.881310391,
            -685206.7171446168,
            -685762.1234658316,
            -686320.0786129722,
            -686880.5617062994,
            -687443.550954497,
            -688009.0276321328,
            -688576.9704352143,
            -689147.3602699123,
            -689720.1780842333,
            -690295.4045826816,
            -690873.0213000268,
            -691453.0107341218,
            -692035.3534002729,
            -692620.0334672085,
            -693207.0326903793,
            -693796.3346962922,
            -694387.9217814616,
            -694981.7790519107,
            -695577.8891011687,
            -696176.2377392864,
            -696776.8076546947,
            -697379.5837456816,
            -697984.5528205222,
            -698591.6981001563,
            -699201.0055016065,
            -699812.4625045893,
            -700426.0530205413,
            -701041.7638493675,
            -701659.5818185261,
            -702279.4928171473,
            -702901.4844837016,
            -703525.54305744,
            -704151.6562000642,
            -704779.8125976329,
            -705409.9977768817,
            -706042.2015380214,
            -706676.4105923166,
            -707312.6130699343,
            -707950.8004948971,
            -708590.9572339802,
            -709233.0743552956,
            -709877.1404763036,
            -710523.1448873549,
            -711171.0760694556,
            -711820.924919312,
            -712472.67991648,
            -713126.331887856,
            -713781.8692395611,
            -714439.2840499491,
            -715098.56545392,
            -715759.7031169119,
            -716422.6891466576,
            -717087.512803051,
            -717754.1665085715,
            -718422.6389828015,
            -719092.9251211351,
            -719765.0118368127,
            -720438.8922524278,
            -721114.5598477032,
            -721792.0024394582,
            -722471.214151684,
            -723152.1876238006,
            -723834.9126581,
            -724519.3828002027,
            -725205.5893240368,
            -725893.5247943636,
            -726583.1829632878,
            -727274.5546783732,
            -727967.6341305114,
            -728662.4123112368,
            -729358.8835387805,
            -730057.0401351975,
            -730756.8743332888,
            -731458.3807814806,
            -732161.5516311799,
            -732866.3828915016,
            -733572.8664670374,
            -734280.9945432529,
            -734990.762673287,
            -735702.1624377916,
            -736415.1893296886,
            -737129.8373118776,
            -737846.0988130915,
            -738563.9720456332,
            -739283.4463880089,
            -740004.5173625383,
            -740727.1829486315,
            -741451.4334061677,
            -742177.2648007855,
            -742904.6694952082,
            -743633.6474406384,
            -744364.1884252618,
            -745096.2907891702,
            -745829.9480742898,
            -746565.1550159953,
            -747301.9061526639
        ],
        "Cp(J/mole.K)": [
            -0.0,
            0.10702326408063527,
            0.47333743749186397,
            1.292211533689988,
            2.668196052336134,
            4.3987508173740935,
            6.199531921930612,
            7.888108182241558,
            9.393367781536654,
            10.706982095574494,
            11.847070913936472,
            12.839626756851795,
            13.71040839725174,
            14.48188653189282,
            15.172406775946731,
            15.796410259441464,
            16.36503184251488,
            16.886813723749952,
            17.36831665991338,
            17.814577562746113,
            18.229565226414728,
            18.61648087993382,
            18.97793461969702,
            19.316136136706326,
            19.632993473229007,
            19.93017669359687,
            20.209170374070546,
            20.471324853919214,
            20.71787650178885,
            20.94994499827155,
            21.168572465598086,
            21.374720994659583,
            21.56927750725299,
            21.75306221030477,
            21.92683690370764,
            22.09131623752186,
            22.247147042420693,
            22.394931916665477,
            22.535240476287395,
            22.66859003283606,
            22.795461629401004,
            22.91629384991256,
            23.031513409421343,
            23.141495888805366,
            23.246576722571533,
            23.34710398568122,
            23.443369860755112,
            23.535711611941224,
            23.624309000512483,
            23.709360318369104,
            23.79132354661131,
            23.870247926091434,
            23.94617063429905,
            24.01950407069246,
            24.090364443784424,
            24.15889316957312,
            24.225340943108193,
            24.28956752847015,
            24.3518532016547,
            24.41248809667878,
            24.471303047903348,
            24.528466564905873,
            24.58423529117735,
            24.638831060027677,
            24.69184275623411,
            24.743187100408157,
            24.79376913895248,
            24.843898630878634,
            24.892456245142967,
            24.939259006545615,
            24.985968402674136,
            25.03215821690121,
            25.076993912807666,
            25.120855567636262,
            25.16419668907178,
            25.207470580862616,
            25.249693734373327,
            25.291323947027504,
            25.331501731689894,
            25.371573617958347,
            25.412889359518832,
            25.451853465812743,
            25.49082819735061,
            25.530886092147675,
            25.568407890794333,
            25.60487453773373,
            25.643816923658413,
            25.682007309663582,
            25.718135344703,
            25.755505167334796,
            25.791816675919108,
            25.827874900447334,
            25.864662319328374,
            25.900338818653836,
            25.936548317678074,
            25.972055318139677,
            26.006325922440737,
            26.042598695162244,
            26.079729843116226,
            26.11388026228552,
            26.14743384445326,
            26.18306113186962,
            26.21909087367807,
            26.25491894500461,
            26.288270240393615,
            26.322674084498505,
            26.359918860404136,
            26.39345445609644,
            26.428054414247086,
            26.464314347159156,
            26.497808629937936,
            26.53410231165495,
            26.568876467319285,
            26.60184315147312,
            26.63949110186085,
            26.675675991253556,
            26.708422830002547,
            26.743645114524323,
            26.780774443415822,
            26.817636977345767,
            26.85370145633385,
            26.88414003407807,
            26.921167519991286,
            26.962670344536047,
            26.99329729580751,
            27.03140611993149,
            27.073739229206694,
            27.104785595613066,
            27.140092960000402,
            27.17908418024308,
            27.215068369696382,
            27.252167479740645,
            27.287868917395826,
            27.32917216826172,
            27.369032523774955,
            27.40297566035569,
            27.442211299599055,
            27.477375970699654,
            27.520950651762643,
            27.565896662228624,
            27.59385236352692,
            27.632750928477517,
            27.678184395604006,
            27.71465421186626,
            27.754199632023983,
            27.797420287548036,
            27.838318542268414,
            27.876624508699543,
            27.917216131778392,
            27.963170009563328,
            28.000893261196325,
            28.038730879361236,
            28.08435287002897,
            28.12778459951449,
            28.1685004035716,
            28.214846267642066,
            28.26202961720992,
            28.29343601163732,
            28.341869672993194,
            28.39364655742493,
            28.425172361079376,
            28.476864180960817,
            28.529019862948687,
            28.565717643153274,
            28.61045403517829,
            28.655623255225255,
            28.705439253646414,
            28.75694011772213,
            28.801617485190718,
            28.847238908906238,
            28.89252444313073,
            28.942566939391206,
            28.987960828490994,
            29.032956544816507,
            29.086289715464478,
            29.143903853545616,
            29.205167052010328,
            29.24722215587099,
            29.28709824491475,
            29.33918647411705,
            29.38702568400288,
            29.44408245164403,
            29.49686285622198,
            29.55385798822681,
            29.615220966237185,
            29.648947066016262,
            29.70878352923874,
            29.783147436513463,
            29.822870197635808,
            29.8622145675472,
            29.928741569981128,
            30.000565837295376,
            30.051401658541636,
            30.111469051956732,
            30.17125972237055,
            30.217343061594875,
            30.277495010336025,
            30.343097790663272
        ],
        "S(J/mole.K)": [
            0,
            0.053511632040317635,
            0.22535762345360127,
            0.5590605717748987,
            1.1079536672652468,
            1.881353255544673,
            2.8378559974429667,
            3.917919956335391,
            5.068441741412972,
            6.25035956640204,
            7.437545450741892,
            8.613518394477433,
            9.768404809068308,
            10.896667461462496,
            11.995534767874053,
            13.063953447091627,
            14.101907700818265,
            15.109985937771853,
            16.0891101702,
            17.040368083456997,
            17.96491188682121,
            18.863900562241906,
            19.73846680290444,
            20.589699501778522,
            21.418636202109337,
            22.22626043334021,
            23.013501859021197,
            23.781238359236156,
            24.530299048031154,
            25.261467076666303,
            25.975482566005667,
            26.67304567152896,
            27.354819197009782,
            28.021431009731895,
            28.673476345281234,
            29.311520061123886,
            29.93609844645544,
            30.547720814912466,
            31.14687135205895,
            31.73401062325429,
            32.30957684276073,
            32.87398711129791,
            33.427638792913065,
            33.97091063785629,
            34.504163443928704,
            35.027741355010946,
            35.54197285913542,
            36.04717200751766,
            36.54363847037166,
            37.031657270606956,
            37.51150275421969,
            37.9834380281769,
            38.4477117073824,
            38.90456244310335,
            39.35422046814492,
            39.796905699721535,
            40.23282968825515,
            40.662193757075876,
            41.08518990788434,
            41.50200516920886,
            41.91281818695279,
            42.31779871698236,
            42.71711168363836,
            43.110917923918166,
            43.49936922370544,
            43.882606453703204,
            44.26077024655388,
            44.63400405952853,
            45.00243905462558,
            45.36619108929736,
            45.72538156033698,
            46.0801355675576,
            46.43056416296314,
            46.776770608597154,
            47.11885961917724,
            47.4569377790569,
            47.79110398907651,
            48.1214497715031,
            48.448060569139486,
            48.771021570356965,
            49.09043170871446,
            49.40637247379055,
            49.71891455962178,
            50.02814695750131,
            50.334140380240584,
            50.63695019339795,
            50.936659061301924,
            51.23334876331939,
            51.527072275482354,
            51.817891893741034,
            52.1058736134175,
            52.39107288439118,
            52.67355310189596,
            52.953371052282456,
            53.230580549107984,
            53.505235940490095,
            53.77738058265969,
            54.047070396298665,
            54.314370441896614,
            54.579318572187915,
            54.84194402556314,
            55.10230030929961,
            55.36044437907694,
            55.616420397179894,
            55.870257374637006,
            56.121989356323326,
            56.371674663299935,
            56.61934780253505,
            56.865033805632265,
            57.10878184677422,
            57.35062236882805,
            57.59058993689542,
            57.82872397593893,
            58.06504230217834,
            58.299589446013854,
            58.5324105192296,
            58.76351423138986,
            58.99292582527415,
            59.220692764771236,
            59.446849769545956,
            59.671419339244316,
            59.89440124972317,
            60.11582539123775,
            60.33576239600225,
            60.5542106877052,
            60.77118025289383,
            60.986741350505326,
            61.200888577950536,
            61.413616320388975,
            61.6249775960343,
            61.83499622343807,
            62.04368546973274,
            62.25106451598259,
            62.457168904574075,
            62.662033409012665,
            62.865649167144156,
            63.06803215230903,
            63.26920502908179,
            63.469201012453425,
            63.6680725034341,
            63.86577987782367,
            64.06231782902033,
            64.25776470324928,
            64.45212748436462,
            64.6454006184431,
            64.83762254057075,
            65.02881242131262,
            65.21896757935902,
            65.40810094943299,
            65.5962520097688,
            65.78342446161115,
            65.96960425221478,
            66.1548304716518,
            66.33913407606015,
            66.52251111090591,
            66.7049829141688,
            66.88658197555051,
            67.0672718879243,
            67.24706783302828,
            67.42604549074022,
            67.60416235109005,
            67.78142848111894,
            67.95791847796063,
            68.1335959091477,
            68.30844780390326,
            68.48251001989848,
            68.65580740831066,
            68.82836819784426,
            69.00018592060951,
            69.17125188094505,
            69.34157675469032,
            69.51118215647003,
            69.68007687317149,
            69.84825448019255,
            70.01574605150964,
            70.18259564051986,
            70.34883316182386,
            70.51442165803019,
            70.6793080595584,
            70.84352822430374,
            71.00711188604765,
            71.17007975728922,
            71.33245233914786,
            71.49423592253443,
            71.6554603123339,
            71.8160687456315,
            71.97606335631427,
            72.13555976168428,
            72.29450998988177,
            72.45282670166344,
            72.61058711553923,
            72.7678824744391,
            72.92467684558798,
            73.080944691255,
            73.23671465710214,
            73.39195600259264,
            73.54667487709668,
            73.70092632333109
        ]
    },
    "Phonon_data": {
        "Numb_Node": 15,
        "total_n_kpoints": 100,
        "frequency": {
            "Node_1": [
                -0.05242591994731609,
                -0.4622261014509879,
                0.4522181115353242,
                2.0706267162605307,
                4.000646524717607,
                6.1895938763381295,
                8.462896954896692,
                10.659779531504192,
                12.658869079349543,
                14.362261679395315,
                15.519803348519105,
                16.07991151829404,
                16.25812043335424,
                16.26366872612845,
                16.300075400568666,
                16.396665708158373,
                16.56902264829613,
                16.818471872328132,
                17.126639152371492,
                17.448691490795586,
                17.708549503531334,
                17.796862423429207,
                17.349812573641653,
                16.283481663944276,
                14.803770205803314,
                12.99538573314915,
                10.889083009045267,
                8.508000772007602,
                5.945250566431953,
                3.4191366814181308,
                1.2210377864153936,
                -0.5390483492147161,
                -0.05242591994731609,
                -0.05242591994731609,
                -0.05242591994731609,
                -0.05242591994731609,
                -0.05242591994731609,
                -0.05242591994731609,
                -0.05242591994731609,
                -0.05242591994731609,
                -0.05242591994731609,
                -0.05242591994731609,
                -0.05242591994731609,
                -0.05242591994731609,
                -0.05242591994731609,
                -0.4622261014509879,
                0.4522181115353242,
                2.0706267162605307,
                4.000646524717607,
                6.1895938763381295,
                8.462896954896692,
                10.659779531504192,
                12.658869079349543,
                14.362261679395315,
                15.519803348519105,
                16.07991151829404,
                16.25812043335424,
                16.26366872612845,
                16.300075400568666,
                16.396665708158373,
                16.56902264829613,
                16.818471872328132,
                17.126639152371492,
                17.448691490795586,
                17.708549503531334,
                17.796862423429207,
                17.349812573641653,
                16.283481663944276,
                14.803770205803314,
                12.99538573314915,
                10.889083009045267,
                8.508000772007602,
                5.945250566431953,
                3.4191366814181308,
                1.2210377864153936,
                -0.5390483492147161,
                -0.05242591994731609,
                16.25812043335424,
                16.25812043335424,
                16.25812043335424,
                16.25812043335424,
                16.25812043335424,
                16.25812043335424,
                16.25812043335424,
                16.25812043335424,
                16.25812043335424,
                16.25812043335424,
                16.25812043335424,
                16.25812043335424,
                16.25812043335424,
                17.796862423429207,
                17.796862423429207,
                17.796862423429214,
                17.796862423429207,
                17.796862423429214,
                17.796862423429207,
                17.796862423429207,
                17.796862423429207,
                17.796862423429207,
                17.796862423429207,
                17.796862423429207,
                17.796862423429207,
                17.796862423429207
            ],
            "Node_2": [
                -0.04559413828614156,
                1.908238335723626,
                3.8104526244757744,
                5.691177368241374,
                7.517879479366908,
                9.259114525354239,
                10.894633534868007,
                12.39578851296731,
                13.722829810948959,
                14.855873235343047,
                15.965432133581295,
                16.655318229206937,
                16.683897383222682,
                16.76606404575481,
                16.997088489691315,
                17.337086942555715,
                17.718235569669538,
                18.04315815714192,
                18.272803486873514,
                18.461875384285044,
                18.642195461071708,
                18.794733849452193,
                18.584282107872802,
                18.074347389340293,
                17.29204849604351,
                16.085549567497836,
                14.362215899065857,
                12.222034832302574,
                9.833246911187063,
                7.329490426181432,
                4.818152988282539,
                2.375141235478835,
                -0.04559413828614156,
                -0.04559413828614156,
                -0.04559413828614156,
                -0.04559413828614156,
                -0.04559413828614156,
                -0.04559413828614156,
                -0.04559413828614156,
                -0.04559413828614156,
                -0.04559413828614156,
                -0.04559413828614156,
                -0.04559413828614156,
                -0.04559413828614156,
                -0.04559413828614156,
                1.908238335723626,
                3.8104526244757744,
                5.691177368241374,
                7.517879479366908,
                9.259114525354239,
                10.894633534868007,
                12.39578851296731,
                13.722829810948959,
                14.855873235343047,
                15.965432133581295,
                16.655318229206937,
                16.683897383222682,
                16.76606404575481,
                16.997088489691315,
                17.337086942555715,
                17.718235569669538,
                18.04315815714192,
                18.272803486873514,
                18.461875384285044,
                18.642195461071708,
                18.794733849452193,
                18.584282107872802,
                18.074347389340293,
                17.29204849604351,
                16.085549567497836,
                14.362215899065857,
                12.222034832302574,
                9.833246911187063,
                7.329490426181432,
                4.818152988282539,
                2.375141235478835,
                -0.04559413828614156,
                16.683897383222682,
                16.683897383222682,
                16.683897383222682,
                16.683897383222682,
                16.683897383222682,
                16.683897383222682,
                16.683897383222682,
                16.683897383222682,
                16.683897383222682,
                16.683897383222682,
                16.683897383222682,
                16.683897383222682,
                16.683897383222682,
                18.794733849452193,
                18.794733849452193,
                18.79473384945218,
                18.794733849452193,
                18.79473384945218,
                18.794733849452193,
                18.794733849452193,
                18.794733849452193,
                18.794733849452193,
                18.794733849452193,
                18.794733849452193,
                18.794733849452193,
                18.794733849452193
            ],
            "Node_3": [
                -0.024445004288629092,
                3.283706874675261,
                6.326328961462957,
                9.057177872237029,
                11.55673126064052,
                13.849298037161066,
                15.774802330479705,
                16.269842396551272,
                16.388614919110296,
                16.499303300545204,
                16.593256551239836,
                17.059547030168492,
                17.740092544267796,
                17.826074728208173,
                18.049793586740016,
                18.305635585994896,
                18.46010376918272,
                18.708277927662404,
                19.00899231560699,
                19.11276506646982,
                19.06654537824345,
                18.950521146543245,
                19.03802679263837,
                18.99043845077059,
                18.59667751357963,
                18.005012268023396,
                17.334025709933762,
                15.978964016488334,
                13.793090422885475,
                10.952413714495476,
                7.649281903973846,
                3.9590907024714346,
                -0.024445004288629092,
                -0.024445004288629092,
                -0.024445004288629092,
                -0.024445004288629092,
                -0.024445004288629092,
                -0.024445004288629092,
                -0.024445004288629092,
                -0.024445004288629092,
                -0.024445004288629092,
                -0.024445004288629092,
                -0.024445004288629092,
                -0.024445004288629092,
                -0.024445004288629092,
                3.283706874675261,
                6.326328961462957,
                9.057177872237029,
                11.55673126064052,
                13.849298037161066,
                15.774802330479705,
                16.269842396551272,
                16.388614919110296,
                16.499303300545204,
                16.593256551239836,
                17.059547030168492,
                17.740092544267796,
                17.826074728208173,
                18.049793586740016,
                18.305635585994896,
                18.46010376918272,
                18.708277927662404,
                19.00899231560699,
                19.11276506646982,
                19.06654537824345,
                18.950521146543245,
                19.03802679263837,
                18.99043845077059,
                18.59667751357963,
                18.005012268023396,
                17.334025709933762,
                15.978964016488334,
                13.793090422885475,
                10.952413714495476,
                7.649281903973846,
                3.9590907024714346,
                -0.024445004288629092,
                17.740092544267796,
                17.740092544267796,
                17.740092544267796,
                17.740092544267796,
                17.740092544267796,
                17.740092544267796,
                17.740092544267796,
                17.740092544267796,
                17.740092544267796,
                17.740092544267796,
                17.740092544267796,
                17.740092544267796,
                17.740092544267796,
                18.950521146543245,
                18.950521146543245,
                18.95052114654324,
                18.950521146543245,
                18.95052114654324,
                18.950521146543245,
                18.950521146543245,
                18.950521146543245,
                18.950521146543245,
                18.950521146543245,
                18.950521146543245,
                18.950521146543245,
                18.950521146543245
            ],
            "Node_4": [
                15.668934272024465,
                15.749408233566399,
                15.845907285682596,
                15.904007517271033,
                15.971665772753257,
                16.05694182328426,
                16.16343090117198,
                17.21462966254859,
                18.216406283264305,
                18.858119650915494,
                19.01272079914407,
                18.680156285910492,
                18.227898779811643,
                18.23826052247549,
                18.2739590258793,
                18.38625574798569,
                18.674936243463378,
                18.943041250318085,
                19.185305302493123,
                19.538257807352743,
                19.893926483125142,
                20.17430780441853,
                19.853704265063556,
                19.614877603852506,
                19.337213469445725,
                18.631077274681395,
                17.57827831134739,
                16.82522689017907,
                16.34624155051147,
                15.99958388884418,
                15.799361972076426,
                15.70916465676329,
                15.668934272024465,
                15.668934272024465,
                15.668934272024465,
                15.668934272024465,
                15.668934272024465,
                15.668934272024465,
                15.668934272024465,
                15.668934272024465,
                15.668934272024465,
                15.668934272024465,
                15.668934272024465,
                15.668934272024465,
                15.668934272024465,
                15.749408233566399,
                15.845907285682596,
                15.904007517271033,
                15.971665772753257,
                16.05694182328426,
                16.16343090117198,
                17.21462966254859,
                18.216406283264305,
                18.858119650915494,
                19.01272079914407,
                18.680156285910492,
                18.227898779811643,
                18.23826052247549,
                18.2739590258793,
                18.38625574798569,
                18.674936243463378,
                18.943041250318085,
                19.185305302493123,
                19.538257807352743,
                19.893926483125142,
                20.17430780441853,
                19.853704265063556,
                19.614877603852506,
                19.337213469445725,
                18.631077274681395,
                17.57827831134739,
                16.82522689017907,
                16.34624155051147,
                15.99958388884418,
                15.799361972076426,
                15.70916465676329,
                15.668934272024465,
                18.227898779811643,
                18.227898779811643,
                18.227898779811643,
                18.227898779811643,
                18.227898779811643,
                18.227898779811643,
                18.227898779811643,
                18.227898779811643,
                18.227898779811643,
                18.227898779811643,
                18.227898779811643,
                18.227898779811643,
                18.227898779811643,
                20.17430780441853,
                20.17430780441853,
                20.174307804418532,
                20.17430780441853,
                20.174307804418532,
                20.17430780441853,
                20.17430780441853,
                20.17430780441853,
                20.17430780441853,
                20.17430780441853,
                20.17430780441853,
                20.17430780441853,
                20.17430780441853
            ],
            "Node_5": [
                15.901544114628717,
                15.949579391170854,
                16.23447050414459,
                16.780422652141922,
                17.458343636329218,
                18.15658538793997,
                18.811412643397407,
                19.406620339548017,
                19.923555302948657,
                20.30509771904176,
                20.526335084067508,
                20.765934861279177,
                20.925412958252334,
                20.913412416596756,
                20.879150079405008,
                20.822658216298546,
                20.74324790313229,
                20.640282839498646,
                20.515707135230635,
                20.381146037365344,
                20.26391604985246,
                20.201124027279096,
                20.228461325730382,
                20.216965833971855,
                19.964348782255332,
                19.627682929249897,
                19.225324365566937,
                18.696515154707264,
                18.03390741753437,
                17.295865037303738,
                16.583217415072532,
                16.069625289050744,
                15.901544114628717,
                15.901544114628717,
                15.901544114628717,
                15.901544114628717,
                15.901544114628717,
                15.901544114628717,
                15.901544114628717,
                15.901544114628717,
                15.901544114628717,
                15.901544114628717,
                15.901544114628717,
                15.901544114628717,
                15.901544114628717,
                15.949579391170854,
                16.23447050414459,
                16.780422652141922,
                17.458343636329218,
                18.15658538793997,
                18.811412643397407,
                19.406620339548017,
                19.923555302948657,
                20.30509771904176,
                20.526335084067508,
                20.765934861279177,
                20.925412958252334,
                20.913412416596756,
                20.879150079405008,
                20.822658216298546,
                20.74324790313229,
                20.640282839498646,
                20.515707135230635,
                20.381146037365344,
                20.26391604985246,
                20.201124027279096,
                20.228461325730382,
                20.216965833971855,
                19.964348782255332,
                19.627682929249897,
                19.225324365566937,
                18.696515154707264,
                18.03390741753437,
                17.295865037303738,
                16.583217415072532,
                16.069625289050744,
                15.901544114628717,
                20.925412958252334,
                20.925412958252334,
                20.925412958252334,
                20.925412958252334,
                20.925412958252334,
                20.925412958252334,
                20.925412958252334,
                20.925412958252334,
                20.925412958252334,
                20.925412958252334,
                20.925412958252334,
                20.925412958252334,
                20.925412958252334,
                20.201124027279096,
                20.201124027279096,
                20.20112402727909,
                20.201124027279096,
                20.20112402727909,
                20.201124027279096,
                20.201124027279096,
                20.201124027279096,
                20.201124027279096,
                20.201124027279096,
                20.201124027279096,
                20.201124027279096,
                20.201124027279096
            ],
            "Node_6": [
                21.77199943528406,
                21.839792719342856,
                21.713642947016982,
                21.58246092327579,
                21.540599214919087,
                21.53664797517299,
                21.36965115915407,
                21.0777661821466,
                20.80347758271,
                20.672571817310835,
                20.804513083390326,
                20.93728791840394,
                20.928705040724555,
                20.927032131555393,
                20.91905911728612,
                20.901884454440683,
                20.870204243811983,
                20.813590807262244,
                20.720585264231293,
                20.585844463802374,
                20.41111843690338,
                20.21540812948963,
                20.480508246562895,
                20.501107096846592,
                20.435879074920614,
                20.5514267587368,
                20.873736987603923,
                21.24905854381106,
                21.4309575066512,
                21.446675881705854,
                21.603165244109512,
                21.800347151007312,
                21.77199943528406,
                21.77199943528406,
                21.77199943528406,
                21.77199943528406,
                21.77199943528406,
                21.77199943528406,
                21.77199943528406,
                21.77199943528406,
                21.77199943528406,
                21.77199943528406,
                21.77199943528406,
                21.77199943528406,
                21.77199943528406,
                21.839792719342856,
                21.713642947016982,
                21.58246092327579,
                21.540599214919087,
                21.53664797517299,
                21.36965115915407,
                21.0777661821466,
                20.80347758271,
                20.672571817310835,
                20.804513083390326,
                20.93728791840394,
                20.928705040724555,
                20.927032131555393,
                20.91905911728612,
                20.901884454440683,
                20.870204243811983,
                20.813590807262244,
                20.720585264231293,
                20.585844463802374,
                20.41111843690338,
                20.21540812948963,
                20.480508246562895,
                20.501107096846592,
                20.435879074920614,
                20.5514267587368,
                20.873736987603923,
                21.24905854381106,
                21.4309575066512,
                21.446675881705854,
                21.603165244109512,
                21.800347151007312,
                21.77199943528406,
                20.928705040724555,
                20.928705040724555,
                20.928705040724555,
                20.928705040724555,
                20.928705040724555,
                20.928705040724555,
                20.928705040724555,
                20.928705040724555,
                20.928705040724555,
                20.928705040724555,
                20.928705040724555,
                20.928705040724555,
                20.928705040724555,
                20.21540812948963,
                20.21540812948963,
                20.21540812948963,
                20.21540812948963,
                20.21540812948963,
                20.21540812948963,
                20.21540812948963,
                20.21540812948963,
                20.21540812948963,
                20.21540812948963,
                20.21540812948963,
                20.21540812948963,
                20.21540812948963
            ],
            "Node_7": [
                21.885688368556988,
                21.8669208135201,
                22.002687245815952,
                22.1855515805916,
                22.44520469695707,
                22.75095857442535,
                22.909233248745267,
                23.04363841205996,
                23.16198241346466,
                23.22858852691881,
                23.260340708691167,
                23.28451586069832,
                23.29632378028301,
                23.26845280844279,
                23.18567232096448,
                23.058638320391744,
                22.911041352402158,
                22.76512772346454,
                22.609998642426156,
                22.359453027951535,
                22.17420747287252,
                22.115325291864643,
                22.332465773755125,
                22.42020205990546,
                22.333896794078942,
                22.240663292275592,
                22.220492165520383,
                22.345489407239985,
                22.534966232434453,
                22.340152682090725,
                22.054070235096102,
                21.867741291025347,
                21.885688368556988,
                21.885688368556988,
                21.885688368556988,
                21.885688368556988,
                21.885688368556988,
                21.885688368556988,
                21.885688368556988,
                21.885688368556988,
                21.885688368556988,
                21.885688368556988,
                21.885688368556988,
                21.885688368556988,
                21.885688368556988,
                21.8669208135201,
                22.002687245815952,
                22.1855515805916,
                22.44520469695707,
                22.75095857442535,
                22.909233248745267,
                23.04363841205996,
                23.16198241346466,
                23.22858852691881,
                23.260340708691167,
                23.28451586069832,
                23.29632378028301,
                23.26845280844279,
                23.18567232096448,
                23.058638320391744,
                22.911041352402158,
                22.76512772346454,
                22.609998642426156,
                22.359453027951535,
                22.17420747287252,
                22.115325291864643,
                22.332465773755125,
                22.42020205990546,
                22.333896794078942,
                22.240663292275592,
                22.220492165520383,
                22.345489407239985,
                22.534966232434453,
                22.340152682090725,
                22.054070235096102,
                21.867741291025347,
                21.885688368556988,
                23.29632378028301,
                23.29632378028301,
                23.29632378028301,
                23.29632378028301,
                23.29632378028301,
                23.29632378028301,
                23.29632378028301,
                23.29632378028301,
                23.29632378028301,
                23.29632378028301,
                23.29632378028301,
                23.29632378028301,
                23.29632378028301,
                22.115325291864643,
                22.115325291864643,
                22.115325291864654,
                22.115325291864643,
                22.115325291864654,
                22.115325291864643,
                22.115325291864643,
                22.115325291864643,
                22.115325291864643,
                22.115325291864643,
                22.115325291864643,
                22.115325291864643,
                22.115325291864643
            ],
            "Node_8": [
                21.941632651213094,
                22.017391285629515,
                22.338427611674913,
                22.500472462484687,
                22.636687198729906,
                22.943733414886953,
                23.304420538214664,
                23.784332527500972,
                24.176687009259542,
                24.334346721844074,
                24.43114960362942,
                24.427661294628926,
                24.40737231892697,
                24.339111682021507,
                24.137796780764088,
                23.826469690502584,
                23.449655328804567,
                23.05686831486098,
                22.723169295070278,
                22.593635906494853,
                22.544542954620788,
                22.520613600500706,
                22.482976899175235,
                22.90076151652179,
                23.48681538012376,
                23.68503193300443,
                23.46142727571878,
                23.004497201157363,
                22.593402595278327,
                22.630626370179684,
                22.47698175066957,
                22.11161951147982,
                21.941632651213094,
                21.941632651213094,
                21.941632651213094,
                21.941632651213094,
                21.941632651213094,
                21.941632651213094,
                21.941632651213094,
                21.941632651213094,
                21.941632651213094,
                21.941632651213094,
                21.941632651213094,
                21.941632651213094,
                21.941632651213094,
                22.017391285629515,
                22.338427611674913,
                22.500472462484687,
                22.636687198729906,
                22.943733414886953,
                23.304420538214664,
                23.784332527500972,
                24.176687009259542,
                24.334346721844074,
                24.43114960362942,
                24.427661294628926,
                24.40737231892697,
                24.339111682021507,
                24.137796780764088,
                23.826469690502584,
                23.449655328804567,
                23.05686831486098,
                22.723169295070278,
                22.593635906494853,
                22.544542954620788,
                22.520613600500706,
                22.482976899175235,
                22.90076151652179,
                23.48681538012376,
                23.68503193300443,
                23.46142727571878,
                23.004497201157363,
                22.593402595278327,
                22.630626370179684,
                22.47698175066957,
                22.11161951147982,
                21.941632651213094,
                24.40737231892697,
                24.40737231892697,
                24.40737231892697,
                24.40737231892697,
                24.40737231892697,
                24.40737231892697,
                24.40737231892697,
                24.40737231892697,
                24.40737231892697,
                24.40737231892697,
                24.40737231892697,
                24.40737231892697,
                24.40737231892697,
                22.520613600500706,
                22.520613600500706,
                22.520613600500702,
                22.520613600500706,
                22.520613600500702,
                22.520613600500706,
                22.520613600500706,
                22.520613600500706,
                22.520613600500706,
                22.520613600500706,
                22.520613600500706,
                22.520613600500706,
                22.520613600500706
            ],
            "Node_9": [
                22.296694125841146,
                22.33966873909182,
                22.443869446651302,
                22.817216448217806,
                22.880399604362715,
                22.977903659088604,
                23.738073228488535,
                24.035705759853418,
                24.291499289294457,
                24.760468181690623,
                25.14450779177126,
                25.394368969153845,
                25.480621354769152,
                25.49221954601586,
                25.54218710422082,
                25.65022275905834,
                25.81196882820114,
                26.003790363131834,
                26.1947373231573,
                26.352853910581334,
                26.449336343267035,
                26.47099635369662,
                26.35407964221839,
                26.039570729147957,
                25.564699663049527,
                25.040072460976198,
                24.566713831429603,
                24.159344190370994,
                23.37324373508377,
                22.77611927847657,
                22.59821852750442,
                22.37159240924281,
                22.296694125841146,
                22.296694125841146,
                22.296694125841146,
                22.296694125841146,
                22.296694125841146,
                22.296694125841146,
                22.296694125841146,
                22.296694125841146,
                22.296694125841146,
                22.296694125841146,
                22.296694125841146,
                22.296694125841146,
                22.296694125841146,
                22.33966873909182,
                22.443869446651302,
                22.817216448217806,
                22.880399604362715,
                22.977903659088604,
                23.738073228488535,
                24.035705759853418,
                24.291499289294457,
                24.760468181690623,
                25.14450779177126,
                25.394368969153845,
                25.480621354769152,
                25.49221954601586,
                25.54218710422082,
                25.65022275905834,
                25.81196882820114,
                26.003790363131834,
                26.1947373231573,
                26.352853910581334,
                26.449336343267035,
                26.47099635369662,
                26.35407964221839,
                26.039570729147957,
                25.564699663049527,
                25.040072460976198,
                24.566713831429603,
                24.159344190370994,
                23.37324373508377,
                22.77611927847657,
                22.59821852750442,
                22.37159240924281,
                22.296694125841146,
                25.480621354769152,
                25.480621354769152,
                25.480621354769152,
                25.480621354769152,
                25.480621354769152,
                25.480621354769152,
                25.480621354769152,
                25.480621354769152,
                25.480621354769152,
                25.480621354769152,
                25.480621354769152,
                25.480621354769152,
                25.480621354769152,
                26.47099635369662,
                26.47099635369662,
                26.470996353696634,
                26.47099635369662,
                26.470996353696634,
                26.47099635369662,
                26.47099635369662,
                26.47099635369662,
                26.47099635369662,
                26.47099635369662,
                26.47099635369662,
                26.47099635369662,
                26.47099635369662
            ],
            "Node_10": [
                22.38192046865886,
                22.464090717736646,
                22.660800470149084,
                22.866393575765482,
                23.31704403379817,
                23.66096815253109,
                23.892779239650345,
                24.768789203814222,
                25.573401055341392,
                25.942300753068174,
                26.020699638531582,
                26.04244885048789,
                26.057251835011684,
                26.06430564766448,
                26.09048285679069,
                26.14200372403449,
                26.216256677390167,
                26.303058161048895,
                26.39057457350081,
                26.468894734082806,
                26.529720164694716,
                26.557026031640493,
                26.485677190800907,
                26.3307003160782,
                26.224287454378068,
                26.084126447882902,
                25.511708501711755,
                24.432646647215392,
                23.753498200204586,
                23.251270309823415,
                22.690330796833837,
                22.46032211229409,
                22.38192046865886,
                22.38192046865886,
                22.38192046865886,
                22.38192046865886,
                22.38192046865886,
                22.38192046865886,
                22.38192046865886,
                22.38192046865886,
                22.38192046865886,
                22.38192046865886,
                22.38192046865886,
                22.38192046865886,
                22.38192046865886,
                22.464090717736646,
                22.660800470149084,
                22.866393575765482,
                23.31704403379817,
                23.66096815253109,
                23.892779239650345,
                24.768789203814222,
                25.573401055341392,
                25.942300753068174,
                26.020699638531582,
                26.04244885048789,
                26.057251835011684,
                26.06430564766448,
                26.09048285679069,
                26.14200372403449,
                26.216256677390167,
                26.303058161048895,
                26.39057457350081,
                26.468894734082806,
                26.529720164694716,
                26.557026031640493,
                26.485677190800907,
                26.3307003160782,
                26.224287454378068,
                26.084126447882902,
                25.511708501711755,
                24.432646647215392,
                23.753498200204586,
                23.251270309823415,
                22.690330796833837,
                22.46032211229409,
                22.38192046865886,
                26.057251835011684,
                26.057251835011684,
                26.057251835011684,
                26.057251835011684,
                26.057251835011684,
                26.057251835011684,
                26.057251835011684,
                26.057251835011684,
                26.057251835011684,
                26.057251835011684,
                26.057251835011684,
                26.057251835011684,
                26.057251835011684,
                26.557026031640493,
                26.557026031640493,
                26.557026031640522,
                26.557026031640493,
                26.557026031640522,
                26.557026031640493,
                26.557026031640493,
                26.557026031640493,
                26.557026031640493,
                26.557026031640493,
                26.557026031640493,
                26.557026031640493,
                26.557026031640493
            ],
            "Node_11": [
                46.90864110210745,
                46.750071130501006,
                46.30185902259934,
                45.623857876941365,
                44.7644024570335,
                43.76196718233958,
                42.69114760434162,
                41.644461593754,
                40.69416168700923,
                39.892989813052786,
                39.30287866067155,
                38.981614066180256,
                38.91918484356314,
                38.87381445162467,
                38.745141342015586,
                38.553489982031195,
                38.32968345814886,
                38.11076755910173,
                37.93310075210525,
                37.825496022650015,
                37.80595527606275,
                37.87659376654373,
                37.77793210568388,
                37.94913315581105,
                38.5500437249425,
                39.61192477940188,
                40.98742753038041,
                42.44138681425741,
                43.80294057967451,
                45.000693538857725,
                45.98590674246109,
                46.663071694331144,
                46.90864110210745,
                46.90864110210745,
                46.90864110210745,
                46.90864110210745,
                46.90864110210745,
                46.90864110210745,
                46.90864110210745,
                46.90864110210745,
                46.90864110210745,
                46.90864110210745,
                46.90864110210745,
                46.90864110210745,
                46.90864110210745,
                46.750071130501006,
                46.30185902259934,
                45.623857876941365,
                44.7644024570335,
                43.76196718233958,
                42.69114760434162,
                41.644461593754,
                40.69416168700923,
                39.892989813052786,
                39.30287866067155,
                38.981614066180256,
                38.91918484356314,
                38.87381445162467,
                38.745141342015586,
                38.553489982031195,
                38.32968345814886,
                38.11076755910173,
                37.93310075210525,
                37.825496022650015,
                37.80595527606275,
                37.87659376654373,
                37.77793210568388,
                37.94913315581105,
                38.5500437249425,
                39.61192477940188,
                40.98742753038041,
                42.44138681425741,
                43.80294057967451,
                45.000693538857725,
                45.98590674246109,
                46.663071694331144,
                46.90864110210745,
                38.91918484356314,
                38.91918484356314,
                38.91918484356314,
                38.91918484356314,
                38.91918484356314,
                38.91918484356314,
                38.91918484356314,
                38.91918484356314,
                38.91918484356314,
                38.91918484356314,
                38.91918484356314,
                38.91918484356314,
                38.91918484356314,
                37.87659376654373,
                37.87659376654373,
                37.87659376654373,
                37.87659376654373,
                37.87659376654373,
                37.87659376654373,
                37.87659376654373,
                37.87659376654373,
                37.87659376654373,
                37.87659376654373,
                37.87659376654373,
                37.87659376654373,
                37.87659376654373
            ],
            "Node_12": [
                48.15637539866621,
                47.922844716718686,
                47.28982906718886,
                46.41087903032368,
                45.43061163076717,
                44.4183267005977,
                43.37064007438201,
                42.30117141326477,
                41.28559486225196,
                40.41373436563219,
                39.72708210929581,
                39.241509391782984,
                39.02625619834702,
                39.00637060354545,
                38.948594463032315,
                38.855316628810655,
                38.727354965043546,
                38.57053422996173,
                38.39662274647704,
                38.21651966920011,
                38.04208933934375,
                37.89961677697973,
                38.213407266959045,
                38.76908876279762,
                39.52435767956377,
                40.464922800754216,
                41.587440596562885,
                42.87920119153447,
                44.27252817875552,
                45.65555245926,
                46.89931792239287,
                47.812661367333476,
                48.15637539866621,
                48.15637539866621,
                48.15637539866621,
                48.15637539866621,
                48.15637539866621,
                48.15637539866621,
                48.15637539866621,
                48.15637539866621,
                48.15637539866621,
                48.15637539866621,
                48.15637539866621,
                48.15637539866621,
                48.15637539866621,
                47.922844716718686,
                47.28982906718886,
                46.41087903032368,
                45.43061163076717,
                44.4183267005977,
                43.37064007438201,
                42.30117141326477,
                41.28559486225196,
                40.41373436563219,
                39.72708210929581,
                39.241509391782984,
                39.02625619834702,
                39.00637060354545,
                38.948594463032315,
                38.855316628810655,
                38.727354965043546,
                38.57053422996173,
                38.39662274647704,
                38.21651966920011,
                38.04208933934375,
                37.89961677697973,
                38.213407266959045,
                38.76908876279762,
                39.52435767956377,
                40.464922800754216,
                41.587440596562885,
                42.87920119153447,
                44.27252817875552,
                45.65555245926,
                46.89931792239287,
                47.812661367333476,
                48.15637539866621,
                39.02625619834702,
                39.02625619834702,
                39.02625619834702,
                39.02625619834702,
                39.02625619834702,
                39.02625619834702,
                39.02625619834702,
                39.02625619834702,
                39.02625619834702,
                39.02625619834702,
                39.02625619834702,
                39.02625619834702,
                39.02625619834702,
                37.89961677697973,
                37.89961677697973,
                37.89961677697973,
                37.89961677697973,
                37.89961677697973,
                37.89961677697973,
                37.89961677697973,
                37.89961677697973,
                37.89961677697973,
                37.89961677697973,
                37.89961677697973,
                37.89961677697973,
                37.89961677697973
            ],
            "Node_13": [
                78.85623897018095,
                78.66311665409022,
                78.1698238420696,
                77.58195733351623,
                77.11020122819234,
                76.87942865968766,
                76.91941091209766,
                77.21584723365667,
                77.73444216890205,
                78.39320860914087,
                79.04956847275547,
                79.53516650233708,
                79.7143303034043,
                79.70228235353541,
                79.67273131837666,
                79.64135085606655,
                79.62560627989646,
                79.63946326519327,
                79.68748956009982,
                79.75902984872344,
                79.82965312620735,
                79.8691633482416,
                79.7911629540971,
                79.46509514271965,
                78.91120714193245,
                78.24245055330637,
                77.60694711173218,
                77.15161145574073,
                77.0158511186923,
                77.29346222088877,
                77.91675850324307,
                78.57373151961657,
                78.85623897018095,
                78.85623897018095,
                78.85623897018095,
                78.85623897018095,
                78.85623897018095,
                78.85623897018095,
                78.85623897018095,
                78.85623897018095,
                78.85623897018095,
                78.85623897018095,
                78.85623897018095,
                78.85623897018095,
                78.85623897018095,
                78.66311665409022,
                78.1698238420696,
                77.58195733351623,
                77.11020122819234,
                76.87942865968766,
                76.91941091209766,
                77.21584723365667,
                77.73444216890205,
                78.39320860914087,
                79.04956847275547,
                79.53516650233708,
                79.7143303034043,
                79.70228235353541,
                79.67273131837666,
                79.64135085606655,
                79.62560627989646,
                79.63946326519327,
                79.68748956009982,
                79.75902984872344,
                79.82965312620735,
                79.8691633482416,
                79.7911629540971,
                79.46509514271965,
                78.91120714193245,
                78.24245055330637,
                77.60694711173218,
                77.15161145574073,
                77.0158511186923,
                77.29346222088877,
                77.91675850324307,
                78.57373151961657,
                78.85623897018095,
                79.7143303034043,
                79.7143303034043,
                79.7143303034043,
                79.7143303034043,
                79.7143303034043,
                79.7143303034043,
                79.7143303034043,
                79.7143303034043,
                79.7143303034043,
                79.7143303034043,
                79.7143303034043,
                79.7143303034043,
                79.7143303034043,
                79.8691633482416,
                79.8691633482416,
                79.86916334824157,
                79.8691633482416,
                79.86916334824157,
                79.8691633482416,
                79.8691633482416,
                79.8691633482416,
                79.8691633482416,
                79.8691633482416,
                79.8691633482416,
                79.8691633482416,
                79.8691633482416
            ],
            "Node_14": [
                86.38239031435054,
                86.12949784095582,
                85.23672250742926,
                84.19039844685389,
                83.37906395541923,
                82.9724395961274,
                83.00369937211951,
                83.47655712084767,
                84.34785196647043,
                85.12110014092347,
                85.09935758698809,
                85.08093278884321,
                85.07311980305714,
                85.03922219214272,
                84.95387440159993,
                84.85616691264495,
                84.79125424123322,
                84.79952893628001,
                84.90312727672969,
                85.09024575053883,
                85.31390236455071,
                85.41204843928116,
                85.12814433311911,
                84.91534292013087,
                84.78611776590405,
                84.04997145334112,
                83.15127672263696,
                82.58742945322733,
                82.64199772895411,
                83.38255327669572,
                84.63595416098823,
                85.88312488367966,
                86.38239031435054,
                86.38239031435054,
                86.38239031435054,
                86.38239031435054,
                86.38239031435054,
                86.38239031435054,
                86.38239031435054,
                86.38239031435054,
                86.38239031435054,
                86.38239031435054,
                86.38239031435054,
                86.38239031435054,
                86.38239031435054,
                86.12949784095582,
                85.23672250742926,
                84.19039844685389,
                83.37906395541923,
                82.9724395961274,
                83.00369937211951,
                83.47655712084767,
                84.34785196647043,
                85.12110014092347,
                85.09935758698809,
                85.08093278884321,
                85.07311980305714,
                85.03922219214272,
                84.95387440159993,
                84.85616691264495,
                84.79125424123322,
                84.79952893628001,
                84.90312727672969,
                85.09024575053883,
                85.31390236455071,
                85.41204843928116,
                85.12814433311911,
                84.91534292013087,
                84.78611776590405,
                84.04997145334112,
                83.15127672263696,
                82.58742945322733,
                82.64199772895411,
                83.38255327669572,
                84.63595416098823,
                85.88312488367966,
                86.38239031435054,
                85.07311980305714,
                85.07311980305714,
                85.07311980305714,
                85.07311980305714,
                85.07311980305714,
                85.07311980305714,
                85.07311980305714,
                85.07311980305714,
                85.07311980305714,
                85.07311980305714,
                85.07311980305714,
                85.07311980305714,
                85.07311980305714,
                85.41204843928116,
                85.41204843928116,
                85.41204843928116,
                85.41204843928116,
                85.41204843928116,
                85.41204843928116,
                85.41204843928116,
                85.41204843928116,
                85.41204843928116,
                85.41204843928116,
                85.41204843928116,
                85.41204843928116,
                85.41204843928116
            ],
            "Node_15": [
                86.58372054987392,
                86.38718181057526,
                86.16600550511207,
                85.94791721593703,
                85.76968319119143,
                85.61816112232623,
                85.46400627097563,
                85.31390895944504,
                85.20266271738315,
                85.47925728509551,
                86.54911199489456,
                87.31626631440402,
                87.59165682000388,
                87.53708486318313,
                87.38271606710339,
                87.14998936395011,
                86.86430288392091,
                86.55440366080727,
                86.24736699411227,
                85.9587297768647,
                85.69792636174036,
                85.57761315200248,
                85.72642014197596,
                85.53277773175212,
                84.97267156228742,
                84.85378770506887,
                84.98351101961799,
                85.2108114787325,
                85.49482395401242,
                85.80558612121642,
                86.1328231485257,
                86.42593553921111,
                86.58372054987392,
                86.58372054987392,
                86.58372054987392,
                86.58372054987392,
                86.58372054987392,
                86.58372054987392,
                86.58372054987392,
                86.58372054987392,
                86.58372054987392,
                86.58372054987392,
                86.58372054987392,
                86.58372054987392,
                86.58372054987392,
                86.38718181057526,
                86.16600550511207,
                85.94791721593703,
                85.76968319119143,
                85.61816112232623,
                85.46400627097563,
                85.31390895944504,
                85.20266271738315,
                85.47925728509551,
                86.54911199489456,
                87.31626631440402,
                87.59165682000388,
                87.53708486318313,
                87.38271606710339,
                87.14998936395011,
                86.86430288392091,
                86.55440366080727,
                86.24736699411227,
                85.9587297768647,
                85.69792636174036,
                85.57761315200248,
                85.72642014197596,
                85.53277773175212,
                84.97267156228742,
                84.85378770506887,
                84.98351101961799,
                85.2108114787325,
                85.49482395401242,
                85.80558612121642,
                86.1328231485257,
                86.42593553921111,
                86.58372054987392,
                87.59165682000388,
                87.59165682000388,
                87.59165682000388,
                87.59165682000388,
                87.59165682000388,
                87.59165682000388,
                87.59165682000388,
                87.59165682000388,
                87.59165682000388,
                87.59165682000388,
                87.59165682000388,
                87.59165682000388,
                87.59165682000388,
                85.57761315200248,
                85.57761315200248,
                85.5776131520025,
                85.57761315200248,
                85.5776131520025,
                85.57761315200248,
                85.57761315200248,
                85.57761315200248,
                85.57761315200248,
                85.57761315200248,
                85.57761315200248,
                85.57761315200248,
                85.57761315200248
            ]
        }
    },
    "Phonon_DOS": {
        "DOS": [
            0.0,
            0.002,
            0.0,
            0.004,
            0.0,
            0.0,
            0.008,
            0.004,
            0.0,
            0.004,
            0.016,
            0.0,
            0.0,
            0.010666666666666666,
            0.013333333333333334,
            0.012,
            0.0,
            0.04,
            0.05333333333333334,
            0.042,
            0.05533333333333333,
            0.03066666666666667,
            0.07666666666666667,
            0.03066666666666667,
            0.08666666666666668,
            0.05,
            0.05533333333333333,
            0.03666666666666667,
            0.035333333333333335,
            0.0,
            0.0,
            0.0,
            0.0,
            0.0,
            0.0,
            0.0,
            0.0,
            0.0,
            0.0,
            0.004,
            0.03,
            0.034,
            0.016,
            0.004,
            0.02,
            0.004,
            0.008,
            0.004,
            0.008666666666666666,
            0.0,
            0.0006666666666666666,
            0.0,
            0.0,
            0.0,
            0.0,
            0.0,
            0.0,
            0.0,
            0.0,
            0.0,
            0.0,
            0.0,
            0.0,
            0.0,
            0.0,
            0.0,
            0.0,
            0.0,
            0.0,
            0.0,
            0.0,
            0.0,
            0.0,
            0.0,
            0.0,
            0.0,
            0.0,
            0.0,
            0.005333333333333333,
            0.022666666666666665,
            0.013999999999999999,
            0.024666666666666667,
            0.0,
            0.0,
            0.009333333333333334,
            0.014666666666666666,
            0.04066666666666666,
            0.04666666666666666,
            0.02,
            0.002,
            0.0
        ],
        "Energy(meV)": [
            -1.5,
            -0.5,
            0.5,
            1.5,
            2.5,
            3.5,
            4.5,
            5.5,
            6.5,
            7.5,
            8.5,
            9.5,
            10.5,
            11.5,
            12.5,
            13.5,
            14.5,
            15.5,
            16.5,
            17.5,
            18.5,
            19.5,
            20.5,
            21.5,
            22.5,
            23.5,
            24.5,
            25.5,
            26.5,
            27.5,
            28.5,
            29.5,
            30.5,
            31.5,
            32.5,
            33.5,
            34.5,
            35.5,
            36.5,
            37.5,
            38.5,
            39.5,
            40.5,
            41.5,
            42.5,
            43.5,
            44.5,
            45.5,
            46.5,
            47.5,
            48.5,
            49.5,
            50.5,
            51.5,
            52.5,
            53.5,
            54.5,
            55.5,
            56.5,
            57.5,
            58.5,
            59.5,
            60.5,
            61.5,
            62.5,
            63.5,
            64.5,
            65.5,
            66.5,
            67.5,
            68.5,
            69.5,
            70.5,
            71.5,
            72.5,
            73.5,
            74.5,
            75.5,
            76.5,
            77.5,
            78.5,
            79.5,
            80.5,
            81.5,
            82.5,
            83.5,
            84.5,
            85.5,
            86.5,
            87.5,
            88.5
        ]
    }
}