{
    "POSCAR": {
        "Atomes": "   Mo    C\n",
        "coordinate": "Direct\n",
        "unit_cell": {
            "a_vector": "2.9844357520285367   3.370289410272323e-06   3.430026804477047e-07\n",
            "b_vector": "-1.49221495721101   2.5845969983480197   -1.9183740549825478e-07\n",
            "c_vector": "2.7517475308012306e-06   -1.883854543525958e-07   30.03963372056449\n"
        },
        "positions": {
            "Mo": [
                "0.3333333324321366   0.6666666434987838   0.16135349294835125\n",
                "0.6666666872443666   0.3333333071635954   0.23864626782640838\n"
            ],
            "C": [
                "-1.9797644097038757e-08   4.9410375899542565e-08   0.20000023922524124\n"
            ]
        }
    },
    "Termo_data": {
        "Temperature (K)": [
            0,
            10,
            20,
            30,
            40,
            50,
            60,
            70,
            80,
            90,
            100,
            110,
            120,
            130,
            140,
            150,
            160,
            170,
            180,
            190,
            200,
            210,
            220,
            230,
            240,
            250,
            260,
            270,
            280,
            290,
            300,
            310,
            320,
            330,
            340,
            350,
            360,
            370,
            380,
            390,
            400,
            410,
            420,
            430,
            440,
            450,
            460,
            470,
            480,
            490,
            500,
            510,
            520,
            530,
            540,
            550,
            560,
            570,
            580,
            590,
            600,
            610,
            620,
            630,
            640,
            650,
            660,
            670,
            680,
            690,
            700,
            710,
            720,
            730,
            740,
            750,
            760,
            770,
            780,
            790,
            800,
            810,
            820,
            830,
            840,
            850,
            860,
            870,
            880,
            890,
            900,
            910,
            920,
            930,
            940,
            950,
            960,
            970,
            980,
            990,
            1000,
            1010,
            1020,
            1030,
            1040,
            1050,
            1060,
            1070,
            1080,
            1090,
            1100,
            1110,
            1120,
            1130,
            1140,
            1150,
            1160,
            1170,
            1180,
            1190,
            1200,
            1210,
            1220,
            1230,
            1240,
            1250,
            1260,
            1270,
            1280,
            1290,
            1300,
            1310,
            1320,
            1330,
            1340,
            1350,
            1360,
            1370,
            1380,
            1390,
            1400,
            1410,
            1420,
            1430,
            1440,
            1450,
            1460,
            1470,
            1480,
            1490,
            1500,
            1510,
            1520,
            1530,
            1540,
            1550,
            1560,
            1570,
            1580,
            1590,
            1600,
            1610,
            1620,
            1630,
            1640,
            1650,
            1660,
            1670,
            1680,
            1690,
            1700,
            1710,
            1720,
            1730,
            1740,
            1750,
            1760,
            1770,
            1780,
            1790,
            1800,
            1810,
            1820,
            1830,
            1840,
            1850,
            1860,
            1870,
            1880,
            1890,
            1900,
            1910,
            1920,
            1930,
            1940,
            1950,
            1960,
            1970
        ],
        "Gibbs_free(J/mole)": [
            -571413.7374892477,
            -571414.2810007965,
            -571418.071189789,
            -571426.4924456859,
            -571441.0277830238,
            -571463.4255864099,
            -571495.1895031754,
            -571537.3372718813,
            -571590.4248312049,
            -571654.6632824222,
            -571730.0363034621,
            -571816.3912274757,
            -571913.5013139778,
            -572021.1048821908,
            -572138.9291837423,
            -572266.7031250151,
            -572404.1639678375,
            -572551.0597237076,
            -572707.1503602989,
            -572872.2070306779,
            -573046.0113086099,
            -573228.3545889587,
            -573419.0368708642,
            -573617.8660355647,
            -573824.6572446908,
            -574039.232409612,
            -574261.419506834,
            -574491.0524807684,
            -574727.9708409682,
            -574972.0193240577,
            -575223.0474907038,
            -575480.9100013534,
            -575745.4658707497,
            -576016.5788839323,
            -576294.1170544737,
            -576577.9520965603,
            -576867.9603531491,
            -577164.0217545048,
            -577466.0199848062,
            -577773.8422055963,
            -578087.3793790784,
            -578406.525491022,
            -578731.1779622036,
            -579061.2371099186,
            -579396.6063333063,
            -579737.1924573738,
            -580082.9039870335,
            -580433.65332996,
            -580789.354402223,
            -581149.9243883512,
            -581515.2827136645,
            -581885.3506578975,
            -582260.0522119594,
            -582639.3132069986,
            -583023.0618294469,
            -583411.2280441114,
            -583803.7438638397,
            -584200.5429042336,
            -584601.5608657566,
            -585006.7348307538,
            -585416.0040609516,
            -585829.3084114157,
            -586246.5907661463,
            -586667.7944230151,
            -587092.8638123439,
            -587521.7455861288,
            -587954.3875417968,
            -588390.7386450748,
            -588830.7487115244,
            -589274.3698908773,
            -589721.5539529504,
            -590172.2551060918,
            -590626.4278972622,
            -591084.0281606734,
            -591545.0129901401,
            -592009.3400189608,
            -592476.9682473885,
            -592947.8566334777,
            -593421.9664228404,
            -593899.2589311479,
            -594379.6966206051,
            -594863.2422935145,
            -595349.860638036,
            -595839.5155759144,
            -596332.1721645267,
            -596827.796963032,
            -597326.356921273,
            -597827.8199639246,
            -598332.1534081501,
            -598839.3264099624,
            -599349.308633669,
            -599862.0699701637,
            -600377.5806668823,
            -600895.8129893726,
            -601416.7371574724,
            -601940.326892956,
            -602466.5536812659,
            -602995.3921694299,
            -603526.81527977,
            -604060.7971102213,
            -604597.313944707,
            -605136.3396675391,
            -605677.8500355429,
            -606221.8225275078,
            -606768.2313727371,
            -607317.0561502514,
            -607868.2724162152,
            -608421.8578803071,
            -608977.7926655342,
            -609536.0539689553,
            -610096.6190934926,
            -610659.4699766546,
            -611224.5853395902,
            -611791.9446154116,
            -612361.5280119738,
            -612933.3177272774,
            -613507.2925533593,
            -614083.4346280739,
            -614661.7259201426,
            -615242.1482354328,
            -615824.6832306449,
            -616409.3137853527,
            -616996.0216138269,
            -617584.7902158555,
            -618175.5953103007,
            -618768.4236592292,
            -619363.2657176033,
            -619960.1081597091,
            -620558.9407793875,
            -621159.7556005802,
            -621760.7853407912,
            -622359.1699815192,
            -622959.380513988,
            -623561.4417164264,
            -624165.3401333295,
            -624771.0623567419,
            -625378.59513546,
            -625987.9254387508,
            -626599.0404209836,
            -627211.9275805468,
            -627826.5742567511,
            -628442.9682253954,
            -629061.0972856485,
            -629680.9494393857,
            -630302.5129662752,
            -630925.776029361,
            -631550.7271415772,
            -632177.3550650905,
            -632805.6485384905,
            -633435.5977123757,
            -634067.1897557428,
            -634700.4145094377,
            -635335.2617846573,
            -635971.7205762686,
            -636609.7810178683,
            -637249.4325106009,
            -637890.6651686288,
            -638533.4689148825,
            -639177.8339189063,
            -639823.7505963058,
            -640471.2092277623,
            -641120.2002797704,
            -641770.7143674605,
            -642422.7423710629,
            -643076.2750879582,
            -643731.3034197816,
            -644387.818629932,
            -645045.8114567668,
            -645705.2734969975,
            -646366.1965739247,
            -647028.5714151893,
            -647692.3899205921,
            -648357.6437267595,
            -649024.3245576562,
            -649692.4243985615,
            -650361.9351446168,
            -651032.8488261496,
            -651705.1575095024,
            -652378.8536729533,
            -653053.9293949491,
            -653730.376989969,
            -654408.1892953473,
            -655087.3586127624,
            -655767.8776380529,
            -656449.7390477133,
            -657132.9356030991,
            -657817.4602588618,
            -658503.3060777189,
            -659190.4659670277,
            -659878.9329771781,
            -660568.7002288449,
            -661259.7610661961,
            -661952.108743165,
            -662645.7366716625,
            -663340.638584564,
            -664036.8073558419,
            -664734.2371228515,
            -665432.921347413
        ],
        "Cp(J/mole.K)": [
            -0.0,
            0.27811054479680025,
            0.9311446346750017,
            1.8541271875903473,
            3.120512691687327,
            4.6223180934321135,
            6.161041181674228,
            7.597506887165945,
            8.875228845537638,
            9.990435265321864,
            10.963384564616717,
            11.821070156944923,
            12.588857774657665,
            13.2874911354942,
            13.932420015742537,
            14.534383450562022,
            15.100643346505237,
            15.636051018082071,
            16.143550132261602,
            16.625119372445624,
            17.082306971715298,
            17.51604137077518,
            17.92714636472517,
            18.31658327876941,
            18.68513298996261,
            19.033560693133023,
            19.362896794144735,
            19.6740711897437,
            19.967720920965085,
            20.244779654569,
            20.506297732761585,
            20.753109094584943,
            20.986242942512035,
            21.206072290416355,
            21.413297708623613,
            21.609389651974222,
            21.79469968354094,
            21.969483660990928,
            22.134774484363138,
            22.29126347590066,
            22.439188853022713,
            22.579041807577596,
            22.711277376307407,
            22.837008200548038,
            22.956210887024582,
            23.06871577225671,
            23.175675681600147,
            23.276968320968578,
            23.373475502338295,
            23.46513366510321,
            23.5514835668436,
            23.633756432257396,
            23.7121549504227,
            23.786781615464246,
            23.85776282198502,
            23.925031637918437,
            23.988954533892525,
            24.04981961720607,
            24.107980253273936,
            24.162939859013008,
            24.215264999424022,
            24.266457179715378,
            24.31382855454585,
            24.35761363498468,
            24.40109320841725,
            24.44308072746212,
            24.481776453374277,
            24.518962984674584,
            24.55492188719795,
            24.58809723581066,
            24.62023005008824,
            24.65091487648039,
            24.680067419190895,
            24.708316762925772,
            24.734804085234593,
            24.758917930594123,
            24.781544586678393,
            24.80494006985979,
            24.827443509997043,
            24.847602775666687,
            24.86763933254423,
            24.88708806720673,
            24.902393572253466,
            24.91681728924456,
            24.93378353716119,
            24.950929271930544,
            24.96521978083753,
            24.976493190787547,
            24.989225012297,
            25.00257901396848,
            25.012817312206543,
            25.02376924211263,
            25.03425196660676,
            25.04230617072608,
            25.05107802805717,
            25.059510614883038,
            25.06817930527052,
            25.073685970061273,
            25.080812761013,
            25.090600902680308,
            25.093564746784836,
            25.09926419354771,
            25.105378213984586,
            25.108214145517266,
            25.115236337948517,
            25.116281694208737,
            25.119895478559343,
            25.129909234822996,
            25.12668232640725,
            25.12427941441144,
            25.134499882638686,
            25.13770118489023,
            25.133993600914494,
            25.138186532602493,
            25.142326655244688,
            25.13839317577359,
            25.139593653764877,
            25.145366694804647,
            25.145633971016174,
            25.14452911920671,
            25.14321803895257,
            25.14041376290817,
            25.11770554027779,
            25.08281457832799,
            25.0998035690166,
            25.159553456978845,
            25.21466161722165,
            25.282335741911083,
            19.742398782447253,
            -0.7516182811146807,
            -10.560511672694979,
            9.357834245843883,
            24.30267227778677,
            24.435110482561864,
            24.43953234310649,
            24.44324071535055,
            24.446963536273305,
            24.45127977099037,
            24.455498341773833,
            24.458798107612825,
            24.462175954366,
            24.465506224304836,
            24.46891363937747,
            24.47221914645935,
            24.47458083070825,
            24.477615859141224,
            24.481358881620583,
            24.488772467215313,
            24.49333525395518,
            24.48870791869984,
            24.49054373326351,
            24.49699337729264,
            24.499376327055614,
            24.502443192834978,
            24.504932565270828,
            24.5073210537382,
            24.509938116325287,
            24.512712781118957,
            24.515906385198917,
            24.517808114126318,
            24.519323368556343,
            24.521941507086282,
            24.52510223831632,
            24.527251512197076,
            24.529568051861133,
            24.531326599011898,
            24.531999130675104,
            24.536809721297338,
            24.54081473015225,
            24.539769677180928,
            24.541171858233426,
            24.544016446225335,
            24.545948996871687,
            24.548483302159248,
            24.550337669626373,
            24.55152842208843,
            24.553844548667712,
            24.55662848296734,
            24.557192443410926,
            24.558866907803605,
            24.562375999347097,
            24.56370144097994,
            24.564595316931502,
            24.56602220798034,
            24.56757050848205,
            24.570356778116285,
            24.572911131405007,
            24.57378612462569,
            24.574202160874847,
            24.57562066495302,
            24.577699389105234,
            24.579391041108835,
            24.582369978166298,
            24.58375478979724,
            24.583179909852333,
            24.586123535075153,
            24.587941708905248,
            24.58843438071837
        ],
        "S(J/mole.K)": [
            0,
            0.13905527239840013,
            0.5108967034655507,
            1.0527040600660258,
            1.751789344458666,
            2.604085240262793,
            3.579737148078857,
            4.635836309920705,
            5.733217176135804,
            6.842943160388677,
            7.946136570026283,
            9.031627169027344,
            10.093484280408303,
            11.1290773723842,
            12.137721152883024,
            13.119787030368753,
            14.076161583299108,
            15.007940541350399,
            15.916256342941779,
            16.802191432440303,
            17.666752248113333,
            18.51085852647229,
            19.33534227519121,
            20.14096401286078,
            20.928424209835065,
            21.69836902765528,
            22.45140364140534,
            23.188101692954657,
            23.90900278963381,
            24.614617159729818,
            25.305436713687953,
            25.981935908609007,
            26.644573520627453,
            27.293787692216572,
            27.929993254720465,
            28.553600258068762,
            29.16500998679694,
            29.764599063406056,
            30.35273101043276,
            30.92976347229996,
            31.496038762140962,
            32.05188279118884,
            32.597609309291876,
            33.133528265992936,
            33.65994090578315,
            34.17712600272644,
            34.685354585140885,
            35.18489142598264,
            35.67599245169549,
            36.15890629428468,
            36.63386126939294,
            37.10107959949527,
            37.560784583837076,
            38.01318967389088,
            38.45849848535144,
            38.896903984283554,
            39.32859136595361,
            39.75374178998172,
            40.17253253593371,
            40.58513062868151,
            40.991695180448005,
            41.392394442162185,
            41.787379091417826,
            42.176772747882936,
            42.56072068250214,
            42.93937792109645,
            43.31286962243466,
            43.68131496157584,
            44.04484319351177,
            44.40356870739197,
            44.75760211111483,
            45.107058889274775,
            45.45204623844039,
            45.792670641839514,
            46.12903274279088,
            46.46121925029148,
            46.78931518070604,
            47.11342269766465,
            47.433644015989564,
            47.75005760360655,
            48.0627436581417,
            48.37179040438495,
            48.67725826804526,
            48.979203440262054,
            49.2777201274308,
            49.57290567781601,
            49.86482247663661,
            50.15351216758426,
            50.439039464923546,
            50.721487624992726,
            51.000911648216416,
            51.277364981989365,
            51.55091393679321,
            51.82160570868435,
            52.089492178408534,
            52.35463475458236,
            52.61709034959494,
            52.87689958744595,
            53.13410872182867,
            53.38879225882119,
            53.640980289134305,
            53.8907018960046,
            54.13802125862129,
            54.38297137278859,
            54.6256022360234,
            54.86594990597222,
            55.10404132038529,
            55.33996087580308,
            55.57371759120142,
            55.80529381233355,
            56.03479052721232,
            56.26227114217181,
            56.48770935896755,
            56.711145601404134,
            56.93264987778821,
            57.15222060194501,
            57.36987828105193,
            57.585697430554134,
            57.799705559070574,
            58.011904137571406,
            58.22231682808051,
            58.43096624386089,
            58.63779366729431,
            58.8426977443305,
            59.04586929057695,
            59.24771638976381,
            59.448412784612444,
            59.64800772052258,
            59.82466322065593,
            59.898868716748254,
            59.85533811500936,
            59.850437687024524,
            59.978210188436776,
            60.16212708285019,
            60.34518068531615,
            60.526903491346445,
            60.707312554927185,
            60.886429344679335,
            61.064274470068625,
            61.24086263627541,
            61.41620883855502,
            61.59033086694835,
            61.76324612783645,
            61.934971474266774,
            62.105519857519546,
            62.27490661288758,
            62.44315245495818,
            62.61028786954703,
            62.77633076822968,
            62.94125539467642,
            63.10506741266436,
            63.26781843055215,
            63.42952435636981,
            63.59018775384466,
            63.74982256697986,
            63.90843991071452,
            64.066053279044,
            64.22267673727765,
            64.37832468378038,
            64.53300669152814,
            64.686729602571,
            64.83950758594582,
            64.99135744378873,
            65.14228917161236,
            65.29231140789199,
            65.44143402967312,
            65.58966294665007,
            65.73701801245625,
            65.88351965369365,
            66.02916066163888,
            66.17394344773638,
            66.3178894949262,
            66.46101012778381,
            66.60331400438736,
            66.74481032541954,
            66.88550449680915,
            67.02540696106735,
            67.16453120827646,
            67.30288109294051,
            67.44046215748385,
            67.57729116659756,
            67.71337551766047,
            67.84871619847254,
            67.9833216296989,
            68.11720161142438,
            68.25036768356367,
            68.38283026595309,
            68.51459178916556,
            68.64565402029984,
            68.77602581042447,
            68.90571883619559,
            69.03474094808772,
            69.1631014921775,
            69.29080656457371,
            69.41785375959297,
            69.54425381309846,
            69.67001949659024,
            69.79515103154408
        ]
    },
    "Phonon_data": {
        "Numb_Node": 9,
        "total_n_kpoints": 100,
        "frequency": {
            "Node_1": [
                -0.06530509268725833,
                -0.7308650348170863,
                -0.9387912948290581,
                1.1620059077749199,
                2.9375944636852256,
                4.8813436737677,
                7.1048863426267,
                9.53489685002315,
                12.021512619725936,
                14.391255166949923,
                16.205532873401204,
                16.800814237019832,
                16.971937409405623,
                17.125737031828095,
                17.54153628774875,
                17.826920232925584,
                17.532577629454607,
                17.184413979092163,
                16.897083590494745,
                16.71799263599214,
                16.655947274880656,
                16.666350339951865,
                16.593121113011765,
                15.979909298716215,
                14.521541379978451,
                12.315319516607314,
                9.678461733113943,
                6.952111240350395,
                4.415450526893014,
                2.1548602510580817,
                -0.896000775480229,
                -0.9347562222264778,
                -0.06530509268725833,
                -0.06530509268725833,
                -0.06530509268725833,
                -0.06530509268725833,
                -0.06530509268725833,
                -0.06530509268725833,
                -0.06530509268725833,
                -0.06530509268725833,
                -0.06530509268725833,
                -0.06530509268725833,
                -0.06530509268725833,
                -0.06530509268725833,
                -0.06530509268725833,
                -0.7308650348170863,
                -0.9387912948290581,
                1.1620059077749199,
                2.9375944636852256,
                4.8813436737677,
                7.1048863426267,
                9.53489685002315,
                12.021512619725936,
                14.391255166949923,
                16.205532873401204,
                16.800814237019832,
                16.971937409405623,
                17.125737031828095,
                17.54153628774875,
                17.826920232925584,
                17.532577629454607,
                17.184413979092163,
                16.897083590494745,
                16.71799263599214,
                16.655947274880656,
                16.666350339951865,
                16.593121113011765,
                15.979909298716215,
                14.521541379978451,
                12.315319516607314,
                9.678461733113943,
                6.952111240350395,
                4.415450526893014,
                2.1548602510580817,
                -0.896000775480229,
                -0.9347562222264778,
                -0.06530509268725833,
                16.971937409405623,
                16.971937409405623,
                16.971937409405623,
                16.971937409405623,
                16.971937409405623,
                16.971937409405623,
                16.971937409405623,
                16.971937409405623,
                16.971937409405623,
                16.971937409405623,
                16.971937409405623,
                16.971937409405623,
                16.971937409405623,
                16.666350339951865,
                16.666350339951865,
                16.66635033995184,
                16.666350339951865,
                16.66635033995184,
                16.666350339951865,
                16.666350339951865,
                16.666350339951865,
                16.666350339951865,
                16.666350339951865,
                16.666350339951865,
                16.666350339951865,
                16.666350339951865
            ],
            "Node_2": [
                -0.05309285148266541,
                2.445827155495315,
                4.788191940921348,
                6.973836494160244,
                8.95676480189293,
                10.711323252286109,
                12.242545724938621,
                13.57519121316075,
                14.727461982987945,
                15.702839519955498,
                16.704730205970012,
                18.06752676116866,
                18.617423730216405,
                18.54463391849273,
                18.354818885933746,
                18.402416730549305,
                19.081231283382387,
                19.737680785966266,
                20.093599819607313,
                20.31113770086711,
                20.466916753868464,
                20.478081862125617,
                20.34159707537967,
                20.189195066653262,
                19.627624043676207,
                18.224320276994924,
                16.393996296788657,
                14.243220345943683,
                11.804940830850844,
                9.133672340419489,
                6.260982382400689,
                3.200373264132432,
                -0.05309285148266541,
                -0.05309285148266541,
                -0.05309285148266541,
                -0.05309285148266541,
                -0.05309285148266541,
                -0.05309285148266541,
                -0.05309285148266541,
                -0.05309285148266541,
                -0.05309285148266541,
                -0.05309285148266541,
                -0.05309285148266541,
                -0.05309285148266541,
                -0.05309285148266541,
                2.445827155495315,
                4.788191940921348,
                6.973836494160244,
                8.95676480189293,
                10.711323252286109,
                12.242545724938621,
                13.57519121316075,
                14.727461982987945,
                15.702839519955498,
                16.704730205970012,
                18.06752676116866,
                18.617423730216405,
                18.54463391849273,
                18.354818885933746,
                18.402416730549305,
                19.081231283382387,
                19.737680785966266,
                20.093599819607313,
                20.31113770086711,
                20.466916753868464,
                20.478081862125617,
                20.34159707537967,
                20.189195066653262,
                19.627624043676207,
                18.224320276994924,
                16.393996296788657,
                14.243220345943683,
                11.804940830850844,
                9.133672340419489,
                6.260982382400689,
                3.200373264132432,
                -0.05309285148266541,
                18.617423730216405,
                18.617423730216405,
                18.617423730216405,
                18.617423730216405,
                18.617423730216405,
                18.617423730216405,
                18.617423730216405,
                18.617423730216405,
                18.617423730216405,
                18.617423730216405,
                18.617423730216405,
                18.617423730216405,
                18.617423730216405,
                20.478081862125617,
                20.478081862125617,
                20.478081862125617,
                20.478081862125617,
                20.478081862125617,
                20.478081862125617,
                20.478081862125617,
                20.478081862125617,
                20.478081862125617,
                20.478081862125617,
                20.478081862125617,
                20.478081862125617,
                20.478081862125617
            ],
            "Node_3": [
                -0.02918929636285072,
                3.6633342941808427,
                7.3423627766184465,
                10.74313717267847,
                13.558781058833642,
                15.784583608968502,
                17.644172324252946,
                19.397251771001258,
                20.0405174344186,
                20.097085505783102,
                20.110581623181297,
                20.105009707859768,
                20.098200819748595,
                20.084587925702383,
                20.058326091415452,
                20.05178987265688,
                20.10378541621388,
                20.29176569088026,
                20.678621521901462,
                20.930702070343226,
                20.96902471142918,
                21.029561023482238,
                21.193458218163872,
                20.93857608258305,
                20.32156926122104,
                20.027851872932953,
                19.751160938869255,
                17.93418837033832,
                15.496440365079167,
                12.734476899386868,
                9.28116564443318,
                4.915645732913291,
                -0.02918929636285072,
                -0.02918929636285072,
                -0.02918929636285072,
                -0.02918929636285072,
                -0.02918929636285072,
                -0.02918929636285072,
                -0.02918929636285072,
                -0.02918929636285072,
                -0.02918929636285072,
                -0.02918929636285072,
                -0.02918929636285072,
                -0.02918929636285072,
                -0.02918929636285072,
                3.6633342941808427,
                7.3423627766184465,
                10.74313717267847,
                13.558781058833642,
                15.784583608968502,
                17.644172324252946,
                19.397251771001258,
                20.0405174344186,
                20.097085505783102,
                20.110581623181297,
                20.105009707859768,
                20.098200819748595,
                20.084587925702383,
                20.058326091415452,
                20.05178987265688,
                20.10378541621388,
                20.29176569088026,
                20.678621521901462,
                20.930702070343226,
                20.96902471142918,
                21.029561023482238,
                21.193458218163872,
                20.93857608258305,
                20.32156926122104,
                20.027851872932953,
                19.751160938869255,
                17.93418837033832,
                15.496440365079167,
                12.734476899386868,
                9.28116564443318,
                4.915645732913291,
                -0.02918929636285072,
                20.098200819748595,
                20.098200819748595,
                20.098200819748595,
                20.098200819748595,
                20.098200819748595,
                20.098200819748595,
                20.098200819748595,
                20.098200819748595,
                20.098200819748595,
                20.098200819748595,
                20.098200819748595,
                20.098200819748595,
                20.098200819748595,
                21.029561023482238,
                21.029561023482238,
                21.029561023482252,
                21.029561023482238,
                21.029561023482252,
                21.029561023482238,
                21.029561023482238,
                21.029561023482238,
                21.029561023482238,
                21.029561023482238,
                21.029561023482238,
                21.029561023482238,
                21.029561023482238
            ],
            "Node_4": [
                19.452840262787564,
                19.446347398526846,
                19.43409060376559,
                19.42219447574473,
                19.461530029959583,
                19.68543627600176,
                19.858575374280676,
                19.984522803981246,
                21.244074575529353,
                22.68089608584429,
                23.415871716809093,
                23.783142273414906,
                23.874524966441328,
                23.851239715716,
                23.78180743107996,
                23.66530182522307,
                23.506041357513933,
                23.340400056795932,
                23.275298207109284,
                23.468618617184156,
                23.921972959851892,
                24.39124466950098,
                23.73896764166763,
                23.128061363763845,
                22.79851240088857,
                22.24650691422671,
                20.49973929628295,
                19.93095380953216,
                19.57485547058128,
                19.269632302279394,
                19.27301612094316,
                19.39304257197479,
                19.452840262787564,
                19.452840262787564,
                19.452840262787564,
                19.452840262787564,
                19.452840262787564,
                19.452840262787564,
                19.452840262787564,
                19.452840262787564,
                19.452840262787564,
                19.452840262787564,
                19.452840262787564,
                19.452840262787564,
                19.452840262787564,
                19.446347398526846,
                19.43409060376559,
                19.42219447574473,
                19.461530029959583,
                19.68543627600176,
                19.858575374280676,
                19.984522803981246,
                21.244074575529353,
                22.68089608584429,
                23.415871716809093,
                23.783142273414906,
                23.874524966441328,
                23.851239715716,
                23.78180743107996,
                23.66530182522307,
                23.506041357513933,
                23.340400056795932,
                23.275298207109284,
                23.468618617184156,
                23.921972959851892,
                24.39124466950098,
                23.73896764166763,
                23.128061363763845,
                22.79851240088857,
                22.24650691422671,
                20.49973929628295,
                19.93095380953216,
                19.57485547058128,
                19.269632302279394,
                19.27301612094316,
                19.39304257197479,
                19.452840262787564,
                23.874524966441328,
                23.874524966441328,
                23.874524966441328,
                23.874524966441328,
                23.874524966441328,
                23.874524966441328,
                23.874524966441328,
                23.874524966441328,
                23.874524966441328,
                23.874524966441328,
                23.874524966441328,
                23.874524966441328,
                23.874524966441328,
                24.39124466950098,
                24.39124466950098,
                24.39124466950097,
                24.39124466950098,
                24.39124466950097,
                24.39124466950098,
                24.39124466950098,
                24.39124466950098,
                24.39124466950098,
                24.39124466950098,
                24.39124466950098,
                24.39124466950098,
                24.39124466950098
            ],
            "Node_5": [
                19.950578804770704,
                19.903636728355764,
                19.79152279665833,
                19.703054447157484,
                19.70528364858424,
                19.7671118366658,
                20.17903467341351,
                20.930632272343043,
                21.867838416145034,
                23.12528761701158,
                24.609889531265296,
                25.6474554863968,
                26.023512626677082,
                26.027221776073883,
                26.026530218581243,
                26.003480444515766,
                25.947871321326488,
                25.84267341135023,
                25.662944450480435,
                25.395325643270755,
                25.03964338234401,
                24.64320258615084,
                24.94490693100168,
                24.703951512511434,
                23.855216168048617,
                22.423184060152657,
                21.4141012727772,
                20.46432438560294,
                20.03675249514818,
                19.971104728227772,
                19.936154263850142,
                19.938902321572154,
                19.950578804770704,
                19.950578804770704,
                19.950578804770704,
                19.950578804770704,
                19.950578804770704,
                19.950578804770704,
                19.950578804770704,
                19.950578804770704,
                19.950578804770704,
                19.950578804770704,
                19.950578804770704,
                19.950578804770704,
                19.950578804770704,
                19.903636728355764,
                19.79152279665833,
                19.703054447157484,
                19.70528364858424,
                19.7671118366658,
                20.17903467341351,
                20.930632272343043,
                21.867838416145034,
                23.12528761701158,
                24.609889531265296,
                25.6474554863968,
                26.023512626677082,
                26.027221776073883,
                26.026530218581243,
                26.003480444515766,
                25.947871321326488,
                25.84267341135023,
                25.662944450480435,
                25.395325643270755,
                25.03964338234401,
                24.64320258615084,
                24.94490693100168,
                24.703951512511434,
                23.855216168048617,
                22.423184060152657,
                21.4141012727772,
                20.46432438560294,
                20.03675249514818,
                19.971104728227772,
                19.936154263850142,
                19.938902321572154,
                19.950578804770704,
                26.023512626677082,
                26.023512626677082,
                26.023512626677082,
                26.023512626677082,
                26.023512626677082,
                26.023512626677082,
                26.023512626677082,
                26.023512626677082,
                26.023512626677082,
                26.023512626677082,
                26.023512626677082,
                26.023512626677082,
                26.023512626677082,
                24.64320258615084,
                24.64320258615084,
                24.64320258615082,
                24.64320258615084,
                24.64320258615082,
                24.64320258615084,
                24.64320258615084,
                24.64320258615084,
                24.64320258615084,
                24.64320258615084,
                24.64320258615084,
                24.64320258615084,
                24.64320258615084
            ],
            "Node_6": [
                31.296827993153258,
                31.466008134405538,
                31.969840860939698,
                32.721561709281126,
                33.468345505273675,
                33.92613856096376,
                33.98050746415272,
                33.70065372184989,
                33.25348923398741,
                32.82947611787072,
                32.56591748869217,
                32.46958059246372,
                32.45365486557291,
                32.41676570802451,
                32.3116717682217,
                32.14940061773323,
                31.9415572668096,
                31.70480324913558,
                31.45882479218986,
                31.21973107588287,
                31.016438655448397,
                30.91688702597935,
                31.173507109194624,
                31.8485986464642,
                32.499087154737026,
                32.98244485615158,
                33.43249502249644,
                33.81565429321388,
                33.83731416784103,
                33.2796441805637,
                32.350905131933054,
                31.576257952909224,
                31.296827993153258,
                31.296827993153258,
                31.296827993153258,
                31.296827993153258,
                31.296827993153258,
                31.296827993153258,
                31.296827993153258,
                31.296827993153258,
                31.296827993153258,
                31.296827993153258,
                31.296827993153258,
                31.296827993153258,
                31.296827993153258,
                31.466008134405538,
                31.969840860939698,
                32.721561709281126,
                33.468345505273675,
                33.92613856096376,
                33.98050746415272,
                33.70065372184989,
                33.25348923398741,
                32.82947611787072,
                32.56591748869217,
                32.46958059246372,
                32.45365486557291,
                32.41676570802451,
                32.3116717682217,
                32.14940061773323,
                31.9415572668096,
                31.70480324913558,
                31.45882479218986,
                31.21973107588287,
                31.016438655448397,
                30.91688702597935,
                31.173507109194624,
                31.8485986464642,
                32.499087154737026,
                32.98244485615158,
                33.43249502249644,
                33.81565429321388,
                33.83731416784103,
                33.2796441805637,
                32.350905131933054,
                31.576257952909224,
                31.296827993153258,
                32.45365486557291,
                32.45365486557291,
                32.45365486557291,
                32.45365486557291,
                32.45365486557291,
                32.45365486557291,
                32.45365486557291,
                32.45365486557291,
                32.45365486557291,
                32.45365486557291,
                32.45365486557291,
                32.45365486557291,
                32.45365486557291,
                30.91688702597935,
                30.91688702597935,
                30.91688702597935,
                30.91688702597935,
                30.91688702597935,
                30.91688702597935,
                30.91688702597935,
                30.91688702597935,
                30.91688702597935,
                30.91688702597935,
                30.91688702597935,
                30.91688702597935,
                30.91688702597935
            ],
            "Node_7": [
                74.75048029350977,
                74.67934075118757,
                74.52012240043065,
                74.37345469590443,
                74.16457175267517,
                73.59754152435079,
                72.7346536409881,
                72.0495945296347,
                71.74325501636865,
                71.66566879647097,
                71.66587732237502,
                71.68979228695173,
                71.70370770245914,
                71.75969382033854,
                71.91000525905197,
                72.11461160750551,
                72.33344989743387,
                72.53578620169561,
                72.70118477943534,
                72.8235315156231,
                72.90980933987316,
                72.96907129723058,
                73.02231992540173,
                73.03039559545863,
                73.01409590481563,
                73.0670921776927,
                73.28317364273417,
                73.66892115570258,
                74.35215105727137,
                74.9112297216452,
                74.84194538081636,
                74.79518125843474,
                74.75048029350977,
                74.75048029350977,
                74.75048029350977,
                74.75048029350977,
                74.75048029350977,
                74.75048029350977,
                74.75048029350977,
                74.75048029350977,
                74.75048029350977,
                74.75048029350977,
                74.75048029350977,
                74.75048029350977,
                74.75048029350977,
                74.67934075118757,
                74.52012240043065,
                74.37345469590443,
                74.16457175267517,
                73.59754152435079,
                72.7346536409881,
                72.0495945296347,
                71.74325501636865,
                71.66566879647097,
                71.66587732237502,
                71.68979228695173,
                71.70370770245914,
                71.75969382033854,
                71.91000525905197,
                72.11461160750551,
                72.33344989743387,
                72.53578620169561,
                72.70118477943534,
                72.8235315156231,
                72.90980933987316,
                72.96907129723058,
                73.02231992540173,
                73.03039559545863,
                73.01409590481563,
                73.0670921776927,
                73.28317364273417,
                73.66892115570258,
                74.35215105727137,
                74.9112297216452,
                74.84194538081636,
                74.79518125843474,
                74.75048029350977,
                71.70370770245914,
                71.70370770245914,
                71.70370770245914,
                71.70370770245914,
                71.70370770245914,
                71.70370770245914,
                71.70370770245914,
                71.70370770245914,
                71.70370770245914,
                71.70370770245914,
                71.70370770245914,
                71.70370770245914,
                71.70370770245914,
                72.96907129723058,
                72.96907129723058,
                72.96907129723057,
                72.96907129723058,
                72.96907129723057,
                72.96907129723058,
                72.96907129723058,
                72.96907129723058,
                72.96907129723058,
                72.96907129723058,
                72.96907129723058,
                72.96907129723058,
                72.96907129723058
            ],
            "Node_8": [
                75.13557429320996,
                75.12503646166223,
                75.15741007682328,
                75.29211012782659,
                75.44188769210558,
                75.50700729285586,
                75.50955722841417,
                75.46299444578696,
                75.40567130064194,
                75.38286849963328,
                75.37734394642808,
                75.36170810041276,
                75.35057202670306,
                75.51218011533166,
                75.97071805803901,
                76.6570766939831,
                77.4935282883731,
                78.43323771827198,
                79.45634455406586,
                80.52757581755455,
                81.57556821162471,
                82.25931941404593,
                80.70411747984697,
                79.11147123668583,
                77.72370648833765,
                76.63743152238112,
                75.87794924161136,
                75.39999938367104,
                75.10423980082952,
                74.97795295681127,
                75.11465046137515,
                75.10424840728523,
                75.13557429320996,
                75.13557429320996,
                75.13557429320996,
                75.13557429320996,
                75.13557429320996,
                75.13557429320996,
                75.13557429320996,
                75.13557429320996,
                75.13557429320996,
                75.13557429320996,
                75.13557429320996,
                75.13557429320996,
                75.13557429320996,
                75.12503646166223,
                75.15741007682328,
                75.29211012782659,
                75.44188769210558,
                75.50700729285586,
                75.50955722841417,
                75.46299444578696,
                75.40567130064194,
                75.38286849963328,
                75.37734394642808,
                75.36170810041276,
                75.35057202670306,
                75.51218011533166,
                75.97071805803901,
                76.6570766939831,
                77.4935282883731,
                78.43323771827198,
                79.45634455406586,
                80.52757581755455,
                81.57556821162471,
                82.25931941404593,
                80.70411747984697,
                79.11147123668583,
                77.72370648833765,
                76.63743152238112,
                75.87794924161136,
                75.39999938367104,
                75.10423980082952,
                74.97795295681127,
                75.11465046137515,
                75.10424840728523,
                75.13557429320996,
                75.35057202670306,
                75.35057202670306,
                75.35057202670306,
                75.35057202670306,
                75.35057202670306,
                75.35057202670306,
                75.35057202670306,
                75.35057202670306,
                75.35057202670306,
                75.35057202670306,
                75.35057202670306,
                75.35057202670306,
                75.35057202670306,
                82.25931941404593,
                82.25931941404593,
                82.25931941404593,
                82.25931941404593,
                82.25931941404593,
                82.25931941404593,
                82.25931941404593,
                82.25931941404593,
                82.25931941404593,
                82.25931941404593,
                82.25931941404593,
                82.25931941404593,
                82.25931941404593
            ],
            "Node_9": [
                80.216336368623,
                80.07136590934836,
                79.6230426058139,
                78.89032320399946,
                78.07089734593498,
                77.5252037718334,
                77.43933208978838,
                78.00181703878471,
                79.51848211085472,
                81.89517746000882,
                84.42817334794651,
                86.28198221910502,
                86.94871882356433,
                86.9109798733833,
                86.78718156305119,
                86.54806499749763,
                86.16722106951325,
                85.64703217256859,
                85.00209371603282,
                84.23041371676734,
                83.340968442433,
                82.63355599650995,
                83.57236271393042,
                83.38251567768921,
                81.68751310034123,
                79.01014160637352,
                76.71616101528373,
                76.07918644565447,
                76.8211807558298,
                78.02622054599045,
                79.18924906549613,
                79.96031495659636,
                80.216336368623,
                80.216336368623,
                80.216336368623,
                80.216336368623,
                80.216336368623,
                80.216336368623,
                80.216336368623,
                80.216336368623,
                80.216336368623,
                80.216336368623,
                80.216336368623,
                80.216336368623,
                80.216336368623,
                80.07136590934836,
                79.6230426058139,
                78.89032320399946,
                78.07089734593498,
                77.5252037718334,
                77.43933208978838,
                78.00181703878471,
                79.51848211085472,
                81.89517746000882,
                84.42817334794651,
                86.28198221910502,
                86.94871882356433,
                86.9109798733833,
                86.78718156305119,
                86.54806499749763,
                86.16722106951325,
                85.64703217256859,
                85.00209371603282,
                84.23041371676734,
                83.340968442433,
                82.63355599650995,
                83.57236271393042,
                83.38251567768921,
                81.68751310034123,
                79.01014160637352,
                76.71616101528373,
                76.07918644565447,
                76.8211807558298,
                78.02622054599045,
                79.18924906549613,
                79.96031495659636,
                80.216336368623,
                86.94871882356433,
                86.94871882356433,
                86.94871882356433,
                86.94871882356433,
                86.94871882356433,
                86.94871882356433,
                86.94871882356433,
                86.94871882356433,
                86.94871882356433,
                86.94871882356433,
                86.94871882356433,
                86.94871882356433,
                86.94871882356433,
                82.63355599650995,
                82.63355599650995,
                82.63355599650995,
                82.63355599650995,
                82.63355599650995,
                82.63355599650995,
                82.63355599650995,
                82.63355599650995,
                82.63355599650995,
                82.63355599650995,
                82.63355599650995,
                82.63355599650995,
                82.63355599650995
            ]
        }
    },
    "Phonon_DOS": {
        "DOS": [
            0.0,
            0.01,
            0.0,
            0.0,
            0.006666666666666666,
            0.0,
            0.006666666666666666,
            0.006666666666666666,
            0.0,
            0.013333333333333332,
            0.006666666666666666,
            0.008888888888888889,
            0.013333333333333332,
            0.0044444444444444444,
            0.013333333333333332,
            0.02,
            0.006666666666666666,
            0.026666666666666665,
            0.03111111111111111,
            0.03,
            0.021111111111111112,
            0.09333333333333334,
            0.08333333333333334,
            0.03111111111111111,
            0.03333333333333333,
            0.04,
            0.023333333333333334,
            0.023333333333333334,
            0.0022222222222222222,
            0.0,
            0.0,
            0.0,
            0.0,
            0.014444444444444444,
            0.04777777777777778,
            0.048888888888888885,
            0.0,
            0.0,
            0.0,
            0.0,
            0.0,
            0.0,
            0.0,
            0.0,
            0.0,
            0.0,
            0.0,
            0.0,
            0.0,
            0.0,
            0.0,
            0.0,
            0.0,
            0.0,
            0.0,
            0.0,
            0.0,
            0.0,
            0.0,
            0.0,
            0.0,
            0.0,
            0.0,
            0.0,
            0.0,
            0.0,
            0.0,
            0.0,
            0.0,
            0.0,
            0.0,
            0.0,
            0.0,
            0.02,
            0.03888888888888889,
            0.03333333333333333,
            0.035555555555555556,
            0.052222222222222225,
            0.026666666666666665,
            0.03111111111111111,
            0.017777777777777778,
            0.011111111111111112,
            0.014444444444444444,
            0.0022222222222222222,
            0.006666666666666666,
            0.02,
            0.006666666666666666,
            0.014444444444444444,
            0.0022222222222222222,
            0.0
        ],
        "Energy(meV)": [
            -1.5,
            -0.5,
            0.5,
            1.5,
            2.5,
            3.5,
            4.5,
            5.5,
            6.5,
            7.5,
            8.5,
            9.5,
            10.5,
            11.5,
            12.5,
            13.5,
            14.5,
            15.5,
            16.5,
            17.5,
            18.5,
            19.5,
            20.5,
            21.5,
            22.5,
            23.5,
            24.5,
            25.5,
            26.5,
            27.5,
            28.5,
            29.5,
            30.5,
            31.5,
            32.5,
            33.5,
            34.5,
            35.5,
            36.5,
            37.5,
            38.5,
            39.5,
            40.5,
            41.5,
            42.5,
            43.5,
            44.5,
            45.5,
            46.5,
            47.5,
            48.5,
            49.5,
            50.5,
            51.5,
            52.5,
            53.5,
            54.5,
            55.5,
            56.5,
            57.5,
            58.5,
            59.5,
            60.5,
            61.5,
            62.5,
            63.5,
            64.5,
            65.5,
            66.5,
            67.5,
            68.5,
            69.5,
            70.5,
            71.5,
            72.5,
            73.5,
            74.5,
            75.5,
            76.5,
            77.5,
            78.5,
            79.5,
            80.5,
            81.5,
            82.5,
            83.5,
            84.5,
            85.5,
            86.5,
            87.5
        ]
    }
}