{
    "POSCAR": {
        "Atomes": "   Mo    F   N\n",
        "coordinate": "Direct\n",
        "unit_cell": {
            "a_vector": "3.304199915576116   -1.5106756806126474e-06   -2.1177687185684596e-06\n",
            "b_vector": "-1.652101804586487   2.8615195095262043   2.0886231980962906e-06\n",
            "c_vector": "-2.3477231888828213e-05   1.3181496776780053e-05   23.08752424302886\n"
        },
        "positions": {
            "Mo": [
                "0.6666671026646409   0.3333328586735865   0.23950992970095178\n",
                "0.3333329255582525   0.6666671315847731   0.16049007237661342\n"
            ],
            "F": [
                "0.33333293958330246   0.666667073816641   0.2971446795397997\n",
                "0.6666670514017424   0.33333292473690745   0.10285531990286426\n"
            ],
            "N": [
                "-1.9207940754283964e-08   1.1188089631742592e-08   0.1999999984797713\n"
            ]
        }
    },
    "Termo_data": {
        "Temperature (K)": [
            0,
            10,
            20,
            30,
            40,
            50,
            60,
            70,
            80,
            90,
            100,
            110,
            120,
            130,
            140,
            150,
            160,
            170,
            180,
            190,
            200,
            210,
            220,
            230,
            240,
            250,
            260,
            270,
            280,
            290,
            300,
            310,
            320,
            330,
            340,
            350,
            360,
            370,
            380,
            390,
            400,
            410,
            420,
            430,
            440,
            450,
            460,
            470,
            480,
            490,
            500,
            510,
            520,
            530,
            540,
            550,
            560,
            570,
            580,
            590,
            600,
            610,
            620,
            630,
            640,
            650,
            660,
            670,
            680,
            690,
            700,
            710,
            720,
            730,
            740,
            750,
            760,
            770,
            780,
            790,
            800,
            810,
            820,
            830,
            840,
            850,
            860,
            870,
            880,
            890,
            900,
            910,
            920,
            930,
            940,
            950,
            960,
            970,
            980,
            990,
            1000,
            1010,
            1020,
            1030,
            1040,
            1050,
            1060,
            1070,
            1080,
            1090,
            1100,
            1110,
            1120,
            1130,
            1140,
            1150,
            1160,
            1170,
            1180,
            1190,
            1200,
            1210,
            1220,
            1230,
            1240,
            1250,
            1260,
            1270,
            1280,
            1290,
            1300,
            1310,
            1320,
            1330,
            1340,
            1350,
            1360,
            1370,
            1380,
            1390,
            1400,
            1410,
            1420,
            1430,
            1440,
            1450,
            1460,
            1470,
            1480,
            1490,
            1500,
            1510,
            1520,
            1530,
            1540,
            1550,
            1560,
            1570,
            1580,
            1590,
            1600,
            1610,
            1620,
            1630,
            1640,
            1650,
            1660,
            1670,
            1680,
            1690,
            1700,
            1710,
            1720,
            1730,
            1740,
            1750,
            1760,
            1770,
            1780,
            1790,
            1800,
            1810,
            1820,
            1830,
            1840,
            1850,
            1860,
            1870,
            1880,
            1890,
            1900,
            1910,
            1920,
            1930,
            1940,
            1950,
            1960,
            1970
        ],
        "Gibbs_free(J/mole)": [
            -498286.49106680043,
            -498286.9970960723,
            -498290.0939533837,
            -498297.9329847524,
            -498313.08220844186,
            -498337.58835153346,
            -498372.80521028023,
            -498419.530679899,
            -498478.1762449107,
            -498548.89865141356,
            -498631.689615531,
            -498726.4344249773,
            -498832.94993669866,
            -498951.0096338379,
            -499080.3601298866,
            -499220.73247198376,
            -499371.8498807217,
            -499533.43306586944,
            -499705.2039462894,
            -499886.8882950899,
            -500078.21748010727,
            -500278.92972800316,
            -500488.7709065142,
            -500707.49503037805,
            -500934.8645346123,
            -501170.6503183544,
            -501414.6318492268,
            -501666.59687666345,
            -501926.34139740875,
            -502193.6694004522,
            -502468.39252699073,
            -502750.32985642046,
            -503039.30769168487,
            -503335.15911719436,
            -503637.72380672453,
            -503946.84773068083,
            -504262.38279916276,
            -504584.18671241024,
            -504912.1225595761,
            -505246.0585285523,
            -505585.8681303168,
            -505931.4290397219,
            -506282.6237149102,
            -506639.33943453035,
            -507001.4662271967,
            -507368.89908306935,
            -507741.5363777043,
            -508119.2799171401,
            -508502.03500486957,
            -508889.7100731257,
            -509282.2165915828,
            -509679.4690284037,
            -510081.38456534815,
            -510487.88304643147,
            -510898.88691825676,
            -511314.3209761699,
            -511734.11238474003,
            -512158.1905611482,
            -512586.48700741306,
            -513018.9352410499,
            -513455.47084976104,
            -513896.0311309423,
            -514340.55535456695,
            -514788.98433332803,
            -515241.2606860412,
            -515697.3285278324,
            -516157.1335830233,
            -516620.62287647644,
            -517087.7450946826,
            -517558.45011794346,
            -518032.6890631937,
            -518510.41446861846,
            -518991.58007873944,
            -519476.1406601382,
            -519964.0521857288,
            -520455.2717189192,
            -520949.7574015904,
            -521447.4683332876,
            -521948.3646208247,
            -522452.4071874686,
            -522959.5580692939,
            -523469.78007653565,
            -523983.0368935122,
            -524499.2929029907,
            -525018.5134649868,
            -525540.664592548,
            -526065.7130794254,
            -526593.6264668289,
            -527124.3729673263,
            -527657.9214421484,
            -528194.241441858,
            -528733.3030833133,
            -529275.0772167142,
            -529819.535299094,
            -530366.6491102932,
            -530916.3913693796,
            -531468.7350376641,
            -532023.6538112004,
            -532581.1217687355,
            -533141.1134816703,
            -533703.6040493975,
            -534268.5692314119,
            -534835.9848406014,
            -535405.8276229524,
            -535978.0742711523,
            -536552.7022097607,
            -537129.689161407,
            -537709.0134435728,
            -538290.6534436429,
            -538874.5881663085,
            -539460.7968297036,
            -540049.2592671778,
            -540639.9554006822,
            -541232.8655249284,
            -541827.9703769531,
            -542425.2510060837,
            -543024.6887919445,
            -543626.2651740211,
            -544229.962337249,
            -544835.7623285695,
            -545443.6481887619,
            -546053.6021212394,
            -546665.6073710092,
            -547279.6474404013,
            -547895.705723879,
            -548513.7664246344,
            -549133.8134135663,
            -549755.8311403914,
            -550379.8041512412,
            -551005.7174705805,
            -551633.5560417278,
            -552263.3051273354,
            -552894.9503447887,
            -553528.4774278897,
            -554163.8721838555,
            -554801.1208996353,
            -555440.2098802554,
            -556081.1255237913,
            -556723.8547677599,
            -557368.384522507,
            -558014.7017638707,
            -558662.7937756032,
            -559312.6480747005,
            -559964.2523652331,
            -560617.5942618159,
            -561272.6618763264,
            -561929.4434264693,
            -562587.9270672656,
            -563248.1012606055,
            -563909.9548200266,
            -564573.4761047494,
            -565238.6542547711,
            -565905.4781282357,
            -566573.9373319459,
            -567244.0207872794,
            -567915.7180939415,
            -568589.0188813063,
            -569263.9128450451,
            -569940.3898129576,
            -570618.4398814524,
            -571298.052970051,
            -571979.2194365982,
            -572661.9295817576,
            -573346.1739663868,
            -574031.9430764257,
            -574719.2275579635,
            -575408.0183274032,
            -576098.3064469617,
            -576790.0825973536,
            -577483.3380096591,
            -578178.0640152205,
            -578874.2521056172,
            -579571.8932576418,
            -580270.9795867224,
            -580971.5024288219,
            -581673.4535489101,
            -582376.8244362879,
            -583081.6076232124,
            -583787.7945876708,
            -584495.377799386,
            -585204.3489554893,
            -585914.7008683184,
            -586626.4256196258,
            -587339.515796402,
            -588053.9635734216,
            -588769.7618802087,
            -589486.9033374966,
            -590205.3807048032,
            -590925.1871798399,
            -591646.3149978496,
            -592368.7572691237,
            -593092.5072298802,
            -593817.5579646811,
            -594543.9025277767,
            -595271.5346577382,
            -596000.4474419694,
            -596730.6341131575,
            -597462.0881983201
        ],
        "Cp(J/mole.K)": [
            -0.0,
            0.24809575340914308,
            0.9692684237466893,
            2.1539608575709277,
            3.6734746780188283,
            5.285870198058547,
            6.847204918813077,
            8.299487551086347,
            9.628467197972352,
            10.837755461056076,
            11.93673763683182,
            12.935844706647913,
            13.84496160608833,
            14.67297951770015,
            15.427845176510166,
            16.116658402432225,
            16.74572589301968,
            17.32072001727794,
            17.846760712604762,
            18.32844675409433,
            18.76994629451655,
            19.175031467346678,
            19.547110930134643,
            19.889241720855352,
            20.2042119098478,
            20.49454395790238,
            20.76245181885898,
            21.010026698838892,
            21.23910698001275,
            21.451250830100637,
            21.64802633410723,
            21.83082372439238,
            22.00076027642939,
            22.15896598787659,
            22.306445788775466,
            22.44407221256552,
            22.572691177617504,
            22.692871831697968,
            22.805519810938804,
            22.911227651860127,
            23.010013852734232,
            23.103380729819794,
            23.19127407775953,
            23.272947760336653,
            23.35040204322425,
            23.423833723201888,
            23.492748156309375,
            23.55795325001517,
            23.61955145755769,
            23.67777913310281,
            23.732983815134645,
            23.785205006004144,
            23.834692886232986,
            23.88168301661648,
            23.926203325804167,
            23.968525954856847,
            24.008818665658936,
            24.04701026579577,
            24.083368528681,
            24.11803473625332,
            24.150993686897024,
            24.182401552397728,
            24.21228133592504,
            24.24081258683873,
            24.268104812502997,
            24.294000476947986,
            24.318714217506837,
            24.34259547850224,
            24.365176647936508,
            24.386513383763713,
            24.40733231070034,
            24.427267499448394,
            24.445964598481282,
            24.46388275176427,
            24.4812514136747,
            24.497916726286565,
            24.51380640807345,
            24.528811639408882,
            24.543147008120847,
            24.557218899876283,
            24.570751498104073,
            24.583373210724734,
            24.59538187554304,
            24.607140937214776,
            24.618390224286003,
            24.62914253742177,
            24.639587944047648,
            24.649494759182748,
            24.658890587673397,
            24.667831505925278,
            24.676425730052998,
            24.685057251120387,
            24.693073062761556,
            24.70046172361756,
            24.707979410555048,
            24.715132396260877,
            24.721928881387953,
            24.728279473943985,
            24.73409649709945,
            24.740296197644714,
            24.746276354708385,
            24.75167054211772,
            24.757030334538868,
            24.761702814494566,
            24.76619523006957,
            24.771198385147652,
            24.77588875034133,
            24.779832870493056,
            24.78358032689445,
            24.787630414147706,
            24.791758524049925,
            24.795060345728416,
            24.797934818733722,
            24.801306117972207,
            24.80480035323425,
            24.80747449884083,
            24.80987790779909,
            24.812735837072,
            24.816303315112265,
            24.819348411320412,
            24.81999220303294,
            24.821717638228524,
            24.824470398836915,
            24.826520094182342,
            24.828944134025193,
            24.83041101222616,
            24.831601160910303,
            24.8336258217023,
            24.8356889974325,
            24.836778174759637,
            24.837840866734137,
            24.83970844323912,
            24.840868819237315,
            24.841644210723654,
            24.843122065911302,
            24.843889385462,
            24.844449755735212,
            24.84623286669686,
            24.847274691495898,
            24.847133972376472,
            24.847601516812574,
            24.848911281506094,
            24.849560813716383,
            24.84954423134873,
            24.850719137023926,
            24.851839441398624,
            24.851643611880718,
            24.852414695278902,
            24.8529370285105,
            24.852015388151,
            24.851922534143615,
            24.853250174649936,
            24.854415118042596,
            24.853644439514028,
            24.853424685501448,
            24.85420779371612,
            24.854066735144727,
            24.85421981671758,
            24.85429049594677,
            24.853761986014433,
            24.853818453382246,
            24.854272936843564,
            24.854375993583574,
            24.853676786343335,
            24.853200868830783,
            24.854351864153408,
            24.854428737313484,
            24.852412693845928,
            24.852021249337838,
            24.85370302661613,
            24.853254356305357,
            24.852221504004895,
            24.85369366258334,
            24.853530681389138,
            24.850837843824905,
            24.850490501557942,
            24.851833234679816,
            24.851250780772283,
            24.849763138226294,
            24.849195095379436,
            24.85033343086201,
            24.8506626590298,
            24.848867949628556,
            24.847537433503696,
            24.848327284469008,
            24.848926143051884,
            24.849963948014192,
            24.84981501336098,
            24.84536061977269,
            24.843761699793305,
            24.845379799749665,
            24.844639509700123,
            24.844787998684296,
            24.846898629584125,
            24.845397456863154,
            24.84223052003543,
            24.841554500151517,
            24.842883428003944
        ],
        "S(J/mole.K)": [
            0,
            0.12404787670457154,
            0.49041285934581536,
            1.0917234415443091,
            1.909901252558484,
            2.897672607116692,
            3.9968600368236364,
            5.160280986088036,
            6.35488072532462,
            7.558757450812118,
            8.757691858267936,
            9.942521681320796,
            11.107388022785745,
            12.248606789104816,
            13.363946625759855,
            14.452163043097244,
            15.51268892400185,
            16.54542579984336,
            17.550602094655915,
            18.528672993944202,
            19.480249197467494,
            20.406046223100567,
            21.306847112510148,
            22.18347445366817,
            23.036770355141925,
            23.867582315755136,
            24.676751114506626,
            25.465103602597082,
            26.233447938594328,
            26.98256685833767,
            27.713216449482573,
            28.426126948455206,
            29.12199888784526,
            29.80150267607169,
            30.465280552460904,
            31.113946122979545,
            31.748085325705325,
            32.368255355552535,
            32.97498841480191,
            33.568794731737576,
            34.15015359274112,
            34.7195273113859,
            35.277362453035316,
            35.82406472083094,
            36.36002587022667,
            36.88563616713727,
            37.40125694450471,
            37.90722942666179,
            38.40388294494769,
            38.891529930451355,
            39.370469759756816,
            39.84098788228075,
            40.303355905944045,
            40.757834541617925,
            41.20467235768447,
            41.64410696786654,
            42.07636711073719,
            42.50167024965121,
            42.920224182130184,
            43.332229552950594,
            43.73787795855824,
            44.137352645449575,
            44.530829384971,
            44.91847711980808,
            45.30045909013861,
            45.676930585732045,
            46.048040195943756,
            46.41393403969705,
            46.77475091063097,
            47.130620486377296,
            47.48167243941061,
            47.82803353790368,
            48.16982019150819,
            48.507144675318706,
            48.840119376987424,
            49.16885268273254,
            49.49344716973283,
            49.81400020954971,
            50.13060607264488,
            50.44335937415672,
            50.75235200709503,
            51.05766842130833,
            51.35938947936301,
            51.65759710884594,
            51.95237093467367,
            52.24378628076664,
            52.53191700808965,
            52.816834189352804,
            53.098605285221126,
            53.37729594117263,
            53.652970518295476,
            53.92569395504979,
            54.195527621785,
            54.462527287131515,
            54.726750890837856,
            54.988255957425274,
            55.24709564787335,
            55.50332105224369,
            55.756980780239964,
            56.00812614102032,
            56.256808513691055,
            56.50307291795033,
            56.74696393227203,
            56.98852436495507,
            57.227795052100554,
            57.46482138594729,
            57.69964687326137,
            57.93230788457149,
            58.16284029392555,
            58.39128381840565,
            58.61767835654901,
            58.842057629038756,
            59.064452156210606,
            59.28489751492307,
            59.50343079148588,
            59.72008236026886,
            59.934880073959356,
            60.14785653550934,
            60.35904769575281,
            60.56848449987737,
            60.77618411057483,
            60.98216982590384,
            61.18647853983566,
            61.38913898600877,
            61.59017650961759,
            61.78961486388434,
            61.987474607778125,
            62.18378288802341,
            62.37856747857004,
            62.57184847078897,
            62.76364521004143,
            62.95398341471446,
            63.142885662280605,
            63.330369502243414,
            63.5164573587972,
            63.70116998059239,
            63.88452427453157,
            64.06654384533468,
            64.2472498849078,
            64.42665442224244,
            64.6047740359878,
            64.78163217664843,
            64.95724733688985,
            65.13163230875071,
            65.30480604626791,
            65.47678926356748,
            65.64759363017511,
            65.817234021482,
            65.98572866935137,
            66.15308731924014,
            66.31932308581308,
            66.4844583579732,
            66.64851183282008,
            66.81149083754717,
            66.97340483509761,
            67.1342726362389,
            67.29410797039455,
            67.45292200699478,
            67.6107283913152,
            67.7675376935731,
            67.92336236047267,
            68.07821772617316,
            68.23211594622407,
            68.38506525559205,
            68.53707548181119,
            68.68816365344973,
            68.83834260838047,
            68.98761376678011,
            69.13598653697554,
            69.28348255169112,
            69.43011202438065,
            69.57587714565015,
            69.72079356947361,
            69.86487369248789,
            70.00811515959212,
            70.15052701459936,
            70.29213021499453,
            70.4329332873487,
            70.57293726618518,
            70.71215113111393,
            70.85059099457285,
            70.98826793793705,
            71.12518229806737,
            71.26133786534774,
            71.39674994037777,
            71.53143182871426,
            71.66539206691522,
            71.7986364009208,
            71.93115784332622,
            72.06296016738196,
            72.1940669831034,
            72.32448788484761,
            72.45422617691801,
            72.58329634936817,
            72.71170108259976,
            72.8394336391022,
            72.96650297857704,
            73.09292729470181
        ]
    },
    "Phonon_data": {
        "Numb_Node": 15,
        "total_n_kpoints": 100,
        "frequency": {
            "Node_1": [
                -0.2320744321352521,
                -1.1490606585371432,
                -2.324668212538234,
                -2.9430968850196346,
                -1.8186797461903281,
                3.637559403386722,
                6.308886551599397,
                8.321567070729508,
                9.789652919878513,
                11.159367435944691,
                12.350263766746243,
                13.189626367677935,
                13.450832497960798,
                13.419898505323475,
                13.322228920632984,
                13.160049639030547,
                12.960166100674128,
                12.763574829441554,
                12.60555766484355,
                12.505795930835339,
                12.465336834129248,
                12.46590653585041,
                12.504402701633024,
                12.600957246180746,
                12.768100398453202,
                12.037846852809453,
                9.59368503591029,
                6.654909945023701,
                3.5207156991052857,
                -1.847627241194037,
                -2.3788011947831884,
                -1.4088463066428758,
                -0.2320744321352521,
                -0.2320744321352521,
                -0.2320744321352521,
                -0.2320744321352521,
                -0.2320744321352521,
                -0.2320744321352521,
                -0.2320744321352521,
                -0.2320744321352521,
                -0.2320744321352521,
                -0.2320744321352521,
                -0.2320744321352521,
                -0.2320744321352521,
                -0.2320744321352521,
                -1.1490606585371432,
                -2.324668212538234,
                -2.9430968850196346,
                -1.8186797461903281,
                3.637559403386722,
                6.308886551599397,
                8.321567070729508,
                9.789652919878513,
                11.159367435944691,
                12.350263766746243,
                13.189626367677935,
                13.450832497960798,
                13.419898505323475,
                13.322228920632984,
                13.160049639030547,
                12.960166100674128,
                12.763574829441554,
                12.60555766484355,
                12.505795930835339,
                12.465336834129248,
                12.46590653585041,
                12.504402701633024,
                12.600957246180746,
                12.768100398453202,
                12.037846852809453,
                9.59368503591029,
                6.654909945023701,
                3.5207156991052857,
                -1.847627241194037,
                -2.3788011947831884,
                -1.4088463066428758,
                -0.2320744321352521,
                13.450832497960798,
                13.450832497960798,
                13.450832497960798,
                13.450832497960798,
                13.450832497960798,
                13.450832497960798,
                13.450832497960798,
                13.450832497960798,
                13.450832497960798,
                13.450832497960798,
                13.450832497960798,
                13.450832497960798,
                13.450832497960798,
                12.46590653585041,
                12.46590653585041,
                12.465906535850406,
                12.46590653585041,
                12.465906535850406,
                12.46590653585041,
                12.46590653585041,
                12.46590653585041,
                12.46590653585041,
                12.46590653585041,
                12.46590653585041,
                12.46590653585041,
                12.46590653585041
            ],
            "Node_2": [
                -0.06222395199377368,
                0.8835637467874197,
                1.8881978100202788,
                3.031020450033861,
                4.2478357448830915,
                5.521414875691868,
                6.897446244909636,
                8.783018272646785,
                11.11820275097133,
                13.247508580908537,
                13.946394590392178,
                13.974857249204941,
                14.053142109336205,
                14.072611405453046,
                14.129689265049416,
                14.202448218414915,
                14.187066163573501,
                14.001689489359837,
                13.766162695591841,
                13.578906508052851,
                13.46953960619228,
                13.434848651486245,
                13.469902336919773,
                13.44189226114475,
                13.093421272776693,
                12.341068629061072,
                10.458731561451945,
                8.47877793505791,
                6.46575468688225,
                4.569555903838193,
                2.8389656515617756,
                1.3366007232098691,
                -0.06222395199377368,
                -0.06222395199377368,
                -0.06222395199377368,
                -0.06222395199377368,
                -0.06222395199377368,
                -0.06222395199377368,
                -0.06222395199377368,
                -0.06222395199377368,
                -0.06222395199377368,
                -0.06222395199377368,
                -0.06222395199377368,
                -0.06222395199377368,
                -0.06222395199377368,
                0.8835637467874197,
                1.8881978100202788,
                3.031020450033861,
                4.2478357448830915,
                5.521414875691868,
                6.897446244909636,
                8.783018272646785,
                11.11820275097133,
                13.247508580908537,
                13.946394590392178,
                13.974857249204941,
                14.053142109336205,
                14.072611405453046,
                14.129689265049416,
                14.202448218414915,
                14.187066163573501,
                14.001689489359837,
                13.766162695591841,
                13.578906508052851,
                13.46953960619228,
                13.434848651486245,
                13.469902336919773,
                13.44189226114475,
                13.093421272776693,
                12.341068629061072,
                10.458731561451945,
                8.47877793505791,
                6.46575468688225,
                4.569555903838193,
                2.8389656515617756,
                1.3366007232098691,
                -0.06222395199377368,
                14.053142109336205,
                14.053142109336205,
                14.053142109336205,
                14.053142109336205,
                14.053142109336205,
                14.053142109336205,
                14.053142109336205,
                14.053142109336205,
                14.053142109336205,
                14.053142109336205,
                14.053142109336205,
                14.053142109336205,
                14.053142109336205,
                13.434848651486245,
                13.434848651486245,
                13.434848651486236,
                13.434848651486245,
                13.434848651486236,
                13.434848651486245,
                13.434848651486245,
                13.434848651486245,
                13.434848651486245,
                13.434848651486245,
                13.434848651486245,
                13.434848651486245,
                13.434848651486245
            ],
            "Node_3": [
                -0.03508265251210741,
                3.480899805766036,
                6.90776334755246,
                9.979442760248123,
                11.749738869841586,
                12.623197999061738,
                13.542942902285372,
                13.809124352306352,
                13.922828576343132,
                13.964576244098986,
                14.947211690424288,
                15.932468130375717,
                16.16246107027106,
                16.065872530505395,
                15.776672128738216,
                15.464913321181639,
                15.363451117036718,
                15.617807163779215,
                16.116970571881662,
                16.705858998821693,
                17.17018368541392,
                17.278151882442746,
                17.161556941351776,
                16.46476548573251,
                14.634894188161228,
                13.045378842222581,
                13.21231378004156,
                13.208392092902324,
                12.965919523901787,
                11.915115073332231,
                8.684764628062046,
                4.433913510902802,
                -0.03508265251210741,
                -0.03508265251210741,
                -0.03508265251210741,
                -0.03508265251210741,
                -0.03508265251210741,
                -0.03508265251210741,
                -0.03508265251210741,
                -0.03508265251210741,
                -0.03508265251210741,
                -0.03508265251210741,
                -0.03508265251210741,
                -0.03508265251210741,
                -0.03508265251210741,
                3.480899805766036,
                6.90776334755246,
                9.979442760248123,
                11.749738869841586,
                12.623197999061738,
                13.542942902285372,
                13.809124352306352,
                13.922828576343132,
                13.964576244098986,
                14.947211690424288,
                15.932468130375717,
                16.16246107027106,
                16.065872530505395,
                15.776672128738216,
                15.464913321181639,
                15.363451117036718,
                15.617807163779215,
                16.116970571881662,
                16.705858998821693,
                17.17018368541392,
                17.278151882442746,
                17.161556941351776,
                16.46476548573251,
                14.634894188161228,
                13.045378842222581,
                13.21231378004156,
                13.208392092902324,
                12.965919523901787,
                11.915115073332231,
                8.684764628062046,
                4.433913510902802,
                -0.03508265251210741,
                16.16246107027106,
                16.16246107027106,
                16.16246107027106,
                16.16246107027106,
                16.16246107027106,
                16.16246107027106,
                16.16246107027106,
                16.16246107027106,
                16.16246107027106,
                16.16246107027106,
                16.16246107027106,
                16.16246107027106,
                16.16246107027106,
                17.278151882442746,
                17.278151882442746,
                17.278151882442746,
                17.278151882442746,
                17.278151882442746,
                17.278151882442746,
                17.278151882442746,
                17.278151882442746,
                17.278151882442746,
                17.278151882442746,
                17.278151882442746,
                17.278151882442746,
                17.278151882442746
            ],
            "Node_4": [
                11.389194150660177,
                11.489593735459819,
                11.70901398292015,
                12.16716651646093,
                12.846649312118483,
                13.297549145087388,
                13.663796476556769,
                14.776823405778318,
                15.80240656812165,
                16.073462512421912,
                16.25588236223062,
                16.39718009459743,
                16.518253729926368,
                16.576328758625973,
                16.822453021493843,
                17.206336311161397,
                17.616122657113554,
                17.940488871337454,
                18.104043776487337,
                18.12236387978081,
                18.161126474408835,
                18.330726785483414,
                17.869569299439036,
                17.26405587772656,
                17.26775770409875,
                16.763343534311538,
                15.642997865586084,
                14.257146080271841,
                13.022084905015253,
                12.236314926131772,
                11.680640243425366,
                11.455816239886754,
                11.389194150660177,
                11.389194150660177,
                11.389194150660177,
                11.389194150660177,
                11.389194150660177,
                11.389194150660177,
                11.389194150660177,
                11.389194150660177,
                11.389194150660177,
                11.389194150660177,
                11.389194150660177,
                11.389194150660177,
                11.389194150660177,
                11.489593735459819,
                11.70901398292015,
                12.16716651646093,
                12.846649312118483,
                13.297549145087388,
                13.663796476556769,
                14.776823405778318,
                15.80240656812165,
                16.073462512421912,
                16.25588236223062,
                16.39718009459743,
                16.518253729926368,
                16.576328758625973,
                16.822453021493843,
                17.206336311161397,
                17.616122657113554,
                17.940488871337454,
                18.104043776487337,
                18.12236387978081,
                18.161126474408835,
                18.330726785483414,
                17.869569299439036,
                17.26405587772656,
                17.26775770409875,
                16.763343534311538,
                15.642997865586084,
                14.257146080271841,
                13.022084905015253,
                12.236314926131772,
                11.680640243425366,
                11.455816239886754,
                11.389194150660177,
                16.518253729926368,
                16.518253729926368,
                16.518253729926368,
                16.518253729926368,
                16.518253729926368,
                16.518253729926368,
                16.518253729926368,
                16.518253729926368,
                16.518253729926368,
                16.518253729926368,
                16.518253729926368,
                16.518253729926368,
                16.518253729926368,
                18.330726785483414,
                18.330726785483414,
                18.330726785483414,
                18.330726785483414,
                18.330726785483414,
                18.330726785483414,
                18.330726785483414,
                18.330726785483414,
                18.330726785483414,
                18.330726785483414,
                18.330726785483414,
                18.330726785483414,
                18.330726785483414
            ],
            "Node_5": [
                11.576316866598434,
                11.627387887782296,
                11.896333163279877,
                12.36793816375432,
                13.33635827484676,
                14.444669908552331,
                15.34150564592675,
                15.623396553385849,
                16.180172524367972,
                17.467314093447637,
                18.668747527007625,
                19.722355048481273,
                19.85235772333682,
                19.94613840481719,
                20.066967727819264,
                20.110839603360105,
                20.109185924723675,
                20.066812129084013,
                19.97458248115432,
                19.823328264737683,
                19.622260493703575,
                19.46863034386535,
                19.58261352584216,
                18.99862818120883,
                17.86885448750033,
                17.08867619628708,
                16.421599685704866,
                15.506957143756528,
                14.313494543906126,
                12.997750330413282,
                12.215642656060545,
                11.734322450297654,
                11.576316866598434,
                11.576316866598434,
                11.576316866598434,
                11.576316866598434,
                11.576316866598434,
                11.576316866598434,
                11.576316866598434,
                11.576316866598434,
                11.576316866598434,
                11.576316866598434,
                11.576316866598434,
                11.576316866598434,
                11.576316866598434,
                11.627387887782296,
                11.896333163279877,
                12.36793816375432,
                13.33635827484676,
                14.444669908552331,
                15.34150564592675,
                15.623396553385849,
                16.180172524367972,
                17.467314093447637,
                18.668747527007625,
                19.722355048481273,
                19.85235772333682,
                19.94613840481719,
                20.066967727819264,
                20.110839603360105,
                20.109185924723675,
                20.066812129084013,
                19.97458248115432,
                19.823328264737683,
                19.622260493703575,
                19.46863034386535,
                19.58261352584216,
                18.99862818120883,
                17.86885448750033,
                17.08867619628708,
                16.421599685704866,
                15.506957143756528,
                14.313494543906126,
                12.997750330413282,
                12.215642656060545,
                11.734322450297654,
                11.576316866598434,
                19.85235772333682,
                19.85235772333682,
                19.85235772333682,
                19.85235772333682,
                19.85235772333682,
                19.85235772333682,
                19.85235772333682,
                19.85235772333682,
                19.85235772333682,
                19.85235772333682,
                19.85235772333682,
                19.85235772333682,
                19.85235772333682,
                19.46863034386535,
                19.46863034386535,
                19.468630343865343,
                19.46863034386535,
                19.468630343865343,
                19.46863034386535,
                19.46863034386535,
                19.46863034386535,
                19.46863034386535,
                19.46863034386535,
                19.46863034386535,
                19.46863034386535,
                19.46863034386535
            ],
            "Node_6": [
                15.171873603456296,
                15.212971573222944,
                15.27210919225947,
                15.260102114863894,
                15.197957496670572,
                15.211769163618644,
                15.503989738805306,
                16.6069744572728,
                17.691757132538335,
                18.68448524565099,
                19.642554474363564,
                20.013812760492478,
                20.357840325151408,
                20.43601133074112,
                20.723495789876296,
                21.033905702517156,
                21.190904498917078,
                21.287342727795263,
                21.39750820405833,
                21.59570850223419,
                21.893207501577407,
                22.22063451515907,
                21.724780501782956,
                20.971523779062768,
                19.539546737518958,
                17.837328737095092,
                16.54779117286445,
                15.760863781914091,
                15.38910088885792,
                15.255797402161313,
                15.259458370222964,
                15.203094800508639,
                15.171873603456296,
                15.171873603456296,
                15.171873603456296,
                15.171873603456296,
                15.171873603456296,
                15.171873603456296,
                15.171873603456296,
                15.171873603456296,
                15.171873603456296,
                15.171873603456296,
                15.171873603456296,
                15.171873603456296,
                15.171873603456296,
                15.212971573222944,
                15.27210919225947,
                15.260102114863894,
                15.197957496670572,
                15.211769163618644,
                15.503989738805306,
                16.6069744572728,
                17.691757132538335,
                18.68448524565099,
                19.642554474363564,
                20.013812760492478,
                20.357840325151408,
                20.43601133074112,
                20.723495789876296,
                21.033905702517156,
                21.190904498917078,
                21.287342727795263,
                21.39750820405833,
                21.59570850223419,
                21.893207501577407,
                22.22063451515907,
                21.724780501782956,
                20.971523779062768,
                19.539546737518958,
                17.837328737095092,
                16.54779117286445,
                15.760863781914091,
                15.38910088885792,
                15.255797402161313,
                15.259458370222964,
                15.203094800508639,
                15.171873603456296,
                20.357840325151408,
                20.357840325151408,
                20.357840325151408,
                20.357840325151408,
                20.357840325151408,
                20.357840325151408,
                20.357840325151408,
                20.357840325151408,
                20.357840325151408,
                20.357840325151408,
                20.357840325151408,
                20.357840325151408,
                20.357840325151408,
                22.22063451515907,
                22.22063451515907,
                22.22063451515907,
                22.22063451515907,
                22.22063451515907,
                22.22063451515907,
                22.22063451515907,
                22.22063451515907,
                22.22063451515907,
                22.22063451515907,
                22.22063451515907,
                22.22063451515907,
                22.22063451515907
            ],
            "Node_7": [
                15.3007397823561,
                15.329049193212088,
                15.391638716319138,
                15.589517170367012,
                16.497655872818573,
                18.525228901885168,
                20.76307471390963,
                22.584370908226322,
                22.00500209162379,
                21.37066970048097,
                20.776475201579576,
                20.754727160040932,
                20.959578703495158,
                20.996052183711374,
                21.11855015386083,
                21.43652439038599,
                21.929080040340256,
                22.381549286980107,
                22.694175008152243,
                22.811816116723524,
                22.71739171903794,
                22.465739512856693,
                22.91128481483156,
                23.417320231486556,
                23.709410067846086,
                23.847621063978757,
                23.385327620195238,
                21.182962276008354,
                18.45093443458563,
                16.07292983900164,
                15.316809857113341,
                15.294038089445474,
                15.3007397823561,
                15.3007397823561,
                15.3007397823561,
                15.3007397823561,
                15.3007397823561,
                15.3007397823561,
                15.3007397823561,
                15.3007397823561,
                15.3007397823561,
                15.3007397823561,
                15.3007397823561,
                15.3007397823561,
                15.3007397823561,
                15.329049193212088,
                15.391638716319138,
                15.589517170367012,
                16.497655872818573,
                18.525228901885168,
                20.76307471390963,
                22.584370908226322,
                22.00500209162379,
                21.37066970048097,
                20.776475201579576,
                20.754727160040932,
                20.959578703495158,
                20.996052183711374,
                21.11855015386083,
                21.43652439038599,
                21.929080040340256,
                22.381549286980107,
                22.694175008152243,
                22.811816116723524,
                22.71739171903794,
                22.465739512856693,
                22.91128481483156,
                23.417320231486556,
                23.709410067846086,
                23.847621063978757,
                23.385327620195238,
                21.182962276008354,
                18.45093443458563,
                16.07292983900164,
                15.316809857113341,
                15.294038089445474,
                15.3007397823561,
                20.959578703495158,
                20.959578703495158,
                20.959578703495158,
                20.959578703495158,
                20.959578703495158,
                20.959578703495158,
                20.959578703495158,
                20.959578703495158,
                20.959578703495158,
                20.959578703495158,
                20.959578703495158,
                20.959578703495158,
                20.959578703495158,
                22.465739512856693,
                22.465739512856693,
                22.4657395128567,
                22.465739512856693,
                22.4657395128567,
                22.465739512856693,
                22.465739512856693,
                22.465739512856693,
                22.465739512856693,
                22.465739512856693,
                22.465739512856693,
                22.465739512856693,
                22.465739512856693
            ],
            "Node_8": [
                24.06050380523454,
                24.06027772880869,
                24.019003793380644,
                23.92095992157098,
                23.741623283769215,
                23.462172161589223,
                23.07552394518161,
                22.63099953337473,
                23.90460661927495,
                24.363452470621965,
                24.032045673851446,
                23.335677864271073,
                22.913266720110844,
                22.918862267300966,
                22.94227549371431,
                23.011364870132027,
                23.189093249606298,
                23.549570657414776,
                24.115053751322876,
                24.85260959217378,
                25.709942415563315,
                26.592527657188448,
                25.19580483637779,
                24.33897510748126,
                24.489765213757817,
                24.948038819474828,
                23.94263410420028,
                23.903628054553334,
                23.906211142236312,
                23.95092524946726,
                24.021032785739145,
                24.07785548794038,
                24.06050380523454,
                24.06050380523454,
                24.06050380523454,
                24.06050380523454,
                24.06050380523454,
                24.06050380523454,
                24.06050380523454,
                24.06050380523454,
                24.06050380523454,
                24.06050380523454,
                24.06050380523454,
                24.06050380523454,
                24.06050380523454,
                24.06027772880869,
                24.019003793380644,
                23.92095992157098,
                23.741623283769215,
                23.462172161589223,
                23.07552394518161,
                22.63099953337473,
                23.90460661927495,
                24.363452470621965,
                24.032045673851446,
                23.335677864271073,
                22.913266720110844,
                22.918862267300966,
                22.94227549371431,
                23.011364870132027,
                23.189093249606298,
                23.549570657414776,
                24.115053751322876,
                24.85260959217378,
                25.709942415563315,
                26.592527657188448,
                25.19580483637779,
                24.33897510748126,
                24.489765213757817,
                24.948038819474828,
                23.94263410420028,
                23.903628054553334,
                23.906211142236312,
                23.95092524946726,
                24.021032785739145,
                24.07785548794038,
                24.06050380523454,
                22.913266720110844,
                22.913266720110844,
                22.913266720110844,
                22.913266720110844,
                22.913266720110844,
                22.913266720110844,
                22.913266720110844,
                22.913266720110844,
                22.913266720110844,
                22.913266720110844,
                22.913266720110844,
                22.913266720110844,
                22.913266720110844,
                26.592527657188448,
                26.592527657188448,
                26.592527657188448,
                26.592527657188448,
                26.592527657188448,
                26.592527657188448,
                26.592527657188448,
                26.592527657188448,
                26.592527657188448,
                26.592527657188448,
                26.592527657188448,
                26.592527657188448,
                26.592527657188448
            ],
            "Node_9": [
                24.12603158237958,
                24.24466023499596,
                24.605334001591547,
                25.121016086150778,
                25.670907955818375,
                26.14236229496267,
                26.479597529183817,
                26.674712589232207,
                26.797514507014007,
                27.101479267042578,
                27.729165164200516,
                28.534906178635953,
                29.148149054654883,
                29.14690853390692,
                29.15070079331516,
                29.18320163807639,
                29.269557956761926,
                29.314705138602548,
                28.817173709373844,
                28.18036473382117,
                27.433518531782227,
                26.62334992399514,
                27.798693435482356,
                27.629771564522493,
                26.58073209261992,
                25.218322824024916,
                25.43830077564116,
                25.677079679207385,
                25.61307997084989,
                25.250374757055837,
                24.723119143906505,
                24.26715507964044,
                24.12603158237958,
                24.12603158237958,
                24.12603158237958,
                24.12603158237958,
                24.12603158237958,
                24.12603158237958,
                24.12603158237958,
                24.12603158237958,
                24.12603158237958,
                24.12603158237958,
                24.12603158237958,
                24.12603158237958,
                24.12603158237958,
                24.24466023499596,
                24.605334001591547,
                25.121016086150778,
                25.670907955818375,
                26.14236229496267,
                26.479597529183817,
                26.674712589232207,
                26.797514507014007,
                27.101479267042578,
                27.729165164200516,
                28.534906178635953,
                29.148149054654883,
                29.14690853390692,
                29.15070079331516,
                29.18320163807639,
                29.269557956761926,
                29.314705138602548,
                28.817173709373844,
                28.18036473382117,
                27.433518531782227,
                26.62334992399514,
                27.798693435482356,
                27.629771564522493,
                26.58073209261992,
                25.218322824024916,
                25.43830077564116,
                25.677079679207385,
                25.61307997084989,
                25.250374757055837,
                24.723119143906505,
                24.26715507964044,
                24.12603158237958,
                29.148149054654883,
                29.148149054654883,
                29.148149054654883,
                29.148149054654883,
                29.148149054654883,
                29.148149054654883,
                29.148149054654883,
                29.148149054654883,
                29.148149054654883,
                29.148149054654883,
                29.148149054654883,
                29.148149054654883,
                29.148149054654883,
                26.62334992399514,
                26.62334992399514,
                26.62334992399513,
                26.62334992399514,
                26.62334992399513,
                26.62334992399514,
                26.62334992399514,
                26.62334992399514,
                26.62334992399514,
                26.62334992399514,
                26.62334992399514,
                26.62334992399514,
                26.62334992399514
            ],
            "Node_10": [
                36.359545145247196,
                36.46203375660153,
                36.73208018555509,
                37.05991831569248,
                37.28553924152537,
                37.244418121727925,
                36.829749611931256,
                36.061425973262125,
                35.042218358637385,
                33.84889622067925,
                32.539140272649014,
                31.233950405093477,
                30.421814039746774,
                30.38285954262989,
                30.263957822449235,
                30.05895280331915,
                29.759679290653107,
                29.453260313376322,
                29.606034473124925,
                29.768659709009746,
                29.872206115278647,
                29.893763311155826,
                30.009337383673753,
                31.115194915045,
                32.723234644989745,
                34.27949803637727,
                35.639635841708845,
                36.6942021122391,
                37.26075658947418,
                37.26471198878438,
                36.909778903299745,
                36.52096587559821,
                36.359545145247196,
                36.359545145247196,
                36.359545145247196,
                36.359545145247196,
                36.359545145247196,
                36.359545145247196,
                36.359545145247196,
                36.359545145247196,
                36.359545145247196,
                36.359545145247196,
                36.359545145247196,
                36.359545145247196,
                36.359545145247196,
                36.46203375660153,
                36.73208018555509,
                37.05991831569248,
                37.28553924152537,
                37.244418121727925,
                36.829749611931256,
                36.061425973262125,
                35.042218358637385,
                33.84889622067925,
                32.539140272649014,
                31.233950405093477,
                30.421814039746774,
                30.38285954262989,
                30.263957822449235,
                30.05895280331915,
                29.759679290653107,
                29.453260313376322,
                29.606034473124925,
                29.768659709009746,
                29.872206115278647,
                29.893763311155826,
                30.009337383673753,
                31.115194915045,
                32.723234644989745,
                34.27949803637727,
                35.639635841708845,
                36.6942021122391,
                37.26075658947418,
                37.26471198878438,
                36.909778903299745,
                36.52096587559821,
                36.359545145247196,
                30.421814039746774,
                30.421814039746774,
                30.421814039746774,
                30.421814039746774,
                30.421814039746774,
                30.421814039746774,
                30.421814039746774,
                30.421814039746774,
                30.421814039746774,
                30.421814039746774,
                30.421814039746774,
                30.421814039746774,
                30.421814039746774,
                29.893763311155826,
                29.893763311155826,
                29.893763311155844,
                29.893763311155826,
                29.893763311155844,
                29.893763311155826,
                29.893763311155826,
                29.893763311155826,
                29.893763311155826,
                29.893763311155826,
                29.893763311155826,
                29.893763311155826,
                29.893763311155826
            ],
            "Node_11": [
                45.187861574617344,
                44.97482603796202,
                44.39802938478937,
                43.604476697081395,
                42.759151856504495,
                42.00252810357247,
                41.42922606055211,
                41.034161510859306,
                40.730320494855576,
                40.4604826827078,
                40.22944990628108,
                40.068849830811814,
                40.01059368777652,
                40.02534132082292,
                40.06755413536487,
                40.13311620084713,
                40.219680455163264,
                40.32697439619905,
                40.452094754103555,
                40.587371468922264,
                40.724508261229516,
                40.85193066168054,
                40.73807552391345,
                40.744348003491396,
                40.787172055090494,
                40.83823435229995,
                40.96462950702949,
                41.29227944713729,
                41.95477863308249,
                42.94332437948446,
                44.02212763127844,
                44.866367827951734,
                45.187861574617344,
                45.187861574617344,
                45.187861574617344,
                45.187861574617344,
                45.187861574617344,
                45.187861574617344,
                45.187861574617344,
                45.187861574617344,
                45.187861574617344,
                45.187861574617344,
                45.187861574617344,
                45.187861574617344,
                45.187861574617344,
                44.97482603796202,
                44.39802938478937,
                43.604476697081395,
                42.759151856504495,
                42.00252810357247,
                41.42922606055211,
                41.034161510859306,
                40.730320494855576,
                40.4604826827078,
                40.22944990628108,
                40.068849830811814,
                40.01059368777652,
                40.02534132082292,
                40.06755413536487,
                40.13311620084713,
                40.219680455163264,
                40.32697439619905,
                40.452094754103555,
                40.587371468922264,
                40.724508261229516,
                40.85193066168054,
                40.73807552391345,
                40.744348003491396,
                40.787172055090494,
                40.83823435229995,
                40.96462950702949,
                41.29227944713729,
                41.95477863308249,
                42.94332437948446,
                44.02212763127844,
                44.866367827951734,
                45.187861574617344,
                40.01059368777652,
                40.01059368777652,
                40.01059368777652,
                40.01059368777652,
                40.01059368777652,
                40.01059368777652,
                40.01059368777652,
                40.01059368777652,
                40.01059368777652,
                40.01059368777652,
                40.01059368777652,
                40.01059368777652,
                40.01059368777652,
                40.85193066168054,
                40.85193066168054,
                40.85193066168055,
                40.85193066168054,
                40.85193066168055,
                40.85193066168054,
                40.85193066168054,
                40.85193066168054,
                40.85193066168054,
                40.85193066168054,
                40.85193066168054,
                40.85193066168054,
                40.85193066168054
            ],
            "Node_12": [
                47.051229640599324,
                46.87034949768682,
                46.37160099468175,
                45.76368421857929,
                45.16394970806801,
                44.4714338138517,
                43.77874842886224,
                43.26481181593563,
                42.99470640097683,
                42.94880301470459,
                43.04861635024356,
                43.180298529472275,
                43.23883444440503,
                43.17985692389911,
                43.00785090364186,
                42.740266975103275,
                42.40673246825862,
                42.04031386803253,
                41.672494638467725,
                41.33644107992279,
                41.06443166205827,
                40.88190785559778,
                41.07023713044613,
                41.289809240751424,
                41.566876088713975,
                41.97689614308024,
                42.58972194384901,
                43.4164677879816,
                44.38406314517384,
                45.31709587295332,
                46.13070997210496,
                46.79071467144672,
                47.051229640599324,
                47.051229640599324,
                47.051229640599324,
                47.051229640599324,
                47.051229640599324,
                47.051229640599324,
                47.051229640599324,
                47.051229640599324,
                47.051229640599324,
                47.051229640599324,
                47.051229640599324,
                47.051229640599324,
                47.051229640599324,
                46.87034949768682,
                46.37160099468175,
                45.76368421857929,
                45.16394970806801,
                44.4714338138517,
                43.77874842886224,
                43.26481181593563,
                42.99470640097683,
                42.94880301470459,
                43.04861635024356,
                43.180298529472275,
                43.23883444440503,
                43.17985692389911,
                43.00785090364186,
                42.740266975103275,
                42.40673246825862,
                42.04031386803253,
                41.672494638467725,
                41.33644107992279,
                41.06443166205827,
                40.88190785559778,
                41.07023713044613,
                41.289809240751424,
                41.566876088713975,
                41.97689614308024,
                42.58972194384901,
                43.4164677879816,
                44.38406314517384,
                45.31709587295332,
                46.13070997210496,
                46.79071467144672,
                47.051229640599324,
                43.23883444440503,
                43.23883444440503,
                43.23883444440503,
                43.23883444440503,
                43.23883444440503,
                43.23883444440503,
                43.23883444440503,
                43.23883444440503,
                43.23883444440503,
                43.23883444440503,
                43.23883444440503,
                43.23883444440503,
                43.23883444440503,
                40.88190785559778,
                40.88190785559778,
                40.881907855597774,
                40.88190785559778,
                40.881907855597774,
                40.88190785559778,
                40.88190785559778,
                40.88190785559778,
                40.88190785559778,
                40.88190785559778,
                40.88190785559778,
                40.88190785559778,
                40.88190785559778
            ],
            "Node_13": [
                51.10218812328267,
                50.827570477831024,
                50.19832435060763,
                49.49094521940666,
                48.91159680002575,
                48.59248718516524,
                48.36936992582024,
                48.12260308168428,
                47.95722112418989,
                47.9366320819236,
                47.968249083809916,
                47.962878111647164,
                47.947457983884725,
                47.966181727631835,
                48.02568161287182,
                48.11841980625337,
                48.2163003242019,
                48.29866156380018,
                48.36323692318095,
                48.40250392191631,
                48.405382510975834,
                48.383214567802625,
                48.33361290639036,
                48.26349773827637,
                48.20364108340031,
                48.153044987188245,
                48.13971244872596,
                48.252741072723715,
                48.54869411173937,
                49.12052548536007,
                49.95851840334765,
                50.75399685324745,
                51.10218812328267,
                51.10218812328267,
                51.10218812328267,
                51.10218812328267,
                51.10218812328267,
                51.10218812328267,
                51.10218812328267,
                51.10218812328267,
                51.10218812328267,
                51.10218812328267,
                51.10218812328267,
                51.10218812328267,
                51.10218812328267,
                50.827570477831024,
                50.19832435060763,
                49.49094521940666,
                48.91159680002575,
                48.59248718516524,
                48.36936992582024,
                48.12260308168428,
                47.95722112418989,
                47.9366320819236,
                47.968249083809916,
                47.962878111647164,
                47.947457983884725,
                47.966181727631835,
                48.02568161287182,
                48.11841980625337,
                48.2163003242019,
                48.29866156380018,
                48.36323692318095,
                48.40250392191631,
                48.405382510975834,
                48.383214567802625,
                48.33361290639036,
                48.26349773827637,
                48.20364108340031,
                48.153044987188245,
                48.13971244872596,
                48.252741072723715,
                48.54869411173937,
                49.12052548536007,
                49.95851840334765,
                50.75399685324745,
                51.10218812328267,
                47.947457983884725,
                47.947457983884725,
                47.947457983884725,
                47.947457983884725,
                47.947457983884725,
                47.947457983884725,
                47.947457983884725,
                47.947457983884725,
                47.947457983884725,
                47.947457983884725,
                47.947457983884725,
                47.947457983884725,
                47.947457983884725,
                48.383214567802625,
                48.383214567802625,
                48.38321456780264,
                48.383214567802625,
                48.38321456780264,
                48.383214567802625,
                48.383214567802625,
                48.383214567802625,
                48.383214567802625,
                48.383214567802625,
                48.383214567802625,
                48.383214567802625,
                48.383214567802625
            ],
            "Node_14": [
                65.15581567483747,
                65.31379513655587,
                65.7193217017366,
                66.35006520892568,
                67.1728562362646,
                68.12287944039304,
                69.12641769237852,
                70.11677009736495,
                71.03523080506248,
                71.82496344866028,
                72.43156775544885,
                72.81199222649309,
                72.9413341906286,
                73.00189661382629,
                73.17611375220481,
                73.44360327676179,
                73.77534004851724,
                74.13814369241726,
                74.50014063474367,
                74.8360730562214,
                75.12271922121057,
                75.2109518101232,
                74.79125995467882,
                74.15307461001173,
                73.28844025652884,
                72.2033384244158,
                70.94647296397315,
                69.5948298739332,
                68.24695871017587,
                67.03102774976892,
                66.0863095308519,
                65.47950961222729,
                65.15581567483747,
                65.15581567483747,
                65.15581567483747,
                65.15581567483747,
                65.15581567483747,
                65.15581567483747,
                65.15581567483747,
                65.15581567483747,
                65.15581567483747,
                65.15581567483747,
                65.15581567483747,
                65.15581567483747,
                65.15581567483747,
                65.31379513655587,
                65.7193217017366,
                66.35006520892568,
                67.1728562362646,
                68.12287944039304,
                69.12641769237852,
                70.11677009736495,
                71.03523080506248,
                71.82496344866028,
                72.43156775544885,
                72.81199222649309,
                72.9413341906286,
                73.00189661382629,
                73.17611375220481,
                73.44360327676179,
                73.77534004851724,
                74.13814369241726,
                74.50014063474367,
                74.8360730562214,
                75.12271922121057,
                75.2109518101232,
                74.79125995467882,
                74.15307461001173,
                73.28844025652884,
                72.2033384244158,
                70.94647296397315,
                69.5948298739332,
                68.24695871017587,
                67.03102774976892,
                66.0863095308519,
                65.47950961222729,
                65.15581567483747,
                72.9413341906286,
                72.9413341906286,
                72.9413341906286,
                72.9413341906286,
                72.9413341906286,
                72.9413341906286,
                72.9413341906286,
                72.9413341906286,
                72.9413341906286,
                72.9413341906286,
                72.9413341906286,
                72.9413341906286,
                72.9413341906286,
                75.2109518101232,
                75.2109518101232,
                75.21095181012322,
                75.2109518101232,
                75.21095181012322,
                75.2109518101232,
                75.2109518101232,
                75.2109518101232,
                75.2109518101232,
                75.2109518101232,
                75.2109518101232,
                75.2109518101232,
                75.2109518101232
            ],
            "Node_15": [
                65.38514298184161,
                65.64587515483244,
                66.4444959014845,
                67.65477964912634,
                69.09611604748143,
                70.6034929613265,
                72.04438510661882,
                73.32058213580086,
                74.3686173186819,
                75.15993808523407,
                75.6961671526288,
                75.99932712217634,
                76.09629910723447,
                76.09054996210273,
                76.07205388708998,
                76.03737828524993,
                75.98192364735029,
                75.90159559991056,
                75.79414637737396,
                75.65914604275892,
                75.50208041638798,
                75.45640991303608,
                75.7070035800401,
                75.78060521202165,
                75.55231471426735,
                74.92010338218728,
                73.83422265779657,
                72.33500881061684,
                70.5482165564744,
                68.66074705350466,
                66.9286119444309,
                65.70941913331485,
                65.38514298184161,
                65.38514298184161,
                65.38514298184161,
                65.38514298184161,
                65.38514298184161,
                65.38514298184161,
                65.38514298184161,
                65.38514298184161,
                65.38514298184161,
                65.38514298184161,
                65.38514298184161,
                65.38514298184161,
                65.38514298184161,
                65.64587515483244,
                66.4444959014845,
                67.65477964912634,
                69.09611604748143,
                70.6034929613265,
                72.04438510661882,
                73.32058213580086,
                74.3686173186819,
                75.15993808523407,
                75.6961671526288,
                75.99932712217634,
                76.09629910723447,
                76.09054996210273,
                76.07205388708998,
                76.03737828524993,
                75.98192364735029,
                75.90159559991056,
                75.79414637737396,
                75.65914604275892,
                75.50208041638798,
                75.45640991303608,
                75.7070035800401,
                75.78060521202165,
                75.55231471426735,
                74.92010338218728,
                73.83422265779657,
                72.33500881061684,
                70.5482165564744,
                68.66074705350466,
                66.9286119444309,
                65.70941913331485,
                65.38514298184161,
                76.09629910723447,
                76.09629910723447,
                76.09629910723447,
                76.09629910723447,
                76.09629910723447,
                76.09629910723447,
                76.09629910723447,
                76.09629910723447,
                76.09629910723447,
                76.09629910723447,
                76.09629910723447,
                76.09629910723447,
                76.09629910723447,
                75.45640991303608,
                75.45640991303608,
                75.45640991303608,
                75.45640991303608,
                75.45640991303608,
                75.45640991303608,
                75.45640991303608,
                75.45640991303608,
                75.45640991303608,
                75.45640991303608,
                75.45640991303608,
                75.45640991303608,
                75.45640991303608
            ]
        }
    },
    "Phonon_DOS": {
        "DOS": [
            0.0,
            0.004,
            0.0013333333333333333,
            0.004666666666666667,
            0.0,
            0.0,
            0.004,
            0.004,
            0.0013333333333333333,
            0.006666666666666667,
            0.008,
            0.0026666666666666666,
            0.012,
            0.005333333333333333,
            0.004,
            0.02,
            0.048,
            0.056666666666666664,
            0.03266666666666666,
            0.05733333333333333,
            0.03333333333333333,
            0.03333333333333333,
            0.025333333333333333,
            0.025333333333333333,
            0.018666666666666668,
            0.026000000000000002,
            0.02333333333333333,
            0.042666666666666665,
            0.03333333333333333,
            0.018666666666666668,
            0.02,
            0.013333333333333334,
            0.008,
            0.01,
            0.006,
            0.008,
            0.008,
            0.004,
            0.012,
            0.004,
            0.012666666666666666,
            0.008,
            0.0,
            0.0006666666666666666,
            0.04533333333333333,
            0.024,
            0.032,
            0.013999999999999999,
            0.008,
            0.004666666666666667,
            0.004,
            0.013333333333333334,
            0.04933333333333333,
            0.004,
            0.0,
            0.0006666666666666666,
            0.0,
            0.0,
            0.0,
            0.0,
            0.0,
            0.0,
            0.0,
            0.0,
            0.0,
            0.0,
            0.0,
            0.0,
            0.0,
            0.005333333333333333,
            0.004,
            0.008,
            0.0,
            0.013333333333333334,
            0.006666666666666667,
            0.013333333333333334,
            0.015333333333333334,
            0.018666666666666668,
            0.016,
            0.02666666666666667,
            0.006,
            0.0
        ],
        "Energy(meV)": [
            -3.5,
            -2.5,
            -1.5,
            -0.5,
            0.5,
            1.5,
            2.5,
            3.5,
            4.5,
            5.5,
            6.5,
            7.5,
            8.5,
            9.5,
            10.5,
            11.5,
            12.5,
            13.5,
            14.5,
            15.5,
            16.5,
            17.5,
            18.5,
            19.5,
            20.5,
            21.5,
            22.5,
            23.5,
            24.5,
            25.5,
            26.5,
            27.5,
            28.5,
            29.5,
            30.5,
            31.5,
            32.5,
            33.5,
            34.5,
            35.5,
            36.5,
            37.5,
            38.5,
            39.5,
            40.5,
            41.5,
            42.5,
            43.5,
            44.5,
            45.5,
            46.5,
            47.5,
            48.5,
            49.5,
            50.5,
            51.5,
            52.5,
            53.5,
            54.5,
            55.5,
            56.5,
            57.5,
            58.5,
            59.5,
            60.5,
            61.5,
            62.5,
            63.5,
            64.5,
            65.5,
            66.5,
            67.5,
            68.5,
            69.5,
            70.5,
            71.5,
            72.5,
            73.5,
            74.5,
            75.5,
            76.5,
            77.5
        ]
    }
}