{
    "POSCAR": {
        "Atomes": "   Mo      N\n",
        "coordinate": "Direct\n",
        "unit_cell": {
            "a_vector": "2.7828027699117133   1.161768260225006e-07   -1.4842844037756234e-06\n",
            "b_vector": "-1.3914017378820862   2.409977915932171   1.2801656726142012e-06\n",
            "c_vector": "-1.6454530113228134e-05   6.8871383233986415e-06   37.86357675877485\n"
        },
        "positions": {
            "Mo": [
                "0.6666669634366799   0.33333303186400204   0.23666700708039254\n",
                "0.3333330456541238   0.666666977511672   0.16333299356406722\n"
            ],
            "N": [
                "-9.090804438578244e-09   -9.375674871439323e-09   0.19999999935554025\n"
            ]
        }
    },
    "Termo_data": {
        "Temperature (K)": [
            0,
            10,
            20,
            30,
            40,
            50,
            60,
            70,
            80,
            90,
            100,
            110,
            120,
            130,
            140,
            150,
            160,
            170,
            180,
            190,
            200,
            210,
            220,
            230,
            240,
            250,
            260,
            270,
            280,
            290,
            300,
            310,
            320,
            330,
            340,
            350,
            360,
            370,
            380,
            390,
            400,
            410,
            420,
            430,
            440,
            450,
            460,
            470,
            480,
            490,
            500,
            510,
            520,
            530,
            540,
            550,
            560,
            570,
            580,
            590,
            600,
            610,
            620,
            630,
            640,
            650,
            660,
            670,
            680,
            690,
            700,
            710,
            720,
            730,
            740,
            750,
            760,
            770,
            780,
            790,
            800,
            810,
            820,
            830,
            840,
            850,
            860,
            870,
            880,
            890,
            900,
            910,
            920,
            930,
            940,
            950,
            960,
            970,
            980,
            990,
            1000,
            1010,
            1020,
            1030,
            1040,
            1050,
            1060,
            1070,
            1080,
            1090,
            1100,
            1110,
            1120,
            1130,
            1140,
            1150,
            1160,
            1170,
            1180,
            1190,
            1200,
            1210,
            1220,
            1230,
            1240,
            1250,
            1260,
            1270,
            1280,
            1290,
            1300,
            1310,
            1320,
            1330,
            1340,
            1350,
            1360,
            1370,
            1380,
            1390,
            1400,
            1410,
            1420,
            1430,
            1440,
            1450,
            1460,
            1470,
            1480,
            1490,
            1500,
            1510,
            1520,
            1530,
            1540,
            1550,
            1560,
            1570,
            1580,
            1590,
            1600,
            1610,
            1620,
            1630,
            1640,
            1650,
            1660,
            1670,
            1680,
            1690,
            1700,
            1710,
            1720,
            1730,
            1740,
            1750,
            1760,
            1770,
            1780,
            1790,
            1800,
            1810,
            1820,
            1830,
            1840,
            1850,
            1860,
            1870,
            1880,
            1890,
            1900,
            1910,
            1920,
            1930,
            1940,
            1950,
            1960,
            1970
        ],
        "Gibbs_free(J/mole)": [
            -503178.56495509774,
            -503178.73462149536,
            -503180.4352539299,
            -503185.5392440375,
            -503196.490217334,
            -503215.72332383733,
            -503245.05238870275,
            -503285.60308045207,
            -503337.9738792778,
            -503402.415437293,
            -503478.96477669716,
            -503567.53262640076,
            -503667.9560893791,
            -503780.02971218,
            -503903.523381679,
            -504038.1932849252,
            -504183.7879069732,
            -504340.0528694766,
            -504506.7335142073,
            -504683.57703424885,
            -504870.33414391294,
            -505066.7600669724,
            -505272.6153272059,
            -505487.6666902384,
            -505711.687174395,
            -505944.4566770036,
            -506185.76193093107,
            -506435.39661423507,
            -506693.1613788685,
            -506958.86371950177,
            -507232.3179155793,
            -507513.34477578336,
            -507801.7715479399,
            -508097.43165894505,
            -508400.1645339013,
            -508709.8153493954,
            -509026.23482707073,
            -509349.27901726356,
            -509678.8090496779,
            -510014.6909491127,
            -510356.7954295542,
            -510704.9976110026,
            -511059.1769611893,
            -511419.2170068225,
            -511785.0051508372,
            -512156.43249845767,
            -512533.39383183594,
            -512915.78728342167,
            -513303.5141187764,
            -513696.47895983723,
            -514094.58914828836,
            -514497.75516753615,
            -514905.8899770978,
            -515318.9091635957,
            -515736.73105228995,
            -516159.276193086,
            -516586.46737383783,
            -517018.22951491206,
            -517454.4902985907,
            -517895.1785020056,
            -518340.2254908462,
            -518789.5644326007,
            -519243.13003179047,
            -519700.85874680517,
            -520162.68949019536,
            -520628.5615322957,
            -521098.4164421917,
            -521572.1970857799,
            -522049.84836305684,
            -522531.3154418546,
            -523016.5455061589,
            -523505.48725157377,
            -523998.0904865423,
            -524494.3055163225,
            -524994.084498905,
            -525497.3807245836,
            -526004.1488168263,
            -526514.3432932631,
            -527027.9211191569,
            -527544.8395799862,
            -528065.0564824712,
            -528588.5314379166,
            -529115.2245198408,
            -529645.0962415504,
            -530178.1095388221,
            -530714.2262611106,
            -531253.4091279323,
            -531795.6242791477,
            -532340.8350579801,
            -532889.0079435012,
            -533440.1094084056,
            -533994.1051433994,
            -534550.9651843832,
            -535110.6555428664,
            -535673.1480354626,
            -536238.410360682,
            -536806.4130766969,
            -537377.1276754583,
            -537950.5249245082,
            -538526.5766927502,
            -539105.2565756715,
            -539686.5344314876,
            -540270.3884818677,
            -540856.7892582347,
            -541445.7135488449,
            -542037.1344918652,
            -542631.0287464146,
            -543227.3706590959,
            -543826.1389254917,
            -544427.3084673436,
            -545030.8564491997,
            -545636.7617153863,
            -546245.0018981189,
            -546855.5546247549,
            -547468.3986859507,
            -548083.5125051606,
            -548700.8779869953,
            -549320.4729214928,
            -549942.2771099791,
            -550566.2746481769,
            -551192.4402572785,
            -551820.7589773026,
            -552451.2130294975,
            -553083.7813816655,
            -553718.4472510119,
            -554355.1930207332,
            -554994.0032298946,
            -555634.8562341077,
            -556277.7399983862,
            -556922.6357589832,
            -557569.5276433595,
            -558218.3966223351,
            -558869.2300854955,
            -559522.0132752075,
            -560176.7116202258,
            -560833.3263838544,
            -561491.8558936836,
            -562152.3012286696,
            -562810.8803165243,
            -563463.0288804969,
            -564116.9584813021,
            -564772.6560049318,
            -565430.109885446,
            -566089.3077208966,
            -566750.237666986,
            -567412.8886435465,
            -568077.2484569078,
            -568743.3058234744,
            -569411.0502777515,
            -570080.4696699914,
            -570751.5539997659,
            -571424.2919495206,
            -572098.6727074739,
            -572774.686233925,
            -573452.3219092092,
            -574131.5695648541,
            -574812.4190079378,
            -575494.86043455,
            -576178.8834412664,
            -576864.479067612,
            -577551.6370759484,
            -578240.3481402025,
            -578930.6033309819,
            -579622.3923069785,
            -580315.707223194,
            -581010.5372402391,
            -581706.8758161135,
            -582404.7125466617,
            -583104.0386911614,
            -583804.8458235235,
            -584507.1257403415,
            -585210.8694838493,
            -585916.0689893613,
            -586622.7161517536,
            -587330.8026807954,
            -588040.3206739564,
            -588751.2620048564,
            -589463.618361463,
            -590177.3825861469,
            -590892.546948305,
            -591609.1036089003,
            -592327.0445944812,
            -593046.3633973949,
            -593767.0518471439,
            -594489.103701842,
            -595212.5099249294,
            -595937.2654179743,
            -596663.3618563411,
            -597390.7923784144,
            -598119.5500802407,
            -598849.6288569302,
            -599581.0204632343,
            -600313.7194568885,
            -601047.7189560282,
            -601783.0121012882,
            -602519.5923650344,
            -603257.4538741024,
            -603996.5892971979
        ],
        "Cp(J/mole.K)": [
            -0.0,
            0.1616322436733753,
            0.7092332285945303,
            1.7534592943222378,
            3.25072079646634,
            4.96195960186742,
            6.6538978809490805,
            8.213205039584137,
            9.613881368853615,
            10.868587260034104,
            12.00010381564789,
            13.029471584665597,
            13.97279388540192,
            14.841608263917433,
            15.644031547987831,
            16.38600442734606,
            17.072432775958447,
            17.707446593849454,
            18.2947601122025,
            18.837962276871263,
            19.34027679366409,
            19.804885034784093,
            20.23486514287067,
            20.63293401203407,
            21.001745608169585,
            21.343719041433395,
            21.661049410901633,
            21.9558384237709,
            22.229962141351997,
            22.485114485803933,
            22.72282173736313,
            22.94451583206538,
            23.151482880627725,
            23.3448660131427,
            23.525711126808904,
            23.694980240601595,
            23.853536494000547,
            24.00214418239927,
            24.141549405624442,
            24.272361789726627,
            24.395151758857452,
            24.510552278297837,
            24.6189909133857,
            24.720803001348425,
            24.816540485975565,
            24.90670499496634,
            24.991346832978856,
            25.070847455582307,
            25.145691085746478,
            25.21605082211023,
            25.282249121883105,
            25.344180159813586,
            25.402320297516454,
            25.457269295735788,
            25.508582580243896,
            25.556151961674836,
            25.601244486949753,
            25.643823006129363,
            25.68278787888125,
            25.719491664835243,
            25.75402303310689,
            25.785285004301286,
            25.815122063981967,
            25.843342275550732,
            25.867989746294825,
            25.89074798968795,
            25.913198633541473,
            25.933694339040184,
            25.950877802766623,
            25.967207536770733,
            25.983715242371446,
            25.99745767745039,
            26.008257562655643,
            26.018921910160806,
            26.03006528344688,
            26.038800784372196,
            26.045170377660597,
            26.052407233908834,
            26.057968918239986,
            26.061253134466824,
            26.06534811062744,
            26.067715049485617,
            26.069812303944378,
            26.07282304724783,
            26.070597270678263,
            26.06949676333164,
            26.071633016021224,
            26.068780738240704,
            26.066524830693567,
            26.062616586947115,
            26.058207492314978,
            26.056029018989648,
            26.052272734103994,
            26.050272660527778,
            26.043146864098,
            26.03593028154851,
            26.032335784658585,
            26.024378600384807,
            26.01851821251919,
            26.009085577499565,
            26.00063758232878,
            26.00014722467153,
            25.992559991392483,
            25.982797724733246,
            25.974339540465735,
            25.963700700667687,
            25.956700994790374,
            25.951889720134204,
            25.939830503356873,
            25.92957344164032,
            25.926794330647525,
            25.917560179400528,
            25.903748955391507,
            25.891043179720793,
            25.88516265650364,
            25.88229078843142,
            25.86748362367507,
            25.860832779513938,
            25.853871731122574,
            25.83074226386987,
            25.828874758793887,
            25.82767759248681,
            25.80742035061121,
            25.79689671719962,
            25.79744784202194,
            25.786169708953643,
            25.76948726826795,
            25.76928901534693,
            25.762804741039872,
            25.739816586432244,
            25.72309077894971,
            25.72771067978465,
            25.67100556113292,
            25.590715450143737,
            25.670174737198977,
            25.85835956806918,
            13.192507901740612,
            -28.246635983692837,
            -44.6645903168182,
            -3.8243326884197657,
            24.756337781203115,
            24.761685142750302,
            24.76613975590485,
            24.771913899458013,
            24.778830174961854,
            24.781432632705922,
            24.787262864777997,
            24.79399971477168,
            24.797034331434617,
            24.802662970439997,
            24.806196350982646,
            24.80931840419922,
            24.815877304202445,
            24.820602956702785,
            24.824403423577095,
            24.829212721116853,
            24.83260494028218,
            24.836471212192105,
            24.842345346102732,
            24.845497125757266,
            24.850481405854907,
            24.854754096691842,
            24.85743057304667,
            24.86062342484901,
            24.86527290099673,
            24.875289293282314,
            24.876270832401005,
            24.87452658327262,
            24.881531355133973,
            24.88687013561745,
            24.88884931887199,
            24.893357398070172,
            24.898902381700708,
            24.902719841324142,
            24.906501926562967,
            24.90759820357198,
            24.90953181036798,
            24.916729559544883,
            24.921964509575375,
            24.92154052067781,
            24.924445835232945,
            24.930969351047466,
            24.936347584199652,
            24.93752493665935,
            24.938493751827366,
            24.946573021777496,
            24.948386031214085,
            24.947167380475072,
            24.95473495562328,
            24.958201719150843,
            24.95707685215166,
            24.96422429678205,
            24.969813318551132,
            24.968970723933033,
            24.97327281068401,
            24.977175391948272,
            24.978191255080418,
            24.983056085940916
        ],
        "S(J/mole.K)": [
            0,
            0.08081612183668765,
            0.3389405508220079,
            0.8084920736910135,
            1.507075388969679,
            2.4096114487147133,
            3.4602988989805454,
            4.601447891887074,
            5.7889729802678636,
            6.993650969156443,
            8.197466563274066,
            9.38972046245035,
            10.56416891606932,
            11.717199748368149,
            12.846746247870033,
            13.951661807876372,
            15.031375479703273,
            16.085696256712254,
            17.114691290367045,
            18.11861492065291,
            19.09785768988586,
            20.052909491508036,
            20.984337671990215,
            21.892763014431694,
            22.77884142500843,
            23.643252172673964,
            24.48668519601997,
            25.30983343897751,
            26.11338664908471,
            26.898024646437985,
            27.664412729746978,
            28.41319926137075,
            29.14501401738162,
            29.86046602849965,
            30.560142459708004,
            31.244608517531013,
            31.914407353226125,
            32.570059770960505,
            33.21206503658614,
            33.84090112795894,
            34.457024650453974,
            35.060873221565274,
            35.65286562085021,
            36.23340004369966,
            36.80285738327584,
            37.36160469177267,
            37.909990932654914,
            38.448347150070916,
            38.976992575358594,
            39.49623349854373,
            40.0063626308045,
            40.50765747653131,
            41.00038291082309,
            41.48479890849121,
            41.96115240582221,
            42.42967163946596,
            42.890582833725055,
            43.34411118963035,
            43.790460349257046,
            44.2298254868103,
            44.66240413918931,
            45.08837579291576,
            45.50791705629091,
            45.921209415624624,
            46.32840897659335,
            46.72966224640695,
            47.12513395718779,
            47.514981100428855,
            47.89933141077127,
            48.2783148592891,
            48.65208099586235,
            49.020759649748655,
            49.384453237358684,
            49.743277931004556,
            50.097368544392516,
            50.44683936910441,
            50.79178117944974,
            51.13230246011079,
            51.468512197952066,
            51.80049510034004,
            52.12834816612303,
            52.45216841310757,
            52.7720425045467,
            53.088069973772505,
            53.400317299463495,
            53.70884940703545,
            54.01377864971728,
            54.31517849039374,
            54.61310432406899,
            54.907628773097535,
            55.19881578680798,
            55.48674860081956,
            55.771502034201696,
            56.053145702331676,
            56.33172830862604,
            56.60728689757088,
            56.8799031917908,
            57.14963455544785,
            57.416528378793735,
            57.68063493876252,
            57.941997144742345,
            58.200713932776125,
            58.456842042659986,
            58.71038663846411,
            58.961393356912595,
            59.20990665932186,
            59.45598059816839,
            59.699688379722645,
            59.941050700319465,
            60.180085505644094,
            60.41687756822212,
            60.6514723999353,
            60.88385990291717,
            61.114063777288536,
            61.34215733041201,
            61.56822044465225,
            61.79224991797236,
            62.014264071611976,
            62.23433075495704,
            62.45241358942294,
            62.66856643143838,
            62.882912683398175,
            63.095406740054024,
            63.30604029005481,
            63.51492769096949,
            63.72209433691023,
            63.92749888585822,
            64.13121264973161,
            64.3333024995125,
            64.53370518648735,
            64.73240688197694,
            64.92953921551818,
            65.12497524195352,
            65.31841959656305,
            65.51040952783806,
            65.70196546403605,
            65.84623903342582,
            65.79165098836239,
            65.52673285022757,
            65.3511480320376,
            65.42580693170895,
            65.60202981790789,
            65.7770419294815,
            65.9508617304964,
            66.1235144188351,
            66.29500523958413,
            66.46534634208219,
            66.63456756096858,
            66.80267465796496,
            66.96967883525068,
            67.1355965690731,
            67.30043395118409,
            67.46421518746793,
            67.62695944436855,
            67.78867123834061,
            67.94936418533908,
            68.10905010242422,
            68.26773882700218,
            68.42545088599726,
            68.58219639702148,
            68.73798464552092,
            68.89283107723313,
            69.04674021928368,
            69.19972026507313,
            69.35178860497544,
            69.50297702834504,
            69.65328521947376,
            69.80268837656621,
            69.95121518370723,
            70.09889715366006,
            70.24572944495739,
            70.39171953768528,
            70.53688766259583,
            70.68124137150735,
            70.82478495807445,
            70.96751993220532,
            71.10945021387161,
            71.25060217093561,
            71.39099393091456,
            71.53061269087775,
            71.66946050432016,
            71.80756515716493,
            71.94494168765232,
            72.08158345109405,
            72.21748641119339,
            72.35267722758726,
            72.48716595176374,
            72.62093516170862,
            72.75400779375195,
            72.88640375837275,
            73.01810726507973,
            73.14913515561638,
            73.27951208363811,
            73.40922409180784,
            73.5382746496427,
            73.6666827942914,
            73.79444670940866,
            73.9215753568511
        ]
    },
    "Phonon_data": {
        "Numb_Node": 9,
        "total_n_kpoints": 100,
        "frequency": {
            "Node_1": [
                -0.13178101625556007,
                -0.5322508843693307,
                1.6178244623640365,
                3.743480557928748,
                6.013064054455757,
                8.286380381190098,
                10.386002400645511,
                12.028998111095252,
                12.985565817382232,
                13.446045788543536,
                13.71320025091293,
                13.896204841479236,
                13.967922502666303,
                13.980668854755262,
                14.02893331995798,
                14.150014001609865,
                14.398963995666834,
                14.811286414306991,
                15.38575944129271,
                16.090526779685785,
                16.853068834105592,
                17.518718409549244,
                16.644662734516213,
                16.033918737559723,
                15.614816080013055,
                14.167547428269277,
                12.065649028497194,
                9.84664265716886,
                7.486111928446369,
                4.999194037554284,
                2.4937766671958004,
                -0.35268655809469374,
                -0.13178101625556007,
                -0.13178101625556007,
                -0.13178101625556007,
                -0.13178101625556007,
                -0.13178101625556007,
                -0.13178101625556007,
                -0.13178101625556007,
                -0.13178101625556007,
                -0.13178101625556007,
                -0.13178101625556007,
                -0.13178101625556007,
                -0.13178101625556007,
                -0.13178101625556007,
                -0.5322508843693307,
                1.6178244623640365,
                3.743480557928748,
                6.013064054455757,
                8.286380381190098,
                10.386002400645511,
                12.028998111095252,
                12.985565817382232,
                13.446045788543536,
                13.71320025091293,
                13.896204841479236,
                13.967922502666303,
                13.980668854755262,
                14.02893331995798,
                14.150014001609865,
                14.398963995666834,
                14.811286414306991,
                15.38575944129271,
                16.090526779685785,
                16.853068834105592,
                17.518718409549244,
                16.644662734516213,
                16.033918737559723,
                15.614816080013055,
                14.167547428269277,
                12.065649028497194,
                9.84664265716886,
                7.486111928446369,
                4.999194037554284,
                2.4937766671958004,
                -0.35268655809469374,
                -0.13178101625556007,
                13.967922502666303,
                13.967922502666303,
                13.967922502666303,
                13.967922502666303,
                13.967922502666303,
                13.967922502666303,
                13.967922502666303,
                13.967922502666303,
                13.967922502666303,
                13.967922502666303,
                13.967922502666303,
                13.967922502666303,
                13.967922502666303,
                17.518718409549244,
                17.518718409549244,
                17.518718409549273,
                17.518718409549244,
                17.518718409549273,
                17.518718409549244,
                17.518718409549244,
                17.518718409549244,
                17.518718409549244,
                17.518718409549244,
                17.518718409549244,
                17.518718409549244,
                17.518718409549244
            ],
            "Node_2": [
                -0.13042679533046933,
                2.7111681478812795,
                5.34349589617156,
                7.869895254162072,
                10.246608030380008,
                12.406222063673347,
                14.312822207688262,
                15.94755605571381,
                17.29903991256826,
                18.37098559172111,
                19.16315468132118,
                19.66321865711269,
                19.839185178876914,
                19.95304132118443,
                20.234225909065643,
                20.49637665874168,
                20.48245504001388,
                20.128665858209786,
                19.56012152039655,
                18.886251012128348,
                18.18594011554905,
                17.552458570205236,
                18.09734657085938,
                17.536874062989863,
                16.079204070534452,
                15.364936202215816,
                15.292127304235658,
                15.194858185130258,
                13.967833728219734,
                10.605867832245051,
                7.048161183066194,
                3.5045410489585564,
                -0.13042679533046933,
                -0.13042679533046933,
                -0.13042679533046933,
                -0.13042679533046933,
                -0.13042679533046933,
                -0.13042679533046933,
                -0.13042679533046933,
                -0.13042679533046933,
                -0.13042679533046933,
                -0.13042679533046933,
                -0.13042679533046933,
                -0.13042679533046933,
                -0.13042679533046933,
                2.7111681478812795,
                5.34349589617156,
                7.869895254162072,
                10.246608030380008,
                12.406222063673347,
                14.312822207688262,
                15.94755605571381,
                17.29903991256826,
                18.37098559172111,
                19.16315468132118,
                19.66321865711269,
                19.839185178876914,
                19.95304132118443,
                20.234225909065643,
                20.49637665874168,
                20.48245504001388,
                20.128665858209786,
                19.56012152039655,
                18.886251012128348,
                18.18594011554905,
                17.552458570205236,
                18.09734657085938,
                17.536874062989863,
                16.079204070534452,
                15.364936202215816,
                15.292127304235658,
                15.194858185130258,
                13.967833728219734,
                10.605867832245051,
                7.048161183066194,
                3.5045410489585564,
                -0.13042679533046933,
                19.839185178876914,
                19.839185178876914,
                19.839185178876914,
                19.839185178876914,
                19.839185178876914,
                19.839185178876914,
                19.839185178876914,
                19.839185178876914,
                19.839185178876914,
                19.839185178876914,
                19.839185178876914,
                19.839185178876914,
                19.839185178876914,
                17.552458570205236,
                17.552458570205236,
                17.552458570205236,
                17.552458570205236,
                17.552458570205236,
                17.552458570205236,
                17.552458570205236,
                17.552458570205236,
                17.552458570205236,
                17.552458570205236,
                17.552458570205236,
                17.552458570205236,
                17.552458570205236
            ],
            "Node_3": [
                -0.08806856780570124,
                4.5143412594071135,
                8.526187001017425,
                11.706755204558212,
                13.886409363963233,
                15.108210813159399,
                15.786440005077209,
                16.554612482586045,
                17.864022115473528,
                19.537332336529964,
                20.446237011931196,
                20.65456754634758,
                20.70950371407456,
                20.76316640675161,
                20.92778641326233,
                21.203687941916137,
                21.575327860504682,
                22.02205038711265,
                22.510724603521368,
                22.967034768962467,
                23.280030474341064,
                23.360366742245958,
                23.182830629591866,
                22.956736345134637,
                22.379303502648657,
                21.165522836085568,
                19.3377528845306,
                16.931692136338977,
                14.570226676896809,
                12.982920417746321,
                10.176752869530892,
                5.67245735907099,
                -0.08806856780570124,
                -0.08806856780570124,
                -0.08806856780570124,
                -0.08806856780570124,
                -0.08806856780570124,
                -0.08806856780570124,
                -0.08806856780570124,
                -0.08806856780570124,
                -0.08806856780570124,
                -0.08806856780570124,
                -0.08806856780570124,
                -0.08806856780570124,
                -0.08806856780570124,
                4.5143412594071135,
                8.526187001017425,
                11.706755204558212,
                13.886409363963233,
                15.108210813159399,
                15.786440005077209,
                16.554612482586045,
                17.864022115473528,
                19.537332336529964,
                20.446237011931196,
                20.65456754634758,
                20.70950371407456,
                20.76316640675161,
                20.92778641326233,
                21.203687941916137,
                21.575327860504682,
                22.02205038711265,
                22.510724603521368,
                22.967034768962467,
                23.280030474341064,
                23.360366742245958,
                23.182830629591866,
                22.956736345134637,
                22.379303502648657,
                21.165522836085568,
                19.3377528845306,
                16.931692136338977,
                14.570226676896809,
                12.982920417746321,
                10.176752869530892,
                5.67245735907099,
                -0.08806856780570124,
                20.70950371407456,
                20.70950371407456,
                20.70950371407456,
                20.70950371407456,
                20.70950371407456,
                20.70950371407456,
                20.70950371407456,
                20.70950371407456,
                20.70950371407456,
                20.70950371407456,
                20.70950371407456,
                20.70950371407456,
                20.70950371407456,
                23.360366742245958,
                23.360366742245958,
                23.36036674224598,
                23.360366742245958,
                23.36036674224598,
                23.360366742245958,
                23.360366742245958,
                23.360366742245958,
                23.360366742245958,
                23.360366742245958,
                23.360366742245958,
                23.360366742245958,
                23.360366742245958
            ],
            "Node_4": [
                12.954275680857934,
                13.19321068969036,
                13.730608873703959,
                14.539720535759818,
                15.56915519781504,
                16.70627040996805,
                17.78551687751654,
                18.70608623880803,
                19.461153177019362,
                20.056783319543616,
                21.128443912062046,
                22.22458760069118,
                22.614796190807834,
                22.579332890554415,
                22.504749166620023,
                22.50237190349556,
                22.739113096982983,
                23.197590868203342,
                23.699700938449745,
                24.130997830651715,
                24.447572511183473,
                24.627167115488234,
                24.55478521863856,
                23.911323959505367,
                22.80547742246379,
                21.40409145620259,
                19.824005668929672,
                18.2219670435758,
                16.81274456664289,
                15.506018638238485,
                14.145209623532445,
                13.253236096126566,
                12.954275680857934,
                12.954275680857934,
                12.954275680857934,
                12.954275680857934,
                12.954275680857934,
                12.954275680857934,
                12.954275680857934,
                12.954275680857934,
                12.954275680857934,
                12.954275680857934,
                12.954275680857934,
                12.954275680857934,
                12.954275680857934,
                13.19321068969036,
                13.730608873703959,
                14.539720535759818,
                15.56915519781504,
                16.70627040996805,
                17.78551687751654,
                18.70608623880803,
                19.461153177019362,
                20.056783319543616,
                21.128443912062046,
                22.22458760069118,
                22.614796190807834,
                22.579332890554415,
                22.504749166620023,
                22.50237190349556,
                22.739113096982983,
                23.197590868203342,
                23.699700938449745,
                24.130997830651715,
                24.447572511183473,
                24.627167115488234,
                24.55478521863856,
                23.911323959505367,
                22.80547742246379,
                21.40409145620259,
                19.824005668929672,
                18.2219670435758,
                16.81274456664289,
                15.506018638238485,
                14.145209623532445,
                13.253236096126566,
                12.954275680857934,
                22.614796190807834,
                22.614796190807834,
                22.614796190807834,
                22.614796190807834,
                22.614796190807834,
                22.614796190807834,
                22.614796190807834,
                22.614796190807834,
                22.614796190807834,
                22.614796190807834,
                22.614796190807834,
                22.614796190807834,
                22.614796190807834,
                24.627167115488234,
                24.627167115488234,
                24.62716711548825,
                24.627167115488234,
                24.62716711548825,
                24.627167115488234,
                24.627167115488234,
                24.627167115488234,
                24.627167115488234,
                24.627167115488234,
                24.627167115488234,
                24.627167115488234,
                24.627167115488234
            ],
            "Node_5": [
                13.01980746646162,
                13.496003712691092,
                14.824369391563868,
                16.570421803001228,
                18.436094554455416,
                20.246454259160124,
                21.86700663373778,
                23.22766964053661,
                24.373587803605417,
                25.393247871168402,
                26.3000753888492,
                26.971987378937875,
                27.22594890503445,
                27.15809931388104,
                26.965328396866003,
                26.674795632801704,
                26.31818226446238,
                25.924000840374788,
                25.521341342253116,
                25.149251808217468,
                24.867034716703053,
                24.734965996133532,
                24.697948192224988,
                24.615996967052073,
                24.431252258923614,
                24.05875289483804,
                23.30785112205152,
                22.03628936506795,
                20.21148051704454,
                17.981503945742325,
                15.689846972370532,
                13.805529141669039,
                13.01980746646162,
                13.01980746646162,
                13.01980746646162,
                13.01980746646162,
                13.01980746646162,
                13.01980746646162,
                13.01980746646162,
                13.01980746646162,
                13.01980746646162,
                13.01980746646162,
                13.01980746646162,
                13.01980746646162,
                13.01980746646162,
                13.496003712691092,
                14.824369391563868,
                16.570421803001228,
                18.436094554455416,
                20.246454259160124,
                21.86700663373778,
                23.22766964053661,
                24.373587803605417,
                25.393247871168402,
                26.3000753888492,
                26.971987378937875,
                27.22594890503445,
                27.15809931388104,
                26.965328396866003,
                26.674795632801704,
                26.31818226446238,
                25.924000840374788,
                25.521341342253116,
                25.149251808217468,
                24.867034716703053,
                24.734965996133532,
                24.697948192224988,
                24.615996967052073,
                24.431252258923614,
                24.05875289483804,
                23.30785112205152,
                22.03628936506795,
                20.21148051704454,
                17.981503945742325,
                15.689846972370532,
                13.805529141669039,
                13.01980746646162,
                27.22594890503445,
                27.22594890503445,
                27.22594890503445,
                27.22594890503445,
                27.22594890503445,
                27.22594890503445,
                27.22594890503445,
                27.22594890503445,
                27.22594890503445,
                27.22594890503445,
                27.22594890503445,
                27.22594890503445,
                27.22594890503445,
                24.734965996133532,
                24.734965996133532,
                24.734965996133536,
                24.734965996133532,
                24.734965996133536,
                24.734965996133532,
                24.734965996133532,
                24.734965996133532,
                24.734965996133532,
                24.734965996133532,
                24.734965996133532,
                24.734965996133532,
                24.734965996133532
            ],
            "Node_6": [
                24.33960669452733,
                24.40466142673235,
                24.625148520031157,
                25.064106809040872,
                25.7471438565226,
                26.563216667711774,
                27.36177660703903,
                28.12518120746,
                28.917592822544847,
                29.734717896078774,
                30.4573687661963,
                30.939824276951615,
                31.105210097177267,
                31.075662086875422,
                31.00352695321625,
                30.92138053148963,
                30.854845492449762,
                30.821771934430647,
                30.832052431593016,
                30.87482566099479,
                30.922785240816566,
                30.956118552066823,
                30.95836892630183,
                30.810220546079332,
                30.34169622522438,
                29.51395643282448,
                28.510072647708547,
                27.532055962193148,
                26.578586115928562,
                25.611567193415052,
                24.847877057193,
                24.450229963041053,
                24.33960669452733,
                24.33960669452733,
                24.33960669452733,
                24.33960669452733,
                24.33960669452733,
                24.33960669452733,
                24.33960669452733,
                24.33960669452733,
                24.33960669452733,
                24.33960669452733,
                24.33960669452733,
                24.33960669452733,
                24.33960669452733,
                24.40466142673235,
                24.625148520031157,
                25.064106809040872,
                25.7471438565226,
                26.563216667711774,
                27.36177660703903,
                28.12518120746,
                28.917592822544847,
                29.734717896078774,
                30.4573687661963,
                30.939824276951615,
                31.105210097177267,
                31.075662086875422,
                31.00352695321625,
                30.92138053148963,
                30.854845492449762,
                30.821771934430647,
                30.832052431593016,
                30.87482566099479,
                30.922785240816566,
                30.956118552066823,
                30.95836892630183,
                30.810220546079332,
                30.34169622522438,
                29.51395643282448,
                28.510072647708547,
                27.532055962193148,
                26.578586115928562,
                25.611567193415052,
                24.847877057193,
                24.450229963041053,
                24.33960669452733,
                31.105210097177267,
                31.105210097177267,
                31.105210097177267,
                31.105210097177267,
                31.105210097177267,
                31.105210097177267,
                31.105210097177267,
                31.105210097177267,
                31.105210097177267,
                31.105210097177267,
                31.105210097177267,
                31.105210097177267,
                31.105210097177267,
                30.956118552066823,
                30.956118552066823,
                30.95611855206681,
                30.956118552066823,
                30.95611855206681,
                30.956118552066823,
                30.956118552066823,
                30.956118552066823,
                30.956118552066823,
                30.956118552066823,
                30.956118552066823,
                30.956118552066823,
                30.956118552066823
            ],
            "Node_7": [
                47.81820541387011,
                48.279081740240166,
                49.021912921470154,
                49.62773644521082,
                49.906628090684784,
                50.039597399527324,
                50.29483986362071,
                50.70437854189037,
                51.104372598846496,
                51.39382641325025,
                51.61234388879641,
                51.79068758320044,
                51.86676797635912,
                52.07850136003329,
                52.662177688607834,
                53.50252423024056,
                54.47836403143909,
                55.48263851597404,
                56.44173071837555,
                57.34078490920888,
                58.202117002042556,
                59.02662775385984,
                57.68952321736379,
                56.30055735515885,
                54.90750653684298,
                53.537469202660105,
                52.269038341545496,
                51.17493792967151,
                50.332020667442904,
                49.691423844741294,
                49.001036965272306,
                48.227599611105354,
                47.81820541387011,
                47.81820541387011,
                47.81820541387011,
                47.81820541387011,
                47.81820541387011,
                47.81820541387011,
                47.81820541387011,
                47.81820541387011,
                47.81820541387011,
                47.81820541387011,
                47.81820541387011,
                47.81820541387011,
                47.81820541387011,
                48.279081740240166,
                49.021912921470154,
                49.62773644521082,
                49.906628090684784,
                50.039597399527324,
                50.29483986362071,
                50.70437854189037,
                51.104372598846496,
                51.39382641325025,
                51.61234388879641,
                51.79068758320044,
                51.86676797635912,
                52.07850136003329,
                52.662177688607834,
                53.50252423024056,
                54.47836403143909,
                55.48263851597404,
                56.44173071837555,
                57.34078490920888,
                58.202117002042556,
                59.02662775385984,
                57.68952321736379,
                56.30055735515885,
                54.90750653684298,
                53.537469202660105,
                52.269038341545496,
                51.17493792967151,
                50.332020667442904,
                49.691423844741294,
                49.001036965272306,
                48.227599611105354,
                47.81820541387011,
                51.86676797635912,
                51.86676797635912,
                51.86676797635912,
                51.86676797635912,
                51.86676797635912,
                51.86676797635912,
                51.86676797635912,
                51.86676797635912,
                51.86676797635912,
                51.86676797635912,
                51.86676797635912,
                51.86676797635912,
                51.86676797635912,
                59.02662775385984,
                59.02662775385984,
                59.02662775385984,
                59.02662775385984,
                59.02662775385984,
                59.02662775385984,
                59.02662775385984,
                59.02662775385984,
                59.02662775385984,
                59.02662775385984,
                59.02662775385984,
                59.02662775385984,
                59.02662775385984
            ],
            "Node_8": [
                48.08144021821859,
                48.563217471474985,
                50.04734987075253,
                51.80623583547609,
                53.47197384713071,
                55.154374154821014,
                56.996447423443946,
                58.85011157249842,
                60.39150414847327,
                61.38279594228956,
                61.824233342487474,
                61.95978284801053,
                61.99042454218577,
                61.97855187773002,
                61.93058833392941,
                61.825071803992365,
                61.64708791523525,
                61.37755206579531,
                60.988795720695606,
                60.46477795612465,
                59.813103605394076,
                59.062231530255886,
                60.26003502522505,
                61.14183094082874,
                61.39114917660111,
                60.79893960399647,
                59.36955978214101,
                57.34528016480469,
                55.11182409104708,
                52.93037737528114,
                50.77105102581687,
                48.862862615345726,
                48.08144021821859,
                48.08144021821859,
                48.08144021821859,
                48.08144021821859,
                48.08144021821859,
                48.08144021821859,
                48.08144021821859,
                48.08144021821859,
                48.08144021821859,
                48.08144021821859,
                48.08144021821859,
                48.08144021821859,
                48.08144021821859,
                48.563217471474985,
                50.04734987075253,
                51.80623583547609,
                53.47197384713071,
                55.154374154821014,
                56.996447423443946,
                58.85011157249842,
                60.39150414847327,
                61.38279594228956,
                61.824233342487474,
                61.95978284801053,
                61.99042454218577,
                61.97855187773002,
                61.93058833392941,
                61.825071803992365,
                61.64708791523525,
                61.37755206579531,
                60.988795720695606,
                60.46477795612465,
                59.813103605394076,
                59.062231530255886,
                60.26003502522505,
                61.14183094082874,
                61.39114917660111,
                60.79893960399647,
                59.36955978214101,
                57.34528016480469,
                55.11182409104708,
                52.93037737528114,
                50.77105102581687,
                48.862862615345726,
                48.08144021821859,
                61.99042454218577,
                61.99042454218577,
                61.99042454218577,
                61.99042454218577,
                61.99042454218577,
                61.99042454218577,
                61.99042454218577,
                61.99042454218577,
                61.99042454218577,
                61.99042454218577,
                61.99042454218577,
                61.99042454218577,
                61.99042454218577,
                59.062231530255886,
                59.062231530255886,
                59.062231530255886,
                59.062231530255886,
                59.062231530255886,
                59.062231530255886,
                59.062231530255886,
                59.062231530255886,
                59.062231530255886,
                59.062231530255886,
                59.062231530255886,
                59.062231530255886,
                59.062231530255886
            ],
            "Node_9": [
                66.20986640506368,
                66.36290781173469,
                66.6770639894839,
                66.8714867108102,
                66.80121571354337,
                66.53191208805362,
                66.18527581907883,
                65.80438301360886,
                65.41425828608172,
                65.1541053500927,
                65.17468136301264,
                65.3586661679578,
                65.455869248004,
                65.40545888033161,
                65.25655941614453,
                65.02134796207433,
                64.72177434915295,
                64.38052217731585,
                64.02927256374102,
                63.72245765667128,
                63.51378389874738,
                63.42052591437419,
                63.493353543006315,
                63.80127176755959,
                64.25155706700448,
                64.82312224947722,
                65.47731793351673,
                66.06736169842982,
                66.48398852843238,
                66.68726064355238,
                66.62382524283566,
                66.36330136580781,
                66.20986640506368,
                66.20986640506368,
                66.20986640506368,
                66.20986640506368,
                66.20986640506368,
                66.20986640506368,
                66.20986640506368,
                66.20986640506368,
                66.20986640506368,
                66.20986640506368,
                66.20986640506368,
                66.20986640506368,
                66.20986640506368,
                66.36290781173469,
                66.6770639894839,
                66.8714867108102,
                66.80121571354337,
                66.53191208805362,
                66.18527581907883,
                65.80438301360886,
                65.41425828608172,
                65.1541053500927,
                65.17468136301264,
                65.3586661679578,
                65.455869248004,
                65.40545888033161,
                65.25655941614453,
                65.02134796207433,
                64.72177434915295,
                64.38052217731585,
                64.02927256374102,
                63.72245765667128,
                63.51378389874738,
                63.42052591437419,
                63.493353543006315,
                63.80127176755959,
                64.25155706700448,
                64.82312224947722,
                65.47731793351673,
                66.06736169842982,
                66.48398852843238,
                66.68726064355238,
                66.62382524283566,
                66.36330136580781,
                66.20986640506368,
                65.455869248004,
                65.455869248004,
                65.455869248004,
                65.455869248004,
                65.455869248004,
                65.455869248004,
                65.455869248004,
                65.455869248004,
                65.455869248004,
                65.455869248004,
                65.455869248004,
                65.455869248004,
                65.455869248004,
                63.42052591437419,
                63.42052591437419,
                63.42052591437419,
                63.42052591437419,
                63.42052591437419,
                63.42052591437419,
                63.42052591437419,
                63.42052591437419,
                63.42052591437419,
                63.42052591437419,
                63.42052591437419,
                63.42052591437419,
                63.42052591437419
            ]
        }
    },
    "Phonon_DOS": {
        "DOS": [
            0.0,
            0.003333333333333333,
            0.0,
            0.0,
            0.006666666666666666,
            0.0,
            0.0,
            0.006666666666666666,
            0.006666666666666666,
            0.006666666666666666,
            0.0,
            0.0044444444444444444,
            0.015555555555555555,
            0.013333333333333332,
            0.0077777777777777776,
            0.044444444444444446,
            0.028888888888888888,
            0.042222222222222223,
            0.051111111111111114,
            0.017777777777777778,
            0.04,
            0.03777777777777778,
            0.04666666666666667,
            0.02,
            0.05888888888888889,
            0.026666666666666665,
            0.04777777777777778,
            0.017777777777777778,
            0.022222222222222223,
            0.016666666666666666,
            0.008888888888888889,
            0.017777777777777778,
            0.04666666666666667,
            0.003333333333333333,
            0.0,
            0.0,
            0.0,
            0.0,
            0.0,
            0.0,
            0.0,
            0.0,
            0.0,
            0.0,
            0.0,
            0.0,
            0.0,
            0.0,
            0.0,
            0.0011111111111111111,
            0.0011111111111111111,
            0.015555555555555555,
            0.026666666666666665,
            0.01888888888888889,
            0.015555555555555555,
            0.02,
            0.013333333333333332,
            0.013333333333333332,
            0.0,
            0.02,
            0.0,
            0.006666666666666666,
            0.017777777777777778,
            0.044444444444444446,
            0.0077777777777777776,
            0.017777777777777778,
            0.021111111111111112,
            0.042222222222222223,
            0.03,
            0.0
        ],
        "Energy(meV)": [
            -1.5,
            -0.5,
            0.5,
            1.5,
            2.5,
            3.5,
            4.5,
            5.5,
            6.5,
            7.5,
            8.5,
            9.5,
            10.5,
            11.5,
            12.5,
            13.5,
            14.5,
            15.5,
            16.5,
            17.5,
            18.5,
            19.5,
            20.5,
            21.5,
            22.5,
            23.5,
            24.5,
            25.5,
            26.5,
            27.5,
            28.5,
            29.5,
            30.5,
            31.5,
            32.5,
            33.5,
            34.5,
            35.5,
            36.5,
            37.5,
            38.5,
            39.5,
            40.5,
            41.5,
            42.5,
            43.5,
            44.5,
            45.5,
            46.5,
            47.5,
            48.5,
            49.5,
            50.5,
            51.5,
            52.5,
            53.5,
            54.5,
            55.5,
            56.5,
            57.5,
            58.5,
            59.5,
            60.5,
            61.5,
            62.5,
            63.5,
            64.5,
            65.5,
            66.5,
            67.5
        ]
    }
}