{
    "POSCAR": {
        "Atomes": "   Nb    Br   N\n",
        "coordinate": "Direct\n",
        "unit_cell": {
            "a_vector": "3.5130381930756176   3.104688698203147e-07   7.612897333595683e-07\n",
            "b_vector": "-1.7565194002152222   3.042380182593565   -6.952513147938106e-07\n",
            "c_vector": "8.439531405528464e-06   -4.027218820793448e-06   28.62433923214467\n"
        },
        "positions": {
            "Nb": [
                "0.66666665308151   0.3333333184439979   0.23333342768234658\n",
                "0.3333333540036707   0.6666666770165328   0.16666657432580723\n"
            ],
            "Br": [
                "0.33333313398485775   0.6666668853141399   0.30008055284224455\n",
                "0.6666668690147792   0.3333331181294594   0.09991944549045824\n"
            ],
            "N": [
                "-1.0084820077442218e-08   1.0958697593121878e-09   0.19999999965914345\n"
            ]
        }
    },
    "Termo_data": {
        "Temperature (K)": [
            0,
            10,
            20,
            30,
            40,
            50,
            60,
            70,
            80,
            90,
            100,
            110,
            120,
            130,
            140,
            150,
            160,
            170,
            180,
            190,
            200,
            210,
            220,
            230,
            240,
            250,
            260,
            270,
            280,
            290,
            300,
            310,
            320,
            330,
            340,
            350,
            360,
            370,
            380,
            390,
            400,
            410,
            420,
            430,
            440,
            450,
            460,
            470,
            480,
            490,
            500,
            510,
            520,
            530,
            540,
            550,
            560,
            570,
            580,
            590,
            600,
            610,
            620,
            630,
            640,
            650,
            660,
            670,
            680,
            690,
            700,
            710,
            720,
            730,
            740,
            750,
            760,
            770,
            780,
            790,
            800,
            810,
            820,
            830,
            840,
            850,
            860,
            870,
            880,
            890,
            900,
            910,
            920,
            930,
            940,
            950,
            960,
            970,
            980,
            990,
            1000,
            1010,
            1020,
            1030,
            1040,
            1050,
            1060,
            1070,
            1080,
            1090,
            1100,
            1110,
            1120,
            1130,
            1140,
            1150,
            1160,
            1170,
            1180,
            1190,
            1200,
            1210,
            1220,
            1230,
            1240,
            1250,
            1260,
            1270,
            1280,
            1290,
            1300,
            1310,
            1320,
            1330,
            1340,
            1350,
            1360,
            1370,
            1380,
            1390,
            1400,
            1410,
            1420,
            1430,
            1440,
            1450,
            1460,
            1470,
            1480,
            1490,
            1500,
            1510,
            1520,
            1530,
            1540,
            1550,
            1560,
            1570,
            1580,
            1590,
            1600,
            1610,
            1620,
            1630,
            1640,
            1650,
            1660,
            1670,
            1680,
            1690,
            1700,
            1710,
            1720,
            1730,
            1740,
            1750,
            1760,
            1770,
            1780,
            1790,
            1800,
            1810,
            1820,
            1830,
            1840,
            1850,
            1860,
            1870,
            1880,
            1890,
            1900,
            1910,
            1920,
            1930,
            1940,
            1950,
            1960,
            1970
        ],
        "Gibbs_free(J/mole)": [
            -497285.98290838045,
            -497286.29097196076,
            -497289.0303972535,
            -497297.13716704136,
            -497314.1830714753,
            -497343.22640244116,
            -497386.2192402294,
            -497444.1455577311,
            -497517.340520747,
            -497605.74978453567,
            -497709.10160390456,
            -497827.00756456854,
            -497959.0219875242,
            -498104.6758573548,
            -498263.4966965237,
            -498435.01859598863,
            -498618.7899095608,
            -498814.37621057604,
            -499022.0049252381,
            -499242.0630768596,
            -499472.7691614521,
            -499713.7450083024,
            -499964.644283713,
            -500225.1413577475,
            -500494.92713877547,
            -500773.7073893945,
            -501061.20550018415,
            -501357.15895672113,
            -501661.317546378,
            -501973.44496902596,
            -502293.3160704677,
            -502620.7175438936,
            -502955.44570276723,
            -503297.30740028195,
            -503646.11849912093,
            -504001.7030421638,
            -504363.8936824149,
            -504732.5305812552,
            -505107.46057042945,
            -505488.5373993322,
            -505875.6215339704,
            -506268.5787062268,
            -506667.28064835985,
            -507071.6038819174,
            -507481.4302349581,
            -507896.64643882075,
            -508317.1431147015,
            -508742.81577873824,
            -509173.56295113626,
            -509609.28731830744,
            -510049.8956219738,
            -510495.29718661954,
            -510945.4050874462,
            -511400.1350960977,
            -511859.4060004118,
            -512323.13928953157,
            -512791.25945827365,
            -513263.69255989755,
            -513740.3679470378,
            -514221.21683167515,
            -514706.1726880562,
            -515195.17070611287,
            -515688.148566379,
            -516185.0455099364,
            -516685.80277707695,
            -517190.36309398327,
            -517698.67115648626,
            -518210.67276244005,
            -518726.31559111795,
            -519245.5488217438,
            -519768.32290322747,
            -520294.58946111705,
            -520824.3016889917,
            -521357.41391945345,
            -521893.8816577434,
            -522433.66151268646,
            -522976.7111536037,
            -523522.9895219226,
            -524072.4565440478,
            -524625.0727595469,
            -525180.8002211538,
            -525739.6015159556,
            -526301.440174577,
            -526866.2806620749,
            -527434.0882622078,
            -528004.8290140452,
            -528578.4697432695,
            -529154.978016334,
            -529734.3221136841,
            -530316.4710072703,
            -530901.3943783925,
            -531489.0625187209,
            -532079.4463199787,
            -532672.5174712568,
            -533268.2480450873,
            -533866.6107605983,
            -534467.5788831924,
            -535071.1262668634,
            -535677.2272239382,
            -536285.8566414856,
            -536896.9898428031,
            -537510.602680241,
            -538126.6714382808,
            -538745.1728662623,
            -539366.0841523246,
            -539989.3829406103,
            -540615.0472462326,
            -541243.0554973118,
            -541873.386537335,
            -542506.0196001412,
            -543140.9342019073,
            -543778.1104134608,
            -544417.5284605135,
            -545059.1689968857,
            -545703.0130193032,
            -546349.0418303255,
            -546997.2371535727,
            -547647.5807269932,
            -548300.0549737554,
            -548954.6424127225,
            -549611.3257617682,
            -550270.0882945374,
            -550930.9132454476,
            -551593.7843216915,
            -552258.6853642656,
            -552925.6007847753,
            -553594.514655796,
            -554265.4118958558,
            -554938.2773561006,
            -555613.0960806881,
            -556289.8534749539,
            -556968.5351072863,
            -557649.1266374436,
            -558331.6143882468,
            -559015.9843677173,
            -559702.2229966109,
            -560390.3168077663,
            -561080.252850975,
            -561772.0179835231,
            -562465.5993524964,
            -563160.9843927702,
            -563858.1606020215,
            -564557.1158142324,
            -565257.8375925649,
            -565960.3144880283,
            -566664.5343503894,
            -567370.4857448197,
            -568078.1571483397,
            -568787.5371331838,
            -569498.614602851,
            -570211.3788394995,
            -570925.8186181765,
            -571641.9232712963,
            -572359.6824581873,
            -573079.08548146,
            -573800.1220538217,
            -574522.7823277792,
            -575247.0557049039,
            -575972.9325854,
            -576700.4031257861,
            -577429.457959795,
            -578160.0866893628,
            -578892.280791823,
            -579626.0304185381,
            -580361.3266020105,
            -581098.1602254398,
            -581836.5221333237,
            -582576.4035605834,
            -583317.7957279844,
            -584060.6897177263,
            -584805.0775526231,
            -585550.9502193846,
            -586298.2993757621,
            -587047.1172172256,
            -587797.3950695767,
            -588549.1249613493,
            -589302.2990453622,
            -590056.9091926626,
            -590812.9478200324,
            -591570.4071692303,
            -592329.279160434,
            -593089.5570181435,
            -593851.2325251343,
            -594614.2989407566,
            -595378.748498547,
            -596144.5739875792,
            -596911.7683419918,
            -597680.3246208591,
            -598450.2355998061,
            -599221.494771373,
            -599994.0943447365,
            -600768.0287260043,
            -601543.2902672355,
            -602319.8729136874,
            -603097.7695738729,
            -603876.9742102019,
            -604657.4798557895,
            -605439.2807271116
        ],
        "Cp(J/mole.K)": [
            -0.0,
            0.2557516979999491,
            1.1052592674357584,
            2.643228023938718,
            4.688349453231785,
            6.853739986268921,
            8.86276676452544,
            10.619887515059965,
            12.127960527990947,
            13.422049476367828,
            14.539825115512937,
            15.512891007188587,
            16.36629761396907,
            17.11919490044239,
            17.78647641316929,
            18.380578482603582,
            19.168721056054352,
            20.539931970852194,
            21.39714924152357,
            20.897655950658386,
            20.555443023476982,
            20.850069451201104,
            21.124253040831544,
            21.3725672661094,
            21.597303807735443,
            21.803459799739365,
            21.991895110363867,
            22.163250360295933,
            22.32053452708638,
            22.46525785804114,
            22.59833115738008,
            22.720893178536834,
            22.83453124333164,
            22.93977303215213,
            23.037028899230087,
            23.127910058356065,
            23.212534248526183,
            23.290833061677404,
            23.364371750081773,
            23.433626597121474,
            23.498150848492543,
            23.55846551598946,
            23.614995819266277,
            23.668684803624668,
            23.719622459605972,
            23.767630890928526,
            23.813000195109602,
            23.855084590771103,
            23.895401283306967,
            23.93445271005181,
            23.970993293623977,
            24.00575248673551,
            24.03888174108579,
            24.070326241277545,
            24.10093561001122,
            24.129980781683233,
            24.157043263188058,
            24.183677011549136,
            24.20956576865582,
            24.233663923680517,
            24.25670595659163,
            24.27941731336768,
            24.301415181541365,
            24.322378851738087,
            24.342669938132076,
            24.36213716612842,
            24.380491116922443,
            24.398704668678597,
            24.41689171231701,
            24.433900619857013,
            24.45007889578104,
            24.466278659606232,
            24.48212937740629,
            24.497221186319127,
            24.51162515084434,
            24.52578000586056,
            24.540199709328586,
            24.553814647249343,
            24.566658990594217,
            24.579899599189286,
            24.592552634421736,
            24.604539163879178,
            24.61667512576119,
            24.628602140807256,
            24.640126204734955,
            24.651381926916596,
            24.662412108865162,
            24.673175308207345,
            24.68376744613039,
            24.694208144367376,
            24.70427297515581,
            24.714328469117625,
            24.724502101633632,
            24.734133073082326,
            24.743415541580113,
            24.75276519345048,
            24.762006337847765,
            24.771055765860503,
            24.779981391690463,
            24.788768729777075,
            24.797441532136943,
            24.80597184632199,
            24.814352343318824,
            24.822712441391122,
            24.830987647152284,
            24.839016177778905,
            24.846922564978314,
            24.854885892378086,
            24.86260836868314,
            24.870286085497355,
            24.878133593359806,
            24.885562042330196,
            24.892840513959527,
            24.9002562922487,
            24.907790117321,
            24.914931779945455,
            24.921689148084425,
            24.92915800533033,
            24.936255098849898,
            24.942983354727716,
            24.950086999917573,
            24.956689651001255,
            24.96313717274461,
            24.970340483952896,
            24.977235408452742,
            24.98327498942743,
            24.99023763873919,
            24.997009161981445,
            25.002939355745184,
            25.009364695256593,
            25.015391818131505,
            25.021833036380308,
            25.02907368752696,
            25.03501361709458,
            25.040277747250713,
            25.046705249944733,
            25.053701406228353,
            25.059516513772152,
            25.065055541822417,
            25.071249312636397,
            25.077542752609787,
            25.0829870895865,
            25.0887457847826,
            25.09566803005332,
            25.101298783951965,
            25.106895455944844,
            25.11248023999526,
            25.11736286177204,
            25.12417642129543,
            25.130939032926108,
            25.13522055378417,
            25.140838187044654,
            25.14755779421,
            25.152265259958874,
            25.158349199004732,
            25.164464860484728,
            25.168304075777996,
            25.174046464933785,
            25.181711258669612,
            25.18616721048356,
            25.189830531832058,
            25.197166534803355,
            25.20306154571567,
            25.208266734698555,
            25.213856615464437,
            25.218303997710585,
            25.22396289209648,
            25.228781847521184,
            25.234565907740034,
            25.241605577388924,
            25.24499362619899,
            25.25027118089759,
            25.257643904944416,
            25.261227672747673,
            25.266026573453317,
            25.27213145440328,
            25.277115092798567,
            25.283322750902656,
            25.28741750500656,
            25.292128746019443,
            25.299109343905002,
            25.304133492160283,
            25.309869641205296,
            25.314043258454383,
            25.31780214786943,
            25.324587364985867,
            25.330476817891096,
            25.336243068799376,
            25.339989446266287,
            25.343974454843824,
            25.351593450206025,
            25.356362822212667,
            25.36024386473082,
            25.365550111644552,
            25.3702301037265,
            25.37544942676295,
            25.382914999219963,
            25.387097487263404
        ],
        "S(J/mole.K)": [
            0,
            0.12787584899997456,
            0.5320665148588888,
            1.2489193357076147,
            2.275501021351374,
            3.546918701632239,
            4.970856597302918,
            6.467983888279559,
            7.984544815211849,
            9.488211763565051,
            10.960872434694465,
            12.392995099887775,
            13.78005557655415,
            15.120415216896799,
            16.41407709046107,
            17.661994340351523,
            18.87370282277334,
            20.07684100197657,
            21.275321904887093,
            22.41962547608709,
            23.483449866165024,
            24.493766166780546,
            25.470293051828044,
            26.41501073937106,
            27.329575596223002,
            28.21558862154561,
            29.074578877355087,
            29.90793049939748,
            30.716942035323154,
            31.502855041056318,
            32.266825925714514,
            33.00993079734617,
            33.733186367031884,
            34.437548236377914,
            35.12390039180027,
            35.793078943673024,
            36.445873967799706,
            37.08301126412698,
            37.70517819552697,
            38.3130352498265,
            38.90719324565216,
            39.48821849120941,
            40.05664775377081,
            40.61299592153955,
            41.15775435101168,
            41.69138030300237,
            42.214302049321844,
            42.72691650361084,
            43.2296044292918,
            43.72274396861249,
            44.20668301083497,
            44.68174345834705,
            45.14823706658717,
            45.60645870969747,
            46.05669407034729,
            46.499214343202766,
            46.93426569113289,
            47.36209109505653,
            47.782931765879766,
            48.19700495230936,
            48.604514201865825,
            49.00566503549344,
            49.40065580750598,
            49.7896697149874,
            50.17288157667062,
            50.55045974068634,
            50.922561486090125,
            51.289342061956994,
            51.65095791601706,
            52.00755113535851,
            52.35925180691119,
            52.70619296463482,
            53.04850548901741,
            53.38630946256817,
            53.71971773763289,
            54.048842026529016,
            54.3737959088663,
            54.69468494601678,
            55.01160388414209,
            55.324651452220124,
            55.63392389099026,
            55.93950721633737,
            56.241488765315445,
            56.53995551604894,
            56.83498800707166,
            57.12666355393885,
            57.41505779983272,
            57.70024377483787,
            57.982292311602215,
            58.26127249670244,
            58.53724996410456,
            58.81028893864423,
            59.08045424624142,
            59.347805750342374,
            59.61239887286792,
            59.87429049686761,
            60.13353699142172,
            60.39019162889454,
            60.64430595984596,
            60.895930237999714,
            61.14511324732594,
            61.39190229581,
            61.63634311870847,
            61.87848070486798,
            62.118359057256015,
            62.35601983497763,
            62.591503329324766,
            62.82485012085381,
            63.05609911582724,
            63.285287665326905,
            63.512453971877406,
            63.73763352361857,
            63.960859402229836,
            64.18216627971124,
            64.4015890983952,
            64.61915958223982,
            64.83490644650156,
            65.04886238368637,
            65.2610593448335,
            65.47152389378027,
            65.68028504068351,
            65.88737055325618,
            66.09280530922841,
            66.29661869758273,
            66.49883880560954,
            66.6994865644723,
            66.89858727410754,
            67.09616830568264,
            67.29224945943861,
            67.48685271337162,
            67.68000128090061,
            67.87171750588313,
            68.06202778271253,
            68.25095147255925,
            68.43850193729594,
            68.62470138448697,
            68.8095761558332,
            68.99314344164594,
            69.17541694974206,
            69.35641671841731,
            69.53616372115066,
            69.71467313656757,
            69.89196055346838,
            70.06804829865432,
            70.24295267711278,
            70.41668546612928,
            70.58926261235902,
            70.76069746402936,
            70.93100964543846,
            71.10022063001233,
            71.26833670870255,
            71.43536858578155,
            71.60133862393414,
            71.76625779881434,
            71.93013769605314,
            72.0929963410963,
            72.25483967546316,
            72.41567943923147,
            72.57554052141059,
            72.73443126477068,
            72.89235126886342,
            73.04932155925925,
            73.20536085623607,
            73.36047405480785,
            73.51467154045821,
            73.66796215755312,
            73.82035705242015,
            73.97186811925638,
            74.12250626897439,
            74.27228845014179,
            74.42121773783728,
            74.56929892137414,
            74.71655350710208,
            74.86298621908063,
            75.00859907225095,
            75.15340868675703,
            75.29742476268584,
            75.44065656442544,
            75.58311045174923,
            75.72479092771101,
            75.86571463576257,
            76.0058908607447,
            76.14532439089817,
            76.28402105242131,
            76.42198348044185,
            76.55922668655985,
            76.69576419689402,
            76.83160084193659,
            76.96673839631403,
            77.1011795367347,
            77.23494180780835,
            77.36803444056132,
            77.50045465543954,
            77.63221081756348,
            77.76331186894532,
            77.89376431487472,
            78.02358190399683,
            78.1527684957604
        ]
    },
    "Phonon_data": {
        "Numb_Node": 15,
        "total_n_kpoints": 100,
        "frequency": {
            "Node_1": [
                -0.1352506493157121,
                -0.758937074849526,
                -0.6545604947967807,
                2.1023543546742887,
                4.0766391448366015,
                5.347785846078172,
                6.390392643922105,
                7.405763817725289,
                8.377436270790847,
                9.274767651275804,
                10.108809810274549,
                10.468527151579757,
                10.254924117331335,
                10.196517628352881,
                10.028127262908038,
                9.38193554694706,
                8.378844867506746,
                7.430367999574419,
                6.641922580392618,
                6.127432559431163,
                5.979488374603064,
                6.161358756699544,
                6.386872995468933,
                6.603466366911357,
                7.224288963733982,
                7.729853281378686,
                7.4774447579062295,
                6.445970966720582,
                4.983750806700944,
                3.219208136359695,
                1.1147194852463214,
                -0.8491341324787768,
                -0.1352506493157121,
                -0.1352506493157121,
                -0.1352506493157121,
                -0.1352506493157121,
                -0.1352506493157121,
                -0.1352506493157121,
                -0.1352506493157121,
                -0.1352506493157121,
                -0.1352506493157121,
                -0.1352506493157121,
                -0.1352506493157121,
                -0.1352506493157121,
                -0.1352506493157121,
                -0.758937074849526,
                -0.6545604947967807,
                2.1023543546742887,
                4.0766391448366015,
                5.347785846078172,
                6.390392643922105,
                7.405763817725289,
                8.377436270790847,
                9.274767651275804,
                10.108809810274549,
                10.468527151579757,
                10.254924117331335,
                10.196517628352881,
                10.028127262908038,
                9.38193554694706,
                8.378844867506746,
                7.430367999574419,
                6.641922580392618,
                6.127432559431163,
                5.979488374603064,
                6.161358756699544,
                6.386872995468933,
                6.603466366911357,
                7.224288963733982,
                7.729853281378686,
                7.4774447579062295,
                6.445970966720582,
                4.983750806700944,
                3.219208136359695,
                1.1147194852463214,
                -0.8491341324787768,
                -0.1352506493157121,
                10.254924117331335,
                10.254924117331335,
                10.254924117331335,
                10.254924117331335,
                10.254924117331335,
                10.254924117331335,
                10.254924117331335,
                10.254924117331335,
                10.254924117331335,
                10.254924117331335,
                10.254924117331335,
                10.254924117331335,
                10.254924117331335,
                6.161358756699544,
                6.161358756699544,
                6.161358756699534,
                6.161358756699544,
                6.161358756699534,
                6.161358756699544,
                6.161358756699544,
                6.161358756699544,
                6.161358756699544,
                6.161358756699544,
                6.161358756699544,
                6.161358756699544,
                6.161358756699544
            ],
            "Node_2": [
                -0.1270437124328638,
                0.9960921763303955,
                1.9865120722613958,
                3.074982217409708,
                4.244265677640386,
                6.007940414272371,
                7.8637332945711895,
                9.614810560625415,
                11.033563309696895,
                11.472896375605277,
                11.006901928364103,
                10.913694315211195,
                11.659465241768743,
                11.284870414249635,
                10.451254747079505,
                9.877916455297349,
                9.576574108217867,
                9.216918990329788,
                8.790353868466608,
                8.3149060110996,
                7.840790558165716,
                7.489941591465853,
                7.947464788198163,
                9.372712300058353,
                10.80523565998252,
                11.862022161348142,
                10.655455132536035,
                8.777310083863176,
                6.695864465921504,
                4.624906018571375,
                2.7919052291153217,
                1.2914584677522536,
                -0.1270437124328638,
                -0.1270437124328638,
                -0.1270437124328638,
                -0.1270437124328638,
                -0.1270437124328638,
                -0.1270437124328638,
                -0.1270437124328638,
                -0.1270437124328638,
                -0.1270437124328638,
                -0.1270437124328638,
                -0.1270437124328638,
                -0.1270437124328638,
                -0.1270437124328638,
                0.9960921763303955,
                1.9865120722613958,
                3.074982217409708,
                4.244265677640386,
                6.007940414272371,
                7.8637332945711895,
                9.614810560625415,
                11.033563309696895,
                11.472896375605277,
                11.006901928364103,
                10.913694315211195,
                11.659465241768743,
                11.284870414249635,
                10.451254747079505,
                9.877916455297349,
                9.576574108217867,
                9.216918990329788,
                8.790353868466608,
                8.3149060110996,
                7.840790558165716,
                7.489941591465853,
                7.947464788198163,
                9.372712300058353,
                10.80523565998252,
                11.862022161348142,
                10.655455132536035,
                8.777310083863176,
                6.695864465921504,
                4.624906018571375,
                2.7919052291153217,
                1.2914584677522536,
                -0.1270437124328638,
                11.659465241768743,
                11.659465241768743,
                11.659465241768743,
                11.659465241768743,
                11.659465241768743,
                11.659465241768743,
                11.659465241768743,
                11.659465241768743,
                11.659465241768743,
                11.659465241768743,
                11.659465241768743,
                11.659465241768743,
                11.659465241768743,
                7.489941591465853,
                7.489941591465853,
                7.489941591465853,
                7.489941591465853,
                7.489941591465853,
                7.489941591465853,
                7.489941591465853,
                7.489941591465853,
                7.489941591465853,
                7.489941591465853,
                7.489941591465853,
                7.489941591465853,
                7.489941591465853
            ],
            "Node_3": [
                -0.12638011177692424,
                2.4934481844241785,
                4.985096625307935,
                7.430304407354755,
                9.64056680616934,
                11.279347350612989,
                12.179949336078302,
                12.659437551823137,
                12.936500956592152,
                12.986514774868805,
                12.7724774330843,
                12.30931950387712,
                11.67096221594985,
                11.77660706960384,
                12.084357828992228,
                12.514706548048917,
                13.00075397010588,
                13.46183745538833,
                13.817237000440576,
                14.034231243875324,
                14.13904846430339,
                14.17253932181154,
                14.107253493259106,
                13.800866568902176,
                13.13450632467171,
                12.143956691168338,
                12.447856785781738,
                12.417784145846815,
                11.185567559916924,
                9.058656782135394,
                6.2223165038334995,
                3.1272655328761565,
                -0.12638011177692424,
                -0.12638011177692424,
                -0.12638011177692424,
                -0.12638011177692424,
                -0.12638011177692424,
                -0.12638011177692424,
                -0.12638011177692424,
                -0.12638011177692424,
                -0.12638011177692424,
                -0.12638011177692424,
                -0.12638011177692424,
                -0.12638011177692424,
                -0.12638011177692424,
                2.4934481844241785,
                4.985096625307935,
                7.430304407354755,
                9.64056680616934,
                11.279347350612989,
                12.179949336078302,
                12.659437551823137,
                12.936500956592152,
                12.986514774868805,
                12.7724774330843,
                12.30931950387712,
                11.67096221594985,
                11.77660706960384,
                12.084357828992228,
                12.514706548048917,
                13.00075397010588,
                13.46183745538833,
                13.817237000440576,
                14.034231243875324,
                14.13904846430339,
                14.17253932181154,
                14.107253493259106,
                13.800866568902176,
                13.13450632467171,
                12.143956691168338,
                12.447856785781738,
                12.417784145846815,
                11.185567559916924,
                9.058656782135394,
                6.2223165038334995,
                3.1272655328761565,
                -0.12638011177692424,
                11.67096221594985,
                11.67096221594985,
                11.67096221594985,
                11.67096221594985,
                11.67096221594985,
                11.67096221594985,
                11.67096221594985,
                11.67096221594985,
                11.67096221594985,
                11.67096221594985,
                11.67096221594985,
                11.67096221594985,
                11.67096221594985,
                14.17253932181154,
                14.17253932181154,
                14.172539321811572,
                14.17253932181154,
                14.172539321811572,
                14.17253932181154,
                14.17253932181154,
                14.17253932181154,
                14.17253932181154,
                14.17253932181154,
                14.17253932181154,
                14.17253932181154,
                14.17253932181154
            ],
            "Node_4": [
                9.961848774603245,
                10.123880643226352,
                10.406834541354572,
                10.82640152762352,
                11.321103463564683,
                11.829393934542106,
                12.302574370392607,
                12.695009701353339,
                13.03470260314094,
                13.640235181546148,
                14.004386491405008,
                14.108979559533617,
                14.151724286236279,
                14.225020480440602,
                14.3569153815994,
                14.54329839002065,
                14.809077971199786,
                15.154223938264371,
                15.559016116574497,
                15.988405550143694,
                16.383131215046646,
                16.633917844331982,
                16.25205287421521,
                15.745569794570088,
                15.183460565857596,
                14.529366285038876,
                13.90519470430882,
                12.840122909624153,
                12.223441176419794,
                11.363406004619119,
                10.600127278135744,
                10.134971311154727,
                9.961848774603245,
                9.961848774603245,
                9.961848774603245,
                9.961848774603245,
                9.961848774603245,
                9.961848774603245,
                9.961848774603245,
                9.961848774603245,
                9.961848774603245,
                9.961848774603245,
                9.961848774603245,
                9.961848774603245,
                9.961848774603245,
                10.123880643226352,
                10.406834541354572,
                10.82640152762352,
                11.321103463564683,
                11.829393934542106,
                12.302574370392607,
                12.695009701353339,
                13.03470260314094,
                13.640235181546148,
                14.004386491405008,
                14.108979559533617,
                14.151724286236279,
                14.225020480440602,
                14.3569153815994,
                14.54329839002065,
                14.809077971199786,
                15.154223938264371,
                15.559016116574497,
                15.988405550143694,
                16.383131215046646,
                16.633917844331982,
                16.25205287421521,
                15.745569794570088,
                15.183460565857596,
                14.529366285038876,
                13.90519470430882,
                12.840122909624153,
                12.223441176419794,
                11.363406004619119,
                10.600127278135744,
                10.134971311154727,
                9.961848774603245,
                14.151724286236279,
                14.151724286236279,
                14.151724286236279,
                14.151724286236279,
                14.151724286236279,
                14.151724286236279,
                14.151724286236279,
                14.151724286236279,
                14.151724286236279,
                14.151724286236279,
                14.151724286236279,
                14.151724286236279,
                14.151724286236279,
                16.633917844331982,
                16.633917844331982,
                16.633917844331982,
                16.633917844331982,
                16.633917844331982,
                16.633917844331982,
                16.633917844331982,
                16.633917844331982,
                16.633917844331982,
                16.633917844331982,
                16.633917844331982,
                16.633917844331982,
                16.633917844331982
            ],
            "Node_5": [
                10.056170649147539,
                10.401220525270713,
                11.444822269463728,
                12.775349456577187,
                13.888741505690351,
                14.591323268551065,
                15.163022458763527,
                15.298767410866647,
                14.677753383432542,
                14.335232668504254,
                14.941032642961032,
                15.167281380374348,
                15.148442709387513,
                15.479163572554661,
                16.18741965451972,
                16.667544990624112,
                16.601135321147577,
                16.541128782616394,
                16.590730438513095,
                16.70403715888536,
                16.755519757018295,
                16.66736335460277,
                16.557722227700427,
                16.08629700834723,
                15.497253339552996,
                14.80662164135902,
                14.286273000727975,
                14.32877241496334,
                14.195917219428232,
                13.559762697234888,
                12.111291812157031,
                10.664544894512796,
                10.056170649147539,
                10.056170649147539,
                10.056170649147539,
                10.056170649147539,
                10.056170649147539,
                10.056170649147539,
                10.056170649147539,
                10.056170649147539,
                10.056170649147539,
                10.056170649147539,
                10.056170649147539,
                10.056170649147539,
                10.056170649147539,
                10.401220525270713,
                11.444822269463728,
                12.775349456577187,
                13.888741505690351,
                14.591323268551065,
                15.163022458763527,
                15.298767410866647,
                14.677753383432542,
                14.335232668504254,
                14.941032642961032,
                15.167281380374348,
                15.148442709387513,
                15.479163572554661,
                16.18741965451972,
                16.667544990624112,
                16.601135321147577,
                16.541128782616394,
                16.590730438513095,
                16.70403715888536,
                16.755519757018295,
                16.66736335460277,
                16.557722227700427,
                16.08629700834723,
                15.497253339552996,
                14.80662164135902,
                14.286273000727975,
                14.32877241496334,
                14.195917219428232,
                13.559762697234888,
                12.111291812157031,
                10.664544894512796,
                10.056170649147539,
                15.148442709387513,
                15.148442709387513,
                15.148442709387513,
                15.148442709387513,
                15.148442709387513,
                15.148442709387513,
                15.148442709387513,
                15.148442709387513,
                15.148442709387513,
                15.148442709387513,
                15.148442709387513,
                15.148442709387513,
                15.148442709387513,
                16.66736335460277,
                16.66736335460277,
                16.667363354602774,
                16.66736335460277,
                16.667363354602774,
                16.66736335460277,
                16.66736335460277,
                16.66736335460277,
                16.66736335460277,
                16.66736335460277,
                16.66736335460277,
                16.66736335460277,
                16.66736335460277
            ],
            "Node_6": [
                14.12478270343006,
                14.04856317048775,
                13.878731822664685,
                13.805504665854208,
                14.21017482909292,
                14.939049338609795,
                15.682881076095873,
                15.426928859283812,
                15.416620687235982,
                15.347004208443394,
                15.235656293492578,
                15.759218342605928,
                16.103137121383273,
                16.19830962160999,
                16.524591116380574,
                16.763676500468886,
                17.102490716651864,
                17.489495910649453,
                17.797378611719203,
                17.96089511366519,
                17.97310849274474,
                17.942717237896687,
                18.02219019868865,
                17.313330052664806,
                16.57741597954407,
                16.313918262601707,
                16.428390044990973,
                15.827798670701881,
                14.529718763507715,
                13.871259561049087,
                13.83533942051659,
                14.045640526528523,
                14.12478270343006,
                14.12478270343006,
                14.12478270343006,
                14.12478270343006,
                14.12478270343006,
                14.12478270343006,
                14.12478270343006,
                14.12478270343006,
                14.12478270343006,
                14.12478270343006,
                14.12478270343006,
                14.12478270343006,
                14.12478270343006,
                14.04856317048775,
                13.878731822664685,
                13.805504665854208,
                14.21017482909292,
                14.939049338609795,
                15.682881076095873,
                15.426928859283812,
                15.416620687235982,
                15.347004208443394,
                15.235656293492578,
                15.759218342605928,
                16.103137121383273,
                16.19830962160999,
                16.524591116380574,
                16.763676500468886,
                17.102490716651864,
                17.489495910649453,
                17.797378611719203,
                17.96089511366519,
                17.97310849274474,
                17.942717237896687,
                18.02219019868865,
                17.313330052664806,
                16.57741597954407,
                16.313918262601707,
                16.428390044990973,
                15.827798670701881,
                14.529718763507715,
                13.871259561049087,
                13.83533942051659,
                14.045640526528523,
                14.12478270343006,
                16.103137121383273,
                16.103137121383273,
                16.103137121383273,
                16.103137121383273,
                16.103137121383273,
                16.103137121383273,
                16.103137121383273,
                16.103137121383273,
                16.103137121383273,
                16.103137121383273,
                16.103137121383273,
                16.103137121383273,
                16.103137121383273,
                17.942717237896687,
                17.942717237896687,
                17.942717237896687,
                17.942717237896687,
                17.942717237896687,
                17.942717237896687,
                17.942717237896687,
                17.942717237896687,
                17.942717237896687,
                17.942717237896687,
                17.942717237896687,
                17.942717237896687,
                17.942717237896687
            ],
            "Node_7": [
                14.234793072406168,
                14.254099207793585,
                14.351522812342353,
                14.508992233699688,
                14.711312698657876,
                15.288151417070257,
                15.899197217673489,
                17.066973860823815,
                17.28891824787177,
                17.090326928074465,
                17.05292988902436,
                17.073264052096192,
                17.086450650417436,
                17.038022853611114,
                16.91062575702784,
                17.286324867061467,
                18.072434621204284,
                18.59234110416681,
                18.54647103635784,
                18.52166632453275,
                18.597572638188023,
                18.694167561767813,
                18.2029037345142,
                18.027174838465733,
                17.700776122513258,
                17.21422496924345,
                16.73283412660235,
                16.623999574819102,
                15.893652510471213,
                14.839392467449203,
                14.398776668076156,
                14.224233178530655,
                14.234793072406168,
                14.234793072406168,
                14.234793072406168,
                14.234793072406168,
                14.234793072406168,
                14.234793072406168,
                14.234793072406168,
                14.234793072406168,
                14.234793072406168,
                14.234793072406168,
                14.234793072406168,
                14.234793072406168,
                14.234793072406168,
                14.254099207793585,
                14.351522812342353,
                14.508992233699688,
                14.711312698657876,
                15.288151417070257,
                15.899197217673489,
                17.066973860823815,
                17.28891824787177,
                17.090326928074465,
                17.05292988902436,
                17.073264052096192,
                17.086450650417436,
                17.038022853611114,
                16.91062575702784,
                17.286324867061467,
                18.072434621204284,
                18.59234110416681,
                18.54647103635784,
                18.52166632453275,
                18.597572638188023,
                18.694167561767813,
                18.2029037345142,
                18.027174838465733,
                17.700776122513258,
                17.21422496924345,
                16.73283412660235,
                16.623999574819102,
                15.893652510471213,
                14.839392467449203,
                14.398776668076156,
                14.224233178530655,
                14.234793072406168,
                17.086450650417436,
                17.086450650417436,
                17.086450650417436,
                17.086450650417436,
                17.086450650417436,
                17.086450650417436,
                17.086450650417436,
                17.086450650417436,
                17.086450650417436,
                17.086450650417436,
                17.086450650417436,
                17.086450650417436,
                17.086450650417436,
                18.694167561767813,
                18.694167561767813,
                18.694167561767816,
                18.694167561767813,
                18.694167561767816,
                18.694167561767813,
                18.694167561767813,
                18.694167561767813,
                18.694167561767813,
                18.694167561767813,
                18.694167561767813,
                18.694167561767813,
                18.694167561767813
            ],
            "Node_8": [
                17.60656908468186,
                17.837532144157173,
                18.42580072782047,
                19.0710680499301,
                18.791418172245393,
                18.339314443172956,
                18.143747385063296,
                17.68089191762153,
                18.034534814034746,
                18.64312103568151,
                18.93263473320094,
                18.966255621626974,
                18.92004276420993,
                18.90645640385221,
                18.86674886229534,
                18.80328180509363,
                18.72030061719102,
                18.631220769051122,
                18.8383960919971,
                18.95995654525656,
                19.090058817259585,
                19.213890812329335,
                19.485663808749027,
                19.801324135474605,
                19.83415020797079,
                19.42528908257746,
                18.796656221760056,
                18.114032579676266,
                18.27594193686615,
                18.92782635742035,
                18.799538915723804,
                17.96506073486622,
                17.60656908468186,
                17.60656908468186,
                17.60656908468186,
                17.60656908468186,
                17.60656908468186,
                17.60656908468186,
                17.60656908468186,
                17.60656908468186,
                17.60656908468186,
                17.60656908468186,
                17.60656908468186,
                17.60656908468186,
                17.60656908468186,
                17.837532144157173,
                18.42580072782047,
                19.0710680499301,
                18.791418172245393,
                18.339314443172956,
                18.143747385063296,
                17.68089191762153,
                18.034534814034746,
                18.64312103568151,
                18.93263473320094,
                18.966255621626974,
                18.92004276420993,
                18.90645640385221,
                18.86674886229534,
                18.80328180509363,
                18.72030061719102,
                18.631220769051122,
                18.8383960919971,
                18.95995654525656,
                19.090058817259585,
                19.213890812329335,
                19.485663808749027,
                19.801324135474605,
                19.83415020797079,
                19.42528908257746,
                18.796656221760056,
                18.114032579676266,
                18.27594193686615,
                18.92782635742035,
                18.799538915723804,
                17.96506073486622,
                17.60656908468186,
                18.92004276420993,
                18.92004276420993,
                18.92004276420993,
                18.92004276420993,
                18.92004276420993,
                18.92004276420993,
                18.92004276420993,
                18.92004276420993,
                18.92004276420993,
                18.92004276420993,
                18.92004276420993,
                18.92004276420993,
                18.92004276420993,
                19.213890812329335,
                19.213890812329335,
                19.21389081232933,
                19.213890812329335,
                19.21389081232933,
                19.213890812329335,
                19.213890812329335,
                19.213890812329335,
                19.213890812329335,
                19.213890812329335,
                19.213890812329335,
                19.213890812329335,
                19.213890812329335
            ],
            "Node_9": [
                19.931758321505516,
                19.860928497167787,
                19.65589861168615,
                19.464136942173088,
                19.185450782565542,
                18.714100387005367,
                18.264349451602733,
                18.731689822987374,
                19.41540172541813,
                19.975992828489552,
                20.351701715605774,
                20.562176681364303,
                20.629392083334373,
                20.64130147664837,
                20.666157473272733,
                20.675671842275516,
                20.636578859365663,
                20.522912211554384,
                20.324079545336957,
                20.04611939711059,
                19.718757006209394,
                19.468961062684343,
                19.65722600649506,
                19.931844611783077,
                19.91742082718371,
                19.552567293950162,
                18.874282342794487,
                18.54932950777608,
                18.808916378284472,
                19.184690787092354,
                19.51664850801403,
                19.845844964430103,
                19.931758321505516,
                19.931758321505516,
                19.931758321505516,
                19.931758321505516,
                19.931758321505516,
                19.931758321505516,
                19.931758321505516,
                19.931758321505516,
                19.931758321505516,
                19.931758321505516,
                19.931758321505516,
                19.931758321505516,
                19.931758321505516,
                19.860928497167787,
                19.65589861168615,
                19.464136942173088,
                19.185450782565542,
                18.714100387005367,
                18.264349451602733,
                18.731689822987374,
                19.41540172541813,
                19.975992828489552,
                20.351701715605774,
                20.562176681364303,
                20.629392083334373,
                20.64130147664837,
                20.666157473272733,
                20.675671842275516,
                20.636578859365663,
                20.522912211554384,
                20.324079545336957,
                20.04611939711059,
                19.718757006209394,
                19.468961062684343,
                19.65722600649506,
                19.931844611783077,
                19.91742082718371,
                19.552567293950162,
                18.874282342794487,
                18.54932950777608,
                18.808916378284472,
                19.184690787092354,
                19.51664850801403,
                19.845844964430103,
                19.931758321505516,
                20.629392083334373,
                20.629392083334373,
                20.629392083334373,
                20.629392083334373,
                20.629392083334373,
                20.629392083334373,
                20.629392083334373,
                20.629392083334373,
                20.629392083334373,
                20.629392083334373,
                20.629392083334373,
                20.629392083334373,
                20.629392083334373,
                19.468961062684343,
                19.468961062684343,
                19.468961062684354,
                19.468961062684343,
                19.468961062684354,
                19.468961062684343,
                19.468961062684343,
                19.468961062684343,
                19.468961062684343,
                19.468961062684343,
                19.468961062684343,
                19.468961062684343,
                19.468961062684343
            ],
            "Node_10": [
                20.091018367287766,
                20.02805820460987,
                19.849870399548212,
                19.569040629158295,
                20.17823781912516,
                21.044367291815853,
                21.789772920540585,
                22.224820347463158,
                22.221690788339618,
                21.877431796715992,
                21.409705203655317,
                21.03488790505749,
                20.899165180198995,
                20.89343743421958,
                20.888354535367213,
                20.929032658177825,
                21.114181988592758,
                21.574347733908994,
                22.32279511010827,
                23.227985801526383,
                24.130528736837412,
                24.63324618515106,
                23.937947937501225,
                23.122120912720746,
                22.773975292581238,
                22.789924289581265,
                22.64714504080217,
                22.05636380638821,
                21.098960834008942,
                20.017438341493527,
                19.683371375775458,
                19.958114035942774,
                20.091018367287766,
                20.091018367287766,
                20.091018367287766,
                20.091018367287766,
                20.091018367287766,
                20.091018367287766,
                20.091018367287766,
                20.091018367287766,
                20.091018367287766,
                20.091018367287766,
                20.091018367287766,
                20.091018367287766,
                20.091018367287766,
                20.02805820460987,
                19.849870399548212,
                19.569040629158295,
                20.17823781912516,
                21.044367291815853,
                21.789772920540585,
                22.224820347463158,
                22.221690788339618,
                21.877431796715992,
                21.409705203655317,
                21.03488790505749,
                20.899165180198995,
                20.89343743421958,
                20.888354535367213,
                20.929032658177825,
                21.114181988592758,
                21.574347733908994,
                22.32279511010827,
                23.227985801526383,
                24.130528736837412,
                24.63324618515106,
                23.937947937501225,
                23.122120912720746,
                22.773975292581238,
                22.789924289581265,
                22.64714504080217,
                22.05636380638821,
                21.098960834008942,
                20.017438341493527,
                19.683371375775458,
                19.958114035942774,
                20.091018367287766,
                20.899165180198995,
                20.899165180198995,
                20.899165180198995,
                20.899165180198995,
                20.899165180198995,
                20.899165180198995,
                20.899165180198995,
                20.899165180198995,
                20.899165180198995,
                20.899165180198995,
                20.899165180198995,
                20.899165180198995,
                20.899165180198995,
                24.63324618515106,
                24.63324618515106,
                24.633246185151055,
                24.63324618515106,
                24.633246185151055,
                24.63324618515106,
                24.63324618515106,
                24.63324618515106,
                24.63324618515106,
                24.63324618515106,
                24.63324618515106,
                24.63324618515106,
                24.63324618515106
            ],
            "Node_11": [
                25.65995781310478,
                25.65264831740785,
                25.624307476644358,
                25.563593427444033,
                25.46890915317475,
                25.351524053487022,
                25.247005637363642,
                25.246644847225358,
                25.443534904646178,
                25.8326394022577,
                26.373700452971253,
                26.96673340325947,
                27.280397000328964,
                27.26848507554125,
                27.232680446154795,
                27.171864224152618,
                27.082769440163162,
                26.960248570012713,
                26.797670157029817,
                26.586004250548058,
                26.186717738986832,
                26.00719829872226,
                25.485664739788024,
                24.959275299873358,
                24.589903349793914,
                24.48463592408198,
                24.642797712436696,
                24.951537089742153,
                25.266574843547847,
                25.494942459501207,
                25.614726655390623,
                25.65412216520781,
                25.65995781310478,
                25.65995781310478,
                25.65995781310478,
                25.65995781310478,
                25.65995781310478,
                25.65995781310478,
                25.65995781310478,
                25.65995781310478,
                25.65995781310478,
                25.65995781310478,
                25.65995781310478,
                25.65995781310478,
                25.65995781310478,
                25.65264831740785,
                25.624307476644358,
                25.563593427444033,
                25.46890915317475,
                25.351524053487022,
                25.247005637363642,
                25.246644847225358,
                25.443534904646178,
                25.8326394022577,
                26.373700452971253,
                26.96673340325947,
                27.280397000328964,
                27.26848507554125,
                27.232680446154795,
                27.171864224152618,
                27.082769440163162,
                26.960248570012713,
                26.797670157029817,
                26.586004250548058,
                26.186717738986832,
                26.00719829872226,
                25.485664739788024,
                24.959275299873358,
                24.589903349793914,
                24.48463592408198,
                24.642797712436696,
                24.951537089742153,
                25.266574843547847,
                25.494942459501207,
                25.614726655390623,
                25.65412216520781,
                25.65995781310478,
                27.280397000328964,
                27.280397000328964,
                27.280397000328964,
                27.280397000328964,
                27.280397000328964,
                27.280397000328964,
                27.280397000328964,
                27.280397000328964,
                27.280397000328964,
                27.280397000328964,
                27.280397000328964,
                27.280397000328964,
                27.280397000328964,
                26.00719829872226,
                26.00719829872226,
                26.00719829872226,
                26.00719829872226,
                26.00719829872226,
                26.00719829872226,
                26.00719829872226,
                26.00719829872226,
                26.00719829872226,
                26.00719829872226,
                26.00719829872226,
                26.00719829872226,
                26.00719829872226
            ],
            "Node_12": [
                35.948808563539465,
                35.77652671829626,
                35.297920364165975,
                34.61361346889943,
                33.850075633897184,
                33.121152353023305,
                32.506081426615836,
                32.028858237169416,
                31.630927094463235,
                31.18998066171352,
                30.623974992421136,
                30.006340201368943,
                29.681738942794194,
                29.60543630550662,
                29.38230806763614,
                29.028552916766696,
                28.566395107816998,
                28.01923985257234,
                27.4125633883941,
                26.782849708233364,
                26.340348248946494,
                26.042969708511976,
                27.2614225665988,
                28.74266992652412,
                30.0001963666127,
                30.92175830580329,
                31.594531967430676,
                32.251874453051606,
                33.05810753788089,
                34.00807313244352,
                34.95788306314988,
                35.678115457729106,
                35.948808563539465,
                35.948808563539465,
                35.948808563539465,
                35.948808563539465,
                35.948808563539465,
                35.948808563539465,
                35.948808563539465,
                35.948808563539465,
                35.948808563539465,
                35.948808563539465,
                35.948808563539465,
                35.948808563539465,
                35.948808563539465,
                35.77652671829626,
                35.297920364165975,
                34.61361346889943,
                33.850075633897184,
                33.121152353023305,
                32.506081426615836,
                32.028858237169416,
                31.630927094463235,
                31.18998066171352,
                30.623974992421136,
                30.006340201368943,
                29.681738942794194,
                29.60543630550662,
                29.38230806763614,
                29.028552916766696,
                28.566395107816998,
                28.01923985257234,
                27.4125633883941,
                26.782849708233364,
                26.340348248946494,
                26.042969708511976,
                27.2614225665988,
                28.74266992652412,
                30.0001963666127,
                30.92175830580329,
                31.594531967430676,
                32.251874453051606,
                33.05810753788089,
                34.00807313244352,
                34.95788306314988,
                35.678115457729106,
                35.948808563539465,
                29.681738942794194,
                29.681738942794194,
                29.681738942794194,
                29.681738942794194,
                29.681738942794194,
                29.681738942794194,
                29.681738942794194,
                29.681738942794194,
                29.681738942794194,
                29.681738942794194,
                29.681738942794194,
                29.681738942794194,
                29.681738942794194,
                26.042969708511976,
                26.042969708511976,
                26.042969708511972,
                26.042969708511976,
                26.042969708511972,
                26.042969708511976,
                26.042969708511976,
                26.042969708511976,
                26.042969708511976,
                26.042969708511976,
                26.042969708511976,
                26.042969708511976,
                26.042969708511976
            ],
            "Node_13": [
                43.208627912746834,
                42.83516475775709,
                41.93964640927293,
                40.994006903815055,
                40.32922322287625,
                39.9608579602063,
                39.77051341329167,
                39.763013214501264,
                40.030253996679015,
                40.527523920790216,
                41.04535232942026,
                41.39352326756458,
                41.50943937177705,
                41.493779594496104,
                41.455484864737464,
                41.40757868708908,
                41.35659716488149,
                41.314087028422975,
                41.29541666873806,
                41.297604141407234,
                41.30009469675157,
                41.28675927595512,
                41.1872813265521,
                40.91418527377026,
                40.48426726237286,
                39.98963096535545,
                39.603081645606444,
                39.52910427593274,
                39.85039656407118,
                40.562339141626666,
                41.62979631635552,
                42.72531805107977,
                43.208627912746834,
                43.208627912746834,
                43.208627912746834,
                43.208627912746834,
                43.208627912746834,
                43.208627912746834,
                43.208627912746834,
                43.208627912746834,
                43.208627912746834,
                43.208627912746834,
                43.208627912746834,
                43.208627912746834,
                43.208627912746834,
                42.83516475775709,
                41.93964640927293,
                40.994006903815055,
                40.32922322287625,
                39.9608579602063,
                39.77051341329167,
                39.763013214501264,
                40.030253996679015,
                40.527523920790216,
                41.04535232942026,
                41.39352326756458,
                41.50943937177705,
                41.493779594496104,
                41.455484864737464,
                41.40757868708908,
                41.35659716488149,
                41.314087028422975,
                41.29541666873806,
                41.297604141407234,
                41.30009469675157,
                41.28675927595512,
                41.1872813265521,
                40.91418527377026,
                40.48426726237286,
                39.98963096535545,
                39.603081645606444,
                39.52910427593274,
                39.85039656407118,
                40.562339141626666,
                41.62979631635552,
                42.72531805107977,
                43.208627912746834,
                41.50943937177705,
                41.50943937177705,
                41.50943937177705,
                41.50943937177705,
                41.50943937177705,
                41.50943937177705,
                41.50943937177705,
                41.50943937177705,
                41.50943937177705,
                41.50943937177705,
                41.50943937177705,
                41.50943937177705,
                41.50943937177705,
                41.28675927595512,
                41.28675927595512,
                41.2867592759551,
                41.28675927595512,
                41.2867592759551,
                41.28675927595512,
                41.28675927595512,
                41.28675927595512,
                41.28675927595512,
                41.28675927595512,
                41.28675927595512,
                41.28675927595512,
                41.28675927595512
            ],
            "Node_14": [
                53.68524686433304,
                53.57693690170854,
                53.431625010070164,
                53.532300134373095,
                53.98968294561408,
                54.65043757233972,
                55.22312039388316,
                55.61131876948273,
                55.921523240000845,
                56.197879169769806,
                56.374377648637825,
                56.422982155658765,
                56.41998562735282,
                56.45845821381784,
                56.572617429973505,
                56.74928409558337,
                56.96266572809737,
                57.194531535159,
                57.43370783041881,
                57.65493628625022,
                57.82314305879909,
                57.907908704993886,
                57.80393462685982,
                57.46653244486076,
                57.02850737030664,
                56.521134653411096,
                55.93580467389569,
                55.28738672334841,
                54.58244347185629,
                53.92215430500663,
                53.56648822181561,
                53.59448406921523,
                53.68524686433304,
                53.68524686433304,
                53.68524686433304,
                53.68524686433304,
                53.68524686433304,
                53.68524686433304,
                53.68524686433304,
                53.68524686433304,
                53.68524686433304,
                53.68524686433304,
                53.68524686433304,
                53.68524686433304,
                53.68524686433304,
                53.57693690170854,
                53.431625010070164,
                53.532300134373095,
                53.98968294561408,
                54.65043757233972,
                55.22312039388316,
                55.61131876948273,
                55.921523240000845,
                56.197879169769806,
                56.374377648637825,
                56.422982155658765,
                56.41998562735282,
                56.45845821381784,
                56.572617429973505,
                56.74928409558337,
                56.96266572809737,
                57.194531535159,
                57.43370783041881,
                57.65493628625022,
                57.82314305879909,
                57.907908704993886,
                57.80393462685982,
                57.46653244486076,
                57.02850737030664,
                56.521134653411096,
                55.93580467389569,
                55.28738672334841,
                54.58244347185629,
                53.92215430500663,
                53.56648822181561,
                53.59448406921523,
                53.68524686433304,
                56.41998562735282,
                56.41998562735282,
                56.41998562735282,
                56.41998562735282,
                56.41998562735282,
                56.41998562735282,
                56.41998562735282,
                56.41998562735282,
                56.41998562735282,
                56.41998562735282,
                56.41998562735282,
                56.41998562735282,
                56.41998562735282,
                57.907908704993886,
                57.907908704993886,
                57.90790870499387,
                57.907908704993886,
                57.90790870499387,
                57.907908704993886,
                57.907908704993886,
                57.907908704993886,
                57.907908704993886,
                57.907908704993886,
                57.907908704993886,
                57.907908704993886,
                57.907908704993886
            ],
            "Node_15": [
                53.8162359355089,
                53.68368602714409,
                53.47463744230591,
                53.57604399395838,
                54.09599918788563,
                54.78319765271019,
                55.42324579197027,
                55.998189532078385,
                56.57173299389993,
                57.147455982511936,
                57.62308331377199,
                57.90731958309564,
                57.99588214522509,
                58.01243735276872,
                58.063661248052995,
                58.14303894989769,
                58.22979144657979,
                58.30674426975182,
                58.36741319421206,
                58.40147785494596,
                58.39934425215989,
                58.37852501718849,
                58.360324218221066,
                58.23749328610573,
                57.907043345749244,
                57.35218308030384,
                56.629790657623175,
                55.83905617679943,
                55.02622243167505,
                54.271112571514564,
                53.81356662315377,
                53.75728530571689,
                53.8162359355089,
                53.8162359355089,
                53.8162359355089,
                53.8162359355089,
                53.8162359355089,
                53.8162359355089,
                53.8162359355089,
                53.8162359355089,
                53.8162359355089,
                53.8162359355089,
                53.8162359355089,
                53.8162359355089,
                53.8162359355089,
                53.68368602714409,
                53.47463744230591,
                53.57604399395838,
                54.09599918788563,
                54.78319765271019,
                55.42324579197027,
                55.998189532078385,
                56.57173299389993,
                57.147455982511936,
                57.62308331377199,
                57.90731958309564,
                57.99588214522509,
                58.01243735276872,
                58.063661248052995,
                58.14303894989769,
                58.22979144657979,
                58.30674426975182,
                58.36741319421206,
                58.40147785494596,
                58.39934425215989,
                58.37852501718849,
                58.360324218221066,
                58.23749328610573,
                57.907043345749244,
                57.35218308030384,
                56.629790657623175,
                55.83905617679943,
                55.02622243167505,
                54.271112571514564,
                53.81356662315377,
                53.75728530571689,
                53.8162359355089,
                57.99588214522509,
                57.99588214522509,
                57.99588214522509,
                57.99588214522509,
                57.99588214522509,
                57.99588214522509,
                57.99588214522509,
                57.99588214522509,
                57.99588214522509,
                57.99588214522509,
                57.99588214522509,
                57.99588214522509,
                57.99588214522509,
                58.37852501718849,
                58.37852501718849,
                58.378525017188466,
                58.37852501718849,
                58.378525017188466,
                58.37852501718849,
                58.37852501718849,
                58.37852501718849,
                58.37852501718849,
                58.37852501718849,
                58.37852501718849,
                58.37852501718849,
                58.37852501718849
            ]
        }
    },
    "Phonon_DOS": {
        "DOS": [
            0.0,
            0.002,
            0.004,
            0.0,
            0.004,
            0.004,
            0.0,
            0.016,
            0.014666666666666666,
            0.016,
            0.022666666666666665,
            0.02333333333333333,
            0.022666666666666665,
            0.034,
            0.05,
            0.036000000000000004,
            0.06333333333333334,
            0.03666666666666667,
            0.06533333333333333,
            0.042,
            0.076,
            0.04533333333333333,
            0.03666666666666667,
            0.016,
            0.032,
            0.004,
            0.006666666666666667,
            0.042,
            0.016,
            0.01,
            0.0,
            0.018000000000000002,
            0.004,
            0.016,
            0.008,
            0.008,
            0.0,
            0.004666666666666667,
            0.0,
            0.0,
            0.0,
            0.018666666666666668,
            0.027999999999999997,
            0.01933333333333333,
            0.0,
            0.0006666666666666666,
            0.0,
            0.0,
            0.0,
            0.0,
            0.0,
            0.0,
            0.0,
            0.0,
            0.0,
            0.009333333333333334,
            0.014666666666666666,
            0.021333333333333333,
            0.03066666666666667,
            0.04533333333333333,
            0.012,
            0.0
        ],
        "Energy(meV)": [
            -1.5,
            -0.5,
            0.5,
            1.5,
            2.5,
            3.5,
            4.5,
            5.5,
            6.5,
            7.5,
            8.5,
            9.5,
            10.5,
            11.5,
            12.5,
            13.5,
            14.5,
            15.5,
            16.5,
            17.5,
            18.5,
            19.5,
            20.5,
            21.5,
            22.5,
            23.5,
            24.5,
            25.5,
            26.5,
            27.5,
            28.5,
            29.5,
            30.5,
            31.5,
            32.5,
            33.5,
            34.5,
            35.5,
            36.5,
            37.5,
            38.5,
            39.5,
            40.5,
            41.5,
            42.5,
            43.5,
            44.5,
            45.5,
            46.5,
            47.5,
            48.5,
            49.5,
            50.5,
            51.5,
            52.5,
            53.5,
            54.5,
            55.5,
            56.5,
            57.5,
            58.5,
            59.5
        ]
    }
}