{
    "POSCAR": {
        "Atomes": "   Nb      C\n",
        "coordinate": "Direct\n",
        "unit_cell": {
            "a_vector": "3.12450165689654   3.936306029884132e-07   -1.640365891450976e-06\n",
            "b_vector": "-1.5622509967822404   2.7058973406882494   1.8139440027304396e-06\n",
            "c_vector": "-1.8184823518289918e-05   1.2720952689871194e-05   34.02198734604264\n"
        },
        "positions": {
            "Nb": [
                "0.6666669485058424   0.33333305000125385   0.23536296278996596\n",
                "0.3333330293061775   0.6666669424131293   0.16463703686472397\n"
            ],
            "C": [
                "2.218797990700343e-08   7.58561636769681e-09   0.20000000034531049\n"
            ]
        }
    },
    "Termo_data": {
        "Temperature (K)": [
            0,
            10,
            20,
            30,
            40,
            50,
            60,
            70,
            80,
            90,
            100,
            110,
            120,
            130,
            140,
            150,
            160,
            170,
            180,
            190,
            200,
            210,
            220,
            230,
            240,
            250,
            260,
            270,
            280,
            290,
            300,
            310,
            320,
            330,
            340,
            350,
            360,
            370,
            380,
            390,
            400,
            410,
            420,
            430,
            440,
            450,
            460,
            470,
            480,
            490,
            500,
            510,
            520,
            530,
            540,
            550,
            560,
            570,
            580,
            590,
            600,
            610,
            620,
            630,
            640,
            650,
            660,
            670,
            680,
            690,
            700,
            710,
            720,
            730,
            740,
            750,
            760,
            770,
            780,
            790,
            800,
            810,
            820,
            830,
            840,
            850,
            860,
            870,
            880,
            890,
            900,
            910,
            920,
            930,
            940,
            950,
            960,
            970,
            980,
            990,
            1000,
            1010,
            1020,
            1030,
            1040,
            1050,
            1060,
            1070,
            1080,
            1090,
            1100,
            1110,
            1120,
            1130,
            1140,
            1150,
            1160,
            1170,
            1180,
            1190,
            1200,
            1210,
            1220,
            1230,
            1240,
            1250,
            1260,
            1270,
            1280,
            1290,
            1300,
            1310,
            1320,
            1330,
            1340,
            1350,
            1360,
            1370,
            1380,
            1390,
            1400,
            1410,
            1420,
            1430,
            1440,
            1450,
            1460,
            1470,
            1480,
            1490,
            1500,
            1510,
            1520,
            1530,
            1540,
            1550,
            1560,
            1570,
            1580,
            1590,
            1600,
            1610,
            1620,
            1630,
            1640,
            1650,
            1660,
            1670,
            1680,
            1690,
            1700,
            1710,
            1720,
            1730,
            1740,
            1750,
            1760,
            1770,
            1780,
            1790,
            1800,
            1810,
            1820,
            1830,
            1840,
            1850,
            1860,
            1870,
            1880,
            1890,
            1900,
            1910,
            1920,
            1930,
            1940,
            1950,
            1960,
            1970
        ],
        "Gibbs_free(J/mole)": [
            -658934.7320405104,
            -658934.902256415,
            -658936.3102176443,
            -658940.2065150137,
            -658948.1724206242,
            -658962.0043680521,
            -658983.3429218609,
            -659013.4236206015,
            -659053.0424709932,
            -659102.6324649694,
            -659162.3663882588,
            -659232.2449715253,
            -659312.1639021791,
            -659401.9588051277,
            -659501.4340616775,
            -659610.3800832242,
            -659728.5839700159,
            -659855.834731328,
            -659991.9259791827,
            -660136.6575431969,
            -660289.8354574963,
            -660451.2721726119,
            -660620.7863916138,
            -660798.2024415609,
            -660983.3503604938,
            -661176.0654018892,
            -661376.1878786229,
            -661583.5629674116,
            -661798.0405512983,
            -662019.4749846808,
            -662247.7250721263,
            -662482.6539122777,
            -662724.1286319281,
            -662972.020561211,
            -663226.2047494313,
            -663486.5603647671,
            -663752.9698836692,
            -664025.3196736687,
            -664303.4994955792,
            -664587.4024916402,
            -664876.9251056527,
            -665171.9669112441,
            -665472.4305682341,
            -665778.2216865978,
            -666089.2487433626,
            -666405.4229829045,
            -666726.6582895281,
            -667052.8711698033,
            -667383.9805438498,
            -667719.907765323,
            -668060.5765291497,
            -668405.9126849525,
            -668755.8442101686,
            -669110.3012198573,
            -669469.2157715751,
            -669832.5218716561,
            -670200.1553111121,
            -670572.053748105,
            -670948.1565161834,
            -671328.4045343655,
            -671712.7404613183,
            -672101.1083228303,
            -672493.4538131602,
            -672889.7238924877,
            -673289.8670243984,
            -673693.8328495935,
            -674101.572469856,
            -674513.0381891008,
            -674928.183384511,
            -675346.9626597638,
            -675769.3318372638,
            -676195.247638882,
            -676624.667992858,
            -677057.5516660217,
            -677493.8585004742,
            -677933.5493688949,
            -678376.5859201201,
            -678822.9306379228,
            -679272.5470003117,
            -679725.3992843465,
            -680181.4523838065,
            -680640.6722812962,
            -681103.0254319703,
            -681568.4791354028,
            -682037.0014794215,
            -682508.5610156456,
            -682983.1271966957,
            -683460.6697496173,
            -683941.1593782598,
            -684424.5675313742,
            -684910.8657207808,
            -685400.0261977274,
            -685892.0221741889,
            -686386.8268027921,
            -686884.4141200559,
            -687384.7586196157,
            -687887.8353729583,
            -688393.6192562104,
            -688902.0870373986,
            -689413.2141657786,
            -689926.9779467736,
            -690443.3554179831,
            -690962.324009753,
            -691483.8620431066,
            -692007.9476883269,
            -692534.5598533993,
            -693063.6775418284,
            -693595.280356052,
            -694129.3483303923,
            -694665.8614610969,
            -695204.8002500392,
            -695746.1456978533,
            -696289.8788682517,
            -696835.9811644548,
            -697384.4347661515,
            -697935.2212346627,
            -698488.3232088014,
            -699043.723257009,
            -699601.4045923763,
            -700161.3500711082,
            -700723.5429429166,
            -701287.9673863701,
            -701854.6071923487,
            -702423.4464634554,
            -702994.4694513457,
            -703567.66076807,
            -704143.0058269784,
            -704720.489239262,
            -705300.0962027927,
            -705881.8128967,
            -706465.6242242164,
            -707051.5166519039,
            -707639.475842712,
            -708229.4884177584,
            -708821.5408867208,
            -709415.6194479387,
            -710011.711119835,
            -710609.8037021476,
            -711209.883606404,
            -711811.9380577848,
            -712415.9548851425,
            -713021.9214871818,
            -713629.8265727841,
            -714239.6571229943,
            -714851.4011324933,
            -715465.0481848322,
            -716080.5853821251,
            -716698.0013333035,
            -717317.2858467312,
            -717938.4265992874,
            -718561.413209234,
            -719186.2352101958,
            -719812.8805928673,
            -720441.3391494696,
            -721071.6011860578,
            -721703.6554309891,
            -722337.4912040394,
            -722973.0987756639,
            -723610.4690232989,
            -724249.5907666832,
            -724890.4551485562,
            -725533.0503490885,
            -726177.3696097577,
            -726823.4016532253,
            -727471.1368814496,
            -728120.5665195064,
            -728771.6815761601,
            -729424.4724334528,
            -730078.9304180397,
            -730735.0459838869,
            -731392.811448002,
            -732052.2158603467,
            -732713.2527019848,
            -733375.91222939,
            -734040.186758043,
            -734706.0663136503,
            -735373.5440272198,
            -736042.6122697857,
            -736713.2595200931,
            -737385.4816100011,
            -738059.2674984649,
            -738734.6106507835,
            -739411.5035348153,
            -740089.9373217626,
            -740769.9037022106,
            -741451.3967476934,
            -742134.4074811302,
            -742818.9299759485,
            -743504.9549801952,
            -744192.4740797037,
            -744881.4840305888,
            -745571.9741203304,
            -746263.9377954047,
            -746957.3692093276,
            -747652.2583705293,
            -748348.6015526104,
            -749046.390167299,
            -749745.6167968072
        ],
        "Cp(J/mole.K)": [
            -0.0,
            0.12409566973801701,
            0.5142012922966387,
            1.2370195829775184,
            2.330829825683031,
            3.702674938875135,
            5.179357184353285,
            6.613178568231524,
            7.924873626627958,
            9.09082399229519,
            10.11839916370809,
            11.027864937792769,
            11.841793673427308,
            12.579919460590459,
            13.257912093959751,
            13.887513752735682,
            14.476840331405398,
            15.031469600199495,
            15.555361116060528,
            16.05111333435343,
            16.52072790189413,
            16.965710755367766,
            17.38716911940719,
            17.786297543050033,
            18.16412954949773,
            18.521628246380708,
            18.85985045505806,
            19.179754929046624,
            19.482293706794735,
            19.76850998759326,
            20.03927923043376,
            20.295484035782305,
            20.538046161085333,
            20.767852563699115,
            20.9856642244093,
            21.19206717736957,
            21.38802990495455,
            21.5742458896188,
            21.75119825532316,
            21.91956159162216,
            22.079852507915305,
            22.23261464354581,
            22.37834817449328,
            22.517510024446572,
            22.65050814064454,
            22.77775191617546,
            22.89961437958414,
            23.016380129434435,
            23.12847717390389,
            23.236197034642135,
            23.339619648759324,
            23.439109475959995,
            23.53504450389879,
            23.6275548844949,
            23.716770476067943,
            23.802933893923104,
            23.886331748147455,
            23.96694648163098,
            24.044973092141944,
            24.12067825121061,
            24.194110060518312,
            24.265466318777094,
            24.3347820642985,
            24.402085231180536,
            24.467574751004577,
            24.53162140249333,
            24.594024175760616,
            24.65454468569379,
            24.713814766099773,
            24.771877085414406,
            24.82847997258048,
            24.883810237999043,
            24.93783363970002,
            24.990958213675185,
            25.043287254776963,
            25.09418654015452,
            25.143955036764964,
            25.193201486748872,
            25.241391441353844,
            25.288592288992255,
            25.335329337976876,
            25.381060742665547,
            25.426148539315967,
            25.47067923260329,
            25.514306628063906,
            25.557064173961468,
            25.598898223478862,
            25.64117893259966,
            25.683154105115932,
            25.722968227058363,
            25.7627494958869,
            25.80291056859404,
            25.841632655507354,
            25.880067339266084,
            25.918871533416677,
            25.955946956499112,
            25.992987690679797,
            26.030611960726674,
            26.066150090202946,
            26.10219802494713,
            26.137884010677226,
            26.172566620211,
            26.20791976642795,
            26.24230181087303,
            26.276054811338184,
            26.309567444957942,
            26.343477915565018,
            26.37711139922306,
            26.409053924179247,
            26.44103391372781,
            26.47342105527059,
            26.504662820292445,
            26.53638312444059,
            26.568005187861694,
            26.597752538026867,
            26.628112398204475,
            26.659528682206044,
            26.690015876880913,
            26.718052548036212,
            26.74674095906983,
            26.777696675271727,
            26.806829516176453,
            26.83392917320033,
            26.86082465226628,
            26.889761570293658,
            26.919270554208286,
            26.945100572443692,
            26.97221633142026,
            27.000465949997306,
            27.02581529478503,
            27.05169048337829,
            27.077734880862412,
            27.10430419369368,
            27.12955388349336,
            27.152383503410775,
            27.179631095976315,
            27.207661745790492,
            27.22909739238094,
            27.25083298525443,
            27.275531315116776,
            27.30143116065271,
            27.326527614707874,
            27.345195839886255,
            27.36814804077179,
            27.394883721554553,
            27.41256404609885,
            27.43418465591936,
            27.460031858816883,
            27.479522218171038,
            27.50295984348912,
            27.52507923898531,
            27.539864579847517,
            27.56219631761789,
            27.587209089499087,
            27.60228544581936,
            27.61736972675113,
            27.642424983693886,
            27.66593690243932,
            27.682808690931303,
            27.696175759107707,
            27.71334377722837,
            27.739179969357792,
            27.753882486163178,
            27.765265737992248,
            27.787434376218354,
            27.80682161961135,
            27.82221075142128,
            27.837382335867495,
            27.85518994771434,
            27.86947745844979,
            27.880952087143672,
            27.90075579474239,
            27.919048923975055,
            27.929618313629426,
            27.940977065783972,
            27.9644394532804,
            27.97618426498957,
            27.98097455384825,
            28.001560468208194,
            28.012160037827307,
            28.026260903513105,
            28.044276639511416,
            28.046796254714977,
            28.057353904630872,
            28.076613011397683,
            28.09133574963198,
            28.103298675925842,
            28.100842962686805,
            28.11329124476734,
            28.141801718241723,
            28.14239350601646,
            28.14885596898621,
            28.160689481534064,
            28.164751927921316,
            28.184424978720827,
            28.191641955593063,
            28.193774804414716,
            28.2036679932012
        ],
        "S(J/mole.K)": [
            0,
            0.06204783486900851,
            0.2526459928121767,
            0.5873662463825895,
            1.0848899050892213,
            1.7465111271871137,
            2.548391719770734,
            3.4523747161976646,
            4.420049215592735,
            5.420399594606716,
            6.431365330141853,
            7.438551876408747,
            8.433226534216374,
            9.410477660119067,
            10.367817576794186,
            11.304231562383938,
            12.219549947831545,
            13.114053255252655,
            13.98824866665236,
            14.842739750312465,
            15.678155667184908,
            16.495119358907687,
            17.294227787615092,
            18.07604936438729,
            18.841127372242045,
            19.589979302784197,
            20.32310129953985,
            21.040971378202087,
            21.744050126943332,
            22.432784607946815,
            23.107608974217147,
            23.76894347809721,
            24.417196966070335,
            25.052768370120614,
            25.676045512086425,
            26.28740203808848,
            26.88720182581019,
            27.475801660085565,
            28.05354550050252,
            28.62076549795166,
            29.177783674706006,
            29.724911277927458,
            30.26244963163917,
            30.790690050390545,
            31.309913700264584,
            31.820391970628403,
            32.322386954982356,
            32.8161509146943,
            33.301927659682406,
            33.77995334828447,
            34.25045359614597,
            34.71364498357434,
            35.16973867936031,
            35.61893864537997,
            36.06143983318471,
            36.49742986794154,
            36.927090995248,
            37.35059818707377,
            37.76811881051398,
            38.17981558886094,
            38.58584570025123,
            38.986360548996885,
            39.381506056358916,
            39.77142164191754,
            40.156241912764386,
            40.53609962052579,
            40.91112276551285,
            41.28143026992621,
            41.64713863559301,
            42.00836421750574,
            42.365216858715584,
            42.717801244501615,
            43.0662187450449,
            43.4105690919896,
            43.750951439028725,
            44.0874574163332,
            44.42017275008838,
            44.74918572435563,
            45.07458173309278,
            45.39643990595941,
            45.71484009589767,
            46.02985911872092,
            46.34156982427521,
            46.65004514207103,
            46.95535384155956,
            47.25756038595719,
            47.55672686119361,
            47.85292076213228,
            48.14621087140695,
            48.43664894082322,
            48.72428638436686,
            49.0091870043485,
            49.291404893978324,
            49.57098869670008,
            49.84799518162909,
            50.122471766712266,
            50.39446215807402,
            50.664020714465,
            50.931189688318405,
            51.19600953295739,
            51.458528235965055,
            51.718784817504634,
            51.9768221739243,
            52.232682183473656,
            52.486399184682526,
            52.738010025775296,
            52.98755536855606,
            53.23507458673994,
            53.48059625518072,
            53.72414954011184,
            53.965772418574495,
            54.205496523708284,
            54.44335289286391,
            54.6793764340342,
            54.91359078849054,
            55.14602199959917,
            55.37670816289173,
            55.60567982136271,
            55.832951805340414,
            56.05854515694227,
            56.28250015762315,
            56.50484591656423,
            56.725593058920644,
            56.944758522597844,
            57.16237532465748,
            57.378478864819044,
            57.59308094930748,
            57.80619577965554,
            58.017856177849175,
            58.228077970039166,
            58.436874155509585,
            58.64426925204026,
            58.85028720408883,
            59.05494582707762,
            59.2582514949696,
            59.460231659143766,
            59.66092512768228,
            59.86032956372074,
            60.05844073369663,
            60.25528905781394,
            60.45090759109881,
            60.64531528258085,
            60.83850376361952,
            61.030482489781576,
            61.22129643913213,
            61.41094364608289,
            61.59942241617828,
            61.786776572263626,
            61.9730142648812,
            62.15814230014657,
            62.342184375831856,
            62.52512624453084,
            62.70698296856572,
            62.88780236610182,
            63.06757445406111,
            63.246280553391266,
            63.42396635880578,
            63.60067195408629,
            63.776383858364724,
            63.95108257566026,
            64.12478166728833,
            64.29753238823614,
            64.46933904101024,
            64.64016869894404,
            64.81005601348006,
            64.97903689702945,
            65.14710183245916,
            65.31424912816729,
            65.48049693529757,
            65.64585336165328,
            65.81031023723045,
            65.97389419478132,
            66.13663537801767,
            66.29851684417227,
            66.45952844836721,
            66.61971701078728,
            66.77909320543259,
            66.93761330263952,
            67.09531167237,
            67.25221399818983,
            67.40831098001073,
            67.56363208219992,
            67.71815409771953,
            67.87186517267983,
            68.02481975363044,
            68.1770374267362,
            68.32850645760628,
            68.47918890317378,
            68.6290942385327,
            68.77831284103596,
            68.92682098220976,
            69.0745680171196,
            69.22159125060861,
            69.36789205803652,
            69.51349800716999,
            69.65842453915829,
            69.80263369549212,
            69.94613950408966
        ]
    },
    "Phonon_data": {
        "Numb_Node": 9,
        "total_n_kpoints": 100,
        "frequency": {
            "Node_1": [
                -0.043489143481659075,
                -0.512566538256944,
                -0.60743074208865,
                1.3471272588030712,
                3.254051838760321,
                5.634163332659195,
                8.303595423526719,
                10.972385870502023,
                13.392339258922735,
                15.401511699113174,
                16.904165133199673,
                17.83765145947379,
                18.155428052754278,
                18.14402433495308,
                18.112585960219477,
                18.072598807839174,
                18.043864119131868,
                18.04485066158483,
                18.08568946556883,
                18.163835037357785,
                18.25288260924138,
                18.297973372616514,
                18.11192618772219,
                17.42756245128601,
                16.138990164050004,
                14.232508255202866,
                11.749534829292253,
                8.808935083594154,
                5.686568551794347,
                2.824065047759738,
                0.4438896180020116,
                -0.6192300875896691,
                -0.043489143481659075,
                -0.043489143481659075,
                -0.043489143481659075,
                -0.043489143481659075,
                -0.043489143481659075,
                -0.043489143481659075,
                -0.043489143481659075,
                -0.043489143481659075,
                -0.043489143481659075,
                -0.043489143481659075,
                -0.043489143481659075,
                -0.043489143481659075,
                -0.043489143481659075,
                -0.512566538256944,
                -0.60743074208865,
                1.3471272588030712,
                3.254051838760321,
                5.634163332659195,
                8.303595423526719,
                10.972385870502023,
                13.392339258922735,
                15.401511699113174,
                16.904165133199673,
                17.83765145947379,
                18.155428052754278,
                18.14402433495308,
                18.112585960219477,
                18.072598807839174,
                18.043864119131868,
                18.04485066158483,
                18.08568946556883,
                18.163835037357785,
                18.25288260924138,
                18.297973372616514,
                18.11192618772219,
                17.42756245128601,
                16.138990164050004,
                14.232508255202866,
                11.749534829292253,
                8.808935083594154,
                5.686568551794347,
                2.824065047759738,
                0.4438896180020116,
                -0.6192300875896691,
                -0.043489143481659075,
                18.155428052754278,
                18.155428052754278,
                18.155428052754278,
                18.155428052754278,
                18.155428052754278,
                18.155428052754278,
                18.155428052754278,
                18.155428052754278,
                18.155428052754278,
                18.155428052754278,
                18.155428052754278,
                18.155428052754278,
                18.155428052754278,
                18.297973372616514,
                18.297973372616514,
                18.297973372616514,
                18.297973372616514,
                18.297973372616514,
                18.297973372616514,
                18.297973372616514,
                18.297973372616514,
                18.297973372616514,
                18.297973372616514,
                18.297973372616514,
                18.297973372616514,
                18.297973372616514
            ],
            "Node_2": [
                -0.018868774199425037,
                2.5801716047880725,
                5.142723203272218,
                7.66598127782142,
                10.116002310831174,
                12.44280462684296,
                14.5892208976411,
                16.506421846713103,
                18.162774820190947,
                19.541052735788437,
                20.633997059224892,
                21.44262802692914,
                21.874867700368497,
                21.786167108402353,
                21.546830948718902,
                21.219899837689358,
                20.888659009068892,
                20.62924755816603,
                20.487099900354227,
                20.471707081213378,
                20.55794488668787,
                20.580336815552194,
                20.316799063025087,
                20.213651070005465,
                20.24830413705257,
                19.63607385117225,
                17.84236956274129,
                15.435198844650067,
                12.603269062369025,
                9.531792141900905,
                6.367728092855125,
                3.1858753308244303,
                -0.018868774199425037,
                -0.018868774199425037,
                -0.018868774199425037,
                -0.018868774199425037,
                -0.018868774199425037,
                -0.018868774199425037,
                -0.018868774199425037,
                -0.018868774199425037,
                -0.018868774199425037,
                -0.018868774199425037,
                -0.018868774199425037,
                -0.018868774199425037,
                -0.018868774199425037,
                2.5801716047880725,
                5.142723203272218,
                7.66598127782142,
                10.116002310831174,
                12.44280462684296,
                14.5892208976411,
                16.506421846713103,
                18.162774820190947,
                19.541052735788437,
                20.633997059224892,
                21.44262802692914,
                21.874867700368497,
                21.786167108402353,
                21.546830948718902,
                21.219899837689358,
                20.888659009068892,
                20.62924755816603,
                20.487099900354227,
                20.471707081213378,
                20.55794488668787,
                20.580336815552194,
                20.316799063025087,
                20.213651070005465,
                20.24830413705257,
                19.63607385117225,
                17.84236956274129,
                15.435198844650067,
                12.603269062369025,
                9.531792141900905,
                6.367728092855125,
                3.1858753308244303,
                -0.018868774199425037,
                21.874867700368497,
                21.874867700368497,
                21.874867700368497,
                21.874867700368497,
                21.874867700368497,
                21.874867700368497,
                21.874867700368497,
                21.874867700368497,
                21.874867700368497,
                21.874867700368497,
                21.874867700368497,
                21.874867700368497,
                21.874867700368497,
                20.580336815552194,
                20.580336815552194,
                20.58033681555218,
                20.580336815552194,
                20.58033681555218,
                20.580336815552194,
                20.580336815552194,
                20.580336815552194,
                20.580336815552194,
                20.580336815552194,
                20.580336815552194,
                20.580336815552194,
                20.580336815552194
            ],
            "Node_3": [
                -0.016374205662355836,
                4.366939460893786,
                8.330596632717944,
                11.731299805644856,
                14.647426755885398,
                17.163222602502742,
                19.19994671909618,
                20.66082520013866,
                21.639216280867718,
                22.293433247553885,
                22.568571100881332,
                22.438034358841012,
                22.22297741435192,
                22.216622433035592,
                22.182750181380346,
                22.103136306666237,
                21.964754784517716,
                21.760553610167715,
                21.496478278478783,
                21.19797259198299,
                20.90951958587958,
                20.79451906142129,
                21.066414574298175,
                21.161504640074867,
                20.773716756940804,
                20.340083553432173,
                20.109875600152645,
                19.224428187729625,
                17.228273705983888,
                14.14656905805487,
                10.14842548942436,
                5.338886703251967,
                -0.016374205662355836,
                -0.016374205662355836,
                -0.016374205662355836,
                -0.016374205662355836,
                -0.016374205662355836,
                -0.016374205662355836,
                -0.016374205662355836,
                -0.016374205662355836,
                -0.016374205662355836,
                -0.016374205662355836,
                -0.016374205662355836,
                -0.016374205662355836,
                -0.016374205662355836,
                4.366939460893786,
                8.330596632717944,
                11.731299805644856,
                14.647426755885398,
                17.163222602502742,
                19.19994671909618,
                20.66082520013866,
                21.639216280867718,
                22.293433247553885,
                22.568571100881332,
                22.438034358841012,
                22.22297741435192,
                22.216622433035592,
                22.182750181380346,
                22.103136306666237,
                21.964754784517716,
                21.760553610167715,
                21.496478278478783,
                21.19797259198299,
                20.90951958587958,
                20.79451906142129,
                21.066414574298175,
                21.161504640074867,
                20.773716756940804,
                20.340083553432173,
                20.109875600152645,
                19.224428187729625,
                17.228273705983888,
                14.14656905805487,
                10.14842548942436,
                5.338886703251967,
                -0.016374205662355836,
                22.22297741435192,
                22.22297741435192,
                22.22297741435192,
                22.22297741435192,
                22.22297741435192,
                22.22297741435192,
                22.22297741435192,
                22.22297741435192,
                22.22297741435192,
                22.22297741435192,
                22.22297741435192,
                22.22297741435192,
                22.22297741435192,
                20.79451906142129,
                20.79451906142129,
                20.794519061421283,
                20.79451906142129,
                20.794519061421283,
                20.79451906142129,
                20.79451906142129,
                20.79451906142129,
                20.79451906142129,
                20.79451906142129,
                20.79451906142129,
                20.79451906142129,
                20.79451906142129
            ],
            "Node_4": [
                21.810187084680024,
                21.75209759176223,
                21.621775993020734,
                21.574929666083257,
                21.76201554936278,
                22.176307733037763,
                22.453244434071877,
                22.597808746217915,
                22.699390582458015,
                22.75816208116675,
                22.88154332406727,
                23.088992903577196,
                23.162415312825097,
                23.283858424893328,
                23.637499673429332,
                24.18016529331826,
                24.840799400118314,
                25.548627650520693,
                26.2519499452792,
                26.91200971277133,
                27.489355166019408,
                27.786900479254747,
                27.136708878064955,
                26.314055425707593,
                25.43896487586566,
                24.590343549033914,
                23.75958888673174,
                22.834633465801453,
                22.152024681128054,
                21.812898629582882,
                21.695926593066886,
                21.769549491679808,
                21.810187084680024,
                21.810187084680024,
                21.810187084680024,
                21.810187084680024,
                21.810187084680024,
                21.810187084680024,
                21.810187084680024,
                21.810187084680024,
                21.810187084680024,
                21.810187084680024,
                21.810187084680024,
                21.810187084680024,
                21.810187084680024,
                21.75209759176223,
                21.621775993020734,
                21.574929666083257,
                21.76201554936278,
                22.176307733037763,
                22.453244434071877,
                22.597808746217915,
                22.699390582458015,
                22.75816208116675,
                22.88154332406727,
                23.088992903577196,
                23.162415312825097,
                23.283858424893328,
                23.637499673429332,
                24.18016529331826,
                24.840799400118314,
                25.548627650520693,
                26.2519499452792,
                26.91200971277133,
                27.489355166019408,
                27.786900479254747,
                27.136708878064955,
                26.314055425707593,
                25.43896487586566,
                24.590343549033914,
                23.75958888673174,
                22.834633465801453,
                22.152024681128054,
                21.812898629582882,
                21.695926593066886,
                21.769549491679808,
                21.810187084680024,
                23.162415312825097,
                23.162415312825097,
                23.162415312825097,
                23.162415312825097,
                23.162415312825097,
                23.162415312825097,
                23.162415312825097,
                23.162415312825097,
                23.162415312825097,
                23.162415312825097,
                23.162415312825097,
                23.162415312825097,
                23.162415312825097,
                27.786900479254747,
                27.786900479254747,
                27.786900479254747,
                27.786900479254747,
                27.786900479254747,
                27.786900479254747,
                27.786900479254747,
                27.786900479254747,
                27.786900479254747,
                27.786900479254747,
                27.786900479254747,
                27.786900479254747,
                27.786900479254747
            ],
            "Node_5": [
                21.981565394471797,
                21.994879000953297,
                22.049807304603924,
                22.143179748616955,
                22.27145253179222,
                22.483331609218975,
                23.113931461376378,
                24.116628127421595,
                25.317733995434384,
                26.617396121361235,
                27.887591873188136,
                28.899693701615465,
                29.313133330975717,
                29.297343806268138,
                29.25050380415049,
                29.169763164085968,
                29.050823318242358,
                28.89660711449325,
                28.710174163870366,
                28.482227577654495,
                28.202850665307967,
                28.026646279997674,
                28.349228011446993,
                28.01648531896011,
                27.05662626263213,
                25.74709562259864,
                24.373309943063752,
                23.329822979176697,
                22.61059520251227,
                22.132833080199756,
                21.957940010998687,
                21.944444947295814,
                21.981565394471797,
                21.981565394471797,
                21.981565394471797,
                21.981565394471797,
                21.981565394471797,
                21.981565394471797,
                21.981565394471797,
                21.981565394471797,
                21.981565394471797,
                21.981565394471797,
                21.981565394471797,
                21.981565394471797,
                21.981565394471797,
                21.994879000953297,
                22.049807304603924,
                22.143179748616955,
                22.27145253179222,
                22.483331609218975,
                23.113931461376378,
                24.116628127421595,
                25.317733995434384,
                26.617396121361235,
                27.887591873188136,
                28.899693701615465,
                29.313133330975717,
                29.297343806268138,
                29.25050380415049,
                29.169763164085968,
                29.050823318242358,
                28.89660711449325,
                28.710174163870366,
                28.482227577654495,
                28.202850665307967,
                28.026646279997674,
                28.349228011446993,
                28.01648531896011,
                27.05662626263213,
                25.74709562259864,
                24.373309943063752,
                23.329822979176697,
                22.61059520251227,
                22.132833080199756,
                21.957940010998687,
                21.944444947295814,
                21.981565394471797,
                29.313133330975717,
                29.313133330975717,
                29.313133330975717,
                29.313133330975717,
                29.313133330975717,
                29.313133330975717,
                29.313133330975717,
                29.313133330975717,
                29.313133330975717,
                29.313133330975717,
                29.313133330975717,
                29.313133330975717,
                29.313133330975717,
                28.026646279997674,
                28.026646279997674,
                28.026646279997685,
                28.026646279997674,
                28.026646279997685,
                28.026646279997674,
                28.026646279997674,
                28.026646279997674,
                28.026646279997674,
                28.026646279997674,
                28.026646279997674,
                28.026646279997674,
                28.026646279997674
            ],
            "Node_6": [
                30.915631733139755,
                30.986722610199607,
                31.189817841443162,
                31.48894532810172,
                31.827102251942613,
                32.150303683851675,
                32.433519672622324,
                32.67839184858205,
                32.86503227606234,
                32.93132514563214,
                32.83203299312741,
                32.61613663312835,
                32.48535239919287,
                32.45596817464699,
                32.38335759843885,
                32.29714734614165,
                32.21251674210641,
                32.12746997307854,
                32.04318978106877,
                31.97312142418303,
                31.928718394381374,
                31.912455766897885,
                31.992292960933764,
                32.28451145588165,
                32.66743519523934,
                32.91071202605632,
                32.88960190573277,
                32.628801792684385,
                32.229131373476434,
                31.7784671886987,
                31.35402905051075,
                31.03691097026235,
                30.915631733139755,
                30.915631733139755,
                30.915631733139755,
                30.915631733139755,
                30.915631733139755,
                30.915631733139755,
                30.915631733139755,
                30.915631733139755,
                30.915631733139755,
                30.915631733139755,
                30.915631733139755,
                30.915631733139755,
                30.915631733139755,
                30.986722610199607,
                31.189817841443162,
                31.48894532810172,
                31.827102251942613,
                32.150303683851675,
                32.433519672622324,
                32.67839184858205,
                32.86503227606234,
                32.93132514563214,
                32.83203299312741,
                32.61613663312835,
                32.48535239919287,
                32.45596817464699,
                32.38335759843885,
                32.29714734614165,
                32.21251674210641,
                32.12746997307854,
                32.04318978106877,
                31.97312142418303,
                31.928718394381374,
                31.912455766897885,
                31.992292960933764,
                32.28451145588165,
                32.66743519523934,
                32.91071202605632,
                32.88960190573277,
                32.628801792684385,
                32.229131373476434,
                31.7784671886987,
                31.35402905051075,
                31.03691097026235,
                30.915631733139755,
                32.48535239919287,
                32.48535239919287,
                32.48535239919287,
                32.48535239919287,
                32.48535239919287,
                32.48535239919287,
                32.48535239919287,
                32.48535239919287,
                32.48535239919287,
                32.48535239919287,
                32.48535239919287,
                32.48535239919287,
                32.48535239919287,
                31.912455766897885,
                31.912455766897885,
                31.912455766897907,
                31.912455766897885,
                31.912455766897907,
                31.912455766897885,
                31.912455766897885,
                31.912455766897885,
                31.912455766897885,
                31.912455766897885,
                31.912455766897885,
                31.912455766897885,
                31.912455766897885
            ],
            "Node_7": [
                74.77326376071075,
                74.87922023103444,
                75.07616095107703,
                75.12544100619701,
                74.88909608251612,
                74.40492293679971,
                73.79156655539748,
                73.13409914942825,
                72.47474476664497,
                71.87317895289792,
                71.41577765968513,
                71.15314192598403,
                71.0720931026011,
                71.11895331495204,
                71.24885978807498,
                71.4372320262151,
                71.65444007090208,
                71.8666605784889,
                72.04318263836635,
                72.17000676403491,
                72.24869713512425,
                72.28419651638968,
                72.27663876266038,
                72.26294874043218,
                72.33220665186276,
                72.59445713331475,
                73.10347670629695,
                73.77029136391033,
                74.4092161404343,
                74.83951940878124,
                74.97153303163809,
                74.8667848952551,
                74.77326376071075,
                74.77326376071075,
                74.77326376071075,
                74.77326376071075,
                74.77326376071075,
                74.77326376071075,
                74.77326376071075,
                74.77326376071075,
                74.77326376071075,
                74.77326376071075,
                74.77326376071075,
                74.77326376071075,
                74.77326376071075,
                74.87922023103444,
                75.07616095107703,
                75.12544100619701,
                74.88909608251612,
                74.40492293679971,
                73.79156655539748,
                73.13409914942825,
                72.47474476664497,
                71.87317895289792,
                71.41577765968513,
                71.15314192598403,
                71.0720931026011,
                71.11895331495204,
                71.24885978807498,
                71.4372320262151,
                71.65444007090208,
                71.8666605784889,
                72.04318263836635,
                72.17000676403491,
                72.24869713512425,
                72.28419651638968,
                72.27663876266038,
                72.26294874043218,
                72.33220665186276,
                72.59445713331475,
                73.10347670629695,
                73.77029136391033,
                74.4092161404343,
                74.83951940878124,
                74.97153303163809,
                74.8667848952551,
                74.77326376071075,
                71.0720931026011,
                71.0720931026011,
                71.0720931026011,
                71.0720931026011,
                71.0720931026011,
                71.0720931026011,
                71.0720931026011,
                71.0720931026011,
                71.0720931026011,
                71.0720931026011,
                71.0720931026011,
                71.0720931026011,
                71.0720931026011,
                72.28419651638968,
                72.28419651638968,
                72.2841965163897,
                72.28419651638968,
                72.2841965163897,
                72.28419651638968,
                72.28419651638968,
                72.28419651638968,
                72.28419651638968,
                72.28419651638968,
                72.28419651638968,
                72.28419651638968,
                72.28419651638968
            ],
            "Node_8": [
                77.42012607054477,
                77.3955134958808,
                77.32474533369812,
                77.3533797111215,
                77.74783502406977,
                78.3570478894039,
                78.54990931471029,
                78.75295713063525,
                78.95660055314814,
                79.13733927644996,
                79.28604243742343,
                79.39088884016873,
                79.42993088343258,
                79.51183991185461,
                79.75248546977804,
                80.14386629051644,
                80.67941947280949,
                81.34211175600406,
                82.09710742394354,
                82.89939830690719,
                83.69328922493865,
                84.19050288444313,
                83.12550439054625,
                82.02092039487961,
                80.96840246545852,
                80.00996005267811,
                79.20747649217313,
                78.61063256573604,
                78.20403177221438,
                77.67420055994887,
                77.38531632319773,
                77.42366115644145,
                77.42012607054477,
                77.42012607054477,
                77.42012607054477,
                77.42012607054477,
                77.42012607054477,
                77.42012607054477,
                77.42012607054477,
                77.42012607054477,
                77.42012607054477,
                77.42012607054477,
                77.42012607054477,
                77.42012607054477,
                77.42012607054477,
                77.3955134958808,
                77.32474533369812,
                77.3533797111215,
                77.74783502406977,
                78.3570478894039,
                78.54990931471029,
                78.75295713063525,
                78.95660055314814,
                79.13733927644996,
                79.28604243742343,
                79.39088884016873,
                79.42993088343258,
                79.51183991185461,
                79.75248546977804,
                80.14386629051644,
                80.67941947280949,
                81.34211175600406,
                82.09710742394354,
                82.89939830690719,
                83.69328922493865,
                84.19050288444313,
                83.12550439054625,
                82.02092039487961,
                80.96840246545852,
                80.00996005267811,
                79.20747649217313,
                78.61063256573604,
                78.20403177221438,
                77.67420055994887,
                77.38531632319773,
                77.42366115644145,
                77.42012607054477,
                79.42993088343258,
                79.42993088343258,
                79.42993088343258,
                79.42993088343258,
                79.42993088343258,
                79.42993088343258,
                79.42993088343258,
                79.42993088343258,
                79.42993088343258,
                79.42993088343258,
                79.42993088343258,
                79.42993088343258,
                79.42993088343258,
                84.19050288444313,
                84.19050288444313,
                84.19050288444313,
                84.19050288444313,
                84.19050288444313,
                84.19050288444313,
                84.19050288444313,
                84.19050288444313,
                84.19050288444313,
                84.19050288444313,
                84.19050288444313,
                84.19050288444313,
                84.19050288444313
            ],
            "Node_9": [
                77.83957118386884,
                77.87305895696771,
                77.9887612760096,
                78.14037456563364,
                78.28644887587103,
                78.82053324457432,
                80.40085945161775,
                82.31984666885072,
                84.19335247713387,
                85.79165986722992,
                87.03304967064784,
                87.85045385022008,
                88.1412412260311,
                88.08440246271336,
                87.91974278387406,
                87.65741611068829,
                87.29853542254196,
                86.83651298409683,
                86.27759496963276,
                85.65121331301977,
                84.99353653108207,
                84.54495902962789,
                85.35744397524745,
                85.68174880130398,
                85.36311150536234,
                84.39541300936934,
                82.81587774254943,
                80.8284527148396,
                78.99012551053684,
                78.14257534969938,
                77.91570332214572,
                77.81245193713113,
                77.83957118386884,
                77.83957118386884,
                77.83957118386884,
                77.83957118386884,
                77.83957118386884,
                77.83957118386884,
                77.83957118386884,
                77.83957118386884,
                77.83957118386884,
                77.83957118386884,
                77.83957118386884,
                77.83957118386884,
                77.83957118386884,
                77.87305895696771,
                77.9887612760096,
                78.14037456563364,
                78.28644887587103,
                78.82053324457432,
                80.40085945161775,
                82.31984666885072,
                84.19335247713387,
                85.79165986722992,
                87.03304967064784,
                87.85045385022008,
                88.1412412260311,
                88.08440246271336,
                87.91974278387406,
                87.65741611068829,
                87.29853542254196,
                86.83651298409683,
                86.27759496963276,
                85.65121331301977,
                84.99353653108207,
                84.54495902962789,
                85.35744397524745,
                85.68174880130398,
                85.36311150536234,
                84.39541300936934,
                82.81587774254943,
                80.8284527148396,
                78.99012551053684,
                78.14257534969938,
                77.91570332214572,
                77.81245193713113,
                77.83957118386884,
                88.1412412260311,
                88.1412412260311,
                88.1412412260311,
                88.1412412260311,
                88.1412412260311,
                88.1412412260311,
                88.1412412260311,
                88.1412412260311,
                88.1412412260311,
                88.1412412260311,
                88.1412412260311,
                88.1412412260311,
                88.1412412260311,
                84.54495902962789,
                84.54495902962789,
                84.54495902962789,
                84.54495902962789,
                84.54495902962789,
                84.54495902962789,
                84.54495902962789,
                84.54495902962789,
                84.54495902962789,
                84.54495902962789,
                84.54495902962789,
                84.54495902962789,
                84.54495902962789
            ]
        }
    },
    "Phonon_DOS": {
        "DOS": [
            0.0,
            0.003333333333333333,
            0.006666666666666666,
            0.0,
            0.0,
            0.006666666666666666,
            0.0,
            0.008888888888888889,
            0.0044444444444444444,
            0.0,
            0.0,
            0.02,
            0.006666666666666666,
            0.013333333333333332,
            0.0,
            0.006666666666666666,
            0.013333333333333332,
            0.02,
            0.03111111111111111,
            0.011111111111111112,
            0.025555555555555557,
            0.03333333333333333,
            0.044444444444444446,
            0.08666666666666666,
            0.06,
            0.03888888888888889,
            0.017777777777777778,
            0.035555555555555556,
            0.0044444444444444444,
            0.026666666666666665,
            0.02,
            0.01,
            0.0011111111111111111,
            0.013333333333333332,
            0.09666666666666666,
            0.0,
            0.0,
            0.0,
            0.0,
            0.0,
            0.0,
            0.0,
            0.0,
            0.0,
            0.0,
            0.0,
            0.0,
            0.0,
            0.0,
            0.0,
            0.0,
            0.0,
            0.0,
            0.0,
            0.0,
            0.0,
            0.0,
            0.0,
            0.0,
            0.0,
            0.0,
            0.0,
            0.0,
            0.0,
            0.0,
            0.0,
            0.0,
            0.0,
            0.0,
            0.0,
            0.0,
            0.0,
            0.0,
            0.02777777777777778,
            0.042222222222222223,
            0.02,
            0.014444444444444444,
            0.006666666666666666,
            0.0,
            0.017777777777777778,
            0.04666666666666667,
            0.04111111111111112,
            0.013333333333333332,
            0.02,
            0.006666666666666666,
            0.013333333333333332,
            0.013333333333333332,
            0.02,
            0.013333333333333332,
            0.014444444444444444,
            0.0022222222222222222,
            0.0
        ],
        "Energy(meV)": [
            -1.5,
            -0.5,
            0.5,
            1.5,
            2.5,
            3.5,
            4.5,
            5.5,
            6.5,
            7.5,
            8.5,
            9.5,
            10.5,
            11.5,
            12.5,
            13.5,
            14.5,
            15.5,
            16.5,
            17.5,
            18.5,
            19.5,
            20.5,
            21.5,
            22.5,
            23.5,
            24.5,
            25.5,
            26.5,
            27.5,
            28.5,
            29.5,
            30.5,
            31.5,
            32.5,
            33.5,
            34.5,
            35.5,
            36.5,
            37.5,
            38.5,
            39.5,
            40.5,
            41.5,
            42.5,
            43.5,
            44.5,
            45.5,
            46.5,
            47.5,
            48.5,
            49.5,
            50.5,
            51.5,
            52.5,
            53.5,
            54.5,
            55.5,
            56.5,
            57.5,
            58.5,
            59.5,
            60.5,
            61.5,
            62.5,
            63.5,
            64.5,
            65.5,
            66.5,
            67.5,
            68.5,
            69.5,
            70.5,
            71.5,
            72.5,
            73.5,
            74.5,
            75.5,
            76.5,
            77.5,
            78.5,
            79.5,
            80.5,
            81.5,
            82.5,
            83.5,
            84.5,
            85.5,
            86.5,
            87.5,
            88.5,
            89.5
        ]
    }
}