{
    "POSCAR": {
        "Atomes": "   Nb    Cl   C\n",
        "coordinate": "Direct\n",
        "unit_cell": {
            "a_vector": "3.3415877392111994   2.1894584981325513e-06   3.22001568117347e-06\n",
            "b_vector": "-1.6707925180876437   2.8938987042652893   -1.797543181937344e-06\n",
            "c_vector": "3.569655850052565e-05   -2.4005992707114607e-06   29.299301770770494\n"
        },
        "positions": {
            "Nb": [
                "0.6666667798069322   0.3333333153050301   0.23689318553941713\n",
                "0.33333317697709614   0.6666667099553398   0.16310681517526895\n"
            ],
            "Cl": [
                "0.3333331388673871   0.6666668812052902   0.29889049726242417\n",
                "0.6666668701664916   0.33333312064684806   0.10110950150823794\n"
            ],
            "C": [
                "3.4182089822375176e-08   -2.7112512490482246e-08   0.20000000051465172\n"
            ]
        }
    },
    "Termo_data": {
        "Temperature (K)": [
            0,
            10,
            20,
            30,
            40,
            50,
            60,
            70,
            80,
            90,
            100,
            110,
            120,
            130,
            140,
            150,
            160,
            170,
            180,
            190,
            200,
            210,
            220,
            230,
            240,
            250,
            260,
            270,
            280,
            290,
            300,
            310,
            320,
            330,
            340,
            350,
            360,
            370,
            380,
            390,
            400,
            410,
            420,
            430,
            440,
            450,
            460,
            470,
            480,
            490,
            500,
            510,
            520,
            530,
            540,
            550,
            560,
            570,
            580,
            590,
            600,
            610,
            620,
            630,
            640,
            650,
            660,
            670,
            680,
            690,
            700,
            710,
            720,
            730,
            740,
            750,
            760,
            770,
            780,
            790,
            800,
            810,
            820,
            830,
            840,
            850,
            860,
            870,
            880,
            890,
            900,
            910,
            920,
            930,
            940,
            950,
            960,
            970,
            980,
            990,
            1000,
            1010,
            1020,
            1030,
            1040,
            1050,
            1060,
            1070,
            1080,
            1090,
            1100,
            1110,
            1120,
            1130,
            1140,
            1150,
            1160,
            1170,
            1180,
            1190,
            1200,
            1210,
            1220,
            1230,
            1240,
            1250,
            1260,
            1270,
            1280,
            1290,
            1300,
            1310,
            1320,
            1330,
            1340,
            1350,
            1360,
            1370,
            1380,
            1390,
            1400,
            1410,
            1420,
            1430,
            1440,
            1450,
            1460,
            1470,
            1480,
            1490,
            1500,
            1510,
            1520,
            1530,
            1540,
            1550,
            1560,
            1570,
            1580,
            1590,
            1600,
            1610,
            1620,
            1630,
            1640,
            1650,
            1660,
            1670,
            1680,
            1690,
            1700,
            1710,
            1720,
            1730,
            1740,
            1750,
            1760,
            1770,
            1780,
            1790,
            1800,
            1810,
            1820,
            1830,
            1840,
            1850,
            1860,
            1870,
            1880,
            1890,
            1900,
            1910,
            1920,
            1930,
            1940,
            1950,
            1960,
            1970
        ],
        "Gibbs_free(J/mole)": [
            -565648.1137363419,
            -565648.2563455029,
            -565649.3365604877,
            -565652.4003649105,
            -565659.336527772,
            -565672.5525766037,
            -565694.2300876747,
            -565725.9807691118,
            -565768.8365554612,
            -565823.365728411,
            -565889.803712477,
            -565968.1649734505,
            -566058.3216922049,
            -566160.0611325466,
            -566273.1204165078,
            -566397.2117341574,
            -566532.0378328199,
            -566677.2934582548,
            -566832.6835276624,
            -566997.9179842675,
            -567172.7152009521,
            -567356.8033866478,
            -567549.9215368852,
            -567751.8179995288,
            -567962.2525926941,
            -568180.9943433434,
            -568407.8195575434,
            -568642.5191593174,
            -568884.8887491446,
            -569134.7333664874,
            -569391.8665296528,
            -569656.109203382,
            -569927.2900066837,
            -570205.2438640752,
            -570489.8131890977,
            -570780.8459387308,
            -571078.1966418173,
            -571381.7252085382,
            -571691.2973588672,
            -572006.7830500021,
            -572328.058238974,
            -572655.0030338336,
            -572987.501649978,
            -573325.4431146394,
            -573668.7201533783,
            -574017.2292837974,
            -574370.8709711445,
            -574729.5485205768,
            -575093.1689992606,
            -575461.642682702,
            -575834.8827889407,
            -576212.8049460807,
            -576595.3281472282,
            -576982.3739905612,
            -577373.8654621881,
            -577769.7295027619,
            -578169.8944951665,
            -578574.2909750011,
            -578982.8518130837,
            -579395.5119040691,
            -579812.2076716312,
            -580232.8778880219,
            -580657.4628633474,
            -581085.9044383809,
            -581518.1463893098,
            -581954.1338046727,
            -582393.8134462112,
            -582837.1333650666,
            -583284.0431519386,
            -583734.4937132205,
            -584188.4369934924,
            -584645.826617099,
            -585106.6168280496,
            -585570.7636819166,
            -586038.2237023715,
            -586508.9548938215,
            -586982.9162607891,
            -587460.0673848403,
            -587940.3694733215,
            -588423.784064325,
            -588910.2740697379,
            -589399.8027947507,
            -589892.3347188848,
            -590387.8349559006,
            -590886.2694791341,
            -591387.6050727824,
            -591891.8091189547,
            -592398.8497823133,
            -592908.6958321879,
            -593421.3169032342,
            -593936.6830634448,
            -594454.7650096791,
            -594975.5342726915,
            -595498.9625891176,
            -596025.0226210131,
            -596553.6875671177,
            -597084.9308077825,
            -597618.7266049839,
            -598155.0495925405,
            -598693.8748942913,
            -599235.1780923292,
            -599778.9352556648,
            -600325.1229731293,
            -600873.7181188725,
            -601424.6981970003,
            -601978.0408606377,
            -602533.7244597047,
            -603091.7275001099,
            -603652.0289195518,
            -604214.608292686,
            -604779.4451512989,
            -605346.5196447334,
            -605915.8121486502,
            -606487.3034293918,
            -607060.9745796068,
            -607636.8069578491,
            -608214.7823472226,
            -608794.8827203334,
            -609377.0903685003,
            -609961.3879633719,
            -610547.7583187231,
            -611136.1846571568,
            -611726.650358566,
            -612319.1391036967,
            -612913.6348946006,
            -613510.1218561281,
            -614108.5844931104,
            -614709.007472965,
            -615311.3757157926,
            -615915.674349717,
            -616521.8887397415,
            -617130.0044803957,
            -617740.007384784,
            -618351.8834380931,
            -618965.618875973,
            -619581.2001068558,
            -620198.6137115215,
            -620817.8465341068,
            -621438.8855471082,
            -622061.7179171664,
            -622686.3310011768,
            -623312.7123362705,
            -623940.8496050048,
            -624570.7306895562,
            -625202.3436245712,
            -625835.6766181136,
            -626470.717994557,
            -627107.4562978441,
            -627745.8801992289,
            -628385.9784786057,
            -629027.7401290019,
            -629671.1542420258,
            -630316.2100735581,
            -630962.8970019827,
            -631611.2045573709,
            -632261.1223691636,
            -632912.640261527,
            -633565.7481348541,
            -634220.4360080002,
            -634876.6940625518,
            -635534.5126022128,
            -636193.8819786544,
            -636854.792769011,
            -637517.2355723829,
            -638181.2011448536,
            -638846.6803365207,
            -639513.6641481081,
            -640182.1436292502,
            -640852.1099606832,
            -641523.5544601321,
            -642196.4685128989,
            -642870.8435389927,
            -643546.6711696315,
            -644223.943018889,
            -644902.6509547201,
            -645582.7867862874,
            -646264.3425110731,
            -646947.3101026646,
            -647631.6818286205,
            -648317.449819164,
            -649004.6063810232,
            -649693.1438939607,
            -650383.0548390099,
            -651074.3318800435,
            -651766.9674773777,
            -652460.9545544642,
            -653156.2857335025,
            -653852.953959435,
            -654550.952141925,
            -655250.2734204037,
            -655950.9106733014,
            -656652.8572271484,
            -657356.1063264365,
            -658060.6511735796,
            -658766.485281683,
            -659473.6019243079,
            -660181.9946804041,
            -660891.6572098852
        ],
        "Cp(J/mole.K)": [
            -0.0,
            0.09647002714045812,
            0.4388571569230407,
            1.200614421424689,
            2.4893592618405815,
            4.159497601853218,
            5.956936182570644,
            7.692434188455809,
            9.272137845866384,
            10.668214291552431,
            11.88770567803294,
            12.951651365589354,
            13.88422337248922,
            14.707693817251124,
            15.44154220319469,
            16.099170932473502,
            16.691311412211505,
            17.230690814010448,
            17.72369030122064,
            18.17391627464966,
            18.587331321672522,
            18.96783551283008,
            19.3185959317256,
            19.642995286811466,
            19.941545424191247,
            20.217795099597424,
            20.476447388797542,
            20.715339057383282,
            20.93601223488804,
            21.14218155029812,
            21.334272391948605,
            21.513088443840388,
            21.67976430654528,
            21.835616519037234,
            21.98122975980515,
            22.117545757908402,
            22.245537897222675,
            22.36517878212032,
            22.477154903963633,
            22.583088808492203,
            22.682530897320277,
            22.77559939864144,
            22.863847016118264,
            22.94704497868382,
            23.025545802456264,
            23.09970107395202,
            23.169291902397624,
            23.235537281437328,
            23.29891387671222,
            23.358424035366625,
            23.414460759377143,
            23.46864590498444,
            23.519543674087544,
            23.567069729074213,
            23.613819324877113,
            23.658195053052662,
            23.699598914477974,
            23.739725981099642,
            23.777883913845372,
            23.813955954962918,
            23.848999752954114,
            23.882363769467425,
            23.91391808172343,
            23.944435094349185,
            23.973649502359194,
            24.001565415688816,
            24.0283705629759,
            24.05431949800099,
            24.079030904883936,
            24.102658625057764,
            24.12548775595496,
            24.14738566692099,
            24.168671576259555,
            24.188818434183386,
            24.208515577338403,
            24.227398338698606,
            24.245242817839824,
            24.263062796785544,
            24.280198573926242,
            24.29655060832738,
            24.31210546102392,
            24.32719721664605,
            24.341927759977814,
            24.356258143737737,
            24.370247099606786,
            24.383509379433175,
            24.396207837125985,
            24.40874477309414,
            24.421139652165834,
            24.432692790936752,
            24.44395047696883,
            24.455051060308858,
            24.465419872431085,
            24.476201655974794,
            24.48662035210873,
            24.495892181774117,
            24.50543517284075,
            24.514934744912967,
            24.523801825137483,
            24.532378363600653,
            24.54095252847779,
            24.549317131537684,
            24.557374830927948,
            24.565187285398206,
            24.572700966731645,
            24.58023148108623,
            24.587222428008907,
            24.59435955282817,
            24.601784130243743,
            24.608274559091893,
            24.614605411421664,
            24.62100049571301,
            24.62721409490348,
            24.633276231712,
            24.639209478604364,
            24.645172827877104,
            24.650735619804138,
            24.65623062099621,
            24.661790387640856,
            24.66706597041347,
            24.67226886050767,
            24.6772020838196,
            24.6821133847874,
            24.687040616522165,
            24.69169367306141,
            24.696451267300468,
            24.701116143073797,
            24.70550023005026,
            24.709764053300205,
            24.713993913892953,
            24.71826855436657,
            24.722408486259333,
            24.726392283313814,
            24.730389292075415,
            24.734203604201507,
            24.73793489775572,
            24.74180013022851,
            24.745473644868184,
            24.74898376236068,
            24.752550254348602,
            24.756024157628715,
            24.759367990362904,
            24.762725871789634,
            24.766081596302683,
            24.769261509552393,
            24.77234800209418,
            24.775596604304155,
            24.77869128987368,
            24.781582874223293,
            24.784595402487007,
            24.787555437069386,
            24.790411926418674,
            24.793249174579334,
            24.795972631894983,
            24.798698322329653,
            24.801544225062102,
            24.804165036126502,
            24.80663587794384,
            24.809348571201554,
            24.811903909424792,
            24.814290341921605,
            24.816852444323928,
            24.819246630055375,
            24.821519417606297,
            24.823972388718744,
            24.82643044134555,
            24.82865868031513,
            24.830971786008234,
            24.833506490871287,
            24.835597709717455,
            24.837444196834255,
            24.839464428138307,
            24.841651930485142,
            24.844043446239084,
            24.846205000312096,
            24.848026782274246,
            24.85014925529174,
            24.852570540633593,
            24.85429510609272,
            24.8557533807616,
            24.857575128029055,
            24.859948569154177,
            24.86202073424964,
            24.863699146177325,
            24.865841681673714,
            24.86737879412196,
            24.868908184684486,
            24.8712617903252,
            24.872977883428007,
            24.874033791318652,
            24.876328353507873,
            24.878417003472258,
            24.879850134998833,
            24.8815807330393,
            24.88265085137627,
            24.884607389160998,
            24.88656581278164,
            24.88795513860851
        ],
        "S(J/mole.K)": [
            0,
            0.04823501357022906,
            0.2061843163712183,
            0.51600100917276,
            1.0272733204736144,
            1.754392988389009,
            2.6667540971218844,
            3.7126250305591384,
            4.841593230815488,
            6.01378041793505,
            7.20084427358961,
            8.383940983199864,
            9.551161716095521,
            10.695351554715307,
            11.812515736262139,
            12.900638417458685,
            13.958880930172747,
            14.98726943574584,
            15.986379190276786,
            16.95696487546229,
            17.899909113100147,
            18.81620752739982,
            19.70688165710599,
            20.572962292224112,
            21.41543279189791,
            22.235237556893843,
            23.033371293285743,
            23.810766517637237,
            24.568241268926066,
            25.306619001820216,
            26.026710579909558,
            26.729267083923332,
            27.4149986986944,
            28.084587690515036,
            28.738683743866567,
            29.377902062085923,
            30.002832805612705,
            30.61403075544513,
            31.212014939359506,
            31.79729375716561,
            32.370352172978166,
            32.931635021373225,
            33.48157488850557,
            34.02058964786266,
            34.54906968183933,
            35.06738695667883,
            35.575890431318854,
            36.07491712751654,
            36.56480071388941,
            37.0458489991055,
            37.51834487236628,
            37.982574243734405,
            38.43880846591345,
            38.88728877081884,
            39.32826609254988,
            39.76198706826252,
            40.18866513048124,
            40.60851190257817,
            41.021736870816675,
            41.42853181475366,
            41.82908666542062,
            42.22358541010617,
            42.612196668262186,
            42.995086045502106,
            43.372415381400785,
            43.744336944412495,
            44.1109974810126,
            44.472540438338186,
            44.82910198316822,
            45.18081062755664,
            45.52779248665756,
            45.87016941093898,
            46.20805941973522,
            46.541574255382876,
            46.8708221451714,
            47.19590918529429,
            47.5169333506521,
            47.833993882908544,
            48.14718853728264,
            48.45660647259501,
            48.76233276848798,
            49.06445131167275,
            49.36304558450647,
            49.65819641993585,
            49.94998186122539,
            50.23847526398022,
            50.523746089752244,
            50.805864649784056,
            51.084901267454555,
            51.36092006180116,
            51.63398210572342,
            51.90415024301475,
            52.17148289387115,
            52.436039614329644,
            52.697880076947335,
            52.95705380586878,
            53.213612029052456,
            53.46761014692602,
            53.71909722782439,
            53.968119566534014,
            54.21472523000267,
            54.458961265573464,
            54.70087182688877,
            54.94049959724363,
            55.17788606462855,
            55.41307277138404,
            55.646098957005606,
            55.877003335086926,
            56.10582739763632,
            56.33260653977778,
            56.55737310322002,
            56.780163080910285,
            57.001011408615156,
            57.21995112616714,
            57.43701463189208,
            57.65223426547017,
            57.865640361583786,
            58.07726203928614,
            58.28712965802551,
            58.49527190416702,
            58.70171615874861,
            58.906489188437995,
            59.109617300271935,
            59.311127326313006,
            59.51104443089717,
            59.70939351690614,
            59.906199624130394,
            60.101485675222655,
            60.29527393999305,
            60.48758712991111,
            60.67844806766661,
            60.86787866907106,
            61.05589958363561,
            61.24253154878242,
            61.42779474159178,
            61.611708527187865,
            61.79429300876945,
            61.97556745685724,
            62.155549635489294,
            62.33425781706755,
            62.511710139614294,
            62.687923688876616,
            62.86291556287906,
            63.03670295050688,
            63.20930202164455,
            63.380728291548444,
            63.55099811478722,
            63.72012731125433,
            63.88813013790933,
            64.05502148490342,
            64.22081645292346,
            64.38552909442369,
            64.54917329183954,
            64.71176262284571,
            64.8733104674393,
            65.03383070310375,
            65.19333621343685,
            65.35183876748779,
            65.5093513893211,
            65.66588684112648,
            65.82145635350608,
            65.97607198114856,
            66.12974556452828,
            66.28248780769937,
            66.43431028046325,
            66.5852247305098,
            66.73524145441479,
            66.88437079782598,
            67.03262427023874,
            67.18001161548018,
            67.32654102167434,
            67.4722223410834,
            67.61706645848025,
            67.7610841567046,
            67.90428489128536,
            68.04667639432591,
            68.18826777149079,
            68.32906978794782,
            68.4690902251663,
            68.60833513957478,
            68.74681343809208,
            68.88453614896716,
            69.0215122948066,
            69.15774815379555,
            69.29325197998115,
            69.42803133381823,
            69.56209236941649,
            69.6954449731129,
            69.82809721001104,
            69.9600530691343,
            70.09132141331648,
            70.22191218138178,
            70.35183020385739,
            70.48108153396316,
            70.60967213110708,
            70.7376093601517,
            70.86490218304243,
            70.99155571914889
        ]
    },
    "Phonon_data": {
        "Numb_Node": 15,
        "total_n_kpoints": 100,
        "frequency": {
            "Node_1": [
                -0.05364247581288605,
                -0.6622259122894348,
                0.9096846989736942,
                3.0125149904994486,
                5.317802984730429,
                7.696110693553585,
                9.992751545700312,
                12.055183655115078,
                13.660101277934132,
                14.668642572717104,
                14.959079619734732,
                14.920965455438436,
                14.881360631579149,
                14.936152471769494,
                15.08907611693395,
                15.284057559144527,
                15.041735859549506,
                14.719260985451463,
                14.528829903296558,
                14.489353588234566,
                14.589511245562464,
                14.763592892098941,
                14.702586728700888,
                14.3202151205527,
                14.05663183716755,
                13.77681899547907,
                12.709958938851637,
                10.36077771493876,
                7.591007731711215,
                4.710474664202078,
                1.967551778873952,
                -0.7056045362854213,
                -0.05364247581288605,
                -0.05364247581288605,
                -0.05364247581288605,
                -0.05364247581288605,
                -0.05364247581288605,
                -0.05364247581288605,
                -0.05364247581288605,
                -0.05364247581288605,
                -0.05364247581288605,
                -0.05364247581288605,
                -0.05364247581288605,
                -0.05364247581288605,
                -0.05364247581288605,
                -0.6622259122894348,
                0.9096846989736942,
                3.0125149904994486,
                5.317802984730429,
                7.696110693553585,
                9.992751545700312,
                12.055183655115078,
                13.660101277934132,
                14.668642572717104,
                14.959079619734732,
                14.920965455438436,
                14.881360631579149,
                14.936152471769494,
                15.08907611693395,
                15.284057559144527,
                15.041735859549506,
                14.719260985451463,
                14.528829903296558,
                14.489353588234566,
                14.589511245562464,
                14.763592892098941,
                14.702586728700888,
                14.3202151205527,
                14.05663183716755,
                13.77681899547907,
                12.709958938851637,
                10.36077771493876,
                7.591007731711215,
                4.710474664202078,
                1.967551778873952,
                -0.7056045362854213,
                -0.05364247581288605,
                14.881360631579149,
                14.881360631579149,
                14.881360631579149,
                14.881360631579149,
                14.881360631579149,
                14.881360631579149,
                14.881360631579149,
                14.881360631579149,
                14.881360631579149,
                14.881360631579149,
                14.881360631579149,
                14.881360631579149,
                14.881360631579149,
                14.763592892098941,
                14.763592892098941,
                14.763592892098904,
                14.763592892098941,
                14.763592892098904,
                14.763592892098941,
                14.763592892098941,
                14.763592892098941,
                14.763592892098941,
                14.763592892098941,
                14.763592892098941,
                14.763592892098941,
                14.763592892098941
            ],
            "Node_2": [
                -0.033220150201928804,
                1.9702481289596714,
                3.9261330594647768,
                5.845386688195663,
                7.694200906129276,
                9.436701511921465,
                11.043966507750515,
                12.489821265517508,
                13.776628541187309,
                14.793198218636428,
                15.62335125983831,
                16.30289903662306,
                16.733391848958572,
                16.500070859158857,
                16.02265426278034,
                15.55017930117094,
                15.60700278782368,
                15.817361217622803,
                15.932297713654044,
                15.913777487017747,
                15.778285562918457,
                15.600455523635326,
                15.740448356493953,
                16.315078295164618,
                16.73591907760639,
                15.322428763659461,
                13.535827688654738,
                11.88321568376918,
                9.832494163317797,
                7.482544205797742,
                4.991527505332664,
                2.4812055059655473,
                -0.033220150201928804,
                -0.033220150201928804,
                -0.033220150201928804,
                -0.033220150201928804,
                -0.033220150201928804,
                -0.033220150201928804,
                -0.033220150201928804,
                -0.033220150201928804,
                -0.033220150201928804,
                -0.033220150201928804,
                -0.033220150201928804,
                -0.033220150201928804,
                -0.033220150201928804,
                1.9702481289596714,
                3.9261330594647768,
                5.845386688195663,
                7.694200906129276,
                9.436701511921465,
                11.043966507750515,
                12.489821265517508,
                13.776628541187309,
                14.793198218636428,
                15.62335125983831,
                16.30289903662306,
                16.733391848958572,
                16.500070859158857,
                16.02265426278034,
                15.55017930117094,
                15.60700278782368,
                15.817361217622803,
                15.932297713654044,
                15.913777487017747,
                15.778285562918457,
                15.600455523635326,
                15.740448356493953,
                16.315078295164618,
                16.73591907760639,
                15.322428763659461,
                13.535827688654738,
                11.88321568376918,
                9.832494163317797,
                7.482544205797742,
                4.991527505332664,
                2.4812055059655473,
                -0.033220150201928804,
                16.733391848958572,
                16.733391848958572,
                16.733391848958572,
                16.733391848958572,
                16.733391848958572,
                16.733391848958572,
                16.733391848958572,
                16.733391848958572,
                16.733391848958572,
                16.733391848958572,
                16.733391848958572,
                16.733391848958572,
                16.733391848958572,
                15.600455523635326,
                15.600455523635326,
                15.600455523635333,
                15.600455523635326,
                15.600455523635333,
                15.600455523635326,
                15.600455523635326,
                15.600455523635326,
                15.600455523635326,
                15.600455523635326,
                15.600455523635326,
                15.600455523635326,
                15.600455523635326
            ],
            "Node_3": [
                -0.031101597756462644,
                3.1359695064005426,
                6.099253806361724,
                8.715789018677187,
                10.83262541419861,
                12.421352158020765,
                13.642670567986206,
                14.726075877647412,
                15.797235873092426,
                16.801231633940343,
                17.666715655953194,
                17.343552739572722,
                17.02762686401794,
                17.084717326792564,
                17.231150127409922,
                17.444528425682964,
                17.70411242075181,
                17.989936716383394,
                18.277162982447148,
                18.52986409030609,
                18.707596695774285,
                18.78083700720689,
                18.623834571003815,
                18.04197683945252,
                16.94171933176051,
                16.5315914083309,
                15.502052308821604,
                14.1321738656625,
                12.544280263283925,
                10.407910817060491,
                7.463687011620539,
                3.8842521419884144,
                -0.031101597756462644,
                -0.031101597756462644,
                -0.031101597756462644,
                -0.031101597756462644,
                -0.031101597756462644,
                -0.031101597756462644,
                -0.031101597756462644,
                -0.031101597756462644,
                -0.031101597756462644,
                -0.031101597756462644,
                -0.031101597756462644,
                -0.031101597756462644,
                -0.031101597756462644,
                3.1359695064005426,
                6.099253806361724,
                8.715789018677187,
                10.83262541419861,
                12.421352158020765,
                13.642670567986206,
                14.726075877647412,
                15.797235873092426,
                16.801231633940343,
                17.666715655953194,
                17.343552739572722,
                17.02762686401794,
                17.084717326792564,
                17.231150127409922,
                17.444528425682964,
                17.70411242075181,
                17.989936716383394,
                18.277162982447148,
                18.52986409030609,
                18.707596695774285,
                18.78083700720689,
                18.623834571003815,
                18.04197683945252,
                16.94171933176051,
                16.5315914083309,
                15.502052308821604,
                14.1321738656625,
                12.544280263283925,
                10.407910817060491,
                7.463687011620539,
                3.8842521419884144,
                -0.031101597756462644,
                17.02762686401794,
                17.02762686401794,
                17.02762686401794,
                17.02762686401794,
                17.02762686401794,
                17.02762686401794,
                17.02762686401794,
                17.02762686401794,
                17.02762686401794,
                17.02762686401794,
                17.02762686401794,
                17.02762686401794,
                17.02762686401794,
                18.78083700720689,
                18.78083700720689,
                18.780837007206927,
                18.78083700720689,
                18.780837007206927,
                18.78083700720689,
                18.78083700720689,
                18.78083700720689,
                18.78083700720689,
                18.78083700720689,
                18.78083700720689,
                18.78083700720689,
                18.78083700720689
            ],
            "Node_4": [
                15.101441930310619,
                15.211815013713016,
                15.524449999735,
                16.001128724458052,
                16.577911365795973,
                17.165268455791086,
                17.645313447541742,
                17.920788284021473,
                17.990084258981206,
                17.895309887251177,
                17.75567515661764,
                18.51256801055184,
                18.802163495896863,
                19.057444327471735,
                19.608697920531526,
                20.198182323971082,
                20.678711473628784,
                21.05280426528546,
                21.413148714529868,
                21.811618401681557,
                22.25075899424454,
                22.64080825750739,
                21.861030493172183,
                20.84850819576925,
                19.799271174224742,
                18.958597708372096,
                18.67903551101928,
                18.43610618738654,
                17.512681125472334,
                16.553109009126814,
                15.766892190820304,
                15.271585159446067,
                15.101441930310619,
                15.101441930310619,
                15.101441930310619,
                15.101441930310619,
                15.101441930310619,
                15.101441930310619,
                15.101441930310619,
                15.101441930310619,
                15.101441930310619,
                15.101441930310619,
                15.101441930310619,
                15.101441930310619,
                15.101441930310619,
                15.211815013713016,
                15.524449999735,
                16.001128724458052,
                16.577911365795973,
                17.165268455791086,
                17.645313447541742,
                17.920788284021473,
                17.990084258981206,
                17.895309887251177,
                17.75567515661764,
                18.51256801055184,
                18.802163495896863,
                19.057444327471735,
                19.608697920531526,
                20.198182323971082,
                20.678711473628784,
                21.05280426528546,
                21.413148714529868,
                21.811618401681557,
                22.25075899424454,
                22.64080825750739,
                21.861030493172183,
                20.84850819576925,
                19.799271174224742,
                18.958597708372096,
                18.67903551101928,
                18.43610618738654,
                17.512681125472334,
                16.553109009126814,
                15.766892190820304,
                15.271585159446067,
                15.101441930310619,
                18.802163495896863,
                18.802163495896863,
                18.802163495896863,
                18.802163495896863,
                18.802163495896863,
                18.802163495896863,
                18.802163495896863,
                18.802163495896863,
                18.802163495896863,
                18.802163495896863,
                18.802163495896863,
                18.802163495896863,
                18.802163495896863,
                22.64080825750739,
                22.64080825750739,
                22.640808257507388,
                22.64080825750739,
                22.640808257507388,
                22.64080825750739,
                22.64080825750739,
                22.64080825750739,
                22.64080825750739,
                22.64080825750739,
                22.64080825750739,
                22.64080825750739,
                22.64080825750739
            ],
            "Node_5": [
                15.106952815696085,
                15.56684133283969,
                16.746248404343454,
                18.11371410645302,
                18.438734938832045,
                18.630952217836466,
                18.943161508431853,
                18.937992094876044,
                18.701479743865523,
                19.03528852074629,
                20.020550651919233,
                20.764170316200815,
                20.81316127414896,
                20.88551708231553,
                21.09268449666268,
                21.409380924118636,
                21.822924482962147,
                22.268531728974995,
                22.675408647225762,
                22.935960089731758,
                22.927889083495053,
                22.69278900948749,
                22.83834065062568,
                21.81017911456836,
                20.43168946221419,
                19.444787890479635,
                19.027931281753002,
                18.869293225682167,
                18.756692869220373,
                18.342761524244345,
                17.40542627125337,
                15.811746166261024,
                15.106952815696085,
                15.106952815696085,
                15.106952815696085,
                15.106952815696085,
                15.106952815696085,
                15.106952815696085,
                15.106952815696085,
                15.106952815696085,
                15.106952815696085,
                15.106952815696085,
                15.106952815696085,
                15.106952815696085,
                15.106952815696085,
                15.56684133283969,
                16.746248404343454,
                18.11371410645302,
                18.438734938832045,
                18.630952217836466,
                18.943161508431853,
                18.937992094876044,
                18.701479743865523,
                19.03528852074629,
                20.020550651919233,
                20.764170316200815,
                20.81316127414896,
                20.88551708231553,
                21.09268449666268,
                21.409380924118636,
                21.822924482962147,
                22.268531728974995,
                22.675408647225762,
                22.935960089731758,
                22.927889083495053,
                22.69278900948749,
                22.83834065062568,
                21.81017911456836,
                20.43168946221419,
                19.444787890479635,
                19.027931281753002,
                18.869293225682167,
                18.756692869220373,
                18.342761524244345,
                17.40542627125337,
                15.811746166261024,
                15.106952815696085,
                20.81316127414896,
                20.81316127414896,
                20.81316127414896,
                20.81316127414896,
                20.81316127414896,
                20.81316127414896,
                20.81316127414896,
                20.81316127414896,
                20.81316127414896,
                20.81316127414896,
                20.81316127414896,
                20.81316127414896,
                20.81316127414896,
                22.69278900948749,
                22.69278900948749,
                22.69278900948748,
                22.69278900948749,
                22.69278900948748,
                22.69278900948749,
                22.69278900948749,
                22.69278900948749,
                22.69278900948749,
                22.69278900948749,
                22.69278900948749,
                22.69278900948749,
                22.69278900948749
            ],
            "Node_6": [
                18.25643718990819,
                18.224084070866734,
                18.27992581353478,
                18.336387889389865,
                19.067399772336454,
                19.434584363737983,
                19.29318694578988,
                19.384502847525976,
                19.867667772818184,
                20.299921602576415,
                20.612448741873973,
                21.01749925566047,
                21.07117139971464,
                21.11298372398407,
                21.246527980298104,
                21.51891766958824,
                21.98281055651784,
                22.617124758733322,
                23.28508743216708,
                23.862249506982984,
                24.257290762913488,
                24.400268243943803,
                24.168679456096047,
                23.55517456933466,
                22.636929989106843,
                21.622233564160407,
                20.68430943204603,
                20.09540653386178,
                19.810988913758294,
                19.12703276044699,
                18.388438827488738,
                18.226222688737614,
                18.25643718990819,
                18.25643718990819,
                18.25643718990819,
                18.25643718990819,
                18.25643718990819,
                18.25643718990819,
                18.25643718990819,
                18.25643718990819,
                18.25643718990819,
                18.25643718990819,
                18.25643718990819,
                18.25643718990819,
                18.25643718990819,
                18.224084070866734,
                18.27992581353478,
                18.336387889389865,
                19.067399772336454,
                19.434584363737983,
                19.29318694578988,
                19.384502847525976,
                19.867667772818184,
                20.299921602576415,
                20.612448741873973,
                21.01749925566047,
                21.07117139971464,
                21.11298372398407,
                21.246527980298104,
                21.51891766958824,
                21.98281055651784,
                22.617124758733322,
                23.28508743216708,
                23.862249506982984,
                24.257290762913488,
                24.400268243943803,
                24.168679456096047,
                23.55517456933466,
                22.636929989106843,
                21.622233564160407,
                20.68430943204603,
                20.09540653386178,
                19.810988913758294,
                19.12703276044699,
                18.388438827488738,
                18.226222688737614,
                18.25643718990819,
                21.07117139971464,
                21.07117139971464,
                21.07117139971464,
                21.07117139971464,
                21.07117139971464,
                21.07117139971464,
                21.07117139971464,
                21.07117139971464,
                21.07117139971464,
                21.07117139971464,
                21.07117139971464,
                21.07117139971464,
                21.07117139971464,
                24.400268243943803,
                24.400268243943803,
                24.400268243943792,
                24.400268243943803,
                24.400268243943792,
                24.400268243943803,
                24.400268243943803,
                24.400268243943803,
                24.400268243943803,
                24.400268243943803,
                24.400268243943803,
                24.400268243943803,
                24.400268243943803
            ],
            "Node_7": [
                18.26657314697739,
                18.27153856096545,
                18.309850570943357,
                18.802221708007078,
                19.81843052078929,
                20.487558015727906,
                20.552333849876828,
                20.60953883256112,
                20.67931332049823,
                20.772090246894788,
                20.892686380219867,
                21.27199016478049,
                22.077669938250985,
                22.17611292320146,
                22.464199429714395,
                22.909517136760257,
                23.45375979075057,
                24.032380299748773,
                24.574507689684964,
                24.837086373819755,
                25.006705053859857,
                25.133125758250994,
                24.73801346873226,
                23.83831858041848,
                22.800729482681202,
                21.777902427989453,
                20.870470933390706,
                20.238491748119007,
                20.038757741318328,
                19.50773829156638,
                18.515616106056076,
                18.283575955304986,
                18.26657314697739,
                18.26657314697739,
                18.26657314697739,
                18.26657314697739,
                18.26657314697739,
                18.26657314697739,
                18.26657314697739,
                18.26657314697739,
                18.26657314697739,
                18.26657314697739,
                18.26657314697739,
                18.26657314697739,
                18.26657314697739,
                18.27153856096545,
                18.309850570943357,
                18.802221708007078,
                19.81843052078929,
                20.487558015727906,
                20.552333849876828,
                20.60953883256112,
                20.67931332049823,
                20.772090246894788,
                20.892686380219867,
                21.27199016478049,
                22.077669938250985,
                22.17611292320146,
                22.464199429714395,
                22.909517136760257,
                23.45375979075057,
                24.032380299748773,
                24.574507689684964,
                24.837086373819755,
                25.006705053859857,
                25.133125758250994,
                24.73801346873226,
                23.83831858041848,
                22.800729482681202,
                21.777902427989453,
                20.870470933390706,
                20.238491748119007,
                20.038757741318328,
                19.50773829156638,
                18.515616106056076,
                18.283575955304986,
                18.26657314697739,
                22.077669938250985,
                22.077669938250985,
                22.077669938250985,
                22.077669938250985,
                22.077669938250985,
                22.077669938250985,
                22.077669938250985,
                22.077669938250985,
                22.077669938250985,
                22.077669938250985,
                22.077669938250985,
                22.077669938250985,
                22.077669938250985,
                25.133125758250994,
                25.133125758250994,
                25.13312575825098,
                25.133125758250994,
                25.13312575825098,
                25.133125758250994,
                25.133125758250994,
                25.133125758250994,
                25.133125758250994,
                25.133125758250994,
                25.133125758250994,
                25.133125758250994,
                25.133125758250994
            ],
            "Node_8": [
                19.909874590902493,
                19.97190354370241,
                20.10304811047584,
                20.26201097406218,
                20.400657056126086,
                21.17010021354495,
                22.870325683380482,
                24.58149479925208,
                26.00600020182967,
                26.80659128060848,
                26.37617215934867,
                25.186000751970514,
                24.35690869776547,
                24.393177511182827,
                24.491400611115083,
                24.62081964234419,
                24.737362560880147,
                24.805325362556108,
                24.847018336112825,
                25.126005545884034,
                25.436625108698905,
                25.506962643700025,
                25.47784373652375,
                26.028256936943503,
                26.39983058381675,
                25.97360435358906,
                24.78731724620887,
                23.01596551467592,
                21.103236728804344,
                20.158226218434127,
                20.0574166915049,
                19.998397278205577,
                19.909874590902493,
                19.909874590902493,
                19.909874590902493,
                19.909874590902493,
                19.909874590902493,
                19.909874590902493,
                19.909874590902493,
                19.909874590902493,
                19.909874590902493,
                19.909874590902493,
                19.909874590902493,
                19.909874590902493,
                19.909874590902493,
                19.97190354370241,
                20.10304811047584,
                20.26201097406218,
                20.400657056126086,
                21.17010021354495,
                22.870325683380482,
                24.58149479925208,
                26.00600020182967,
                26.80659128060848,
                26.37617215934867,
                25.186000751970514,
                24.35690869776547,
                24.393177511182827,
                24.491400611115083,
                24.62081964234419,
                24.737362560880147,
                24.805325362556108,
                24.847018336112825,
                25.126005545884034,
                25.436625108698905,
                25.506962643700025,
                25.47784373652375,
                26.028256936943503,
                26.39983058381675,
                25.97360435358906,
                24.78731724620887,
                23.01596551467592,
                21.103236728804344,
                20.158226218434127,
                20.0574166915049,
                19.998397278205577,
                19.909874590902493,
                24.35690869776547,
                24.35690869776547,
                24.35690869776547,
                24.35690869776547,
                24.35690869776547,
                24.35690869776547,
                24.35690869776547,
                24.35690869776547,
                24.35690869776547,
                24.35690869776547,
                24.35690869776547,
                24.35690869776547,
                24.35690869776547,
                25.506962643700025,
                25.506962643700025,
                25.506962643700017,
                25.506962643700025,
                25.506962643700017,
                25.506962643700025,
                25.506962643700025,
                25.506962643700025,
                25.506962643700025,
                25.506962643700025,
                25.506962643700025,
                25.506962643700025,
                25.506962643700025
            ],
            "Node_9": [
                19.98364583842388,
                20.1052310604511,
                20.4086678780168,
                20.86227504033285,
                21.77258170172838,
                23.2542123434145,
                24.854188125767774,
                26.295055474977094,
                27.43296404965148,
                28.11703694654738,
                28.17053196520858,
                28.018149775371764,
                27.941013118350455,
                27.922442637135592,
                27.87434823358782,
                27.81608437815469,
                27.76895111277864,
                27.73416294063962,
                27.64000877558814,
                27.341389382256658,
                27.072699408765107,
                26.95841887025665,
                27.177881802561227,
                27.668928766941914,
                27.990858983139066,
                27.519721865140788,
                26.478319539759042,
                24.959909471036234,
                23.124110707956,
                21.480964685549107,
                20.648248595375268,
                20.152602129760933,
                19.98364583842388,
                19.98364583842388,
                19.98364583842388,
                19.98364583842388,
                19.98364583842388,
                19.98364583842388,
                19.98364583842388,
                19.98364583842388,
                19.98364583842388,
                19.98364583842388,
                19.98364583842388,
                19.98364583842388,
                19.98364583842388,
                20.1052310604511,
                20.4086678780168,
                20.86227504033285,
                21.77258170172838,
                23.2542123434145,
                24.854188125767774,
                26.295055474977094,
                27.43296404965148,
                28.11703694654738,
                28.17053196520858,
                28.018149775371764,
                27.941013118350455,
                27.922442637135592,
                27.87434823358782,
                27.81608437815469,
                27.76895111277864,
                27.73416294063962,
                27.64000877558814,
                27.341389382256658,
                27.072699408765107,
                26.95841887025665,
                27.177881802561227,
                27.668928766941914,
                27.990858983139066,
                27.519721865140788,
                26.478319539759042,
                24.959909471036234,
                23.124110707956,
                21.480964685549107,
                20.648248595375268,
                20.152602129760933,
                19.98364583842388,
                27.941013118350455,
                27.941013118350455,
                27.941013118350455,
                27.941013118350455,
                27.941013118350455,
                27.941013118350455,
                27.941013118350455,
                27.941013118350455,
                27.941013118350455,
                27.941013118350455,
                27.941013118350455,
                27.941013118350455,
                27.941013118350455,
                26.95841887025665,
                26.95841887025665,
                26.958418870256637,
                26.95841887025665,
                26.958418870256637,
                26.95841887025665,
                26.95841887025665,
                26.95841887025665,
                26.95841887025665,
                26.95841887025665,
                26.95841887025665,
                26.95841887025665,
                26.95841887025665
            ],
            "Node_10": [
                23.458702951417838,
                23.705789209937386,
                24.394531104084198,
                25.382407290022208,
                26.492743284660573,
                27.5440703030824,
                28.334873882291816,
                28.692409289131053,
                28.61381379708535,
                28.349402537281815,
                28.549889548210842,
                28.82448590893731,
                28.918857244641593,
                28.881387859532936,
                28.768787708606474,
                28.58356757753802,
                28.334491193681426,
                28.036053412544177,
                27.733880631862554,
                27.54300131002273,
                27.327498180163833,
                27.223156440512653,
                27.52389703146926,
                28.003483951671818,
                28.573324439635297,
                29.323386956482263,
                29.49522902191035,
                28.919283510324934,
                27.740419601732153,
                26.276656783158153,
                24.875680218157438,
                23.845023166471567,
                23.458702951417838,
                23.458702951417838,
                23.458702951417838,
                23.458702951417838,
                23.458702951417838,
                23.458702951417838,
                23.458702951417838,
                23.458702951417838,
                23.458702951417838,
                23.458702951417838,
                23.458702951417838,
                23.458702951417838,
                23.458702951417838,
                23.705789209937386,
                24.394531104084198,
                25.382407290022208,
                26.492743284660573,
                27.5440703030824,
                28.334873882291816,
                28.692409289131053,
                28.61381379708535,
                28.349402537281815,
                28.549889548210842,
                28.82448590893731,
                28.918857244641593,
                28.881387859532936,
                28.768787708606474,
                28.58356757753802,
                28.334491193681426,
                28.036053412544177,
                27.733880631862554,
                27.54300131002273,
                27.327498180163833,
                27.223156440512653,
                27.52389703146926,
                28.003483951671818,
                28.573324439635297,
                29.323386956482263,
                29.49522902191035,
                28.919283510324934,
                27.740419601732153,
                26.276656783158153,
                24.875680218157438,
                23.845023166471567,
                23.458702951417838,
                28.918857244641593,
                28.918857244641593,
                28.918857244641593,
                28.918857244641593,
                28.918857244641593,
                28.918857244641593,
                28.918857244641593,
                28.918857244641593,
                28.918857244641593,
                28.918857244641593,
                28.918857244641593,
                28.918857244641593,
                28.918857244641593,
                27.223156440512653,
                27.223156440512653,
                27.22315644051265,
                27.223156440512653,
                27.22315644051265,
                27.223156440512653,
                27.223156440512653,
                27.223156440512653,
                27.223156440512653,
                27.223156440512653,
                27.223156440512653,
                27.223156440512653,
                27.223156440512653
            ],
            "Node_11": [
                36.38480977572085,
                36.22371596437387,
                35.774903710164416,
                35.1318352824107,
                34.419747713081755,
                33.75891425807702,
                33.20373025309336,
                32.59375224280298,
                31.728601754407876,
                30.959552475579706,
                30.702446617810402,
                30.778178521198225,
                30.836892920286466,
                30.786789003864413,
                30.640651433493264,
                30.412405383850043,
                30.129486987942705,
                29.839829090095314,
                29.618781342201185,
                29.541892578615645,
                29.610784555449623,
                29.735536061379126,
                29.792858316278814,
                30.13087884241163,
                30.671097740202182,
                31.321094320470447,
                31.996057058862075,
                32.7492344195385,
                33.603400559056794,
                34.54137771658151,
                35.45131445499518,
                36.13130108378587,
                36.38480977572085,
                36.38480977572085,
                36.38480977572085,
                36.38480977572085,
                36.38480977572085,
                36.38480977572085,
                36.38480977572085,
                36.38480977572085,
                36.38480977572085,
                36.38480977572085,
                36.38480977572085,
                36.38480977572085,
                36.38480977572085,
                36.22371596437387,
                35.774903710164416,
                35.1318352824107,
                34.419747713081755,
                33.75891425807702,
                33.20373025309336,
                32.59375224280298,
                31.728601754407876,
                30.959552475579706,
                30.702446617810402,
                30.778178521198225,
                30.836892920286466,
                30.786789003864413,
                30.640651433493264,
                30.412405383850043,
                30.129486987942705,
                29.839829090095314,
                29.618781342201185,
                29.541892578615645,
                29.610784555449623,
                29.735536061379126,
                29.792858316278814,
                30.13087884241163,
                30.671097740202182,
                31.321094320470447,
                31.996057058862075,
                32.7492344195385,
                33.603400559056794,
                34.54137771658151,
                35.45131445499518,
                36.13130108378587,
                36.38480977572085,
                30.836892920286466,
                30.836892920286466,
                30.836892920286466,
                30.836892920286466,
                30.836892920286466,
                30.836892920286466,
                30.836892920286466,
                30.836892920286466,
                30.836892920286466,
                30.836892920286466,
                30.836892920286466,
                30.836892920286466,
                30.836892920286466,
                29.735536061379126,
                29.735536061379126,
                29.735536061379126,
                29.735536061379126,
                29.735536061379126,
                29.735536061379126,
                29.735536061379126,
                29.735536061379126,
                29.735536061379126,
                29.735536061379126,
                29.735536061379126,
                29.735536061379126,
                29.735536061379126
            ],
            "Node_12": [
                40.28561824849218,
                40.07669766514238,
                39.47736227350764,
                38.562461234358615,
                37.437027665645324,
                36.22054229918399,
                35.05905419686369,
                34.20976426054298,
                33.835697271659626,
                33.641354112701364,
                33.46513131077864,
                33.33709620147102,
                33.292657490076394,
                33.22411057075942,
                33.021831969267666,
                32.69557959595865,
                32.261872580385365,
                31.74586515492694,
                31.183626762664748,
                30.62698377025787,
                30.153504690840688,
                29.883045416617573,
                30.102454788244852,
                30.423746899448577,
                30.873239662884963,
                31.71985853701916,
                33.01994073396679,
                34.53544440523574,
                36.13150670158823,
                37.688753380927295,
                39.03313022919343,
                39.955936371359016,
                40.28561824849218,
                40.28561824849218,
                40.28561824849218,
                40.28561824849218,
                40.28561824849218,
                40.28561824849218,
                40.28561824849218,
                40.28561824849218,
                40.28561824849218,
                40.28561824849218,
                40.28561824849218,
                40.28561824849218,
                40.28561824849218,
                40.07669766514238,
                39.47736227350764,
                38.562461234358615,
                37.437027665645324,
                36.22054229918399,
                35.05905419686369,
                34.20976426054298,
                33.835697271659626,
                33.641354112701364,
                33.46513131077864,
                33.33709620147102,
                33.292657490076394,
                33.22411057075942,
                33.021831969267666,
                32.69557959595865,
                32.261872580385365,
                31.74586515492694,
                31.183626762664748,
                30.62698377025787,
                30.153504690840688,
                29.883045416617573,
                30.102454788244852,
                30.423746899448577,
                30.873239662884963,
                31.71985853701916,
                33.01994073396679,
                34.53544440523574,
                36.13150670158823,
                37.688753380927295,
                39.03313022919343,
                39.955936371359016,
                40.28561824849218,
                33.292657490076394,
                33.292657490076394,
                33.292657490076394,
                33.292657490076394,
                33.292657490076394,
                33.292657490076394,
                33.292657490076394,
                33.292657490076394,
                33.292657490076394,
                33.292657490076394,
                33.292657490076394,
                33.292657490076394,
                33.292657490076394,
                29.883045416617573,
                29.883045416617573,
                29.88304541661756,
                29.883045416617573,
                29.88304541661756,
                29.883045416617573,
                29.883045416617573,
                29.883045416617573,
                29.883045416617573,
                29.883045416617573,
                29.883045416617573,
                29.883045416617573,
                29.883045416617573
            ],
            "Node_13": [
                66.66189963490149,
                66.45215897829756,
                65.92906446889043,
                65.32256191976478,
                64.81376311088684,
                64.4485689675193,
                64.19981019222519,
                64.06860704476334,
                64.08712978520519,
                64.2431781676455,
                64.4529146724326,
                64.61703610271083,
                64.67694879530642,
                64.66243791796768,
                64.62465699901274,
                64.57372689516997,
                64.51724495073188,
                64.46501485259395,
                64.42897475610168,
                64.4124695020236,
                64.40862332943838,
                64.40958596340045,
                64.39686444511291,
                64.32659656029344,
                64.20707439376267,
                64.08429392256433,
                64.03197647040307,
                64.13585838709533,
                64.44828604356773,
                64.98413045763151,
                65.69855312126329,
                66.37510660752112,
                66.66189963490149,
                66.66189963490149,
                66.66189963490149,
                66.66189963490149,
                66.66189963490149,
                66.66189963490149,
                66.66189963490149,
                66.66189963490149,
                66.66189963490149,
                66.66189963490149,
                66.66189963490149,
                66.66189963490149,
                66.66189963490149,
                66.45215897829756,
                65.92906446889043,
                65.32256191976478,
                64.81376311088684,
                64.4485689675193,
                64.19981019222519,
                64.06860704476334,
                64.08712978520519,
                64.2431781676455,
                64.4529146724326,
                64.61703610271083,
                64.67694879530642,
                64.66243791796768,
                64.62465699901274,
                64.57372689516997,
                64.51724495073188,
                64.46501485259395,
                64.42897475610168,
                64.4124695020236,
                64.40862332943838,
                64.40958596340045,
                64.39686444511291,
                64.32659656029344,
                64.20707439376267,
                64.08429392256433,
                64.03197647040307,
                64.13585838709533,
                64.44828604356773,
                64.98413045763151,
                65.69855312126329,
                66.37510660752112,
                66.66189963490149,
                64.67694879530642,
                64.67694879530642,
                64.67694879530642,
                64.67694879530642,
                64.67694879530642,
                64.67694879530642,
                64.67694879530642,
                64.67694879530642,
                64.67694879530642,
                64.67694879530642,
                64.67694879530642,
                64.67694879530642,
                64.67694879530642,
                64.40958596340045,
                64.40958596340045,
                64.40958596340046,
                64.40958596340045,
                64.40958596340046,
                64.40958596340045,
                64.40958596340045,
                64.40958596340045,
                64.40958596340045,
                64.40958596340045,
                64.40958596340045,
                64.40958596340045,
                64.40958596340045
            ],
            "Node_14": [
                79.86944040476708,
                79.71792408198854,
                79.32010156162451,
                78.83416816739505,
                78.36559110590268,
                77.92467101711426,
                77.5024680541179,
                77.14732511400143,
                76.93441191813484,
                76.87912504730451,
                76.91787788174972,
                76.97006499286,
                76.99098847505783,
                76.98253711230505,
                76.9618798722639,
                76.93912627502303,
                76.92596653334955,
                76.93713015556143,
                76.98712824078075,
                77.0817993094044,
                77.21650205750433,
                77.35978125831558,
                77.20519176775994,
                76.94466105123689,
                76.75956519046422,
                76.70048041483156,
                76.84187290547018,
                77.23527651728908,
                77.82542991631858,
                78.49578377135795,
                79.15649508045992,
                79.68515726641645,
                79.86944040476708,
                79.86944040476708,
                79.86944040476708,
                79.86944040476708,
                79.86944040476708,
                79.86944040476708,
                79.86944040476708,
                79.86944040476708,
                79.86944040476708,
                79.86944040476708,
                79.86944040476708,
                79.86944040476708,
                79.86944040476708,
                79.71792408198854,
                79.32010156162451,
                78.83416816739505,
                78.36559110590268,
                77.92467101711426,
                77.5024680541179,
                77.14732511400143,
                76.93441191813484,
                76.87912504730451,
                76.91787788174972,
                76.97006499286,
                76.99098847505783,
                76.98253711230505,
                76.9618798722639,
                76.93912627502303,
                76.92596653334955,
                76.93713015556143,
                76.98712824078075,
                77.0817993094044,
                77.21650205750433,
                77.35978125831558,
                77.20519176775994,
                76.94466105123689,
                76.75956519046422,
                76.70048041483156,
                76.84187290547018,
                77.23527651728908,
                77.82542991631858,
                78.49578377135795,
                79.15649508045992,
                79.68515726641645,
                79.86944040476708,
                76.99098847505783,
                76.99098847505783,
                76.99098847505783,
                76.99098847505783,
                76.99098847505783,
                76.99098847505783,
                76.99098847505783,
                76.99098847505783,
                76.99098847505783,
                76.99098847505783,
                76.99098847505783,
                76.99098847505783,
                76.99098847505783,
                77.35978125831558,
                77.35978125831558,
                77.35978125831555,
                77.35978125831558,
                77.35978125831555,
                77.35978125831558,
                77.35978125831558,
                77.35978125831558,
                77.35978125831558,
                77.35978125831558,
                77.35978125831558,
                77.35978125831558,
                77.35978125831558
            ],
            "Node_15": [
                79.91613303898025,
                79.85233978985862,
                79.7131559886371,
                79.55955536141005,
                79.4198267165967,
                79.27166395311032,
                79.08729284617306,
                78.87864479540858,
                78.68721033007283,
                78.54076690850306,
                78.43795497296266,
                78.37193399659512,
                78.34802108489093,
                78.35363056768988,
                78.36525722908466,
                78.36702273216173,
                78.33742907770134,
                78.26156379619849,
                78.13780470010491,
                77.97409337389033,
                77.78622899864634,
                77.62017533762473,
                77.82339065758205,
                78.21024848649074,
                78.57106707590378,
                78.85870597822594,
                79.06706218902065,
                79.22098988031986,
                79.34640412011785,
                79.47254869964517,
                79.6341809141685,
                79.80931286161187,
                79.91613303898025,
                79.91613303898025,
                79.91613303898025,
                79.91613303898025,
                79.91613303898025,
                79.91613303898025,
                79.91613303898025,
                79.91613303898025,
                79.91613303898025,
                79.91613303898025,
                79.91613303898025,
                79.91613303898025,
                79.91613303898025,
                79.85233978985862,
                79.7131559886371,
                79.55955536141005,
                79.4198267165967,
                79.27166395311032,
                79.08729284617306,
                78.87864479540858,
                78.68721033007283,
                78.54076690850306,
                78.43795497296266,
                78.37193399659512,
                78.34802108489093,
                78.35363056768988,
                78.36525722908466,
                78.36702273216173,
                78.33742907770134,
                78.26156379619849,
                78.13780470010491,
                77.97409337389033,
                77.78622899864634,
                77.62017533762473,
                77.82339065758205,
                78.21024848649074,
                78.57106707590378,
                78.85870597822594,
                79.06706218902065,
                79.22098988031986,
                79.34640412011785,
                79.47254869964517,
                79.6341809141685,
                79.80931286161187,
                79.91613303898025,
                78.34802108489093,
                78.34802108489093,
                78.34802108489093,
                78.34802108489093,
                78.34802108489093,
                78.34802108489093,
                78.34802108489093,
                78.34802108489093,
                78.34802108489093,
                78.34802108489093,
                78.34802108489093,
                78.34802108489093,
                78.34802108489093,
                77.62017533762473,
                77.62017533762473,
                77.62017533762473,
                77.62017533762473,
                77.62017533762473,
                77.62017533762473,
                77.62017533762473,
                77.62017533762473,
                77.62017533762473,
                77.62017533762473,
                77.62017533762473,
                77.62017533762473,
                77.62017533762473
            ]
        }
    },
    "Phonon_DOS": {
        "DOS": [
            0.0,
            0.002,
            0.0,
            0.004,
            0.0,
            0.0,
            0.004,
            0.004,
            0.0,
            0.008,
            0.004,
            0.004,
            0.008,
            0.012,
            0.012,
            0.009333333333333334,
            0.04666666666666666,
            0.03133333333333333,
            0.03066666666666667,
            0.034666666666666665,
            0.06933333333333333,
            0.042,
            0.07733333333333332,
            0.04066666666666666,
            0.036000000000000004,
            0.008666666666666666,
            0.026000000000000002,
            0.024,
            0.027999999999999997,
            0.04,
            0.05533333333333333,
            0.015333333333333334,
            0.02333333333333333,
            0.024,
            0.02666666666666667,
            0.016666666666666666,
            0.014666666666666666,
            0.004,
            0.004666666666666667,
            0.004,
            0.0,
            0.004,
            0.0006666666666666666,
            0.0,
            0.0,
            0.0,
            0.0,
            0.0,
            0.0,
            0.0,
            0.0,
            0.0,
            0.0,
            0.0,
            0.0,
            0.0,
            0.0,
            0.0,
            0.0,
            0.0,
            0.0,
            0.0,
            0.0,
            0.0,
            0.0,
            0.0,
            0.062,
            0.004,
            0.0006666666666666666,
            0.0,
            0.0,
            0.0,
            0.0,
            0.0,
            0.0,
            0.0,
            0.0,
            0.0,
            0.032,
            0.026000000000000002,
            0.048666666666666664,
            0.02666666666666667,
            0.0
        ],
        "Energy(meV)": [
            -1.5,
            -0.5,
            0.5,
            1.5,
            2.5,
            3.5,
            4.5,
            5.5,
            6.5,
            7.5,
            8.5,
            9.5,
            10.5,
            11.5,
            12.5,
            13.5,
            14.5,
            15.5,
            16.5,
            17.5,
            18.5,
            19.5,
            20.5,
            21.5,
            22.5,
            23.5,
            24.5,
            25.5,
            26.5,
            27.5,
            28.5,
            29.5,
            30.5,
            31.5,
            32.5,
            33.5,
            34.5,
            35.5,
            36.5,
            37.5,
            38.5,
            39.5,
            40.5,
            41.5,
            42.5,
            43.5,
            44.5,
            45.5,
            46.5,
            47.5,
            48.5,
            49.5,
            50.5,
            51.5,
            52.5,
            53.5,
            54.5,
            55.5,
            56.5,
            57.5,
            58.5,
            59.5,
            60.5,
            61.5,
            62.5,
            63.5,
            64.5,
            65.5,
            66.5,
            67.5,
            68.5,
            69.5,
            70.5,
            71.5,
            72.5,
            73.5,
            74.5,
            75.5,
            76.5,
            77.5,
            78.5,
            79.5,
            80.5
        ]
    }
}