{
    "POSCAR": {
        "Atomes": "   Nb    F   C\n",
        "coordinate": "Direct\n",
        "unit_cell": {
            "a_vector": "3.1877885838096764   2.473177887926924e-06   3.537633442363711e-06\n",
            "b_vector": "-1.5938926696126707   2.7607093209491436   -5.248202074986789e-06\n",
            "c_vector": "3.9217616062360394e-05   -4.4538977265984485e-05   26.554596331941646\n"
        },
        "positions": {
            "Nb": [
                "0.6666668101780868   0.3333331190671449   0.24331307450290446\n",
                "0.33333315299055044   0.6666669128591834   0.15668692569462733\n"
            ],
            "F": [
                "0.3333331344537806   0.6666668363808649   0.296067654400744\n",
                "0.6666669082426198   0.3333331424379794   0.10393234510129654\n"
            ],
            "C": [
                "-5.865039630437649e-09   -1.0745173298172287e-08   0.20000000030042797\n"
            ]
        }
    },
    "Termo_data": {
        "Temperature (K)": [
            0,
            10,
            20,
            30,
            40,
            50,
            60,
            70,
            80,
            90,
            100,
            110,
            120,
            130,
            140,
            150,
            160,
            170,
            180,
            190,
            200,
            210,
            220,
            230,
            240,
            250,
            260,
            270,
            280,
            290,
            300,
            310,
            320,
            330,
            340,
            350,
            360,
            370,
            380,
            390,
            400,
            410,
            420,
            430,
            440,
            450,
            460,
            470,
            480,
            490,
            500,
            510,
            520,
            530,
            540,
            550,
            560,
            570,
            580,
            590,
            600,
            610,
            620,
            630,
            640,
            650,
            660,
            670,
            680,
            690,
            700,
            710,
            720,
            730,
            740,
            750,
            760,
            770,
            780,
            790,
            800,
            810,
            820,
            830,
            840,
            850,
            860,
            870,
            880,
            890,
            900,
            910,
            920,
            930,
            940,
            950,
            960,
            970,
            980,
            990,
            1000,
            1010,
            1020,
            1030,
            1040,
            1050,
            1060,
            1070,
            1080,
            1090,
            1100,
            1110,
            1120,
            1130,
            1140,
            1150,
            1160,
            1170,
            1180,
            1190,
            1200,
            1210,
            1220,
            1230,
            1240,
            1250,
            1260,
            1270,
            1280,
            1290,
            1300,
            1310,
            1320,
            1330,
            1340,
            1350,
            1360,
            1370,
            1380,
            1390,
            1400,
            1410,
            1420,
            1430,
            1440,
            1450,
            1460,
            1470,
            1480,
            1490,
            1500,
            1510,
            1520,
            1530,
            1540,
            1550,
            1560,
            1570,
            1580,
            1590,
            1600,
            1610,
            1620,
            1630,
            1640,
            1650,
            1660,
            1670,
            1680,
            1690,
            1700,
            1710,
            1720,
            1730,
            1740,
            1750,
            1760,
            1770,
            1780,
            1790,
            1800,
            1810,
            1820,
            1830,
            1840,
            1850,
            1860,
            1870,
            1880,
            1890,
            1900,
            1910,
            1920,
            1930,
            1940,
            1950,
            1960,
            1970
        ],
        "Gibbs_free(J/mole)": [
            -617544.4318481074,
            -617544.3806702509,
            -617544.7273642324,
            -617546.525662192,
            -617551.421434322,
            -617561.6191594831,
            -617579.2019172906,
            -617605.7514606487,
            -617642.3119354536,
            -617689.492386663,
            -617747.5876864557,
            -617816.6792346278,
            -617896.7088387806,
            -617987.5304894508,
            -618088.9444967657,
            -618200.7208185337,
            -618322.6138456839,
            -618454.3718363263,
            -618595.7429176666,
            -618746.4788014245,
            -618906.3369278859,
            -619075.0817600862,
            -619252.4853972383,
            -619438.3278913748,
            -619632.3972950159,
            -619834.4894647112,
            -620044.4079938931,
            -620261.9640064243,
            -620486.9756745939,
            -620719.2681812157,
            -620958.6733099119,
            -621205.0292288985,
            -621458.1802055114,
            -621717.976299411,
            -621984.2730918971,
            -622256.931616436,
            -622535.8179264315,
            -622820.8028509758,
            -623111.7619926904,
            -623408.575351448,
            -623711.1270743557,
            -624019.3055036695,
            -624333.0027907504,
            -624652.1146347977,
            -624976.5405535317,
            -625306.1831376137,
            -625640.9484493829,
            -625980.7456060456,
            -626325.4864080544,
            -626675.0859489271,
            -627029.4616845339,
            -627388.5336344413,
            -627752.2245101391,
            -628120.4593757349,
            -628493.165239722,
            -628870.2718648852,
            -629251.7107524145,
            -629637.4153626309,
            -630027.3212176848,
            -630421.3656580239,
            -630819.4878964172,
            -631221.6286401385,
            -631627.7304196445,
            -632037.7375068642,
            -632451.595075229,
            -632869.2504294902,
            -633290.6518047542,
            -633715.7491550802,
            -634144.4935933716,
            -634576.8373514956,
            -635012.7342066368,
            -635452.1386082341,
            -635895.0066848675,
            -636341.2951545143,
            -636790.9623271966,
            -637243.9667589482,
            -637700.2686985948,
            -638159.8290428265,
            -638622.6095745475,
            -639088.5732322534,
            -639557.683250599,
            -640029.9042934055,
            -640505.201111245,
            -640983.5402288823,
            -641464.8881627896,
            -641949.2124359978,
            -642436.4809862073,
            -642926.6625828485,
            -643419.7268918833,
            -643915.6439320835,
            -644414.3845653009,
            -644915.9198065214,
            -645420.2220339873,
            -645927.2632799693,
            -646437.0166021452,
            -646949.4559367156,
            -647464.5551376333,
            -647982.2890348521,
            -648502.6320829674,
            -649025.5603364495,
            -649551.0497716771,
            -650079.0764439547,
            -650609.617801688,
            -651142.6507886633,
            -651678.1532651193,
            -652216.103444922,
            -652756.4795751631,
            -653299.260989078,
            -653844.4262099452,
            -654391.9556198909,
            -654941.8291795516,
            -655494.0266055138,
            -656048.5289578858,
            -656605.3173505348,
            -657164.3729568919,
            -657725.6773069468,
            -658289.2126076751,
            -658854.9605410555,
            -659422.9043818243,
            -659993.0258172249,
            -660565.3089287712,
            -661139.7369974903,
            -661716.2927080642,
            -662294.9610461444,
            -662875.7250340478,
            -663458.5696815175,
            -664043.4797389426,
            -664630.4392329687,
            -665219.4337060673,
            -665810.4486464625,
            -666403.4690852884,
            -666998.4804480997,
            -667595.4697646658,
            -668194.4219289813,
            -668795.3236203969,
            -669398.1614924356,
            -670002.9227320787,
            -670609.5930606303,
            -671218.1601896823,
            -671828.6112707288,
            -672440.933471529,
            -673055.1149670217,
            -673671.1428509612,
            -674289.0053394339,
            -674908.6908195333,
            -675530.1864504078,
            -676153.481640622,
            -676778.5646714049,
            -677405.4239859387,
            -678034.0486227036,
            -678664.4273042384,
            -679296.549707401,
            -679930.4046487767,
            -680565.9807627382,
            -681203.2687970187,
            -681842.2579344204,
            -682482.938120643,
            -683125.2989596425,
            -683769.3307520844,
            -684415.023200027,
            -685062.366353818,
            -685711.3514520983,
            -686361.9685728778,
            -687014.208581029,
            -687668.0610143592,
            -688323.5175107676,
            -688980.5699949237,
            -689639.2076192977,
            -690299.422399141,
            -690961.2054582019,
            -691624.5483942482,
            -692289.4424911281,
            -692955.8788707174,
            -693623.8488960069,
            -694293.3453824843,
            -694964.3587374053,
            -695636.8814333489,
            -696310.9072783785,
            -696986.4257930308,
            -697663.4281231539,
            -698341.9112681167,
            -699021.861294608,
            -699703.2765593218,
            -700386.1447294924,
            -701070.4616621213,
            -701756.2171176475,
            -702443.4069718119,
            -703132.0206288549,
            -703822.0526478874,
            -704513.4967797815,
            -705206.3434514607,
            -705900.5881223002,
            -706596.223681104,
            -707293.240993129,
            -707991.6363998412,
            -708691.4004835471,
            -709392.5280656206,
            -710095.012674797
        ],
        "Cp(J/mole.K)": [
            -0.0,
            0.05618369135481771,
            0.3199276982282754,
            0.9711379012442194,
            2.108641287893988,
            3.6298504843143746,
            5.299430279165971,
            6.931509348514375,
            8.433146567828953,
            9.775332438864279,
            10.961350330704592,
            12.007711886023756,
            12.934351698041432,
            13.760199134453428,
            14.50179182656575,
            15.172758266155139,
            15.783889225823799,
            16.343777604855138,
            16.859222206484993,
            17.335596942689154,
            17.777229566534505,
            18.187665629095843,
            18.56988563385095,
            18.926379177460337,
            19.25928065981715,
            19.57060523549443,
            19.862038185290285,
            20.13500232785594,
            20.3909682319849,
            20.631232846181923,
            20.856945211213294,
            21.06916769313102,
            21.268792628962558,
            21.45680337271772,
            21.634155926364453,
            21.801427825470466,
            21.959308551996997,
            22.108670987543857,
            22.249964636168443,
            22.383710455521957,
            22.510634729289407,
            22.630953379283863,
            22.745148706081135,
            22.853824564482753,
            22.957146376790448,
            23.05571131785122,
            23.149572243314502,
            23.23900247830021,
            23.324781369650736,
            23.406494725082233,
            23.484436407161446,
            23.55952111867966,
            23.63127517099481,
            23.6999409101815,
            23.76645719798988,
            23.83013681853493,
            23.89093360877584,
            23.949686647520785,
            24.006509520107812,
            24.061212914474932,
            24.11376674246263,
            24.16497403179815,
            24.214305153494934,
            24.26138804295624,
            24.30731830522427,
            24.351929816431994,
            24.395347502158206,
            24.437363632724594,
            24.47800190120465,
            24.517529057231297,
            24.55576368974299,
            24.593138936429696,
            24.629695376940017,
            24.664981130638726,
            24.698848777817386,
            24.732523958373246,
            24.76555865370885,
            24.797668180876535,
            24.828960192500602,
            24.85907165718689,
            24.888369189109483,
            24.917370507764108,
            24.94684134224098,
            24.975263650066513,
            25.002120933216005,
            25.02812193732831,
            25.054126855597133,
            25.08036518604179,
            25.105889031407486,
            25.130318576295394,
            25.15453935481485,
            25.17878774791335,
            25.201328784390157,
            25.224351168543283,
            25.24832322624306,
            25.271048301772545,
            25.292183630168438,
            25.312643392931342,
            25.33482127020224,
            25.355894621592597,
            25.375853253062886,
            25.397048938576848,
            25.416955221915778,
            25.436652241580305,
            25.45620119259715,
            25.475330730259884,
            25.4938605565577,
            25.511706807516976,
            25.53210402536206,
            25.550566856842256,
            25.566224001726212,
            25.58483233016159,
            25.60381788117843,
            25.62052217934114,
            25.6376075648351,
            25.654423378044076,
            25.671157761314035,
            25.687473027341184,
            25.7026797531462,
            25.721564685826973,
            25.73769703845045,
            25.751426875733973,
            25.768067406432237,
            25.782604161224764,
            25.799374624341638,
            25.8153627437423,
            25.82767602436961,
            25.844061985315147,
            25.860518708452673,
            25.87220176229912,
            25.887225508252953,
            25.90419952575476,
            25.91548196693212,
            25.928624554030637,
            25.946607434918405,
            25.9605159986967,
            25.970376133988708,
            25.9842485206874,
            25.99859363908171,
            26.012064525857568,
            26.0263415487713,
            26.0380333200911,
            26.051991446933243,
            26.064390358337242,
            26.07426905971983,
            26.08952383379801,
            26.103063431935052,
            26.11355885874946,
            26.125600037595618,
            26.13882190964973,
            26.152598394546978,
            26.1606391655251,
            26.169854073738463,
            26.186395019726696,
            26.199925222282545,
            26.209932467289256,
            26.220900486339815,
            26.23161951183485,
            26.239732654375036,
            26.25094645576364,
            26.266469304915745,
            26.278729358396955,
            26.28540080744493,
            26.29108829244261,
            26.30781024030875,
            26.322362515012614,
            26.3252081596516,
            26.33477431211528,
            26.34908173747874,
            26.360594742567628,
            26.369045788073464,
            26.374065097587057,
            26.384951780386956,
            26.39736294687269,
            26.40249507508149,
            26.41931064012244,
            26.4365587960458,
            26.42744432450222,
            26.437963547859766,
            26.457661887406466,
            26.459172536445408,
            26.47244202197865,
            26.480142754699983,
            26.48446121374119,
            26.496951698558405,
            26.50644411637014,
            26.50670368993279,
            26.5195906878539,
            26.532099239877425,
            26.53178027229415,
            26.549773832434127,
            26.556297680552234,
            26.555947650409962,
            26.569439518871334,
            26.572893154935997,
            26.581916554510272,
            26.5957054484752,
            26.599661469561397
        ],
        "S(J/mole.K)": [
            0,
            0.028091845677408855,
            0.13616561591188658,
            0.378003857342992,
            0.8034403352037771,
            1.430005544621963,
            2.234609782983898,
            3.171336783522565,
            4.193516254620045,
            5.263661939490703,
            6.3548034804072815,
            7.448676082670864,
            8.533412489150942,
            9.601582238150877,
            10.648741803062148,
            11.672421548597049,
            12.671426695775882,
            13.645372575402144,
            14.59438364467933,
            15.518895292181696,
            16.41952595088951,
            17.296996347888488,
            18.1520788610389,
            18.985564741950657,
            19.798242781293812,
            20.59088989974989,
            21.364264277253824,
            22.119096963526683,
            22.856091809719512,
            23.575927153574597,
            24.279253818235887,
            24.96669485712919,
            25.638845027329808,
            26.296272993562162,
            26.939525426825277,
            27.56912374761887,
            28.185563113109676,
            28.78931933382119,
            29.380847850558354,
            29.960581190005183,
            30.528934770986965,
            31.086304941435813,
            31.63306775760284,
            32.169585483535776,
            32.69620429300703,
            33.213255526577996,
            33.72105588202976,
            34.21990509790339,
            34.71009500112413,
            35.191903256633665,
            35.665589403614284,
            36.131409464927856,
            36.58960896189092,
            37.04041710982128,
            37.484061246900815,
            37.92075864321232,
            38.350708157874756,
            38.77410503568826,
            39.19114267455734,
            39.602003926855105,
            40.00686056706327,
            40.40588218088815,
            40.79923239298951,
            41.1870597462068,
            41.56951136921998,
            41.946734830529024,
            42.318870606231215,
            42.68605223020277,
            43.0484059236187,
            43.4060544857537,
            43.7591160518612,
            44.10770548320142,
            44.45193615370081,
            44.79191393185174,
            45.127736272137554,
            45.45950387855701,
            45.78731867854513,
            46.111273804833765,
            46.43145762542409,
            46.74795352322254,
            47.06084172721894,
            47.370204963711146,
            47.676130779004595,
            47.9786990607201,
            48.27797460461443,
            48.574020999716595,
            48.866908774636975,
            49.15671233267203,
            49.443499459246226,
            49.72732812105095,
            50.008257126946404,
            50.28634955543238,
            50.5616582864517,
            50.83423682107386,
            51.104151203931536,
            51.371456312938236,
            51.63619195338978,
            51.898399619726106,
            52.15813645518355,
            52.41545582122489,
            52.67039516133663,
            52.923002392644406,
            53.173323275441355,
            53.42139508757245,
            53.66725956460577,
            53.910956245978014,
            54.152521403922584,
            54.39198904636433,
            54.62940681487963,
            54.86481543530536,
            55.09822997952725,
            55.32968708110421,
            55.55923683198052,
            55.7869047327651,
            56.01271552236575,
            56.23670214078883,
            56.458894654072346,
            56.67932172190484,
            56.89800690763367,
            57.114990368805586,
            57.330304574333425,
            57.54395583351871,
            57.75597352201003,
            57.96638768963167,
            58.17522476000886,
            58.382515947372305,
            58.58826817622176,
            58.79250722962898,
            58.9952731563666,
            59.19657065936335,
            59.396416763110025,
            59.594854005621166,
            59.79188970059768,
            59.987530437175884,
            60.181822168717915,
            60.37478792735637,
            60.56641731063282,
            60.75672965845297,
            60.945760485291245,
            61.13352686576254,
            61.32004666301072,
            61.50533133431745,
            61.6893971500569,
            61.87226374632882,
            62.053933634808345,
            62.23443316655466,
            62.41379109469271,
            62.59200677631306,
            62.769090567373496,
            62.94506689714471,
            63.119956392608586,
            63.29375635358883,
            63.46646603288245,
            63.638127533490476,
            63.808768680083446,
            63.978381541612904,
            64.14697105857485,
            64.31455259581561,
            64.48112991399684,
            64.64671718873723,
            64.8113500514024,
            64.97504372872064,
            65.1377824697309,
            65.2995577601003,
            65.46041200873734,
            65.62038348216885,
            65.77944101272442,
            65.93758043806301,
            66.09484695386345,
            66.25125676526076,
            66.40680270755838,
            66.56147587399028,
            66.71529346462049,
            66.86828686233639,
            67.02044905755174,
            67.1718020409593,
            67.32238964586139,
            67.47214730360429,
            67.62106504368128,
            67.76923306971584,
            67.91663485469033,
            68.06326084905885,
            68.20913678686775,
            68.35424634768277,
            68.4986108497047,
            68.64225247399445,
            68.78514609195844,
            68.92730866826167,
            69.06878075847635,
            69.20953474709967,
            69.34959246787474,
            69.48897939762537,
            69.6276546151741,
            69.76564347371459,
            69.9029630566103,
            70.03960865503467,
            70.17561360279942,
            70.310971621309
        ]
    },
    "Phonon_data": {
        "Numb_Node": 15,
        "total_n_kpoints": 100,
        "frequency": {
            "Node_1": [
                -0.03960099356672253,
                -0.8033806915875917,
                -1.0092470232476174,
                1.7896618968651605,
                4.118854587505353,
                6.539868434746354,
                8.903610969706252,
                11.0119790267236,
                12.668577887694518,
                13.748056724315575,
                14.302297079488678,
                14.523805783920801,
                14.578377690018513,
                14.6061066926967,
                14.70024910136862,
                14.878078221112748,
                15.141330187731016,
                15.469883577653592,
                15.822919647155713,
                16.143970052172435,
                16.373103408492476,
                16.462765641653874,
                16.266800648833428,
                15.72155933006786,
                14.889541233052652,
                13.609340755236286,
                11.723810333414827,
                9.289468121806289,
                6.485135011756632,
                3.5751345714266796,
                0.5843865118097051,
                -0.9767686784344366,
                -0.03960099356672253,
                -0.03960099356672253,
                -0.03960099356672253,
                -0.03960099356672253,
                -0.03960099356672253,
                -0.03960099356672253,
                -0.03960099356672253,
                -0.03960099356672253,
                -0.03960099356672253,
                -0.03960099356672253,
                -0.03960099356672253,
                -0.03960099356672253,
                -0.03960099356672253,
                -0.8033806915875917,
                -1.0092470232476174,
                1.7896618968651605,
                4.118854587505353,
                6.539868434746354,
                8.903610969706252,
                11.0119790267236,
                12.668577887694518,
                13.748056724315575,
                14.302297079488678,
                14.523805783920801,
                14.578377690018513,
                14.6061066926967,
                14.70024910136862,
                14.878078221112748,
                15.141330187731016,
                15.469883577653592,
                15.822919647155713,
                16.143970052172435,
                16.373103408492476,
                16.462765641653874,
                16.266800648833428,
                15.72155933006786,
                14.889541233052652,
                13.609340755236286,
                11.723810333414827,
                9.289468121806289,
                6.485135011756632,
                3.5751345714266796,
                0.5843865118097051,
                -0.9767686784344366,
                -0.03960099356672253,
                14.578377690018513,
                14.578377690018513,
                14.578377690018513,
                14.578377690018513,
                14.578377690018513,
                14.578377690018513,
                14.578377690018513,
                14.578377690018513,
                14.578377690018513,
                14.578377690018513,
                14.578377690018513,
                14.578377690018513,
                14.578377690018513,
                16.462765641653874,
                16.462765641653874,
                16.46276564165383,
                16.462765641653874,
                16.46276564165383,
                16.462765641653874,
                16.462765641653874,
                16.462765641653874,
                16.462765641653874,
                16.462765641653874,
                16.462765641653874,
                16.462765641653874,
                16.462765641653874
            ],
            "Node_2": [
                -0.01393059815953618,
                2.087976068257637,
                4.14950875872605,
                6.161482237035377,
                8.10094426363558,
                9.940728724728029,
                11.650095484990036,
                13.197349626318482,
                14.55039138211391,
                15.677463683185284,
                16.55225766775103,
                17.15511210078394,
                17.413335154911266,
                17.411090172550676,
                17.4251990351712,
                17.477667215996505,
                17.58018753333225,
                17.73646152533344,
                17.94262918253414,
                18.188754695909783,
                18.45214387677484,
                18.67549335445122,
                18.593239349138425,
                17.97610861698239,
                17.1218821169604,
                16.096486854937023,
                14.708326796428707,
                12.783531438580168,
                10.468844093981364,
                7.947713477578442,
                5.32787686430787,
                2.6690465895048168,
                -0.01393059815953618,
                -0.01393059815953618,
                -0.01393059815953618,
                -0.01393059815953618,
                -0.01393059815953618,
                -0.01393059815953618,
                -0.01393059815953618,
                -0.01393059815953618,
                -0.01393059815953618,
                -0.01393059815953618,
                -0.01393059815953618,
                -0.01393059815953618,
                -0.01393059815953618,
                2.087976068257637,
                4.14950875872605,
                6.161482237035377,
                8.10094426363558,
                9.940728724728029,
                11.650095484990036,
                13.197349626318482,
                14.55039138211391,
                15.677463683185284,
                16.55225766775103,
                17.15511210078394,
                17.413335154911266,
                17.411090172550676,
                17.4251990351712,
                17.477667215996505,
                17.58018753333225,
                17.73646152533344,
                17.94262918253414,
                18.188754695909783,
                18.45214387677484,
                18.67549335445122,
                18.593239349138425,
                17.97610861698239,
                17.1218821169604,
                16.096486854937023,
                14.708326796428707,
                12.783531438580168,
                10.468844093981364,
                7.947713477578442,
                5.32787686430787,
                2.6690465895048168,
                -0.01393059815953618,
                17.413335154911266,
                17.413335154911266,
                17.413335154911266,
                17.413335154911266,
                17.413335154911266,
                17.413335154911266,
                17.413335154911266,
                17.413335154911266,
                17.413335154911266,
                17.413335154911266,
                17.413335154911266,
                17.413335154911266,
                17.413335154911266,
                18.67549335445122,
                18.67549335445122,
                18.675493354451227,
                18.67549335445122,
                18.675493354451227,
                18.67549335445122,
                18.67549335445122,
                18.67549335445122,
                18.67549335445122,
                18.67549335445122,
                18.67549335445122,
                18.67549335445122,
                18.67549335445122
            ],
            "Node_3": [
                -0.008747847739750719,
                3.2940446669637917,
                6.460852036602839,
                9.406767961037298,
                12.045629325684654,
                14.26806577486159,
                16.00320699019081,
                17.31884244588236,
                18.108939692015916,
                18.05704820797771,
                17.99768372594674,
                17.908654143278696,
                17.826662983496668,
                17.94726391252601,
                18.260889658350827,
                18.679145200540944,
                19.108065119728067,
                19.45949651282434,
                19.66879430794508,
                19.714622762614923,
                19.625373124812143,
                19.474043719422642,
                19.448658100520092,
                19.563097389513228,
                19.346208466036483,
                18.669124538851445,
                17.64184480237901,
                16.25517214679922,
                14.24659644623748,
                11.446300451795972,
                7.9799671043467875,
                4.091431504553002,
                -0.008747847739750719,
                -0.008747847739750719,
                -0.008747847739750719,
                -0.008747847739750719,
                -0.008747847739750719,
                -0.008747847739750719,
                -0.008747847739750719,
                -0.008747847739750719,
                -0.008747847739750719,
                -0.008747847739750719,
                -0.008747847739750719,
                -0.008747847739750719,
                -0.008747847739750719,
                3.2940446669637917,
                6.460852036602839,
                9.406767961037298,
                12.045629325684654,
                14.26806577486159,
                16.00320699019081,
                17.31884244588236,
                18.108939692015916,
                18.05704820797771,
                17.99768372594674,
                17.908654143278696,
                17.826662983496668,
                17.94726391252601,
                18.260889658350827,
                18.679145200540944,
                19.108065119728067,
                19.45949651282434,
                19.66879430794508,
                19.714622762614923,
                19.625373124812143,
                19.474043719422642,
                19.448658100520092,
                19.563097389513228,
                19.346208466036483,
                18.669124538851445,
                17.64184480237901,
                16.25517214679922,
                14.24659644623748,
                11.446300451795972,
                7.9799671043467875,
                4.091431504553002,
                -0.008747847739750719,
                17.826662983496668,
                17.826662983496668,
                17.826662983496668,
                17.826662983496668,
                17.826662983496668,
                17.826662983496668,
                17.826662983496668,
                17.826662983496668,
                17.826662983496668,
                17.826662983496668,
                17.826662983496668,
                17.826662983496668,
                17.826662983496668,
                19.474043719422642,
                19.474043719422642,
                19.474043719422625,
                19.474043719422642,
                19.474043719422625,
                19.474043719422642,
                19.474043719422642,
                19.474043719422642,
                19.474043719422642,
                19.474043719422642,
                19.474043719422642,
                19.474043719422642,
                19.474043719422642
            ],
            "Node_4": [
                19.68152175840532,
                19.624797081162665,
                19.389098485899275,
                19.06063304438092,
                18.749864733145557,
                18.49906880972592,
                18.316805404967035,
                18.195660611531547,
                18.389865962375207,
                19.34333194908085,
                20.25386722840229,
                20.961839396119267,
                21.22657773081083,
                21.275438851463633,
                21.410957991663654,
                21.608994783329592,
                21.84936246562577,
                22.123846778040203,
                22.429092717544894,
                22.43835549547734,
                22.397590006953777,
                22.38401347585094,
                22.36112747048566,
                22.176750724595582,
                21.261743701398597,
                20.460418566871404,
                19.825473677298962,
                19.346055708037486,
                19.08223790512789,
                19.06062666024623,
                19.251130842477497,
                19.540266312419725,
                19.68152175840532,
                19.68152175840532,
                19.68152175840532,
                19.68152175840532,
                19.68152175840532,
                19.68152175840532,
                19.68152175840532,
                19.68152175840532,
                19.68152175840532,
                19.68152175840532,
                19.68152175840532,
                19.68152175840532,
                19.68152175840532,
                19.624797081162665,
                19.389098485899275,
                19.06063304438092,
                18.749864733145557,
                18.49906880972592,
                18.316805404967035,
                18.195660611531547,
                18.389865962375207,
                19.34333194908085,
                20.25386722840229,
                20.961839396119267,
                21.22657773081083,
                21.275438851463633,
                21.410957991663654,
                21.608994783329592,
                21.84936246562577,
                22.123846778040203,
                22.429092717544894,
                22.43835549547734,
                22.397590006953777,
                22.38401347585094,
                22.36112747048566,
                22.176750724595582,
                21.261743701398597,
                20.460418566871404,
                19.825473677298962,
                19.346055708037486,
                19.08223790512789,
                19.06062666024623,
                19.251130842477497,
                19.540266312419725,
                19.68152175840532,
                21.22657773081083,
                21.22657773081083,
                21.22657773081083,
                21.22657773081083,
                21.22657773081083,
                21.22657773081083,
                21.22657773081083,
                21.22657773081083,
                21.22657773081083,
                21.22657773081083,
                21.22657773081083,
                21.22657773081083,
                21.22657773081083,
                22.38401347585094,
                22.38401347585094,
                22.384013475850942,
                22.38401347585094,
                22.384013475850942,
                22.38401347585094,
                22.38401347585094,
                22.38401347585094,
                22.38401347585094,
                22.38401347585094,
                22.38401347585094,
                22.38401347585094,
                22.38401347585094
            ],
            "Node_5": [
                19.79111736226475,
                19.70697229651951,
                19.59914436053643,
                19.598509440484865,
                19.73638718742512,
                19.969596323986167,
                20.217976973739287,
                20.46302265187353,
                20.82841805134733,
                21.46060610794287,
                22.36492090669233,
                23.311434205799472,
                23.293360978596496,
                23.25620291141361,
                23.15321356155236,
                23.003742876734133,
                22.831374583984157,
                22.66310540846212,
                22.527020788852543,
                22.750328811700857,
                23.022582593251453,
                23.142675454691073,
                22.896199628989226,
                22.26740635697952,
                21.849686863840674,
                20.883166479597563,
                20.07919965552914,
                19.664038467940888,
                19.500211875198914,
                19.480575317505505,
                19.577874646421428,
                19.72766086355192,
                19.79111736226475,
                19.79111736226475,
                19.79111736226475,
                19.79111736226475,
                19.79111736226475,
                19.79111736226475,
                19.79111736226475,
                19.79111736226475,
                19.79111736226475,
                19.79111736226475,
                19.79111736226475,
                19.79111736226475,
                19.79111736226475,
                19.70697229651951,
                19.59914436053643,
                19.598509440484865,
                19.73638718742512,
                19.969596323986167,
                20.217976973739287,
                20.46302265187353,
                20.82841805134733,
                21.46060610794287,
                22.36492090669233,
                23.311434205799472,
                23.293360978596496,
                23.25620291141361,
                23.15321356155236,
                23.003742876734133,
                22.831374583984157,
                22.66310540846212,
                22.527020788852543,
                22.750328811700857,
                23.022582593251453,
                23.142675454691073,
                22.896199628989226,
                22.26740635697952,
                21.849686863840674,
                20.883166479597563,
                20.07919965552914,
                19.664038467940888,
                19.500211875198914,
                19.480575317505505,
                19.577874646421428,
                19.72766086355192,
                19.79111736226475,
                23.293360978596496,
                23.293360978596496,
                23.293360978596496,
                23.293360978596496,
                23.293360978596496,
                23.293360978596496,
                23.293360978596496,
                23.293360978596496,
                23.293360978596496,
                23.293360978596496,
                23.293360978596496,
                23.293360978596496,
                23.293360978596496,
                23.142675454691073,
                23.142675454691073,
                23.14267545469109,
                23.142675454691073,
                23.14267545469109,
                23.142675454691073,
                23.142675454691073,
                23.142675454691073,
                23.142675454691073,
                23.142675454691073,
                23.142675454691073,
                23.142675454691073,
                23.142675454691073
            ],
            "Node_6": [
                21.199136478148702,
                21.192684167717843,
                21.2226384287976,
                21.346585843654132,
                21.556502290185275,
                21.832988204325964,
                22.156738393002726,
                22.507000310821805,
                22.857779384966964,
                23.17287895226349,
                23.35502607011734,
                23.508618519837622,
                23.719931123555906,
                23.749537201948556,
                23.831407521412896,
                23.944480207700842,
                24.058175590890638,
                24.14881690221335,
                24.213928595424647,
                24.275299187408905,
                24.380359047072396,
                24.560482311160754,
                24.11414080302765,
                23.34621486068935,
                22.63531553952357,
                22.532782124442463,
                22.71621052700827,
                22.451077799576876,
                21.940855545877003,
                21.542079445811172,
                21.273842599080695,
                21.177749260031348,
                21.199136478148702,
                21.199136478148702,
                21.199136478148702,
                21.199136478148702,
                21.199136478148702,
                21.199136478148702,
                21.199136478148702,
                21.199136478148702,
                21.199136478148702,
                21.199136478148702,
                21.199136478148702,
                21.199136478148702,
                21.199136478148702,
                21.192684167717843,
                21.2226384287976,
                21.346585843654132,
                21.556502290185275,
                21.832988204325964,
                22.156738393002726,
                22.507000310821805,
                22.857779384966964,
                23.17287895226349,
                23.35502607011734,
                23.508618519837622,
                23.719931123555906,
                23.749537201948556,
                23.831407521412896,
                23.944480207700842,
                24.058175590890638,
                24.14881690221335,
                24.213928595424647,
                24.275299187408905,
                24.380359047072396,
                24.560482311160754,
                24.11414080302765,
                23.34621486068935,
                22.63531553952357,
                22.532782124442463,
                22.71621052700827,
                22.451077799576876,
                21.940855545877003,
                21.542079445811172,
                21.273842599080695,
                21.177749260031348,
                21.199136478148702,
                23.719931123555906,
                23.719931123555906,
                23.719931123555906,
                23.719931123555906,
                23.719931123555906,
                23.719931123555906,
                23.719931123555906,
                23.719931123555906,
                23.719931123555906,
                23.719931123555906,
                23.719931123555906,
                23.719931123555906,
                23.719931123555906,
                24.560482311160754,
                24.560482311160754,
                24.56048231116075,
                24.560482311160754,
                24.56048231116075,
                24.560482311160754,
                24.560482311160754,
                24.560482311160754,
                24.560482311160754,
                24.560482311160754,
                24.560482311160754,
                24.560482311160754,
                24.560482311160754
            ],
            "Node_7": [
                21.209048944084554,
                21.305132194477434,
                21.687071357117645,
                22.302709778769863,
                22.84162138465455,
                23.13218104830379,
                23.525870509067524,
                23.642393423514875,
                23.616214914170495,
                23.550996144300147,
                23.541812998610208,
                23.67569774987237,
                24.420585184314948,
                24.419413223845275,
                24.420554111282204,
                24.43473688088996,
                24.470874151994302,
                24.52980949808816,
                24.600940877415734,
                24.657948042760925,
                24.65929462956879,
                24.561616349282797,
                24.693823171401743,
                24.399882875882536,
                24.01242618450056,
                23.56498442962801,
                23.037134748205208,
                23.018791979780588,
                23.142719402145428,
                22.687226889624405,
                21.924298834625567,
                21.363095513703804,
                21.209048944084554,
                21.209048944084554,
                21.209048944084554,
                21.209048944084554,
                21.209048944084554,
                21.209048944084554,
                21.209048944084554,
                21.209048944084554,
                21.209048944084554,
                21.209048944084554,
                21.209048944084554,
                21.209048944084554,
                21.209048944084554,
                21.305132194477434,
                21.687071357117645,
                22.302709778769863,
                22.84162138465455,
                23.13218104830379,
                23.525870509067524,
                23.642393423514875,
                23.616214914170495,
                23.550996144300147,
                23.541812998610208,
                23.67569774987237,
                24.420585184314948,
                24.419413223845275,
                24.420554111282204,
                24.43473688088996,
                24.470874151994302,
                24.52980949808816,
                24.600940877415734,
                24.657948042760925,
                24.65929462956879,
                24.561616349282797,
                24.693823171401743,
                24.399882875882536,
                24.01242618450056,
                23.56498442962801,
                23.037134748205208,
                23.018791979780588,
                23.142719402145428,
                22.687226889624405,
                21.924298834625567,
                21.363095513703804,
                21.209048944084554,
                24.420585184314948,
                24.420585184314948,
                24.420585184314948,
                24.420585184314948,
                24.420585184314948,
                24.420585184314948,
                24.420585184314948,
                24.420585184314948,
                24.420585184314948,
                24.420585184314948,
                24.420585184314948,
                24.420585184314948,
                24.420585184314948,
                24.561616349282797,
                24.561616349282797,
                24.561616349282797,
                24.561616349282797,
                24.561616349282797,
                24.561616349282797,
                24.561616349282797,
                24.561616349282797,
                24.561616349282797,
                24.561616349282797,
                24.561616349282797,
                24.561616349282797,
                24.561616349282797
            ],
            "Node_8": [
                22.22116671729839,
                22.330242819443683,
                22.525625455584393,
                22.708811291211212,
                23.079964059708153,
                23.500023877878796,
                23.66114101946775,
                24.135444087291216,
                24.666509254870263,
                25.08100123645991,
                25.377619512821628,
                25.571948614271854,
                25.705009780387943,
                25.716900590527228,
                25.7618144053364,
                25.857592893074788,
                26.01118695005801,
                26.198182680307333,
                26.361816473296297,
                26.450595239064096,
                26.460755936477316,
                26.438800745806255,
                26.448141693580485,
                26.169866963345953,
                25.746490021238916,
                25.27826209341856,
                24.718043698414924,
                24.04127721226798,
                23.381256880174437,
                22.957423059189573,
                22.665651179139303,
                22.41140744156788,
                22.22116671729839,
                22.22116671729839,
                22.22116671729839,
                22.22116671729839,
                22.22116671729839,
                22.22116671729839,
                22.22116671729839,
                22.22116671729839,
                22.22116671729839,
                22.22116671729839,
                22.22116671729839,
                22.22116671729839,
                22.22116671729839,
                22.330242819443683,
                22.525625455584393,
                22.708811291211212,
                23.079964059708153,
                23.500023877878796,
                23.66114101946775,
                24.135444087291216,
                24.666509254870263,
                25.08100123645991,
                25.377619512821628,
                25.571948614271854,
                25.705009780387943,
                25.716900590527228,
                25.7618144053364,
                25.857592893074788,
                26.01118695005801,
                26.198182680307333,
                26.361816473296297,
                26.450595239064096,
                26.460755936477316,
                26.438800745806255,
                26.448141693580485,
                26.169866963345953,
                25.746490021238916,
                25.27826209341856,
                24.718043698414924,
                24.04127721226798,
                23.381256880174437,
                22.957423059189573,
                22.665651179139303,
                22.41140744156788,
                22.22116671729839,
                25.705009780387943,
                25.705009780387943,
                25.705009780387943,
                25.705009780387943,
                25.705009780387943,
                25.705009780387943,
                25.705009780387943,
                25.705009780387943,
                25.705009780387943,
                25.705009780387943,
                25.705009780387943,
                25.705009780387943,
                25.705009780387943,
                26.438800745806255,
                26.438800745806255,
                26.438800745806258,
                26.438800745806255,
                26.438800745806258,
                26.438800745806255,
                26.438800745806255,
                26.438800745806255,
                26.438800745806255,
                26.438800745806255,
                26.438800745806255,
                26.438800745806255,
                26.438800745806255
            ],
            "Node_9": [
                22.292130673378395,
                22.407970432513544,
                22.680624226586733,
                22.995975535601715,
                23.282476800373885,
                23.776817065907622,
                24.423394969242356,
                24.988861246017283,
                25.494269671009533,
                25.93505339014816,
                26.258686707423983,
                26.439045195088433,
                26.031336739619594,
                26.07541108493895,
                26.196316371938952,
                26.368885634694788,
                26.560501347899795,
                26.684339175228267,
                26.77120724559943,
                26.854647519149704,
                26.90640980673846,
                26.925311993564765,
                26.916669055436557,
                26.720167404706984,
                26.410519559364523,
                25.956967143031203,
                25.360941548720923,
                24.64214842088,
                23.856129858853716,
                23.27973342297044,
                22.880520352427247,
                22.46968335664557,
                22.292130673378395,
                22.292130673378395,
                22.292130673378395,
                22.292130673378395,
                22.292130673378395,
                22.292130673378395,
                22.292130673378395,
                22.292130673378395,
                22.292130673378395,
                22.292130673378395,
                22.292130673378395,
                22.292130673378395,
                22.292130673378395,
                22.407970432513544,
                22.680624226586733,
                22.995975535601715,
                23.282476800373885,
                23.776817065907622,
                24.423394969242356,
                24.988861246017283,
                25.494269671009533,
                25.93505339014816,
                26.258686707423983,
                26.439045195088433,
                26.031336739619594,
                26.07541108493895,
                26.196316371938952,
                26.368885634694788,
                26.560501347899795,
                26.684339175228267,
                26.77120724559943,
                26.854647519149704,
                26.90640980673846,
                26.925311993564765,
                26.916669055436557,
                26.720167404706984,
                26.410519559364523,
                25.956967143031203,
                25.360941548720923,
                24.64214842088,
                23.856129858853716,
                23.27973342297044,
                22.880520352427247,
                22.46968335664557,
                22.292130673378395,
                26.031336739619594,
                26.031336739619594,
                26.031336739619594,
                26.031336739619594,
                26.031336739619594,
                26.031336739619594,
                26.031336739619594,
                26.031336739619594,
                26.031336739619594,
                26.031336739619594,
                26.031336739619594,
                26.031336739619594,
                26.031336739619594,
                26.925311993564765,
                26.925311993564765,
                26.92531199356477,
                26.925311993564765,
                26.92531199356477,
                26.925311993564765,
                26.925311993564765,
                26.925311993564765,
                26.925311993564765,
                26.925311993564765,
                26.925311993564765,
                26.925311993564765,
                26.925311993564765
            ],
            "Node_10": [
                27.42067887705886,
                27.608714399445464,
                28.156387578921564,
                28.991774929165253,
                29.978824928435305,
                30.943905620527982,
                31.681685027760455,
                31.956017245156463,
                31.57602655383868,
                30.522206063369055,
                28.975293641668703,
                27.245609033930517,
                26.501752936481445,
                26.508915063784375,
                26.531522074184927,
                26.57097526016519,
                26.63064819752693,
                26.767914271813844,
                26.92440032030888,
                27.03081440392747,
                27.072088090115393,
                27.047097978895177,
                27.191147355943215,
                28.336726150219533,
                29.834171464112625,
                31.167000072488513,
                31.89245728790443,
                31.76695736143476,
                30.922591360860398,
                29.723420623108748,
                28.54766317237423,
                27.7146814418077,
                27.42067887705886,
                27.42067887705886,
                27.42067887705886,
                27.42067887705886,
                27.42067887705886,
                27.42067887705886,
                27.42067887705886,
                27.42067887705886,
                27.42067887705886,
                27.42067887705886,
                27.42067887705886,
                27.42067887705886,
                27.42067887705886,
                27.608714399445464,
                28.156387578921564,
                28.991774929165253,
                29.978824928435305,
                30.943905620527982,
                31.681685027760455,
                31.956017245156463,
                31.57602655383868,
                30.522206063369055,
                28.975293641668703,
                27.245609033930517,
                26.501752936481445,
                26.508915063784375,
                26.531522074184927,
                26.57097526016519,
                26.63064819752693,
                26.767914271813844,
                26.92440032030888,
                27.03081440392747,
                27.072088090115393,
                27.047097978895177,
                27.191147355943215,
                28.336726150219533,
                29.834171464112625,
                31.167000072488513,
                31.89245728790443,
                31.76695736143476,
                30.922591360860398,
                29.723420623108748,
                28.54766317237423,
                27.7146814418077,
                27.42067887705886,
                26.501752936481445,
                26.501752936481445,
                26.501752936481445,
                26.501752936481445,
                26.501752936481445,
                26.501752936481445,
                26.501752936481445,
                26.501752936481445,
                26.501752936481445,
                26.501752936481445,
                26.501752936481445,
                26.501752936481445,
                26.501752936481445,
                27.047097978895177,
                27.047097978895177,
                27.0470979788952,
                27.047097978895177,
                27.0470979788952,
                27.047097978895177,
                27.047097978895177,
                27.047097978895177,
                27.047097978895177,
                27.047097978895177,
                27.047097978895177,
                27.047097978895177,
                27.047097978895177
            ],
            "Node_11": [
                49.479621924659625,
                49.28762358775263,
                48.740590432111006,
                47.92199046407255,
                46.94715383487063,
                45.90529725895624,
                44.654641964019554,
                43.3874027974818,
                42.33631891388405,
                41.54503475504946,
                40.99721636274477,
                40.67145362652949,
                40.56248180030694,
                40.52307196938607,
                40.41056231572918,
                40.24145092207735,
                40.04225271483016,
                39.8476721964012,
                39.69430826956738,
                39.61275658866638,
                39.623949921155855,
                39.73310798113835,
                39.654401509712045,
                39.93084165946416,
                40.53918908169118,
                41.45128145310485,
                42.68874036303144,
                44.25954186876434,
                45.837934863834256,
                47.15924594700543,
                48.34585642142591,
                49.17942437437922,
                49.479621924659625,
                49.479621924659625,
                49.479621924659625,
                49.479621924659625,
                49.479621924659625,
                49.479621924659625,
                49.479621924659625,
                49.479621924659625,
                49.479621924659625,
                49.479621924659625,
                49.479621924659625,
                49.479621924659625,
                49.479621924659625,
                49.28762358775263,
                48.740590432111006,
                47.92199046407255,
                46.94715383487063,
                45.90529725895624,
                44.654641964019554,
                43.3874027974818,
                42.33631891388405,
                41.54503475504946,
                40.99721636274477,
                40.67145362652949,
                40.56248180030694,
                40.52307196938607,
                40.41056231572918,
                40.24145092207735,
                40.04225271483016,
                39.8476721964012,
                39.69430826956738,
                39.61275658866638,
                39.623949921155855,
                39.73310798113835,
                39.654401509712045,
                39.93084165946416,
                40.53918908169118,
                41.45128145310485,
                42.68874036303144,
                44.25954186876434,
                45.837934863834256,
                47.15924594700543,
                48.34585642142591,
                49.17942437437922,
                49.479621924659625,
                40.56248180030694,
                40.56248180030694,
                40.56248180030694,
                40.56248180030694,
                40.56248180030694,
                40.56248180030694,
                40.56248180030694,
                40.56248180030694,
                40.56248180030694,
                40.56248180030694,
                40.56248180030694,
                40.56248180030694,
                40.56248180030694,
                39.73310798113835,
                39.73310798113835,
                39.733107981138396,
                39.73310798113835,
                39.733107981138396,
                39.73310798113835,
                39.73310798113835,
                39.73310798113835,
                39.73310798113835,
                39.73310798113835,
                39.73310798113835,
                39.73310798113835,
                39.73310798113835
            ],
            "Node_12": [
                50.95227647639722,
                50.6943098701735,
                49.96528973611426,
                48.87664674129591,
                47.561740247772136,
                46.1720060721073,
                45.06603011846009,
                44.24632511853783,
                43.61602142288555,
                43.1585612260438,
                42.84076455707558,
                42.645208940866134,
                42.57779388713254,
                42.511716006103676,
                42.31968075032407,
                42.01845507076753,
                41.63310312682795,
                41.19679058467056,
                40.749165444887616,
                40.332188773295414,
                39.98702694892237,
                39.75554691740561,
                40.139701575261654,
                40.75224548976216,
                41.51573576390419,
                42.39762713706962,
                43.403452300658124,
                44.55522731464697,
                46.05542625449722,
                47.868195571913716,
                49.453082923769486,
                50.55456871983461,
                50.95227647639722,
                50.95227647639722,
                50.95227647639722,
                50.95227647639722,
                50.95227647639722,
                50.95227647639722,
                50.95227647639722,
                50.95227647639722,
                50.95227647639722,
                50.95227647639722,
                50.95227647639722,
                50.95227647639722,
                50.95227647639722,
                50.6943098701735,
                49.96528973611426,
                48.87664674129591,
                47.561740247772136,
                46.1720060721073,
                45.06603011846009,
                44.24632511853783,
                43.61602142288555,
                43.1585612260438,
                42.84076455707558,
                42.645208940866134,
                42.57779388713254,
                42.511716006103676,
                42.31968075032407,
                42.01845507076753,
                41.63310312682795,
                41.19679058467056,
                40.749165444887616,
                40.332188773295414,
                39.98702694892237,
                39.75554691740561,
                40.139701575261654,
                40.75224548976216,
                41.51573576390419,
                42.39762713706962,
                43.403452300658124,
                44.55522731464697,
                46.05542625449722,
                47.868195571913716,
                49.453082923769486,
                50.55456871983461,
                50.95227647639722,
                42.57779388713254,
                42.57779388713254,
                42.57779388713254,
                42.57779388713254,
                42.57779388713254,
                42.57779388713254,
                42.57779388713254,
                42.57779388713254,
                42.57779388713254,
                42.57779388713254,
                42.57779388713254,
                42.57779388713254,
                42.57779388713254,
                39.75554691740561,
                39.75554691740561,
                39.75554691740562,
                39.75554691740561,
                39.75554691740562,
                39.75554691740561,
                39.75554691740561,
                39.75554691740561,
                39.75554691740561,
                39.75554691740561,
                39.75554691740561,
                39.75554691740561,
                39.75554691740561
            ],
            "Node_13": [
                75.49296465046936,
                75.34798873942714,
                74.9968253436878,
                74.61779526081511,
                74.34818597016626,
                74.2256257992596,
                74.23792135270152,
                74.38909267931784,
                74.6901459948872,
                75.10113420693034,
                75.51719144368938,
                75.81949169638308,
                75.92874494151397,
                75.91418324486642,
                75.87478198703815,
                75.81933847408887,
                75.75731440039144,
                75.70083254471729,
                75.66205783351249,
                75.64411134049661,
                75.63936182477461,
                75.63565965803342,
                75.58914794738905,
                75.42887258007471,
                75.14094667641031,
                74.77533677726048,
                74.43139884963055,
                74.22202041525996,
                74.2186657933715,
                74.44226980153167,
                74.85718664096753,
                75.297982017486,
                75.49296465046936,
                75.49296465046936,
                75.49296465046936,
                75.49296465046936,
                75.49296465046936,
                75.49296465046936,
                75.49296465046936,
                75.49296465046936,
                75.49296465046936,
                75.49296465046936,
                75.49296465046936,
                75.49296465046936,
                75.49296465046936,
                75.34798873942714,
                74.9968253436878,
                74.61779526081511,
                74.34818597016626,
                74.2256257992596,
                74.23792135270152,
                74.38909267931784,
                74.6901459948872,
                75.10113420693034,
                75.51719144368938,
                75.81949169638308,
                75.92874494151397,
                75.91418324486642,
                75.87478198703815,
                75.81933847408887,
                75.75731440039144,
                75.70083254471729,
                75.66205783351249,
                75.64411134049661,
                75.63936182477461,
                75.63565965803342,
                75.58914794738905,
                75.42887258007471,
                75.14094667641031,
                74.77533677726048,
                74.43139884963055,
                74.22202041525996,
                74.2186657933715,
                74.44226980153167,
                74.85718664096753,
                75.297982017486,
                75.49296465046936,
                75.92874494151397,
                75.92874494151397,
                75.92874494151397,
                75.92874494151397,
                75.92874494151397,
                75.92874494151397,
                75.92874494151397,
                75.92874494151397,
                75.92874494151397,
                75.92874494151397,
                75.92874494151397,
                75.92874494151397,
                75.92874494151397,
                75.63565965803342,
                75.63565965803342,
                75.6356596580334,
                75.63565965803342,
                75.6356596580334,
                75.63565965803342,
                75.63565965803342,
                75.63565965803342,
                75.63565965803342,
                75.63565965803342,
                75.63565965803342,
                75.63565965803342,
                75.63565965803342
            ],
            "Node_14": [
                87.1209220642295,
                87.12055970477233,
                87.10793094739407,
                87.04956578814202,
                86.90474248107097,
                86.66128674924984,
                86.35803560509594,
                86.06959380770179,
                85.86407544688976,
                85.76472946980897,
                85.7456214484736,
                85.75939323182736,
                85.76842622992974,
                85.74296247353418,
                85.67162465381018,
                85.56817444692054,
                85.45189922190028,
                85.3443591668397,
                85.26631206481862,
                85.23393024368836,
                85.25359865366472,
                85.30836606381718,
                85.3139361128851,
                85.30242771350538,
                85.37028334393497,
                85.52247000525392,
                85.78530161239881,
                86.17087233335282,
                86.6057869597657,
                86.94765474840685,
                87.09542999974833,
                87.12005338845155,
                87.1209220642295,
                87.1209220642295,
                87.1209220642295,
                87.1209220642295,
                87.1209220642295,
                87.1209220642295,
                87.1209220642295,
                87.1209220642295,
                87.1209220642295,
                87.1209220642295,
                87.1209220642295,
                87.1209220642295,
                87.1209220642295,
                87.12055970477233,
                87.10793094739407,
                87.04956578814202,
                86.90474248107097,
                86.66128674924984,
                86.35803560509594,
                86.06959380770179,
                85.86407544688976,
                85.76472946980897,
                85.7456214484736,
                85.75939323182736,
                85.76842622992974,
                85.74296247353418,
                85.67162465381018,
                85.56817444692054,
                85.45189922190028,
                85.3443591668397,
                85.26631206481862,
                85.23393024368836,
                85.25359865366472,
                85.30836606381718,
                85.3139361128851,
                85.30242771350538,
                85.37028334393497,
                85.52247000525392,
                85.78530161239881,
                86.17087233335282,
                86.6057869597657,
                86.94765474840685,
                87.09542999974833,
                87.12005338845155,
                87.1209220642295,
                85.76842622992974,
                85.76842622992974,
                85.76842622992974,
                85.76842622992974,
                85.76842622992974,
                85.76842622992974,
                85.76842622992974,
                85.76842622992974,
                85.76842622992974,
                85.76842622992974,
                85.76842622992974,
                85.76842622992974,
                85.76842622992974,
                85.30836606381718,
                85.30836606381718,
                85.30836606381719,
                85.30836606381718,
                85.30836606381719,
                85.30836606381718,
                85.30836606381718,
                85.30836606381718,
                85.30836606381718,
                85.30836606381718,
                85.30836606381718,
                85.30836606381718,
                85.30836606381718
            ],
            "Node_15": [
                87.32946677883045,
                87.33383588623828,
                87.34032386571295,
                87.33581880389058,
                87.31129760719149,
                87.26222360955624,
                87.18938815916252,
                87.10092826683622,
                87.00921293792543,
                86.92661055019117,
                86.86266712101833,
                86.82294556498596,
                86.80957693590453,
                86.79038317877554,
                86.73168356672954,
                86.63128012191208,
                86.48911690748301,
                86.3111727714102,
                86.11139557577155,
                85.91039430831584,
                85.73369030756163,
                85.61972757730582,
                85.74020336386121,
                86.09857180280706,
                86.48793611881297,
                86.81651781648519,
                87.04441009397826,
                87.17455191657294,
                87.2342298387856,
                87.26318381143513,
                87.30425672872133,
                87.32902093213309,
                87.32946677883045,
                87.32946677883045,
                87.32946677883045,
                87.32946677883045,
                87.32946677883045,
                87.32946677883045,
                87.32946677883045,
                87.32946677883045,
                87.32946677883045,
                87.32946677883045,
                87.32946677883045,
                87.32946677883045,
                87.32946677883045,
                87.33383588623828,
                87.34032386571295,
                87.33581880389058,
                87.31129760719149,
                87.26222360955624,
                87.18938815916252,
                87.10092826683622,
                87.00921293792543,
                86.92661055019117,
                86.86266712101833,
                86.82294556498596,
                86.80957693590453,
                86.79038317877554,
                86.73168356672954,
                86.63128012191208,
                86.48911690748301,
                86.3111727714102,
                86.11139557577155,
                85.91039430831584,
                85.73369030756163,
                85.61972757730582,
                85.74020336386121,
                86.09857180280706,
                86.48793611881297,
                86.81651781648519,
                87.04441009397826,
                87.17455191657294,
                87.2342298387856,
                87.26318381143513,
                87.30425672872133,
                87.32902093213309,
                87.32946677883045,
                86.80957693590453,
                86.80957693590453,
                86.80957693590453,
                86.80957693590453,
                86.80957693590453,
                86.80957693590453,
                86.80957693590453,
                86.80957693590453,
                86.80957693590453,
                86.80957693590453,
                86.80957693590453,
                86.80957693590453,
                86.80957693590453,
                85.61972757730582,
                85.61972757730582,
                85.61972757730582,
                85.61972757730582,
                85.61972757730582,
                85.61972757730582,
                85.61972757730582,
                85.61972757730582,
                85.61972757730582,
                85.61972757730582,
                85.61972757730582,
                85.61972757730582,
                85.61972757730582
            ]
        }
    },
    "Phonon_DOS": {
        "DOS": [
            0.0,
            0.006,
            0.0,
            0.0,
            0.0,
            0.0,
            0.006666666666666667,
            0.0013333333333333333,
            0.004,
            0.004,
            0.004,
            0.012,
            0.0,
            0.004,
            0.016,
            0.016,
            0.016666666666666666,
            0.021333333333333333,
            0.018666666666666668,
            0.024666666666666667,
            0.04466666666666667,
            0.052000000000000005,
            0.017333333333333333,
            0.046,
            0.06533333333333333,
            0.08933333333333333,
            0.042,
            0.051333333333333335,
            0.042666666666666665,
            0.012666666666666666,
            0.004,
            0.012,
            0.008,
            0.024,
            0.0,
            0.0,
            0.0,
            0.0,
            0.0,
            0.0,
            0.0,
            0.008,
            0.02333333333333333,
            0.02666666666666667,
            0.026000000000000002,
            0.004,
            0.02,
            0.0,
            0.012,
            0.004,
            0.004,
            0.004666666666666667,
            0.0006666666666666666,
            0.0,
            0.0,
            0.0,
            0.0,
            0.0,
            0.0,
            0.0,
            0.0,
            0.0,
            0.0,
            0.0,
            0.0,
            0.0,
            0.0,
            0.0,
            0.0,
            0.0,
            0.0,
            0.0,
            0.0,
            0.0,
            0.0,
            0.0,
            0.036000000000000004,
            0.03066666666666667,
            0.0,
            0.0,
            0.0,
            0.0,
            0.0,
            0.0,
            0.0,
            0.0,
            0.0,
            0.04733333333333333,
            0.057999999999999996,
            0.027999999999999997,
            0.0
        ],
        "Energy(meV)": [
            -1.5,
            -0.5,
            0.5,
            1.5,
            2.5,
            3.5,
            4.5,
            5.5,
            6.5,
            7.5,
            8.5,
            9.5,
            10.5,
            11.5,
            12.5,
            13.5,
            14.5,
            15.5,
            16.5,
            17.5,
            18.5,
            19.5,
            20.5,
            21.5,
            22.5,
            23.5,
            24.5,
            25.5,
            26.5,
            27.5,
            28.5,
            29.5,
            30.5,
            31.5,
            32.5,
            33.5,
            34.5,
            35.5,
            36.5,
            37.5,
            38.5,
            39.5,
            40.5,
            41.5,
            42.5,
            43.5,
            44.5,
            45.5,
            46.5,
            47.5,
            48.5,
            49.5,
            50.5,
            51.5,
            52.5,
            53.5,
            54.5,
            55.5,
            56.5,
            57.5,
            58.5,
            59.5,
            60.5,
            61.5,
            62.5,
            63.5,
            64.5,
            65.5,
            66.5,
            67.5,
            68.5,
            69.5,
            70.5,
            71.5,
            72.5,
            73.5,
            74.5,
            75.5,
            76.5,
            77.5,
            78.5,
            79.5,
            80.5,
            81.5,
            82.5,
            83.5,
            84.5,
            85.5,
            86.5,
            87.5,
            88.5
        ]
    }
}