{
    "POSCAR": {
        "Atomes": "   Nb    O   N\n",
        "coordinate": "Direct\n",
        "unit_cell": {
            "a_vector": "3.1892164808058494   -3.1632645215599437e-07   -3.3372721829034884e-06\n",
            "b_vector": "-1.5946090341248105   2.761944410439474   1.7950334014749056e-06\n",
            "c_vector": "-3.699644458767032e-05   1.6179821030952944e-06   24.03924016738732\n"
        },
        "positions": {
            "Nb": [
                "0.6666666759283225   0.3333333155153323   0.24941054290481535\n",
                "0.33333324390896524   0.6666665467584618   0.15058945775125532\n"
            ],
            "O": [
                "0.3333331135982406   0.6666668669983858   0.2932668689449569\n",
                "0.6666669603177493   0.33333326866557167   0.10673313049038237\n"
            ],
            "N": [
                "6.2467177459336014e-09   2.0622456443271613e-09   0.1999999999085906\n"
            ]
        }
    },
    "Termo_data": {
        "Temperature (K)": [
            0,
            10,
            20,
            30,
            40,
            50,
            60,
            70,
            80,
            90,
            100,
            110,
            120,
            130,
            140,
            150,
            160,
            170,
            180,
            190,
            200,
            210,
            220,
            230,
            240,
            250,
            260,
            270,
            280,
            290,
            300,
            310,
            320,
            330,
            340,
            350,
            360,
            370,
            380,
            390,
            400,
            410,
            420,
            430,
            440,
            450,
            460,
            470,
            480,
            490,
            500,
            510,
            520,
            530,
            540,
            550,
            560,
            570,
            580,
            590,
            600,
            610,
            620,
            630,
            640,
            650,
            660,
            670,
            680,
            690,
            700,
            710,
            720,
            730,
            740,
            750,
            760,
            770,
            780,
            790,
            800,
            810,
            820,
            830,
            840,
            850,
            860,
            870,
            880,
            890,
            900,
            910,
            920,
            930,
            940,
            950,
            960,
            970,
            980,
            990,
            1000,
            1010,
            1020,
            1030,
            1040,
            1050,
            1060,
            1070,
            1080,
            1090,
            1100,
            1110,
            1120,
            1130,
            1140,
            1150,
            1160,
            1170,
            1180,
            1190,
            1200,
            1210,
            1220,
            1230,
            1240,
            1250,
            1260,
            1270,
            1280,
            1290,
            1300,
            1310,
            1320,
            1330,
            1340,
            1350,
            1360,
            1370,
            1380,
            1390,
            1400,
            1410,
            1420,
            1430,
            1440,
            1450,
            1460,
            1470,
            1480,
            1490,
            1500,
            1510,
            1520,
            1530,
            1540,
            1550,
            1560,
            1570,
            1580,
            1590,
            1600,
            1610,
            1620,
            1630,
            1640,
            1650,
            1660,
            1670,
            1680,
            1690,
            1700,
            1710,
            1720,
            1730,
            1740,
            1750,
            1760,
            1770,
            1780,
            1790,
            1800,
            1810,
            1820,
            1830,
            1840,
            1850,
            1860,
            1870,
            1880,
            1890,
            1900,
            1910,
            1920,
            1930,
            1940,
            1950,
            1960,
            1970
        ],
        "Gibbs_free(J/mole)": [
            -645787.392154792,
            -645787.5247188874,
            -645788.4761942698,
            -645791.7003661531,
            -645799.4882254655,
            -645813.8010849088,
            -645835.8347778566,
            -645866.182426679,
            -645905.0929635653,
            -645952.651958358,
            -646008.8782722844,
            -646073.7663492437,
            -646147.3000916407,
            -646229.454868802,
            -646320.1958620134,
            -646419.4755516344,
            -646527.2326104896,
            -646643.3916123554,
            -646767.8639803086,
            -646900.5490822952,
            -647041.3360237601,
            -647190.105397126,
            -647346.7311744819,
            -647511.0820931514,
            -647683.0232816256,
            -647862.4178251962,
            -648049.1272211481,
            -648243.0130484977,
            -648443.9373074895,
            -648651.7631892078,
            -648866.3555817158,
            -649087.5813920983,
            -649315.3099986415,
            -649549.4137653549,
            -649789.7673768143,
            -650036.2487964577,
            -650288.7389809549,
            -650547.1219414106,
            -650811.2850123626,
            -651081.1183496674,
            -651356.5150536346,
            -651637.3719484878,
            -651923.5889883687,
            -652215.066314581,
            -652511.7105297105,
            -652813.4292447353,
            -653120.1331722325,
            -653431.7353420085,
            -653748.151456237,
            -654069.3001125585,
            -654395.1014256466,
            -654725.4783868135,
            -655060.3561398903,
            -655399.6618753741,
            -655743.3248027974,
            -656091.2764237216,
            -656443.4498825347,
            -656799.7799602984,
            -657160.2038950039,
            -657524.66014365,
            -657893.0888289653,
            -658265.4320823542,
            -658641.6331998847,
            -659021.637037817,
            -659405.3899566282,
            -659792.8398030486,
            -660183.9355643848,
            -660578.6276689405,
            -660976.867911055,
            -661378.6087317658,
            -661783.8046288767,
            -662192.4105052305,
            -662604.3824337934,
            -663019.677994105,
            -663438.2554036137,
            -663860.0738501261,
            -664285.0938645088,
            -664713.2761115804,
            -665144.5830748484,
            -665578.9773831872,
            -666016.4230422267,
            -666456.8843705866,
            -666900.3266380274,
            -667346.7162719149,
            -667796.0199144841,
            -668248.205184536,
            -668703.2401167889,
            -669161.093711682,
            -669621.7355086186,
            -670085.135735538,
            -670551.2653081991,
            -671020.095236131,
            -671491.5979220738,
            -671965.7455008194,
            -672442.5111046185,
            -672921.8685166143,
            -673403.7917765486,
            -673888.2552941565,
            -674375.2344613012,
            -674864.7045726253,
            -675356.6417875567,
            -675851.0224620404,
            -676347.8236660635,
            -676847.0223971162,
            -677348.5966913213,
            -677852.5245619406,
            -678358.7845824223,
            -678867.3555699972,
            -679378.2168195662,
            -679891.3479926197,
            -680406.729062426,
            -680924.340280478,
            -681444.1625115,
            -681966.1765055252,
            -682490.3636976709,
            -683016.7056949502,
            -683545.1842414924,
            -684075.7820617952,
            -684608.4808830885,
            -685143.2641535742,
            -685680.1145445892,
            -686219.0156484046,
            -686759.9507168825,
            -687302.9040780406,
            -687847.8593529267,
            -688394.8011585776,
            -688943.7139931528,
            -689494.5825837429,
            -690047.3920625481,
            -690602.1277192591,
            -691158.7750170087,
            -691717.3197074217,
            -692277.7476100791,
            -692840.0450040953,
            -693404.1978910979,
            -693970.1930370549,
            -694538.0168303683,
            -695107.6565462209,
            -695679.0992004226,
            -696252.3318045228,
            -696827.3421211512,
            -697404.1175067914,
            -697982.6456804345,
            -698562.9148725427,
            -699144.9129494429,
            -699728.6282590609,
            -700314.049160866,
            -700901.1643839403,
            -701489.962390683,
            -702080.4323483891,
            -702672.5630139015,
            -703266.3436849171,
            -703861.7635126945,
            -704458.8121859648,
            -705057.4790946564,
            -705657.7539936324,
            -706259.6266301076,
            -706863.0868831644,
            -707468.1252707022,
            -708074.7312727657,
            -708682.895899207,
            -709292.6092951582,
            -709903.8620992252,
            -710516.644631346,
            -711130.9481144621,
            -711746.7630838859,
            -712364.0808109707,
            -712982.892304393,
            -713603.1888658762,
            -714224.9615233889,
            -714848.2019387871,
            -715472.9014053175,
            -716099.0519384926,
            -716726.6446575781,
            -717355.6716158929,
            -717986.1248898836,
            -718617.9961880163,
            -719251.2777954887,
            -719885.9616308,
            -720522.0399892399,
            -721159.5053754121,
            -721798.349958355,
            -722438.5662339918,
            -723080.147122518,
            -723723.0846875388,
            -724367.3721440971,
            -725013.0021156423,
            -725659.9673606704,
            -726308.2611931512,
            -726957.8763391713,
            -727608.8058509323,
            -728261.0430688245,
            -728914.5811400494,
            -729569.4135041712,
            -730225.5334012072,
            -730882.9342345479,
            -731541.6096107081,
            -732201.5531275391
        ],
        "Cp(J/mole.K)": [
            -0.0,
            0.09776297687203622,
            0.4963995858910494,
            1.3443803617410595,
            2.533452119538561,
            3.785077876818831,
            4.936744997638744,
            5.965433234054943,
            6.9054246020969,
            7.795093321491734,
            8.659127659280784,
            9.507885384964176,
            10.342185304930897,
            11.157953064105815,
            11.949342336226257,
            12.710766708172748,
            13.437848537135864,
            14.127598918019796,
            14.778303134604357,
            15.389451323277886,
            15.961553635133896,
            16.495700127084298,
            16.9933260320453,
            17.456445711167174,
            17.88709942731076,
            18.287182035492133,
            18.65899543223205,
            19.004569250723588,
            19.325731519516538,
            19.624345080889167,
            19.902107024478006,
            20.16098203364238,
            20.402368997689337,
            20.627192723113694,
            20.837092072638928,
            21.03334961889776,
            21.216984540468573,
            21.389018556097316,
            21.54980937101644,
            21.700760799509577,
            21.843893462093575,
            21.97678645454289,
            22.099986938049536,
            22.218706365756194,
            22.331211298285005,
            22.436063008804954,
            22.534987704746907,
            22.62894110018384,
            22.71802248624155,
            22.80154203863926,
            22.880931042600494,
            22.95664823963307,
            23.028133262472693,
            23.09615421753268,
            23.161162720690328,
            23.222358815488366,
            23.28050582469453,
            23.33672165395397,
            23.389836163743084,
            23.440339145102357,
            23.489155436865943,
            23.53535055693338,
            23.57919802748374,
            23.621550385814178,
            23.662161620892675,
            23.700788572852662,
            23.73811920743901,
            23.773604863585202,
            23.807430957653366,
            23.840725853084443,
            23.87190241608192,
            23.901644852256915,
            23.931296826526676,
            23.959270042533223,
            23.98615848844633,
            24.01201018728898,
            24.036423944542022,
            24.06059454340144,
            24.083976225438583,
            24.1062886906204,
            24.12725684489118,
            24.147950705909228,
            24.168845344654983,
            24.188298432715296,
            24.20654428100697,
            24.224180865188707,
            24.241657478711446,
            24.25885534425318,
            24.275697051547468,
            24.291385739951764,
            24.306332162028603,
            24.32148831703797,
            24.33530794114327,
            24.349146322577276,
            24.363600055460253,
            24.376434149787976,
            24.388830774184044,
            24.401564747165164,
            24.41337168192279,
            24.42481209191596,
            24.436380628321785,
            24.44716529321726,
            24.45742421523908,
            24.468241602755807,
            24.478651192155667,
            24.48821348464124,
            24.497517013584428,
            24.50678396369614,
            24.51601543306606,
            24.524632767448434,
            24.53331708881919,
            24.541925699388642,
            24.549663871573046,
            24.557624366992968,
            24.5651693043067,
            24.57313508282823,
            24.58068354626893,
            24.58674543181293,
            24.594208718323912,
            24.601474077772497,
            24.607532377936963,
            24.614227787125856,
            24.621014440414555,
            24.626601520305936,
            24.632612963789143,
            24.638576963843306,
            24.64380188277009,
            24.64978036393586,
            24.655632209032774,
            24.66109978455088,
            24.66632548219049,
            24.671585373583273,
            24.67637022928102,
            24.68059815079323,
            24.6850051432326,
            24.689732196871965,
            24.695664665172615,
            24.70024079034037,
            24.703899825958167,
            24.708792784268834,
            24.712234942009776,
            24.716113776719126,
            24.72116952357464,
            24.724774241424264,
            24.728192693134872,
            24.732426559334165,
            24.736117137997333,
            24.739510417552083,
            24.743355585180794,
            24.746560995172953,
            24.74953340468336,
            24.753296061777146,
            24.757316041691553,
            24.760397821161423,
            24.763020933861625,
            24.765442224408396,
            24.76931005893297,
            24.772637772144158,
            24.77435224555072,
            24.77869034504088,
            24.78228605352342,
            24.78318802606093,
            24.78525163584866,
            24.788699134776834,
            24.7913932141728,
            24.79441786473023,
            24.79773734658992,
            24.799493690559757,
            24.801075623184204,
            24.803550890868184,
            24.806938876601876,
            24.809408169283415,
            24.809614088013646,
            24.812438694041216,
            24.8162920451432,
            24.817945686081533,
            24.819830905878916,
            24.821100046142615,
            24.823443135660035,
            24.826294753447037,
            24.827012854569546,
            24.8295575922703,
            24.832057101355943,
            24.83244767812456,
            24.835282959788515,
            24.837151848463428,
            24.838669735228706,
            24.84183701123402,
            24.84222727881172,
            24.842874194469992,
            24.845498846495673,
            24.847694686916114,
            24.8494657952333,
            24.85017351963588,
            24.851149464026093,
            24.85354274572483,
            24.85556425444139,
            24.856439725022042
        ],
        "S(J/mole.K)": [
            0,
            0.04888148843601811,
            0.22186287334479857,
            0.5700261634410708,
            1.1107710720069008,
            1.805960374631104,
            2.5958635787828825,
            3.4333613691138454,
            4.291052780605969,
            5.155702558319899,
            6.021719681366813,
            6.886852672738314,
            7.749953668851231,
            8.61003009748383,
            9.465944364704772,
            10.316398814604325,
            11.160023804995582,
            11.995474187016955,
            12.821500222658507,
            13.636994204203075,
            14.441018606220315,
            15.232812212029241,
            16.011778932233575,
            16.777478837750095,
            17.5296146927285,
            18.268006238173985,
            18.99257671411906,
            19.703340016960283,
            20.40037883312907,
            21.083831958948576,
            21.753884519946585,
            22.410763433262762,
            23.054727578426537,
            23.686047817092913,
            24.305008864768023,
            24.911913112492766,
            25.507069876459717,
            26.09079100859817,
            26.66338192319963,
            27.225146928547474,
            27.77641047886864,
            28.31746873805387,
            28.848573411558757,
            29.37002554491919,
            29.882146360437037,
            30.385199714177,
            30.87943482169358,
            31.36511375618284,
            31.842493239707256,
            32.311808103584916,
            32.77328621032357,
            33.22716069956951,
            33.67365023668245,
            34.112962842310665,
            34.545306300022645,
            34.970873863267485,
            35.389847875284616,
            35.80241761911748,
            36.20876222245424,
            36.60904568301484,
            37.00343558689637,
            37.39209125835332,
            37.77515879063867,
            38.15278623555059,
            38.52511949532345,
            38.89229389123939,
            39.254441885912094,
            39.61169108400063,
            39.96416068506369,
            40.31197420745156,
            40.655246679131224,
            40.99408171043905,
            41.328592714355906,
            41.65888686498365,
            41.98506009275152,
            42.30720879910223,
            42.62542323507368,
            42.93979523003509,
            43.25041731992387,
            43.55737323031644,
            43.860740033006,
            44.160596812397124,
            44.45702924470679,
            44.75011289406684,
            45.039912108329005,
            45.32649386299017,
            45.60992891361238,
            45.89028749154967,
            46.16763629730849,
            46.442034853405495,
            46.713538491296646,
            46.9822082211671,
            47.248099880735396,
            47.511266377942235,
            47.77176938408957,
            48.02966002324684,
            48.28498220537003,
            48.537788627235564,
            48.788127907604206,
            49.03604356321738,
            49.28158310318685,
            49.52479057708696,
            49.76570548223389,
            50.00437268848036,
            50.24083638337761,
            50.475132746819874,
            50.7072976127587,
            50.937369620367825,
            51.16538737389055,
            51.391385760786946,
            51.61539915391041,
            51.83746344644897,
            52.05760937502346,
            52.275868143457046,
            52.492272168811176,
            52.706853857195526,
            52.919644797129145,
            53.13066758098575,
            53.339951891466626,
            53.54753217841498,
            53.753431101464955,
            53.95767417144379,
            54.1602916534015,
            54.361305586549854,
            54.5607387750846,
            54.75861813521332,
            54.954965307682855,
            55.14980455168259,
            55.343161994384715,
            55.535058715780906,
            55.72551485648437,
            55.9145516954959,
            56.10218915123696,
            56.28844445416471,
            56.473336885885516,
            56.656888566612906,
            56.83912490399234,
            57.02006465298909,
            57.1997184006148,
            57.37810583362588,
            57.555244365145334,
            57.731148140615545,
            57.9058403057119,
            58.07933693685918,
            58.25164897662907,
            58.42279498632851,
            58.59279194576811,
            58.76165267031028,
            58.92939308244531,
            59.096027650953324,
            59.26156824662611,
            59.426031247804346,
            59.58943434391112,
            59.75178921627084,
            59.91310496763617,
            60.07339290955715,
            60.232670247153145,
            60.3909528123113,
            60.54824641205632,
            60.70456667082471,
            60.85993172463204,
            61.01434279099048,
            61.16780690366576,
            61.320343548301025,
            61.47196601859905,
            61.62268413408601,
            61.77251071363571,
            61.921452674704774,
            62.06951538088324,
            62.216711392611614,
            62.36305626420217,
            62.5085599782833,
            62.65322307861934,
            62.797056300366236,
            62.94007973496482,
            63.082299335248535,
            63.22371863474982,
            63.364345619830424,
            63.50419049450866,
            63.64326645941038,
            63.78157757605514,
            63.91913143875136,
            64.05594131394318,
            64.19200946873462,
            64.32734486839036,
            64.46195948777458,
            64.59585754277069,
            64.72905018443271,
            64.86154196192801,
            64.99333360473247,
            65.12443838583714,
            65.25486759870837,
            65.38462607038673,
            65.51371690876985,
            65.64214495093329,
            65.76992133790336,
            65.8970554222542,
            66.02354988439329
        ]
    },
    "Phonon_data": {
        "Numb_Node": 15,
        "total_n_kpoints": 100,
        "frequency": {
            "Node_1": [
                -0.23094934049013252,
                -1.326893383950783,
                -2.1543325685004726,
                0.8260316148169766,
                4.807041824173188,
                7.774011319446229,
                8.763687015241405,
                9.107649468631383,
                9.12878773185183,
                8.984948071714438,
                8.805309875155881,
                8.6676446613289,
                8.616096972499534,
                8.967629455562918,
                9.895636693424333,
                11.105263990393222,
                12.224002022772254,
                12.803071720238643,
                12.920073858162612,
                12.950794862010907,
                13.016238267822768,
                13.144437730420815,
                13.41735636484383,
                13.950762741835954,
                14.269720378295062,
                13.49420225683583,
                11.87009667140141,
                9.633357309205932,
                6.926764645062386,
                3.7314975746313452,
                -1.5724759117362899,
                -1.5735119849058872,
                -0.23094934049013252,
                -0.23094934049013252,
                -0.23094934049013252,
                -0.23094934049013252,
                -0.23094934049013252,
                -0.23094934049013252,
                -0.23094934049013252,
                -0.23094934049013252,
                -0.23094934049013252,
                -0.23094934049013252,
                -0.23094934049013252,
                -0.23094934049013252,
                -0.23094934049013252,
                -1.326893383950783,
                -2.1543325685004726,
                0.8260316148169766,
                4.807041824173188,
                7.774011319446229,
                8.763687015241405,
                9.107649468631383,
                9.12878773185183,
                8.984948071714438,
                8.805309875155881,
                8.6676446613289,
                8.616096972499534,
                8.967629455562918,
                9.895636693424333,
                11.105263990393222,
                12.224002022772254,
                12.803071720238643,
                12.920073858162612,
                12.950794862010907,
                13.016238267822768,
                13.144437730420815,
                13.41735636484383,
                13.950762741835954,
                14.269720378295062,
                13.49420225683583,
                11.87009667140141,
                9.633357309205932,
                6.926764645062386,
                3.7314975746313452,
                -1.5724759117362899,
                -1.5735119849058872,
                -0.23094934049013252,
                8.616096972499534,
                8.616096972499534,
                8.616096972499534,
                8.616096972499534,
                8.616096972499534,
                8.616096972499534,
                8.616096972499534,
                8.616096972499534,
                8.616096972499534,
                8.616096972499534,
                8.616096972499534,
                8.616096972499534,
                8.616096972499534,
                13.144437730420815,
                13.144437730420815,
                13.144437730420792,
                13.144437730420815,
                13.144437730420792,
                13.144437730420815,
                13.144437730420815,
                13.144437730420815,
                13.144437730420815,
                13.144437730420815,
                13.144437730420815,
                13.144437730420815,
                13.144437730420815
            ],
            "Node_2": [
                -0.019057969590449128,
                1.8399074269911073,
                3.637320679076476,
                5.336696562200318,
                6.837110030262024,
                8.056796523174645,
                10.418587442541774,
                12.54275053552105,
                13.884620528403262,
                13.811930883976812,
                13.603638998553707,
                13.434569618112054,
                13.370724030113925,
                13.463556164444466,
                13.541915650700625,
                13.52234269635595,
                13.55710473902538,
                13.793793908554186,
                13.966743152940873,
                13.88964459070982,
                13.714073304870448,
                13.580220949655931,
                13.770755149974953,
                14.263272720456449,
                14.497279987359217,
                14.305587755940351,
                13.967669173752169,
                13.402069414472349,
                10.818499100391577,
                7.876804508080292,
                5.028709440746591,
                2.4219897151918706,
                -0.019057969590449128,
                -0.019057969590449128,
                -0.019057969590449128,
                -0.019057969590449128,
                -0.019057969590449128,
                -0.019057969590449128,
                -0.019057969590449128,
                -0.019057969590449128,
                -0.019057969590449128,
                -0.019057969590449128,
                -0.019057969590449128,
                -0.019057969590449128,
                -0.019057969590449128,
                1.8399074269911073,
                3.637320679076476,
                5.336696562200318,
                6.837110030262024,
                8.056796523174645,
                10.418587442541774,
                12.54275053552105,
                13.884620528403262,
                13.811930883976812,
                13.603638998553707,
                13.434569618112054,
                13.370724030113925,
                13.463556164444466,
                13.541915650700625,
                13.52234269635595,
                13.55710473902538,
                13.793793908554186,
                13.966743152940873,
                13.88964459070982,
                13.714073304870448,
                13.580220949655931,
                13.770755149974953,
                14.263272720456449,
                14.497279987359217,
                14.305587755940351,
                13.967669173752169,
                13.402069414472349,
                10.818499100391577,
                7.876804508080292,
                5.028709440746591,
                2.4219897151918706,
                -0.019057969590449128,
                13.370724030113925,
                13.370724030113925,
                13.370724030113925,
                13.370724030113925,
                13.370724030113925,
                13.370724030113925,
                13.370724030113925,
                13.370724030113925,
                13.370724030113925,
                13.370724030113925,
                13.370724030113925,
                13.370724030113925,
                13.370724030113925,
                13.580220949655931,
                13.580220949655931,
                13.580220949655947,
                13.580220949655931,
                13.580220949655947,
                13.580220949655931,
                13.580220949655931,
                13.580220949655931,
                13.580220949655931,
                13.580220949655931,
                13.580220949655931,
                13.580220949655931,
                13.580220949655931
            ],
            "Node_3": [
                -0.018172696177004878,
                3.8818336406846057,
                7.532423814004427,
                10.813324639010919,
                13.59918640440421,
                14.551254939266203,
                14.368245427157623,
                14.216552196809113,
                14.204584117491837,
                14.74081080981124,
                14.587013992632766,
                14.024423047518523,
                13.730957171249772,
                13.757361635980475,
                14.018021772409632,
                14.54619758822923,
                15.145401305980148,
                15.741821010200265,
                16.416740101888124,
                17.078091387175718,
                17.569761420508875,
                17.807254545731215,
                17.672738029881728,
                17.5187049432496,
                17.21609686819958,
                16.759107863267527,
                15.5758726620084,
                13.879677882220147,
                13.569396858196644,
                12.356102944280883,
                9.086180284394876,
                4.749675440274328,
                -0.018172696177004878,
                -0.018172696177004878,
                -0.018172696177004878,
                -0.018172696177004878,
                -0.018172696177004878,
                -0.018172696177004878,
                -0.018172696177004878,
                -0.018172696177004878,
                -0.018172696177004878,
                -0.018172696177004878,
                -0.018172696177004878,
                -0.018172696177004878,
                -0.018172696177004878,
                3.8818336406846057,
                7.532423814004427,
                10.813324639010919,
                13.59918640440421,
                14.551254939266203,
                14.368245427157623,
                14.216552196809113,
                14.204584117491837,
                14.74081080981124,
                14.587013992632766,
                14.024423047518523,
                13.730957171249772,
                13.757361635980475,
                14.018021772409632,
                14.54619758822923,
                15.145401305980148,
                15.741821010200265,
                16.416740101888124,
                17.078091387175718,
                17.569761420508875,
                17.807254545731215,
                17.672738029881728,
                17.5187049432496,
                17.21609686819958,
                16.759107863267527,
                15.5758726620084,
                13.879677882220147,
                13.569396858196644,
                12.356102944280883,
                9.086180284394876,
                4.749675440274328,
                -0.018172696177004878,
                13.730957171249772,
                13.730957171249772,
                13.730957171249772,
                13.730957171249772,
                13.730957171249772,
                13.730957171249772,
                13.730957171249772,
                13.730957171249772,
                13.730957171249772,
                13.730957171249772,
                13.730957171249772,
                13.730957171249772,
                13.730957171249772,
                17.807254545731215,
                17.807254545731215,
                17.807254545731215,
                17.807254545731215,
                17.807254545731215,
                17.807254545731215,
                17.807254545731215,
                17.807254545731215,
                17.807254545731215,
                17.807254545731215,
                17.807254545731215,
                17.807254545731215,
                17.807254545731215
            ],
            "Node_4": [
                15.109634244499576,
                15.09726089780149,
                15.034577014951658,
                14.921247233687643,
                14.759194225853546,
                15.71163004020458,
                16.99852221169032,
                17.570996701073934,
                17.619342045163656,
                17.342429448549623,
                16.921906012119,
                16.571241821084605,
                16.446020158368558,
                16.43759779405415,
                16.418005999521814,
                16.42723526044478,
                16.573153327976645,
                16.968152243019322,
                17.487509602272823,
                17.769724536497367,
                17.84086504525585,
                17.84706740249731,
                17.84862024322114,
                17.697935009622356,
                17.973589432099388,
                18.175789814294752,
                18.237464288774365,
                17.848527485760915,
                16.7023676085904,
                15.406343211894145,
                15.091430176984511,
                15.09579674328994,
                15.109634244499576,
                15.109634244499576,
                15.109634244499576,
                15.109634244499576,
                15.109634244499576,
                15.109634244499576,
                15.109634244499576,
                15.109634244499576,
                15.109634244499576,
                15.109634244499576,
                15.109634244499576,
                15.109634244499576,
                15.109634244499576,
                15.09726089780149,
                15.034577014951658,
                14.921247233687643,
                14.759194225853546,
                15.71163004020458,
                16.99852221169032,
                17.570996701073934,
                17.619342045163656,
                17.342429448549623,
                16.921906012119,
                16.571241821084605,
                16.446020158368558,
                16.43759779405415,
                16.418005999521814,
                16.42723526044478,
                16.573153327976645,
                16.968152243019322,
                17.487509602272823,
                17.769724536497367,
                17.84086504525585,
                17.84706740249731,
                17.84862024322114,
                17.697935009622356,
                17.973589432099388,
                18.175789814294752,
                18.237464288774365,
                17.848527485760915,
                16.7023676085904,
                15.406343211894145,
                15.091430176984511,
                15.09579674328994,
                15.109634244499576,
                16.446020158368558,
                16.446020158368558,
                16.446020158368558,
                16.446020158368558,
                16.446020158368558,
                16.446020158368558,
                16.446020158368558,
                16.446020158368558,
                16.446020158368558,
                16.446020158368558,
                16.446020158368558,
                16.446020158368558,
                16.446020158368558,
                17.84706740249731,
                17.84706740249731,
                17.84706740249732,
                17.84706740249731,
                17.84706740249732,
                17.84706740249731,
                17.84706740249731,
                17.84706740249731,
                17.84706740249731,
                17.84706740249731,
                17.84706740249731,
                17.84706740249731,
                17.84706740249731
            ],
            "Node_5": [
                15.11983465530775,
                15.432114061879735,
                16.315739894585295,
                17.50702822794917,
                18.70962293444129,
                19.77212630528944,
                20.603866087757716,
                21.05955892609585,
                20.96343738563638,
                19.90490032833621,
                18.368546718175313,
                17.385037836465546,
                17.070857825981815,
                17.105381702319132,
                17.198283618425116,
                17.33133880350897,
                17.491701035788097,
                17.66616060105355,
                17.87269744887268,
                18.263481635520055,
                18.677079208519025,
                18.871516529892805,
                18.567603746446256,
                18.19791351786341,
                18.653932216826785,
                20.09822047442584,
                20.399391943236637,
                20.22390043696985,
                19.52672101533419,
                18.350305302250124,
                16.894388466019205,
                15.624967691299599,
                15.11983465530775,
                15.11983465530775,
                15.11983465530775,
                15.11983465530775,
                15.11983465530775,
                15.11983465530775,
                15.11983465530775,
                15.11983465530775,
                15.11983465530775,
                15.11983465530775,
                15.11983465530775,
                15.11983465530775,
                15.11983465530775,
                15.432114061879735,
                16.315739894585295,
                17.50702822794917,
                18.70962293444129,
                19.77212630528944,
                20.603866087757716,
                21.05955892609585,
                20.96343738563638,
                19.90490032833621,
                18.368546718175313,
                17.385037836465546,
                17.070857825981815,
                17.105381702319132,
                17.198283618425116,
                17.33133880350897,
                17.491701035788097,
                17.66616060105355,
                17.87269744887268,
                18.263481635520055,
                18.677079208519025,
                18.871516529892805,
                18.567603746446256,
                18.19791351786341,
                18.653932216826785,
                20.09822047442584,
                20.399391943236637,
                20.22390043696985,
                19.52672101533419,
                18.350305302250124,
                16.894388466019205,
                15.624967691299599,
                15.11983465530775,
                17.070857825981815,
                17.070857825981815,
                17.070857825981815,
                17.070857825981815,
                17.070857825981815,
                17.070857825981815,
                17.070857825981815,
                17.070857825981815,
                17.070857825981815,
                17.070857825981815,
                17.070857825981815,
                17.070857825981815,
                17.070857825981815,
                18.871516529892805,
                18.871516529892805,
                18.871516529892787,
                18.871516529892805,
                18.871516529892787,
                18.871516529892805,
                18.871516529892805,
                18.871516529892805,
                18.871516529892805,
                18.871516529892805,
                18.871516529892805,
                18.871516529892805,
                18.871516529892805
            ],
            "Node_6": [
                27.940304286565596,
                27.884130704889877,
                27.737212773755346,
                27.542530234693988,
                27.313940308706936,
                26.96569466492247,
                26.26439986779726,
                24.985712701184287,
                23.297021986062695,
                22.106324632577554,
                21.691225077862477,
                21.5183436750491,
                21.462483982839203,
                21.42536822747803,
                21.31684650385408,
                21.14428669516915,
                20.918424838464404,
                20.652864895086964,
                20.362422260071746,
                20.063714432968887,
                19.788745522835903,
                19.641783903314042,
                19.848163314906376,
                20.10153268716307,
                20.295980163971777,
                21.16723825834147,
                23.67675496302855,
                25.7625954711333,
                26.86316820657808,
                27.3258949991434,
                27.619925982665958,
                27.849383260951413,
                27.940304286565596,
                27.940304286565596,
                27.940304286565596,
                27.940304286565596,
                27.940304286565596,
                27.940304286565596,
                27.940304286565596,
                27.940304286565596,
                27.940304286565596,
                27.940304286565596,
                27.940304286565596,
                27.940304286565596,
                27.940304286565596,
                27.884130704889877,
                27.737212773755346,
                27.542530234693988,
                27.313940308706936,
                26.96569466492247,
                26.26439986779726,
                24.985712701184287,
                23.297021986062695,
                22.106324632577554,
                21.691225077862477,
                21.5183436750491,
                21.462483982839203,
                21.42536822747803,
                21.31684650385408,
                21.14428669516915,
                20.918424838464404,
                20.652864895086964,
                20.362422260071746,
                20.063714432968887,
                19.788745522835903,
                19.641783903314042,
                19.848163314906376,
                20.10153268716307,
                20.295980163971777,
                21.16723825834147,
                23.67675496302855,
                25.7625954711333,
                26.86316820657808,
                27.3258949991434,
                27.619925982665958,
                27.849383260951413,
                27.940304286565596,
                21.462483982839203,
                21.462483982839203,
                21.462483982839203,
                21.462483982839203,
                21.462483982839203,
                21.462483982839203,
                21.462483982839203,
                21.462483982839203,
                21.462483982839203,
                21.462483982839203,
                21.462483982839203,
                21.462483982839203,
                21.462483982839203,
                19.641783903314042,
                19.641783903314042,
                19.64178390331402,
                19.641783903314042,
                19.64178390331402,
                19.641783903314042,
                19.641783903314042,
                19.641783903314042,
                19.641783903314042,
                19.641783903314042,
                19.641783903314042,
                19.641783903314042,
                19.641783903314042
            ],
            "Node_7": [
                45.976414911649634,
                45.60491099333465,
                45.12924318561907,
                44.79538696197791,
                44.6617075158733,
                44.71629740565486,
                44.767812310993826,
                44.879841385977855,
                45.20414472027211,
                45.73402850182764,
                46.38755680323689,
                47.02911376345448,
                47.400884577564554,
                46.81867710171337,
                46.31007275561019,
                45.96509186127213,
                45.811527667766526,
                45.84640118731726,
                46.035172436956934,
                46.31033889034997,
                46.572236578650845,
                46.619909954070714,
                46.44726976775306,
                45.899987594163996,
                45.033930775981645,
                44.39862089479868,
                44.23559046297856,
                44.48286938538534,
                44.685731012935214,
                44.636804149865284,
                44.861619913457645,
                45.41801303067288,
                45.976414911649634,
                45.976414911649634,
                45.976414911649634,
                45.976414911649634,
                45.976414911649634,
                45.976414911649634,
                45.976414911649634,
                45.976414911649634,
                45.976414911649634,
                45.976414911649634,
                45.976414911649634,
                45.976414911649634,
                45.976414911649634,
                45.60491099333465,
                45.12924318561907,
                44.79538696197791,
                44.6617075158733,
                44.71629740565486,
                44.767812310993826,
                44.879841385977855,
                45.20414472027211,
                45.73402850182764,
                46.38755680323689,
                47.02911376345448,
                47.400884577564554,
                46.81867710171337,
                46.31007275561019,
                45.96509186127213,
                45.811527667766526,
                45.84640118731726,
                46.035172436956934,
                46.31033889034997,
                46.572236578650845,
                46.619909954070714,
                46.44726976775306,
                45.899987594163996,
                45.033930775981645,
                44.39862089479868,
                44.23559046297856,
                44.48286938538534,
                44.685731012935214,
                44.636804149865284,
                44.861619913457645,
                45.41801303067288,
                45.976414911649634,
                47.400884577564554,
                47.400884577564554,
                47.400884577564554,
                47.400884577564554,
                47.400884577564554,
                47.400884577564554,
                47.400884577564554,
                47.400884577564554,
                47.400884577564554,
                47.400884577564554,
                47.400884577564554,
                47.400884577564554,
                47.400884577564554,
                46.619909954070714,
                46.619909954070714,
                46.619909954070714,
                46.619909954070714,
                46.619909954070714,
                46.619909954070714,
                46.619909954070714,
                46.619909954070714,
                46.619909954070714,
                46.619909954070714,
                46.619909954070714,
                46.619909954070714,
                46.619909954070714
            ],
            "Node_8": [
                46.12215460793166,
                45.63268763669158,
                45.277596544581655,
                45.12569220847638,
                45.066429469610455,
                44.975911465865956,
                45.12200378877322,
                45.53532382051797,
                46.05572259967625,
                46.59533633709731,
                47.06256566899171,
                47.37622466415313,
                47.477717523738825,
                47.85424857430313,
                47.779166841789625,
                47.67384879586329,
                47.54214895554085,
                47.38460751535417,
                47.20769816038503,
                47.021434497418156,
                46.843451993096245,
                46.78975863951566,
                46.627672129389744,
                46.535562123351525,
                46.803131052966734,
                47.10518116811309,
                47.141728447583695,
                46.37719207696396,
                45.99940607726992,
                45.52752976969977,
                45.291600191437794,
                45.56134545165435,
                46.12215460793166,
                46.12215460793166,
                46.12215460793166,
                46.12215460793166,
                46.12215460793166,
                46.12215460793166,
                46.12215460793166,
                46.12215460793166,
                46.12215460793166,
                46.12215460793166,
                46.12215460793166,
                46.12215460793166,
                46.12215460793166,
                45.63268763669158,
                45.277596544581655,
                45.12569220847638,
                45.066429469610455,
                44.975911465865956,
                45.12200378877322,
                45.53532382051797,
                46.05572259967625,
                46.59533633709731,
                47.06256566899171,
                47.37622466415313,
                47.477717523738825,
                47.85424857430313,
                47.779166841789625,
                47.67384879586329,
                47.54214895554085,
                47.38460751535417,
                47.20769816038503,
                47.021434497418156,
                46.843451993096245,
                46.78975863951566,
                46.627672129389744,
                46.535562123351525,
                46.803131052966734,
                47.10518116811309,
                47.141728447583695,
                46.37719207696396,
                45.99940607726992,
                45.52752976969977,
                45.291600191437794,
                45.56134545165435,
                46.12215460793166,
                47.477717523738825,
                47.477717523738825,
                47.477717523738825,
                47.477717523738825,
                47.477717523738825,
                47.477717523738825,
                47.477717523738825,
                47.477717523738825,
                47.477717523738825,
                47.477717523738825,
                47.477717523738825,
                47.477717523738825,
                47.477717523738825,
                46.78975863951566,
                46.78975863951566,
                46.78975863951567,
                46.78975863951566,
                46.78975863951567,
                46.78975863951566,
                46.78975863951566,
                46.78975863951566,
                46.78975863951566,
                46.78975863951566,
                46.78975863951566,
                46.78975863951566,
                46.78975863951566
            ],
            "Node_9": [
                46.19693711064244,
                46.516581425358105,
                46.71469828474175,
                46.67236270350173,
                46.65195541857452,
                46.90562979715351,
                47.38084739387161,
                47.89328590910148,
                48.25750225096155,
                48.381383721486486,
                48.297916423225566,
                48.08397140347993,
                47.88982149250229,
                48.11117569917836,
                48.755633112590246,
                49.25803521616729,
                49.52251784773049,
                49.69756712755263,
                49.7937581550642,
                49.828003268677456,
                49.83314688282786,
                49.84045482590325,
                49.900073963518935,
                49.97672469241693,
                49.528161410363616,
                48.49184854033213,
                47.36711890257121,
                46.8022037618612,
                46.151188221131136,
                46.32018865103015,
                46.627098700229695,
                46.572700108254665,
                46.19693711064244,
                46.19693711064244,
                46.19693711064244,
                46.19693711064244,
                46.19693711064244,
                46.19693711064244,
                46.19693711064244,
                46.19693711064244,
                46.19693711064244,
                46.19693711064244,
                46.19693711064244,
                46.19693711064244,
                46.19693711064244,
                46.516581425358105,
                46.71469828474175,
                46.67236270350173,
                46.65195541857452,
                46.90562979715351,
                47.38084739387161,
                47.89328590910148,
                48.25750225096155,
                48.381383721486486,
                48.297916423225566,
                48.08397140347993,
                47.88982149250229,
                48.11117569917836,
                48.755633112590246,
                49.25803521616729,
                49.52251784773049,
                49.69756712755263,
                49.7937581550642,
                49.828003268677456,
                49.83314688282786,
                49.84045482590325,
                49.900073963518935,
                49.97672469241693,
                49.528161410363616,
                48.49184854033213,
                47.36711890257121,
                46.8022037618612,
                46.151188221131136,
                46.32018865103015,
                46.627098700229695,
                46.572700108254665,
                46.19693711064244,
                47.88982149250229,
                47.88982149250229,
                47.88982149250229,
                47.88982149250229,
                47.88982149250229,
                47.88982149250229,
                47.88982149250229,
                47.88982149250229,
                47.88982149250229,
                47.88982149250229,
                47.88982149250229,
                47.88982149250229,
                47.88982149250229,
                49.84045482590325,
                49.84045482590325,
                49.84045482590324,
                49.84045482590325,
                49.84045482590324,
                49.84045482590325,
                49.84045482590325,
                49.84045482590325,
                49.84045482590325,
                49.84045482590325,
                49.84045482590325,
                49.84045482590325,
                49.84045482590325
            ],
            "Node_10": [
                46.20604602014558,
                46.620790789665726,
                46.975451736975735,
                47.29446656893786,
                47.56427546721116,
                47.78786843085212,
                47.98425686433824,
                48.17748655361632,
                48.38140273859778,
                48.57276407129418,
                48.718887711902525,
                48.8069078728866,
                48.834531173778416,
                48.909580299378995,
                49.10721481062054,
                49.438070779256414,
                49.90187174715319,
                50.29143229088179,
                50.58198224190136,
                50.7796752244091,
                50.89080923448696,
                50.91888812980389,
                50.76981504030071,
                50.31435081917483,
                49.88799621204847,
                49.449495621402086,
                48.68498909004574,
                47.8865196349752,
                47.45715020204706,
                47.365943379359706,
                47.20776471520652,
                46.77660958271283,
                46.20604602014558,
                46.20604602014558,
                46.20604602014558,
                46.20604602014558,
                46.20604602014558,
                46.20604602014558,
                46.20604602014558,
                46.20604602014558,
                46.20604602014558,
                46.20604602014558,
                46.20604602014558,
                46.20604602014558,
                46.20604602014558,
                46.620790789665726,
                46.975451736975735,
                47.29446656893786,
                47.56427546721116,
                47.78786843085212,
                47.98425686433824,
                48.17748655361632,
                48.38140273859778,
                48.57276407129418,
                48.718887711902525,
                48.8069078728866,
                48.834531173778416,
                48.909580299378995,
                49.10721481062054,
                49.438070779256414,
                49.90187174715319,
                50.29143229088179,
                50.58198224190136,
                50.7796752244091,
                50.89080923448696,
                50.91888812980389,
                50.76981504030071,
                50.31435081917483,
                49.88799621204847,
                49.449495621402086,
                48.68498909004574,
                47.8865196349752,
                47.45715020204706,
                47.365943379359706,
                47.20776471520652,
                46.77660958271283,
                46.20604602014558,
                48.834531173778416,
                48.834531173778416,
                48.834531173778416,
                48.834531173778416,
                48.834531173778416,
                48.834531173778416,
                48.834531173778416,
                48.834531173778416,
                48.834531173778416,
                48.834531173778416,
                48.834531173778416,
                48.834531173778416,
                48.834531173778416,
                50.91888812980389,
                50.91888812980389,
                50.91888812980387,
                50.91888812980389,
                50.91888812980387,
                50.91888812980389,
                50.91888812980389,
                50.91888812980389,
                50.91888812980389,
                50.91888812980389,
                50.91888812980389,
                50.91888812980389,
                50.91888812980389
            ],
            "Node_11": [
                63.220860177941276,
                63.10418218693519,
                62.79813888256964,
                62.38607550787836,
                61.92053274368211,
                61.4029080045551,
                60.84980960266538,
                60.305441262630524,
                59.74297930592232,
                59.04645689069483,
                58.2669896527168,
                57.627564038825916,
                57.37221996733483,
                57.34371770880597,
                57.26463747987158,
                57.14825602504855,
                57.009477642475126,
                56.866203586922914,
                56.73252485964121,
                56.61136425824048,
                56.50579060882937,
                56.469721766030325,
                56.68357754035808,
                57.246297022049724,
                58.110804676999436,
                59.047129438127584,
                59.83315810540258,
                60.5651191083766,
                61.306536302165625,
                62.009324742946504,
                62.60850156654194,
                63.0503375366183,
                63.220860177941276,
                63.220860177941276,
                63.220860177941276,
                63.220860177941276,
                63.220860177941276,
                63.220860177941276,
                63.220860177941276,
                63.220860177941276,
                63.220860177941276,
                63.220860177941276,
                63.220860177941276,
                63.220860177941276,
                63.220860177941276,
                63.10418218693519,
                62.79813888256964,
                62.38607550787836,
                61.92053274368211,
                61.4029080045551,
                60.84980960266538,
                60.305441262630524,
                59.74297930592232,
                59.04645689069483,
                58.2669896527168,
                57.627564038825916,
                57.37221996733483,
                57.34371770880597,
                57.26463747987158,
                57.14825602504855,
                57.009477642475126,
                56.866203586922914,
                56.73252485964121,
                56.61136425824048,
                56.50579060882937,
                56.469721766030325,
                56.68357754035808,
                57.246297022049724,
                58.110804676999436,
                59.047129438127584,
                59.83315810540258,
                60.5651191083766,
                61.306536302165625,
                62.009324742946504,
                62.60850156654194,
                63.0503375366183,
                63.220860177941276,
                57.37221996733483,
                57.37221996733483,
                57.37221996733483,
                57.37221996733483,
                57.37221996733483,
                57.37221996733483,
                57.37221996733483,
                57.37221996733483,
                57.37221996733483,
                57.37221996733483,
                57.37221996733483,
                57.37221996733483,
                57.37221996733483,
                56.469721766030325,
                56.469721766030325,
                56.46972176603035,
                56.469721766030325,
                56.46972176603035,
                56.469721766030325,
                56.469721766030325,
                56.469721766030325,
                56.469721766030325,
                56.469721766030325,
                56.469721766030325,
                56.469721766030325,
                56.469721766030325
            ],
            "Node_12": [
                66.15626208859335,
                66.03557478080238,
                65.68805657924857,
                65.30951909738285,
                64.71197058802072,
                63.205333601848295,
                61.904735561447,
                60.879062539143334,
                60.03668074939436,
                59.36524480326248,
                58.87406011951942,
                58.56546639659902,
                58.461914829184444,
                58.41183625273039,
                58.26473512341342,
                58.03192324948034,
                57.73395890595252,
                57.39752115399103,
                57.057424180004055,
                56.76538393901927,
                56.58396195894048,
                56.52868908159773,
                56.73850015818924,
                57.35467668279268,
                58.18365788585688,
                59.13490546462407,
                60.26281811854994,
                61.56605623317065,
                63.16157517962952,
                64.95944630298874,
                65.57705299496989,
                65.99368188849925,
                66.15626208859335,
                66.15626208859335,
                66.15626208859335,
                66.15626208859335,
                66.15626208859335,
                66.15626208859335,
                66.15626208859335,
                66.15626208859335,
                66.15626208859335,
                66.15626208859335,
                66.15626208859335,
                66.15626208859335,
                66.15626208859335,
                66.03557478080238,
                65.68805657924857,
                65.30951909738285,
                64.71197058802072,
                63.205333601848295,
                61.904735561447,
                60.879062539143334,
                60.03668074939436,
                59.36524480326248,
                58.87406011951942,
                58.56546639659902,
                58.461914829184444,
                58.41183625273039,
                58.26473512341342,
                58.03192324948034,
                57.73395890595252,
                57.39752115399103,
                57.057424180004055,
                56.76538393901927,
                56.58396195894048,
                56.52868908159773,
                56.73850015818924,
                57.35467668279268,
                58.18365788585688,
                59.13490546462407,
                60.26281811854994,
                61.56605623317065,
                63.16157517962952,
                64.95944630298874,
                65.57705299496989,
                65.99368188849925,
                66.15626208859335,
                58.461914829184444,
                58.461914829184444,
                58.461914829184444,
                58.461914829184444,
                58.461914829184444,
                58.461914829184444,
                58.461914829184444,
                58.461914829184444,
                58.461914829184444,
                58.461914829184444,
                58.461914829184444,
                58.461914829184444,
                58.461914829184444,
                56.52868908159773,
                56.52868908159773,
                56.52868908159775,
                56.52868908159773,
                56.52868908159775,
                56.52868908159773,
                56.52868908159773,
                56.52868908159773,
                56.52868908159773,
                56.52868908159773,
                56.52868908159773,
                56.52868908159773,
                56.52868908159773
            ],
            "Node_13": [
                68.56624648054826,
                68.2293432471903,
                67.37473183406333,
                66.181497315249,
                65.12992447679378,
                65.03621013399304,
                64.85747348775898,
                64.60264641864504,
                64.44527938815277,
                64.50256509508577,
                64.68788069670495,
                64.83918127846903,
                64.89022138796216,
                64.81883975855722,
                64.61314359295068,
                64.29001530780238,
                63.87123078017042,
                63.40155702399594,
                62.950504962462745,
                62.581176043026645,
                62.336331592052,
                62.247830548781614,
                62.41891047142439,
                62.78763115611072,
                63.20522892306947,
                63.60691780073385,
                64.00449058128494,
                64.42771383280497,
                64.82153398520562,
                65.19937303703638,
                66.74368113833152,
                68.05068162985368,
                68.56624648054826,
                68.56624648054826,
                68.56624648054826,
                68.56624648054826,
                68.56624648054826,
                68.56624648054826,
                68.56624648054826,
                68.56624648054826,
                68.56624648054826,
                68.56624648054826,
                68.56624648054826,
                68.56624648054826,
                68.56624648054826,
                68.2293432471903,
                67.37473183406333,
                66.181497315249,
                65.12992447679378,
                65.03621013399304,
                64.85747348775898,
                64.60264641864504,
                64.44527938815277,
                64.50256509508577,
                64.68788069670495,
                64.83918127846903,
                64.89022138796216,
                64.81883975855722,
                64.61314359295068,
                64.29001530780238,
                63.87123078017042,
                63.40155702399594,
                62.950504962462745,
                62.581176043026645,
                62.336331592052,
                62.247830548781614,
                62.41891047142439,
                62.78763115611072,
                63.20522892306947,
                63.60691780073385,
                64.00449058128494,
                64.42771383280497,
                64.82153398520562,
                65.19937303703638,
                66.74368113833152,
                68.05068162985368,
                68.56624648054826,
                64.89022138796216,
                64.89022138796216,
                64.89022138796216,
                64.89022138796216,
                64.89022138796216,
                64.89022138796216,
                64.89022138796216,
                64.89022138796216,
                64.89022138796216,
                64.89022138796216,
                64.89022138796216,
                64.89022138796216,
                64.89022138796216,
                62.247830548781614,
                62.247830548781614,
                62.247830548781614,
                62.247830548781614,
                62.247830548781614,
                62.247830548781614,
                62.247830548781614,
                62.247830548781614,
                62.247830548781614,
                62.247830548781614,
                62.247830548781614,
                62.247830548781614,
                62.247830548781614
            ],
            "Node_14": [
                71.04222295568356,
                70.82846489358585,
                70.20699550144083,
                69.37194309601709,
                68.53852891776639,
                67.81126777353978,
                67.21804423803704,
                66.85724094383609,
                66.8886218562312,
                67.23650102995964,
                67.13878519205629,
                66.99756209484687,
                66.95026766686526,
                66.95753076877324,
                66.98385458668189,
                67.03676020599187,
                67.11856788126678,
                67.22498271564294,
                67.34334978532509,
                67.44247128956292,
                67.4698552928018,
                67.42708085578823,
                67.34713947779132,
                67.29928974184537,
                67.12896089177205,
                66.82767387060328,
                66.74070155531264,
                67.08312076232802,
                67.82596287590026,
                68.84198148249418,
                69.95614074214805,
                70.80727275087784,
                71.04222295568356,
                71.04222295568356,
                71.04222295568356,
                71.04222295568356,
                71.04222295568356,
                71.04222295568356,
                71.04222295568356,
                71.04222295568356,
                71.04222295568356,
                71.04222295568356,
                71.04222295568356,
                71.04222295568356,
                71.04222295568356,
                70.82846489358585,
                70.20699550144083,
                69.37194309601709,
                68.53852891776639,
                67.81126777353978,
                67.21804423803704,
                66.85724094383609,
                66.8886218562312,
                67.23650102995964,
                67.13878519205629,
                66.99756209484687,
                66.95026766686526,
                66.95753076877324,
                66.98385458668189,
                67.03676020599187,
                67.11856788126678,
                67.22498271564294,
                67.34334978532509,
                67.44247128956292,
                67.4698552928018,
                67.42708085578823,
                67.34713947779132,
                67.29928974184537,
                67.12896089177205,
                66.82767387060328,
                66.74070155531264,
                67.08312076232802,
                67.82596287590026,
                68.84198148249418,
                69.95614074214805,
                70.80727275087784,
                71.04222295568356,
                66.95026766686526,
                66.95026766686526,
                66.95026766686526,
                66.95026766686526,
                66.95026766686526,
                66.95026766686526,
                66.95026766686526,
                66.95026766686526,
                66.95026766686526,
                66.95026766686526,
                66.95026766686526,
                66.95026766686526,
                66.95026766686526,
                67.42708085578823,
                67.42708085578823,
                67.42708085578826,
                67.42708085578823,
                67.42708085578826,
                67.42708085578823,
                67.42708085578823,
                67.42708085578823,
                67.42708085578823,
                67.42708085578823,
                67.42708085578823,
                67.42708085578823,
                67.42708085578823
            ],
            "Node_15": [
                71.39084608782886,
                71.2656328836669,
                70.98130869992164,
                70.58345084051693,
                70.08475883532918,
                69.5149459515305,
                68.91514500023064,
                68.33738554399413,
                67.840142872738,
                67.52386982843242,
                67.93115227751726,
                68.38352550712824,
                68.55505784925205,
                68.53362108197543,
                68.47050681843206,
                68.37014089488378,
                68.24301840053938,
                68.10609608999695,
                67.97834188826265,
                67.88384427425952,
                67.86007237641779,
                67.89422674685726,
                67.9097840589515,
                67.79543578304724,
                67.75591551823138,
                67.98738092611038,
                68.42246516007602,
                68.9953600987099,
                69.61484990805866,
                70.20583705725844,
                70.71733366760144,
                71.13643032079236,
                71.39084608782886,
                71.39084608782886,
                71.39084608782886,
                71.39084608782886,
                71.39084608782886,
                71.39084608782886,
                71.39084608782886,
                71.39084608782886,
                71.39084608782886,
                71.39084608782886,
                71.39084608782886,
                71.39084608782886,
                71.39084608782886,
                71.2656328836669,
                70.98130869992164,
                70.58345084051693,
                70.08475883532918,
                69.5149459515305,
                68.91514500023064,
                68.33738554399413,
                67.840142872738,
                67.52386982843242,
                67.93115227751726,
                68.38352550712824,
                68.55505784925205,
                68.53362108197543,
                68.47050681843206,
                68.37014089488378,
                68.24301840053938,
                68.10609608999695,
                67.97834188826265,
                67.88384427425952,
                67.86007237641779,
                67.89422674685726,
                67.9097840589515,
                67.79543578304724,
                67.75591551823138,
                67.98738092611038,
                68.42246516007602,
                68.9953600987099,
                69.61484990805866,
                70.20583705725844,
                70.71733366760144,
                71.13643032079236,
                71.39084608782886,
                68.55505784925205,
                68.55505784925205,
                68.55505784925205,
                68.55505784925205,
                68.55505784925205,
                68.55505784925205,
                68.55505784925205,
                68.55505784925205,
                68.55505784925205,
                68.55505784925205,
                68.55505784925205,
                68.55505784925205,
                68.55505784925205,
                67.89422674685726,
                67.89422674685726,
                67.89422674685726,
                67.89422674685726,
                67.89422674685726,
                67.89422674685726,
                67.89422674685726,
                67.89422674685726,
                67.89422674685726,
                67.89422674685726,
                67.89422674685726,
                67.89422674685726,
                67.89422674685726
            ]
        }
    },
    "Phonon_DOS": {
        "DOS": [
            0.0,
            0.004,
            0.0,
            0.002,
            0.0,
            0.0,
            0.0,
            0.0,
            0.008,
            0.0,
            0.0,
            0.006666666666666667,
            0.013333333333333334,
            0.010666666666666666,
            0.009333333333333334,
            0.007333333333333333,
            0.029333333333333333,
            0.029333333333333333,
            0.052000000000000005,
            0.026000000000000002,
            0.02666666666666667,
            0.05,
            0.029333333333333333,
            0.010666666666666666,
            0.027999999999999997,
            0.02333333333333333,
            0.009333333333333334,
            0.0,
            0.004,
            0.008,
            0.0013333333333333333,
            0.011333333333333332,
            0.0,
            0.0,
            0.0,
            0.0,
            0.0,
            0.0,
            0.0,
            0.0,
            0.0,
            0.0,
            0.0,
            0.0,
            0.0,
            0.0,
            0.0,
            0.0,
            0.036000000000000004,
            0.04333333333333334,
            0.042,
            0.059333333333333335,
            0.03933333333333334,
            0.03866666666666666,
            0.008,
            0.0,
            0.0,
            0.0,
            0.0,
            0.0,
            0.012,
            0.024666666666666667,
            0.01933333333333333,
            0.027999999999999997,
            0.016,
            0.016,
            0.008,
            0.01933333333333333,
            0.04,
            0.011333333333333332,
            0.029333333333333333,
            0.05733333333333333,
            0.034666666666666665,
            0.006666666666666667,
            0.009333333333333334,
            0.0013333333333333333,
            0.0
        ],
        "Energy(meV)": [
            -3.5,
            -2.5,
            -1.5,
            -0.5,
            0.5,
            1.5,
            2.5,
            3.5,
            4.5,
            5.5,
            6.5,
            7.5,
            8.5,
            9.5,
            10.5,
            11.5,
            12.5,
            13.5,
            14.5,
            15.5,
            16.5,
            17.5,
            18.5,
            19.5,
            20.5,
            21.5,
            22.5,
            23.5,
            24.5,
            25.5,
            26.5,
            27.5,
            28.5,
            29.5,
            30.5,
            31.5,
            32.5,
            33.5,
            34.5,
            35.5,
            36.5,
            37.5,
            38.5,
            39.5,
            40.5,
            41.5,
            42.5,
            43.5,
            44.5,
            45.5,
            46.5,
            47.5,
            48.5,
            49.5,
            50.5,
            51.5,
            52.5,
            53.5,
            54.5,
            55.5,
            56.5,
            57.5,
            58.5,
            59.5,
            60.5,
            61.5,
            62.5,
            63.5,
            64.5,
            65.5,
            66.5,
            67.5,
            68.5,
            69.5,
            70.5,
            71.5,
            72.5
        ]
    }
}