{
    "POSCAR": {
        "Atomes": "   Sc    Cl   N\n",
        "coordinate": "Direct\n",
        "unit_cell": {
            "a_vector": "3.360681053342111   6.924766015729747e-07   8.536663916803515e-07\n",
            "b_vector": "-1.6803404746891017   2.9104347212731594   -4.976451489996483e-07\n",
            "c_vector": "9.463603691644448e-06   -9.064492377847039e-07   29.47265254361311\n"
        },
        "positions": {
            "Sc": [
                "0.6666666482861537   0.333333296554832   0.2401833719726671\n",
                "0.33333336433477806   0.666666716238834   0.15981662997347595\n"
            ],
            "Cl": [
                "0.3333331440972544   0.6666668718400109   0.29766656037764105\n",
                "0.6666668310344722   0.33333310484914447   0.10233343809566327\n"
            ],
            "N": [
                "1.224734063693746e-08   1.0517178142738807e-08   0.19999999958055276\n"
            ]
        }
    },
    "Termo_data": {
        "Temperature (K)": [
            0,
            10,
            20,
            30,
            40,
            50,
            60,
            70,
            80,
            90,
            100,
            110,
            120,
            130,
            140,
            150,
            160,
            170,
            180,
            190,
            200,
            210,
            220,
            230,
            240,
            250,
            260,
            270,
            280,
            290,
            300,
            310,
            320,
            330,
            340,
            350,
            360,
            370,
            380,
            390,
            400,
            410,
            420,
            430,
            440,
            450,
            460,
            470,
            480,
            490,
            500,
            510,
            520,
            530,
            540,
            550,
            560,
            570,
            580,
            590,
            600,
            610,
            620,
            630,
            640,
            650,
            660,
            670,
            680,
            690,
            700,
            710,
            720,
            730,
            740,
            750,
            760,
            770,
            780,
            790,
            800,
            810,
            820,
            830,
            840,
            850,
            860,
            870,
            880,
            890,
            900,
            910,
            920,
            930,
            940,
            950,
            960,
            970,
            980,
            990,
            1000,
            1010,
            1020,
            1030,
            1040,
            1050,
            1060,
            1070,
            1080,
            1090,
            1100,
            1110,
            1120,
            1130,
            1140,
            1150,
            1160,
            1170,
            1180,
            1190,
            1200,
            1210,
            1220,
            1230,
            1240,
            1250,
            1260,
            1270,
            1280,
            1290,
            1300,
            1310,
            1320,
            1330,
            1340,
            1350,
            1360,
            1370,
            1380,
            1390,
            1400,
            1410,
            1420,
            1430,
            1440,
            1450,
            1460,
            1470,
            1480,
            1490,
            1500,
            1510,
            1520,
            1530,
            1540,
            1550,
            1560,
            1570,
            1580,
            1590,
            1600,
            1610,
            1620,
            1630,
            1640,
            1650,
            1660,
            1670,
            1680,
            1690,
            1700,
            1710,
            1720,
            1730,
            1740,
            1750,
            1760,
            1770,
            1780,
            1790,
            1800,
            1810,
            1820,
            1830,
            1840,
            1850,
            1860,
            1870,
            1880,
            1890,
            1900,
            1910,
            1920,
            1930,
            1940,
            1950,
            1960,
            1970
        ],
        "Gibbs_free(J/mole)": [
            -504005.5117598189,
            -504005.665624407,
            -504006.58580453764,
            -504008.7429975093,
            -504012.9943681237,
            -504020.7092302463,
            -504033.46446558984,
            -504052.72923304903,
            -504079.71738195996,
            -504115.3591560504,
            -504160.3268553089,
            -504215.0772603828,
            -504279.8947510182,
            -504354.92921990925,
            -504440.22749838466,
            -504535.75860807346,
            -504641.43366555084,
            -504757.12146382575,
            -504882.6604903007,
            -505017.8682295816,
            -505162.54826384055,
            -505316.4956748338,
            -505479.5011494305,
            -505651.3540433327,
            -505831.8446859448,
            -506020.76605157927,
            -506217.91499752627,
            -506423.09309244365,
            -506636.1072356522,
            -506856.7700103391,
            -507084.899917139,
            -507320.32148175535,
            -507562.86523481586,
            -507812.367666129,
            -508068.67114201246,
            -508331.6237464325,
            -508601.079098128,
            -508876.89620408695,
            -509158.9392433124,
            -509447.0773794836,
            -509741.18456208875,
            -510041.13932922675,
            -510346.82463052735,
            -510658.1275900342,
            -510974.9393813925,
            -511297.15500704467,
            -511624.67322681035,
            -511957.3961572729,
            -512295.22936445987,
            -512638.0816348297,
            -512985.86481549166,
            -513338.49362556986,
            -513695.88563578273,
            -514057.9610772283,
            -514424.64274627337,
            -514795.8558528552,
            -515171.5280126118,
            -515551.58903685026,
            -515935.97088780097,
            -516324.60759438766,
            -516717.4351574183,
            -517114.3914640147,
            -517515.4162143302,
            -517920.4508230842,
            -518329.43847168743,
            -518742.3237840124,
            -519159.05307783803,
            -519579.57400650164,
            -520003.8357941021,
            -520431.7889788839,
            -520863.3852643337,
            -521298.5778963732,
            -521737.32114884054,
            -522179.5704835037,
            -522625.2825593846,
            -523074.4150929831,
            -523526.9269023386,
            -523982.777676866,
            -524441.9282350526,
            -524904.3403414332,
            -525369.9765726767,
            -525838.8004407169,
            -526310.7762669681,
            -526785.8692699925,
            -527264.0455139653,
            -527745.2716792605,
            -528229.5152516302,
            -528716.7444618883,
            -529206.9282512647,
            -529700.0362146313,
            -530196.0386756045,
            -530694.906439463,
            -531196.6110952649,
            -531701.1246051322,
            -532208.4198219238,
            -532718.4699492442,
            -533231.2488262204,
            -533746.7307109658,
            -534264.8904669888,
            -534785.7034408329,
            -535309.1455356544,
            -535835.192926918,
            -536363.8225256029,
            -536895.0114368624,
            -537428.7374618287,
            -537964.9784962571,
            -538503.7130425452,
            -539044.9200676917,
            -539588.5787573777,
            -540134.6688590378,
            -540683.1703495531,
            -541234.0636150236,
            -541787.3295069537,
            -542342.9489480939,
            -542900.9033564545,
            -543461.1744406382,
            -544023.7444267118,
            -544588.5955433238,
            -545155.7105484244,
            -545725.0723581597,
            -546296.6641904794,
            -546870.4694040267,
            -547446.4721182635,
            -548024.6562371926,
            -548605.006368263,
            -549187.5065616113,
            -549772.1421295389,
            -550358.89787986,
            -550947.7592325868,
            -551538.7117822749,
            -552131.7413058252,
            -552726.833801934,
            -553323.9754282387,
            -553923.152810321,
            -554524.3523125302,
            -555127.560920289,
            -555732.7658854843,
            -556339.9540839441,
            -556949.1131833887,
            -557560.2307825991,
            -558173.2945256755,
            -558788.2926774172,
            -559405.2135438507,
            -560024.0448422361,
            -560644.7756511759,
            -561267.394341519,
            -561891.8899791981,
            -562518.2515502159,
            -563146.4678464127,
            -563776.5284666758,
            -564408.4230539246,
            -565042.1410005356,
            -565677.6720684392,
            -566315.0062634523,
            -566954.1333102215,
            -567595.0436027085,
            -568237.7276912009,
            -568882.1757634182,
            -569528.3781996338,
            -570176.3261645783,
            -570826.009935674,
            -571477.4210589831,
            -572130.5501790922,
            -572785.3887545151,
            -573441.9277243711,
            -574100.158765417,
            -574760.0732928556,
            -575421.6634586502,
            -576084.9202200198,
            -576749.8361251191,
            -577416.4026723629,
            -578084.6121205123,
            -578754.4566785792,
            -579425.928379236,
            -580099.0198942907,
            -580773.7235557695,
            -581450.0318450268,
            -582127.9375736088,
            -582807.4331407113,
            -583488.5123036037,
            -584171.1671203239,
            -584855.3906315564,
            -585541.176441246,
            -586228.517256127,
            -586917.4066958092,
            -587607.8380310723,
            -588299.804745317,
            -588993.3002852637,
            -589688.3179978837,
            -590384.851864619,
            -591082.8958633355,
            -591782.4436012945,
            -592483.488458712,
            -593186.025411796,
            -593890.0480072758,
            -594595.5501515373,
            -595302.5267550658,
            -596010.9712620701
        ],
        "Cp(J/mole.K)": [
            -0.0,
            0.06924109815154225,
            0.26672594336559996,
            0.6666644726021332,
            1.4061533880070782,
            2.506721258214384,
            3.867422835595789,
            5.356736034768984,
            6.87131139576668,
            8.344840799474333,
            9.739605590089925,
            11.0368101783577,
            12.229455497144954,
            13.317664307283126,
            14.305696929903936,
            15.200050345527405,
            16.008263033465482,
            16.738161751523158,
            17.39742695551248,
            17.993322760729647,
            18.532556025049427,
            19.021234704552626,
            19.464858008362363,
            19.868342854909123,
            20.236065040330843,
            20.571895386128737,
            20.87925225390357,
            21.161166995961704,
            21.42031035256222,
            21.65905130259049,
            21.87947714260373,
            22.08340254199576,
            22.2724716157652,
            22.44816414207454,
            22.611741581110998,
            22.764330182137176,
            22.90697016195046,
            23.04056391152557,
            23.16591491236178,
            23.283754987809516,
            23.3947496622568,
            23.49946884094531,
            23.598416547873057,
            23.692092918207376,
            23.781004007975618,
            23.865449870019788,
            23.945636066413037,
            24.022084611021207,
            24.095176058728214,
            24.164978649646358,
            24.231711574102555,
            24.295712670816247,
            24.357177259435375,
            24.41620425818393,
            24.473010394501188,
            24.52781150623931,
            24.580652391072363,
            24.63165729783642,
            24.681021920827334,
            24.728835332223515,
            24.77518094179686,
            24.82012139974827,
            24.863860690343294,
            24.906422927422682,
            24.94775806935513,
            24.98805003670709,
            25.027381687233042,
            25.06595607077329,
            25.103481744753566,
            25.1400553096696,
            25.17622498172578,
            25.211513613174766,
            25.245946866972215,
            25.279940786747986,
            25.313424958358627,
            25.34620200647639,
            25.378280544129662,
            25.410155317331373,
            25.441659574522,
            25.47243356512761,
            25.502713334746545,
            25.532678233453886,
            25.56258304681402,
            25.59217848449183,
            25.621030402206756,
            25.649543389401455,
            25.678013234643792,
            25.706260000466198,
            25.734334351564883,
            25.762100397556914,
            25.789489471411606,
            25.81656540504469,
            25.843506096617915,
            25.870689879736297,
            25.89765244845198,
            25.924116822847214,
            25.950327532365918,
            25.976522752715322,
            26.002898348180764,
            26.02897163965695,
            26.054803207225774,
            26.080785244557774,
            26.106763007288173,
            26.13251483459593,
            26.15767567567505,
            26.18309410478105,
            26.208855407231248,
            26.234313263217413,
            26.259868826041853,
            26.28525364325599,
            26.310804369248295,
            26.336351409426346,
            26.361137880385,
            26.385950513882563,
            26.41157915636981,
            26.437379156472325,
            26.462649220146787,
            26.487958039608202,
            26.513185010256628,
            26.537687317634287,
            26.56285718700417,
            26.589106578769517,
            26.615282757324167,
            26.640235602748348,
            26.66468495661384,
            26.69060571861337,
            26.716226581845056,
            26.741704727583876,
            26.767904609441757,
            26.793678112790708,
            26.819159819424385,
            26.84513808348293,
            26.87111419691899,
            26.896262757276418,
            26.92290702009932,
            26.949556193649187,
            26.974664831021897,
            27.001107374704056,
            27.02745311902254,
            27.053556666805328,
            27.081865609623396,
            27.10820175294628,
            27.132966482365838,
            27.160470708672175,
            27.18799450937638,
            27.215446625749195,
            27.24191805202894,
            27.26742602905714,
            27.296159100124864,
            27.32517481459342,
            27.35177626018412,
            27.379052190119033,
            27.406463617179867,
            27.433191998081856,
            27.46258590895988,
            27.492433132545777,
            27.518897068477457,
            27.546593767881863,
            27.575849049031522,
            27.604360647423213,
            27.634029511827972,
            27.663024537227237,
            27.69107253575417,
            27.71943513253447,
            27.748895143321246,
            27.780564616244163,
            27.810638520197244,
            27.83878825911135,
            27.869205751712915,
            27.89906470506928,
            27.92910396130125,
            27.959625738161414,
            27.989600829163837,
            28.021319527321857,
            28.05199735678009,
            28.082430712746742,
            28.113117773225778,
            28.146151288456167,
            28.180443479946774,
            28.208600861277517,
            28.239035892708273,
            28.27354219590437,
            28.305248067416898,
            28.338237964419854,
            28.371856744633988,
            28.40434151314522,
            28.435694224020963,
            28.467595141059036,
            28.503680560073747,
            28.5397433385454,
            28.56996714248062,
            28.602602518820554,
            28.641375298799176,
            28.6746335816054,
            28.708116247027647,
            28.744807609036798,
            28.7756496870189,
            28.811218020968674
        ],
        "S(J/mole.K)": [
            0,
            0.034620549075771126,
            0.13592258399294227,
            0.31371481526803113,
            0.6005947342026048,
            1.027036033524928,
            1.5999933956460155,
            2.3049026344291637,
            3.11698359914808,
            4.010042828020961,
            4.96062537416292,
            5.949278843592766,
            6.9605126792324885,
            7.9822911829192895,
            9.005426788388286,
            10.023012880735768,
            11.02993944538248,
            12.022496540223075,
            12.998057275143221,
            13.95482762872198,
            14.891650023051627,
            15.807850464262449,
            16.703120141400724,
            17.577423774800266,
            18.430928959986343,
            19.263951556049143,
            20.076913545577554,
            20.87031109027157,
            21.64469009516979,
            22.40062755619001,
            23.13871742757692,
            23.85955929192132,
            24.56375057288533,
            25.251881641004,
            25.92453095161327,
            26.582261279987872,
            27.22561836023597,
            27.855129695373765,
            28.471303337050635,
            29.074627686281023,
            29.66557173639012,
            30.244584995472543,
            30.812097414108578,
            31.368520396977694,
            31.9142485314238,
            32.449658878555056,
            32.975109196673294,
            33.4909419411757,
            33.997487450060724,
            34.495060282131455,
            34.98395881266479,
            35.464469189884404,
            35.93686607885756,
            36.40141125595764,
            36.85835475366038,
            37.30793680635979,
            37.750387021596545,
            38.18592430151039,
            38.61475890114161,
            39.03709273261411,
            39.45311897491629,
            39.86302243412866,
            40.26698105772667,
            40.665166086527464,
            41.05774046967781,
            41.44486059910778,
            41.82667774503934,
            42.20333849512026,
            42.57498229337653,
            42.94174103180849,
            43.303745524087574,
            43.661121573043786,
            44.013986519024186,
            44.36245587385056,
            44.70664280833589,
            45.04665414350311,
            45.38259119554714,
            45.714554576102095,
            46.04264314603134,
            46.36694864136298,
            46.68755853366165,
            47.00455961690168,
            47.31803815062158,
            47.628077309350196,
            47.93475319260324,
            48.23813899294619,
            48.53830943456269,
            48.83533733562217,
            49.12929227087734,
            49.42024098080292,
            49.70824682342064,
            49.99337102539576,
            50.27567412334466,
            50.55521769136249,
            50.8320608923692,
            51.106257082959935,
            51.377857758977925,
            51.646915316693786,
            51.913482767227116,
            52.17761006866786,
            52.43934353742953,
            52.69873035170605,
            52.95581747841353,
            53.210648675009736,
            53.46326359927188,
            53.71370305590389,
            53.962011132852055,
            54.2082280581948,
            54.45239177387557,
            54.694539798659385,
            54.93470892197074,
            55.17293570084148,
            55.40925156564917,
            55.64368721032515,
            55.87627946320717,
            56.107064849432206,
            56.336073119389766,
            56.56333266445872,
            56.78887307061814,
            57.012719962788104,
            57.234901422289845,
            57.45545233513695,
            57.67440370406548,
            57.89177637242101,
            58.10758890403668,
            58.321870217865225,
            58.534649412889856,
            58.74594848711713,
            58.955792916574865,
            59.16420650950895,
            59.3712085897525,
            59.57682156353985,
            59.7810684461103,
            59.983966739347665,
            60.18553911739582,
            60.38581089676736,
            60.584795629733705,
            60.782511379111384,
            60.97898112138937,
            61.174221628207306,
            61.36825752885197,
            61.561106852468214,
            61.75277384185319,
            61.943279137027275,
            62.13264857653994,
            62.32089770292805,
            62.50803831050726,
            62.694078897449074,
            62.87904199820332,
            63.062953969418594,
            63.24582177445117,
            63.42765347519744,
            63.608465429255745,
            63.78826922434382,
            63.96708441855008,
            64.14493392668373,
            64.32182078802144,
            64.49775038681983,
            64.67274373754191,
            64.8468152481917,
            65.01997775597411,
            65.19224411228933,
            65.3636203996386,
            65.53411561502145,
            65.70374484721688,
            65.87252866642811,
            66.04047917906283,
            66.20759582800383,
            66.37388955818751,
            66.53937523447821,
            66.70406126944727,
            66.8679589844949,
            67.03107739481639,
            67.19342898612814,
            67.3550246465573,
            67.51586935068627,
            67.67597167886416,
            67.8353473926647,
            67.99401484371046,
            68.15196836728428,
            68.30920510812575,
            68.46575058221788,
            68.62161596045627,
            68.77680451065535,
            68.93132882714562,
            69.08519475452776,
            69.23840328334045,
            69.39095988612536,
            69.54288411173766,
            69.69419373930577,
            69.84487982986903,
            69.99493987675233,
            70.14440271441708,
            70.2932762447541,
            70.44155285057788,
            70.58924747580024,
            70.73635938030495,
            70.88289156874963
        ]
    },
    "Phonon_data": {
        "Numb_Node": 15,
        "total_n_kpoints": 100,
        "frequency": {
            "Node_1": [
                -0.05322841360124982,
                0.13693733457570698,
                1.967382762823829,
                4.2311509553106905,
                6.7504519814787285,
                9.335963160243972,
                11.891878049478343,
                14.3587002683458,
                16.671248608914276,
                18.475354206561686,
                19.299334614206355,
                19.79016107227467,
                19.956018671229415,
                20.10820562789497,
                20.523949108034994,
                21.013096151654825,
                21.216194216260224,
                21.270435038294778,
                21.340976630872923,
                21.46028510137528,
                21.621807724241787,
                21.682641764805727,
                21.32945652071743,
                20.9376694668233,
                20.154537075802462,
                17.877061916196148,
                15.26259798271333,
                12.364437138236543,
                9.268460537184298,
                6.094229848708018,
                3.052992423429586,
                0.553282336446959,
                -0.05322841360124982,
                -0.05322841360124982,
                -0.05322841360124982,
                -0.05322841360124982,
                -0.05322841360124982,
                -0.05322841360124982,
                -0.05322841360124982,
                -0.05322841360124982,
                -0.05322841360124982,
                -0.05322841360124982,
                -0.05322841360124982,
                -0.05322841360124982,
                -0.05322841360124982,
                0.13693733457570698,
                1.967382762823829,
                4.2311509553106905,
                6.7504519814787285,
                9.335963160243972,
                11.891878049478343,
                14.3587002683458,
                16.671248608914276,
                18.475354206561686,
                19.299334614206355,
                19.79016107227467,
                19.956018671229415,
                20.10820562789497,
                20.523949108034994,
                21.013096151654825,
                21.216194216260224,
                21.270435038294778,
                21.340976630872923,
                21.46028510137528,
                21.621807724241787,
                21.682641764805727,
                21.32945652071743,
                20.9376694668233,
                20.154537075802462,
                17.877061916196148,
                15.26259798271333,
                12.364437138236543,
                9.268460537184298,
                6.094229848708018,
                3.052992423429586,
                0.553282336446959,
                -0.05322841360124982,
                19.956018671229415,
                19.956018671229415,
                19.956018671229415,
                19.956018671229415,
                19.956018671229415,
                19.956018671229415,
                19.956018671229415,
                19.956018671229415,
                19.956018671229415,
                19.956018671229415,
                19.956018671229415,
                19.956018671229415,
                19.956018671229415,
                21.682641764805727,
                21.682641764805727,
                21.68264176480572,
                21.682641764805727,
                21.68264176480572,
                21.682641764805727,
                21.682641764805727,
                21.682641764805727,
                21.682641764805727,
                21.682641764805727,
                21.682641764805727,
                21.682641764805727,
                21.682641764805727
            ],
            "Node_2": [
                -0.04704366634078216,
                2.603857757687089,
                5.185579977610616,
                7.69742608352898,
                10.06787990179777,
                12.24508128654796,
                14.209900227189662,
                15.938186670840924,
                17.38806756512039,
                18.81049426514498,
                20.567809141921618,
                21.605026920629037,
                21.779247387959792,
                21.75290413252843,
                21.719726360059607,
                21.856222438371958,
                22.176543425381034,
                22.368603662096262,
                22.414464899601004,
                22.263015968597347,
                22.04520233441155,
                21.96336398124431,
                22.364822274370937,
                22.099279084768284,
                20.56196661765663,
                20.14753289716525,
                18.268623771011924,
                15.651162992563894,
                12.80319104993643,
                9.756444995627636,
                6.555092525143464,
                3.280564466479328,
                -0.04704366634078216,
                -0.04704366634078216,
                -0.04704366634078216,
                -0.04704366634078216,
                -0.04704366634078216,
                -0.04704366634078216,
                -0.04704366634078216,
                -0.04704366634078216,
                -0.04704366634078216,
                -0.04704366634078216,
                -0.04704366634078216,
                -0.04704366634078216,
                -0.04704366634078216,
                2.603857757687089,
                5.185579977610616,
                7.69742608352898,
                10.06787990179777,
                12.24508128654796,
                14.209900227189662,
                15.938186670840924,
                17.38806756512039,
                18.81049426514498,
                20.567809141921618,
                21.605026920629037,
                21.779247387959792,
                21.75290413252843,
                21.719726360059607,
                21.856222438371958,
                22.176543425381034,
                22.368603662096262,
                22.414464899601004,
                22.263015968597347,
                22.04520233441155,
                21.96336398124431,
                22.364822274370937,
                22.099279084768284,
                20.56196661765663,
                20.14753289716525,
                18.268623771011924,
                15.651162992563894,
                12.80319104993643,
                9.756444995627636,
                6.555092525143464,
                3.280564466479328,
                -0.04704366634078216,
                21.779247387959792,
                21.779247387959792,
                21.779247387959792,
                21.779247387959792,
                21.779247387959792,
                21.779247387959792,
                21.779247387959792,
                21.779247387959792,
                21.779247387959792,
                21.779247387959792,
                21.779247387959792,
                21.779247387959792,
                21.779247387959792,
                21.96336398124431,
                21.96336398124431,
                21.96336398124429,
                21.96336398124431,
                21.96336398124429,
                21.96336398124431,
                21.96336398124431,
                21.96336398124431,
                21.96336398124431,
                21.96336398124431,
                21.96336398124431,
                21.96336398124431,
                21.96336398124431
            ],
            "Node_3": [
                -0.039412797168785256,
                4.216570428302919,
                8.314791086888889,
                12.179575679941756,
                15.644697697500066,
                18.084361595656326,
                18.96732644464976,
                19.80946591165624,
                20.558958038777742,
                21.159582191458693,
                21.594815383770214,
                21.972300709505948,
                22.093370324871287,
                22.017143276995444,
                21.95909004685556,
                22.015160783789355,
                22.47625058977803,
                23.319287819630134,
                23.531320325345085,
                23.915656089595803,
                24.429710704973463,
                24.85536418097858,
                23.711349518255965,
                22.810392781102095,
                22.441596565273006,
                20.62717320738483,
                19.721632371143773,
                19.097062524161984,
                18.018063779738807,
                14.862775629862869,
                10.340878368989209,
                5.286464672783656,
                -0.039412797168785256,
                -0.039412797168785256,
                -0.039412797168785256,
                -0.039412797168785256,
                -0.039412797168785256,
                -0.039412797168785256,
                -0.039412797168785256,
                -0.039412797168785256,
                -0.039412797168785256,
                -0.039412797168785256,
                -0.039412797168785256,
                -0.039412797168785256,
                -0.039412797168785256,
                4.216570428302919,
                8.314791086888889,
                12.179575679941756,
                15.644697697500066,
                18.084361595656326,
                18.96732644464976,
                19.80946591165624,
                20.558958038777742,
                21.159582191458693,
                21.594815383770214,
                21.972300709505948,
                22.093370324871287,
                22.017143276995444,
                21.95909004685556,
                22.015160783789355,
                22.47625058977803,
                23.319287819630134,
                23.531320325345085,
                23.915656089595803,
                24.429710704973463,
                24.85536418097858,
                23.711349518255965,
                22.810392781102095,
                22.441596565273006,
                20.62717320738483,
                19.721632371143773,
                19.097062524161984,
                18.018063779738807,
                14.862775629862869,
                10.340878368989209,
                5.286464672783656,
                -0.039412797168785256,
                22.093370324871287,
                22.093370324871287,
                22.093370324871287,
                22.093370324871287,
                22.093370324871287,
                22.093370324871287,
                22.093370324871287,
                22.093370324871287,
                22.093370324871287,
                22.093370324871287,
                22.093370324871287,
                22.093370324871287,
                22.093370324871287,
                24.85536418097858,
                24.85536418097858,
                24.855364180978583,
                24.85536418097858,
                24.855364180978583,
                24.85536418097858,
                24.85536418097858,
                24.85536418097858,
                24.85536418097858,
                24.85536418097858,
                24.85536418097858,
                24.85536418097858,
                24.85536418097858
            ],
            "Node_4": [
                15.278074042019183,
                15.443683290667936,
                15.843753612038414,
                16.45997408969428,
                17.231123213221938,
                18.32525942356326,
                19.753054142689475,
                20.423915366626712,
                20.89760444528077,
                21.34189035594937,
                21.764294603877747,
                22.231323838732656,
                22.656982487138578,
                22.860106003515707,
                23.228752894338268,
                23.481877706818885,
                23.497868403951372,
                23.483434866353207,
                24.298688202869968,
                25.02730983932644,
                25.271889853674818,
                25.035777663421452,
                25.777424213364835,
                25.23796635241431,
                24.33052309465205,
                23.666432176560896,
                22.095678459284326,
                20.518586195294702,
                18.56830209774183,
                17.09941450663034,
                16.127567382839892,
                15.501708147813774,
                15.278074042019183,
                15.278074042019183,
                15.278074042019183,
                15.278074042019183,
                15.278074042019183,
                15.278074042019183,
                15.278074042019183,
                15.278074042019183,
                15.278074042019183,
                15.278074042019183,
                15.278074042019183,
                15.278074042019183,
                15.278074042019183,
                15.443683290667936,
                15.843753612038414,
                16.45997408969428,
                17.231123213221938,
                18.32525942356326,
                19.753054142689475,
                20.423915366626712,
                20.89760444528077,
                21.34189035594937,
                21.764294603877747,
                22.231323838732656,
                22.656982487138578,
                22.860106003515707,
                23.228752894338268,
                23.481877706818885,
                23.497868403951372,
                23.483434866353207,
                24.298688202869968,
                25.02730983932644,
                25.271889853674818,
                25.035777663421452,
                25.777424213364835,
                25.23796635241431,
                24.33052309465205,
                23.666432176560896,
                22.095678459284326,
                20.518586195294702,
                18.56830209774183,
                17.09941450663034,
                16.127567382839892,
                15.501708147813774,
                15.278074042019183,
                22.656982487138578,
                22.656982487138578,
                22.656982487138578,
                22.656982487138578,
                22.656982487138578,
                22.656982487138578,
                22.656982487138578,
                22.656982487138578,
                22.656982487138578,
                22.656982487138578,
                22.656982487138578,
                22.656982487138578,
                22.656982487138578,
                25.035777663421452,
                25.035777663421452,
                25.035777663421452,
                25.035777663421452,
                25.035777663421452,
                25.035777663421452,
                25.035777663421452,
                25.035777663421452,
                25.035777663421452,
                25.035777663421452,
                25.035777663421452,
                25.035777663421452,
                25.035777663421452
            ],
            "Node_5": [
                15.314654221050294,
                15.884250183738658,
                17.402869893546047,
                19.34286859902734,
                21.29147763353165,
                22.71646541588193,
                24.386356822214083,
                25.25162838369526,
                25.635185656676537,
                25.69942324629279,
                25.60443584841652,
                25.484667846109378,
                25.434721660291775,
                25.407558735468175,
                25.39198731874363,
                25.571950493145973,
                26.0625028666077,
                26.731812648002855,
                27.197337734396136,
                26.860618086545692,
                26.724117773894193,
                26.784319349363823,
                26.38588664730954,
                25.94985245032157,
                25.08282185100905,
                24.442061043214217,
                24.52810950171348,
                24.090847984985565,
                22.64510465817038,
                20.77874982331813,
                18.35645783937035,
                16.218746463172803,
                15.314654221050294,
                15.314654221050294,
                15.314654221050294,
                15.314654221050294,
                15.314654221050294,
                15.314654221050294,
                15.314654221050294,
                15.314654221050294,
                15.314654221050294,
                15.314654221050294,
                15.314654221050294,
                15.314654221050294,
                15.314654221050294,
                15.884250183738658,
                17.402869893546047,
                19.34286859902734,
                21.29147763353165,
                22.71646541588193,
                24.386356822214083,
                25.25162838369526,
                25.635185656676537,
                25.69942324629279,
                25.60443584841652,
                25.484667846109378,
                25.434721660291775,
                25.407558735468175,
                25.39198731874363,
                25.571950493145973,
                26.0625028666077,
                26.731812648002855,
                27.197337734396136,
                26.860618086545692,
                26.724117773894193,
                26.784319349363823,
                26.38588664730954,
                25.94985245032157,
                25.08282185100905,
                24.442061043214217,
                24.52810950171348,
                24.090847984985565,
                22.64510465817038,
                20.77874982331813,
                18.35645783937035,
                16.218746463172803,
                15.314654221050294,
                25.434721660291775,
                25.434721660291775,
                25.434721660291775,
                25.434721660291775,
                25.434721660291775,
                25.434721660291775,
                25.434721660291775,
                25.434721660291775,
                25.434721660291775,
                25.434721660291775,
                25.434721660291775,
                25.434721660291775,
                25.434721660291775,
                26.784319349363823,
                26.784319349363823,
                26.78431934936383,
                26.784319349363823,
                26.78431934936383,
                26.784319349363823,
                26.784319349363823,
                26.784319349363823,
                26.784319349363823,
                26.784319349363823,
                26.784319349363823,
                26.784319349363823,
                26.784319349363823
            ],
            "Node_6": [
                23.650886393299714,
                23.05405973317715,
                22.385088701324676,
                22.02046530029344,
                22.075734815654986,
                23.110425781061277,
                24.508446254187476,
                26.565844903942423,
                27.28636976375952,
                27.643640829935556,
                27.923521774234295,
                28.102507087674272,
                28.164277696672467,
                28.23954120096787,
                28.280905446441164,
                28.141719284310856,
                27.894000298138817,
                27.575402351962286,
                27.418312778596693,
                27.95920728133964,
                28.30277406509515,
                28.41300007397191,
                28.180681738414478,
                27.84383561397759,
                27.762617253215684,
                27.4204120584855,
                26.392385158359968,
                24.553456489053517,
                22.8555695917056,
                21.96023246427421,
                22.137325160431665,
                22.859347156384665,
                23.650886393299714,
                23.650886393299714,
                23.650886393299714,
                23.650886393299714,
                23.650886393299714,
                23.650886393299714,
                23.650886393299714,
                23.650886393299714,
                23.650886393299714,
                23.650886393299714,
                23.650886393299714,
                23.650886393299714,
                23.650886393299714,
                23.05405973317715,
                22.385088701324676,
                22.02046530029344,
                22.075734815654986,
                23.110425781061277,
                24.508446254187476,
                26.565844903942423,
                27.28636976375952,
                27.643640829935556,
                27.923521774234295,
                28.102507087674272,
                28.164277696672467,
                28.23954120096787,
                28.280905446441164,
                28.141719284310856,
                27.894000298138817,
                27.575402351962286,
                27.418312778596693,
                27.95920728133964,
                28.30277406509515,
                28.41300007397191,
                28.180681738414478,
                27.84383561397759,
                27.762617253215684,
                27.4204120584855,
                26.392385158359968,
                24.553456489053517,
                22.8555695917056,
                21.96023246427421,
                22.137325160431665,
                22.859347156384665,
                23.650886393299714,
                28.164277696672467,
                28.164277696672467,
                28.164277696672467,
                28.164277696672467,
                28.164277696672467,
                28.164277696672467,
                28.164277696672467,
                28.164277696672467,
                28.164277696672467,
                28.164277696672467,
                28.164277696672467,
                28.164277696672467,
                28.164277696672467,
                28.41300007397191,
                28.41300007397191,
                28.413000073971904,
                28.41300007397191,
                28.413000073971904,
                28.41300007397191,
                28.41300007397191,
                28.41300007397191,
                28.41300007397191,
                28.41300007397191,
                28.41300007397191,
                28.41300007397191,
                28.41300007397191
            ],
            "Node_7": [
                24.775239806604294,
                24.875792099798346,
                25.037766518070672,
                25.29441108141005,
                25.629496144700312,
                26.02260642645075,
                26.448166360321657,
                26.878614357322352,
                28.225778739739926,
                29.13615000034327,
                29.270920013349,
                28.942603647300476,
                28.715852114353932,
                28.749574177197573,
                29.006702203293546,
                29.562991550052246,
                30.26140533706781,
                30.98527360804523,
                31.643354239922242,
                32.15766306804363,
                32.472912303944675,
                32.5664940921318,
                32.26701168497704,
                31.556293203373073,
                30.597058124467992,
                29.49433785423647,
                28.32345635902895,
                27.175422508711804,
                26.233548291757145,
                25.57680986907452,
                25.135714673434247,
                24.875725986781326,
                24.775239806604294,
                24.775239806604294,
                24.775239806604294,
                24.775239806604294,
                24.775239806604294,
                24.775239806604294,
                24.775239806604294,
                24.775239806604294,
                24.775239806604294,
                24.775239806604294,
                24.775239806604294,
                24.775239806604294,
                24.775239806604294,
                24.875792099798346,
                25.037766518070672,
                25.29441108141005,
                25.629496144700312,
                26.02260642645075,
                26.448166360321657,
                26.878614357322352,
                28.225778739739926,
                29.13615000034327,
                29.270920013349,
                28.942603647300476,
                28.715852114353932,
                28.749574177197573,
                29.006702203293546,
                29.562991550052246,
                30.26140533706781,
                30.98527360804523,
                31.643354239922242,
                32.15766306804363,
                32.472912303944675,
                32.5664940921318,
                32.26701168497704,
                31.556293203373073,
                30.597058124467992,
                29.49433785423647,
                28.32345635902895,
                27.175422508711804,
                26.233548291757145,
                25.57680986907452,
                25.135714673434247,
                24.875725986781326,
                24.775239806604294,
                28.715852114353932,
                28.715852114353932,
                28.715852114353932,
                28.715852114353932,
                28.715852114353932,
                28.715852114353932,
                28.715852114353932,
                28.715852114353932,
                28.715852114353932,
                28.715852114353932,
                28.715852114353932,
                28.715852114353932,
                28.715852114353932,
                32.5664940921318,
                32.5664940921318,
                32.56649409213178,
                32.5664940921318,
                32.56649409213178,
                32.5664940921318,
                32.5664940921318,
                32.5664940921318,
                32.5664940921318,
                32.5664940921318,
                32.5664940921318,
                32.5664940921318,
                32.5664940921318
            ],
            "Node_8": [
                24.837052304905967,
                25.632246953827018,
                27.026415494003984,
                28.58123949809701,
                29.277052370042554,
                29.525530523197958,
                29.809301555775942,
                30.109678737209503,
                30.403655139769096,
                30.667024108989846,
                30.874130281306755,
                31.004881532436077,
                31.049469905110993,
                31.146989834065383,
                31.405248485709468,
                31.74236320458772,
                32.07126044455529,
                32.33960568750361,
                32.552465885702844,
                32.75671009989736,
                32.994187472385924,
                33.23354180008217,
                33.14031322646234,
                33.187933375976684,
                33.09353042422277,
                32.68875093954959,
                31.671766101019333,
                30.583894951854525,
                29.77887435407334,
                29.24477045539606,
                27.846363890043797,
                25.998228857682438,
                24.837052304905967,
                24.837052304905967,
                24.837052304905967,
                24.837052304905967,
                24.837052304905967,
                24.837052304905967,
                24.837052304905967,
                24.837052304905967,
                24.837052304905967,
                24.837052304905967,
                24.837052304905967,
                24.837052304905967,
                24.837052304905967,
                25.632246953827018,
                27.026415494003984,
                28.58123949809701,
                29.277052370042554,
                29.525530523197958,
                29.809301555775942,
                30.109678737209503,
                30.403655139769096,
                30.667024108989846,
                30.874130281306755,
                31.004881532436077,
                31.049469905110993,
                31.146989834065383,
                31.405248485709468,
                31.74236320458772,
                32.07126044455529,
                32.33960568750361,
                32.552465885702844,
                32.75671009989736,
                32.994187472385924,
                33.23354180008217,
                33.14031322646234,
                33.187933375976684,
                33.09353042422277,
                32.68875093954959,
                31.671766101019333,
                30.583894951854525,
                29.77887435407334,
                29.24477045539606,
                27.846363890043797,
                25.998228857682438,
                24.837052304905967,
                31.049469905110993,
                31.049469905110993,
                31.049469905110993,
                31.049469905110993,
                31.049469905110993,
                31.049469905110993,
                31.049469905110993,
                31.049469905110993,
                31.049469905110993,
                31.049469905110993,
                31.049469905110993,
                31.049469905110993,
                31.049469905110993,
                33.23354180008217,
                33.23354180008217,
                33.233541800082165,
                33.23354180008217,
                33.233541800082165,
                33.23354180008217,
                33.23354180008217,
                33.23354180008217,
                33.23354180008217,
                33.23354180008217,
                33.23354180008217,
                33.23354180008217,
                33.23354180008217
            ],
            "Node_9": [
                28.740078428293216,
                28.817521572868436,
                28.927656362039436,
                29.07694144631311,
                30.180058525914042,
                30.80716447103281,
                31.419838128472946,
                32.08468864286891,
                32.791060024126956,
                33.470535828230744,
                34.04266899009631,
                34.43045589535884,
                34.56856481840347,
                34.58974977490311,
                34.66094405850617,
                34.80472268604907,
                35.04850554937647,
                35.39407446037982,
                35.11104374668224,
                34.46103259717325,
                33.87973905468957,
                33.49171799683465,
                33.79913213605423,
                34.02599401055213,
                33.68195004933211,
                32.817537734890266,
                32.043532079246646,
                31.326673626568894,
                30.65698850300838,
                29.895775287950894,
                28.96739143197021,
                28.803503083579077,
                28.740078428293216,
                28.740078428293216,
                28.740078428293216,
                28.740078428293216,
                28.740078428293216,
                28.740078428293216,
                28.740078428293216,
                28.740078428293216,
                28.740078428293216,
                28.740078428293216,
                28.740078428293216,
                28.740078428293216,
                28.740078428293216,
                28.817521572868436,
                28.927656362039436,
                29.07694144631311,
                30.180058525914042,
                30.80716447103281,
                31.419838128472946,
                32.08468864286891,
                32.791060024126956,
                33.470535828230744,
                34.04266899009631,
                34.43045589535884,
                34.56856481840347,
                34.58974977490311,
                34.66094405850617,
                34.80472268604907,
                35.04850554937647,
                35.39407446037982,
                35.11104374668224,
                34.46103259717325,
                33.87973905468957,
                33.49171799683465,
                33.79913213605423,
                34.02599401055213,
                33.68195004933211,
                32.817537734890266,
                32.043532079246646,
                31.326673626568894,
                30.65698850300838,
                29.895775287950894,
                28.96739143197021,
                28.803503083579077,
                28.740078428293216,
                34.56856481840347,
                34.56856481840347,
                34.56856481840347,
                34.56856481840347,
                34.56856481840347,
                34.56856481840347,
                34.56856481840347,
                34.56856481840347,
                34.56856481840347,
                34.56856481840347,
                34.56856481840347,
                34.56856481840347,
                34.56856481840347,
                33.49171799683465,
                33.49171799683465,
                33.49171799683465,
                33.49171799683465,
                33.49171799683465,
                33.49171799683465,
                33.49171799683465,
                33.49171799683465,
                33.49171799683465,
                33.49171799683465,
                33.49171799683465,
                33.49171799683465,
                33.49171799683465
            ],
            "Node_10": [
                28.842302966617762,
                28.912213239449127,
                29.215973303028893,
                29.682348560809896,
                30.261329495240176,
                31.849648168505706,
                33.407830100010976,
                34.81116752552696,
                35.98539305861647,
                36.873875173194556,
                37.40563670060111,
                37.54301855635968,
                37.5496724068758,
                37.47098493204993,
                37.23778784454145,
                36.8608157092023,
                36.36101513597314,
                35.77208456144072,
                35.8259009420203,
                36.24177528419134,
                36.56684068490149,
                36.69582890443305,
                36.43768664218236,
                36.214869602875716,
                36.61355006907584,
                36.67690637697195,
                35.5126797237128,
                33.84646054665022,
                31.922598555124633,
                30.031655942209678,
                29.44647197946515,
                28.99996140947516,
                28.842302966617762,
                28.842302966617762,
                28.842302966617762,
                28.842302966617762,
                28.842302966617762,
                28.842302966617762,
                28.842302966617762,
                28.842302966617762,
                28.842302966617762,
                28.842302966617762,
                28.842302966617762,
                28.842302966617762,
                28.842302966617762,
                28.912213239449127,
                29.215973303028893,
                29.682348560809896,
                30.261329495240176,
                31.849648168505706,
                33.407830100010976,
                34.81116752552696,
                35.98539305861647,
                36.873875173194556,
                37.40563670060111,
                37.54301855635968,
                37.5496724068758,
                37.47098493204993,
                37.23778784454145,
                36.8608157092023,
                36.36101513597314,
                35.77208456144072,
                35.8259009420203,
                36.24177528419134,
                36.56684068490149,
                36.69582890443305,
                36.43768664218236,
                36.214869602875716,
                36.61355006907584,
                36.67690637697195,
                35.5126797237128,
                33.84646054665022,
                31.922598555124633,
                30.031655942209678,
                29.44647197946515,
                28.99996140947516,
                28.842302966617762,
                37.5496724068758,
                37.5496724068758,
                37.5496724068758,
                37.5496724068758,
                37.5496724068758,
                37.5496724068758,
                37.5496724068758,
                37.5496724068758,
                37.5496724068758,
                37.5496724068758,
                37.5496724068758,
                37.5496724068758,
                37.5496724068758,
                36.69582890443305,
                36.69582890443305,
                36.69582890443306,
                36.69582890443305,
                36.69582890443306,
                36.69582890443305,
                36.69582890443305,
                36.69582890443305,
                36.69582890443305,
                36.69582890443305,
                36.69582890443305,
                36.69582890443305,
                36.69582890443305
            ],
            "Node_11": [
                41.06345305490767,
                40.96877882145023,
                40.72564263391655,
                40.43514778276269,
                40.214971327819114,
                40.164050378841004,
                40.333789195236896,
                40.64345414422871,
                39.772784215857044,
                38.79992238343353,
                38.339434230602656,
                38.35740002960779,
                38.42728095241668,
                38.41302192480833,
                38.37346258693611,
                38.31719976033371,
                38.257504152561665,
                38.21366146140201,
                38.211918034514234,
                38.281914124301736,
                38.444420151968885,
                38.672764366859106,
                38.52423414587535,
                38.41864974699013,
                38.14186982655581,
                38.5146451099866,
                40.05585336623657,
                39.999333973148985,
                40.01143958643831,
                40.214358806602746,
                40.57195078571526,
                40.91926091167921,
                41.06345305490767,
                41.06345305490767,
                41.06345305490767,
                41.06345305490767,
                41.06345305490767,
                41.06345305490767,
                41.06345305490767,
                41.06345305490767,
                41.06345305490767,
                41.06345305490767,
                41.06345305490767,
                41.06345305490767,
                41.06345305490767,
                40.96877882145023,
                40.72564263391655,
                40.43514778276269,
                40.214971327819114,
                40.164050378841004,
                40.333789195236896,
                40.64345414422871,
                39.772784215857044,
                38.79992238343353,
                38.339434230602656,
                38.35740002960779,
                38.42728095241668,
                38.41302192480833,
                38.37346258693611,
                38.31719976033371,
                38.257504152561665,
                38.21366146140201,
                38.211918034514234,
                38.281914124301736,
                38.444420151968885,
                38.672764366859106,
                38.52423414587535,
                38.41864974699013,
                38.14186982655581,
                38.5146451099866,
                40.05585336623657,
                39.999333973148985,
                40.01143958643831,
                40.214358806602746,
                40.57195078571526,
                40.91926091167921,
                41.06345305490767,
                38.42728095241668,
                38.42728095241668,
                38.42728095241668,
                38.42728095241668,
                38.42728095241668,
                38.42728095241668,
                38.42728095241668,
                38.42728095241668,
                38.42728095241668,
                38.42728095241668,
                38.42728095241668,
                38.42728095241668,
                38.42728095241668,
                38.672764366859106,
                38.672764366859106,
                38.67276436685911,
                38.672764366859106,
                38.67276436685911,
                38.672764366859106,
                38.672764366859106,
                38.672764366859106,
                38.672764366859106,
                38.672764366859106,
                38.672764366859106,
                38.672764366859106,
                38.672764366859106
            ],
            "Node_12": [
                50.46693740928615,
                50.08072742731672,
                49.04540638889131,
                47.622692180628505,
                46.03693779598309,
                44.40332698010219,
                42.77677593516916,
                41.29742825818324,
                41.34069697683076,
                41.89118841529453,
                42.37286948707615,
                42.692141884173346,
                42.803159938299956,
                42.72047711342676,
                42.47904933335643,
                42.09608801777284,
                41.59619792163833,
                41.01095843212942,
                40.37795368480344,
                39.7427096470359,
                39.172326805923454,
                38.78893416301769,
                39.23128038228787,
                39.71439838309445,
                40.028034186717484,
                40.13767294879176,
                40.1839566920508,
                42.16853522704237,
                44.281641846140026,
                46.37889025776076,
                48.344563179862995,
                49.8694865445768,
                50.46693740928615,
                50.46693740928615,
                50.46693740928615,
                50.46693740928615,
                50.46693740928615,
                50.46693740928615,
                50.46693740928615,
                50.46693740928615,
                50.46693740928615,
                50.46693740928615,
                50.46693740928615,
                50.46693740928615,
                50.46693740928615,
                50.08072742731672,
                49.04540638889131,
                47.622692180628505,
                46.03693779598309,
                44.40332698010219,
                42.77677593516916,
                41.29742825818324,
                41.34069697683076,
                41.89118841529453,
                42.37286948707615,
                42.692141884173346,
                42.803159938299956,
                42.72047711342676,
                42.47904933335643,
                42.09608801777284,
                41.59619792163833,
                41.01095843212942,
                40.37795368480344,
                39.7427096470359,
                39.172326805923454,
                38.78893416301769,
                39.23128038228787,
                39.71439838309445,
                40.028034186717484,
                40.13767294879176,
                40.1839566920508,
                42.16853522704237,
                44.281641846140026,
                46.37889025776076,
                48.344563179862995,
                49.8694865445768,
                50.46693740928615,
                42.803159938299956,
                42.803159938299956,
                42.803159938299956,
                42.803159938299956,
                42.803159938299956,
                42.803159938299956,
                42.803159938299956,
                42.803159938299956,
                42.803159938299956,
                42.803159938299956,
                42.803159938299956,
                42.803159938299956,
                42.803159938299956,
                38.78893416301769,
                38.78893416301769,
                38.78893416301769,
                38.78893416301769,
                38.78893416301769,
                38.78893416301769,
                38.78893416301769,
                38.78893416301769,
                38.78893416301769,
                38.78893416301769,
                38.78893416301769,
                38.78893416301769,
                38.78893416301769
            ],
            "Node_13": [
                55.520191465293756,
                55.407031437593005,
                55.04618479995987,
                54.50327826876598,
                53.903714634729276,
                53.37326680220205,
                52.98537095832838,
                52.7759908866679,
                52.755595855386694,
                52.87332848145678,
                53.02066558214488,
                53.11500050254247,
                53.14368440623996,
                53.15238311725161,
                53.177084279437665,
                53.213147470588005,
                53.254497606398935,
                53.29757323222566,
                53.340387363972496,
                53.37893444418995,
                53.410026962583345,
                53.435211243906295,
                53.45980009582852,
                53.411759398459196,
                53.195064332224334,
                52.878087692758385,
                52.74869952170804,
                52.95177247150949,
                53.44369643387551,
                54.12492977519473,
                54.84254193103258,
                55.36650482668466,
                55.520191465293756,
                55.520191465293756,
                55.520191465293756,
                55.520191465293756,
                55.520191465293756,
                55.520191465293756,
                55.520191465293756,
                55.520191465293756,
                55.520191465293756,
                55.520191465293756,
                55.520191465293756,
                55.520191465293756,
                55.520191465293756,
                55.407031437593005,
                55.04618479995987,
                54.50327826876598,
                53.903714634729276,
                53.37326680220205,
                52.98537095832838,
                52.7759908866679,
                52.755595855386694,
                52.87332848145678,
                53.02066558214488,
                53.11500050254247,
                53.14368440623996,
                53.15238311725161,
                53.177084279437665,
                53.213147470588005,
                53.254497606398935,
                53.29757323222566,
                53.340387363972496,
                53.37893444418995,
                53.410026962583345,
                53.435211243906295,
                53.45980009582852,
                53.411759398459196,
                53.195064332224334,
                52.878087692758385,
                52.74869952170804,
                52.95177247150949,
                53.44369643387551,
                54.12492977519473,
                54.84254193103258,
                55.36650482668466,
                55.520191465293756,
                53.14368440623996,
                53.14368440623996,
                53.14368440623996,
                53.14368440623996,
                53.14368440623996,
                53.14368440623996,
                53.14368440623996,
                53.14368440623996,
                53.14368440623996,
                53.14368440623996,
                53.14368440623996,
                53.14368440623996,
                53.14368440623996,
                53.435211243906295,
                53.435211243906295,
                53.435211243906295,
                53.435211243906295,
                53.435211243906295,
                53.435211243906295,
                53.435211243906295,
                53.435211243906295,
                53.435211243906295,
                53.435211243906295,
                53.435211243906295,
                53.435211243906295,
                53.435211243906295
            ],
            "Node_14": [
                55.56925910792831,
                55.49349415961653,
                55.320519619211275,
                55.093438767567754,
                54.84997523860258,
                54.62303762848558,
                54.442442984868286,
                54.32765448219382,
                54.29237687732757,
                54.32944851177574,
                54.39435634004962,
                54.43781014895776,
                54.45022902320814,
                54.45486231742962,
                54.466623416975565,
                54.47876588287248,
                54.482505303188034,
                54.47472256465014,
                54.461534374305856,
                54.44917909219795,
                54.43645339593779,
                54.42001709675692,
                54.37601963972119,
                54.26312399546497,
                54.12476133332097,
                54.122790846306415,
                54.2507850694309,
                54.51542524330413,
                54.84105725632735,
                55.05981546083381,
                55.27776656327092,
                55.464323681476976,
                55.56925910792831,
                55.56925910792831,
                55.56925910792831,
                55.56925910792831,
                55.56925910792831,
                55.56925910792831,
                55.56925910792831,
                55.56925910792831,
                55.56925910792831,
                55.56925910792831,
                55.56925910792831,
                55.56925910792831,
                55.56925910792831,
                55.49349415961653,
                55.320519619211275,
                55.093438767567754,
                54.84997523860258,
                54.62303762848558,
                54.442442984868286,
                54.32765448219382,
                54.29237687732757,
                54.32944851177574,
                54.39435634004962,
                54.43781014895776,
                54.45022902320814,
                54.45486231742962,
                54.466623416975565,
                54.47876588287248,
                54.482505303188034,
                54.47472256465014,
                54.461534374305856,
                54.44917909219795,
                54.43645339593779,
                54.42001709675692,
                54.37601963972119,
                54.26312399546497,
                54.12476133332097,
                54.122790846306415,
                54.2507850694309,
                54.51542524330413,
                54.84105725632735,
                55.05981546083381,
                55.27776656327092,
                55.464323681476976,
                55.56925910792831,
                54.45022902320814,
                54.45022902320814,
                54.45022902320814,
                54.45022902320814,
                54.45022902320814,
                54.45022902320814,
                54.45022902320814,
                54.45022902320814,
                54.45022902320814,
                54.45022902320814,
                54.45022902320814,
                54.45022902320814,
                54.45022902320814,
                54.42001709675692,
                54.42001709675692,
                54.42001709675692,
                54.42001709675692,
                54.42001709675692,
                54.42001709675692,
                54.42001709675692,
                54.42001709675692,
                54.42001709675692,
                54.42001709675692,
                54.42001709675692,
                54.42001709675692,
                54.42001709675692
            ],
            "Node_15": [
                58.06789394589913,
                57.827479375372135,
                57.22302533241053,
                56.52293135808008,
                55.958658938503426,
                55.590345861284334,
                55.358341271600786,
                55.208849459500016,
                55.13027811870439,
                55.12658409587162,
                55.19054050308165,
                55.27906562798151,
                55.320451952956276,
                55.29956026184885,
                55.241574071766834,
                55.1590990385696,
                55.07012825418651,
                54.99290970957883,
                54.936215683029,
                54.89600684251229,
                54.861906540190446,
                54.82087831524694,
                54.702740258474975,
                54.55297443296571,
                54.48778650627105,
                54.49256144475799,
                54.556998733489465,
                54.6944187745093,
                55.03550390052648,
                55.7918394784997,
                56.78314296146363,
                57.691745527323526,
                58.06789394589913,
                58.06789394589913,
                58.06789394589913,
                58.06789394589913,
                58.06789394589913,
                58.06789394589913,
                58.06789394589913,
                58.06789394589913,
                58.06789394589913,
                58.06789394589913,
                58.06789394589913,
                58.06789394589913,
                58.06789394589913,
                57.827479375372135,
                57.22302533241053,
                56.52293135808008,
                55.958658938503426,
                55.590345861284334,
                55.358341271600786,
                55.208849459500016,
                55.13027811870439,
                55.12658409587162,
                55.19054050308165,
                55.27906562798151,
                55.320451952956276,
                55.29956026184885,
                55.241574071766834,
                55.1590990385696,
                55.07012825418651,
                54.99290970957883,
                54.936215683029,
                54.89600684251229,
                54.861906540190446,
                54.82087831524694,
                54.702740258474975,
                54.55297443296571,
                54.48778650627105,
                54.49256144475799,
                54.556998733489465,
                54.6944187745093,
                55.03550390052648,
                55.7918394784997,
                56.78314296146363,
                57.691745527323526,
                58.06789394589913,
                55.320451952956276,
                55.320451952956276,
                55.320451952956276,
                55.320451952956276,
                55.320451952956276,
                55.320451952956276,
                55.320451952956276,
                55.320451952956276,
                55.320451952956276,
                55.320451952956276,
                55.320451952956276,
                55.320451952956276,
                55.320451952956276,
                54.82087831524694,
                54.82087831524694,
                54.82087831524694,
                54.82087831524694,
                54.82087831524694,
                54.82087831524694,
                54.82087831524694,
                54.82087831524694,
                54.82087831524694,
                54.82087831524694,
                54.82087831524694,
                54.82087831524694,
                54.82087831524694
            ]
        }
    },
    "Phonon_DOS": {
        "DOS": [
            0.0,
            0.002,
            0.0,
            0.0,
            0.004,
            0.0,
            0.0,
            0.0,
            0.004,
            0.004,
            0.004,
            0.004,
            0.004,
            0.004,
            0.008,
            0.0,
            0.004,
            0.010666666666666666,
            0.014666666666666666,
            0.018666666666666668,
            0.012,
            0.027333333333333334,
            0.048,
            0.03866666666666666,
            0.04466666666666667,
            0.02333333333333333,
            0.029333333333333333,
            0.05,
            0.014666666666666666,
            0.034,
            0.03666666666666667,
            0.027999999999999997,
            0.03666666666666667,
            0.03333333333333333,
            0.027999999999999997,
            0.02666666666666667,
            0.01933333333333333,
            0.012,
            0.02666666666666667,
            0.011333333333333332,
            0.038,
            0.008,
            0.044000000000000004,
            0.012666666666666666,
            0.018000000000000002,
            0.0,
            0.004,
            0.004,
            0.0,
            0.0,
            0.004,
            0.0,
            0.0006666666666666666,
            0.0,
            0.013333333333333334,
            0.06533333333333333,
            0.08199999999999999,
            0.03333333333333333,
            0.005333333333333333,
            0.0,
            0.0006666666666666666,
            0.0
        ],
        "Energy(meV)": [
            -1.5,
            -0.5,
            0.5,
            1.5,
            2.5,
            3.5,
            4.5,
            5.5,
            6.5,
            7.5,
            8.5,
            9.5,
            10.5,
            11.5,
            12.5,
            13.5,
            14.5,
            15.5,
            16.5,
            17.5,
            18.5,
            19.5,
            20.5,
            21.5,
            22.5,
            23.5,
            24.5,
            25.5,
            26.5,
            27.5,
            28.5,
            29.5,
            30.5,
            31.5,
            32.5,
            33.5,
            34.5,
            35.5,
            36.5,
            37.5,
            38.5,
            39.5,
            40.5,
            41.5,
            42.5,
            43.5,
            44.5,
            45.5,
            46.5,
            47.5,
            48.5,
            49.5,
            50.5,
            51.5,
            52.5,
            53.5,
            54.5,
            55.5,
            56.5,
            57.5,
            58.5,
            59.5
        ]
    }
}