{
    "POSCAR": {
        "Atomes": "   Sc    C   Br\n",
        "coordinate": "Direct\n",
        "unit_cell": {
            "a_vector": "3.5260208383261817   -7.767999720093148e-08   5.511163365903081e-09\n",
            "b_vector": "-1.7630104863803995   3.05362357846013   3.576801541774306e-07\n",
            "c_vector": "4.4213445107915855e-08   3.3389374475148032e-06   30.625037700778456\n"
        },
        "positions": {
            "Sc": [
                "0.33333329389629596   0.6666666431811303   0.16034552140297664\n",
                "0.6666666758154026   0.33333333876104493   0.23965447705102425\n"
            ],
            "C": [
                "1.1022647624310108e-08   -4.357197229271783e-09   0.19999999880948988\n"
            ],
            "Br": [
                "0.33333333784241986   0.6666666805782404   0.2998208870882264\n",
                "0.6666666811809533   0.33333334198229086   0.10017911564828387\n"
            ]
        }
    },
    "Termo_data": {
        "Temperature (K)": [
            0,
            10,
            20,
            30,
            40,
            50,
            60,
            70,
            80,
            90,
            100,
            110,
            120,
            130,
            140,
            150,
            160,
            170,
            180,
            190,
            200,
            210,
            220,
            230,
            240,
            250,
            260,
            270,
            280,
            290,
            300,
            310,
            320,
            330,
            340,
            350,
            360,
            370,
            380,
            390,
            400,
            410,
            420,
            430,
            440,
            450,
            460,
            470,
            480,
            490,
            500,
            510,
            520,
            530,
            540,
            550,
            560,
            570,
            580,
            590,
            600,
            610,
            620,
            630,
            640,
            650,
            660,
            670,
            680,
            690,
            700,
            710,
            720,
            730,
            740,
            750,
            760,
            770,
            780,
            790,
            800,
            810,
            820,
            830,
            840,
            850,
            860,
            870,
            880,
            890,
            900,
            910,
            920,
            930,
            940,
            950,
            960,
            970,
            980,
            990,
            1000,
            1010,
            1020,
            1030,
            1040,
            1050,
            1060,
            1070,
            1080,
            1090,
            1100,
            1110,
            1120,
            1130,
            1140,
            1150,
            1160,
            1170,
            1180,
            1190,
            1200,
            1210,
            1220,
            1230,
            1240,
            1250,
            1260,
            1270,
            1280,
            1290,
            1300,
            1310,
            1320,
            1330,
            1340,
            1350,
            1360,
            1370,
            1380,
            1390,
            1400,
            1410,
            1420,
            1430,
            1440,
            1450,
            1460,
            1470,
            1480,
            1490,
            1500,
            1510,
            1520,
            1530,
            1540,
            1550,
            1560,
            1570,
            1580,
            1590,
            1600,
            1610,
            1620,
            1630,
            1640,
            1650,
            1660,
            1670,
            1680,
            1690,
            1700,
            1710,
            1720,
            1730,
            1740,
            1750,
            1760,
            1770,
            1780,
            1790,
            1800,
            1810,
            1820,
            1830,
            1840,
            1850,
            1860,
            1870,
            1880,
            1890,
            1900,
            1910,
            1920,
            1930,
            1940,
            1950,
            1960,
            1970
        ],
        "Gibbs_free(J/mole)": [
            -484296.16095103516,
            -484296.347807828,
            -484297.65441123786,
            -484301.59996619576,
            -484311.02889206004,
            -484328.76777788566,
            -484356.84031901526,
            -484396.50566617906,
            -484448.47198586684,
            -484513.0784495165,
            -484590.4223245579,
            -484680.4432850593,
            -484782.97873476334,
            -484897.80033643555,
            -485024.63844185334,
            -485163.1986623951,
            -485313.1732524768,
            -485474.24902457476,
            -485646.11283643666,
            -485828.4554164427,
            -486020.9739755813,
            -486223.37396529433,
            -486435.37020379014,
            -486656.6875481452,
            -486887.0612387672,
            -487126.2369906261,
            -487373.97093288455,
            -487630.0294102388,
            -487894.1887051489,
            -488166.23470553284,
            -488445.9625337359,
            -488733.1761599196,
            -489027.68801485805,
            -489329.31855960353,
            -489637.89594319457,
            -489953.255576512,
            -490275.2397941323,
            -490603.6974699772,
            -490938.4837071096,
            -491279.4595088948,
            -491626.49145581917,
            -491979.45143502025,
            -492338.2163489641,
            -492702.6678724084,
            -493072.6921692592,
            -493448.1797566647,
            -493829.0251865704,
            -494215.12685705576,
            -494606.3868934502,
            -495002.7108712931,
            -495404.00771052315,
            -495810.1894962262,
            -496221.17132776004,
            -496636.8711418363,
            -497057.2096706613,
            -497482.11020744505,
            -497911.49855167203,
            -498345.3029002945,
            -498783.4536752525,
            -499225.8834722257,
            -499672.52702174865,
            -500123.3210163136,
            -500578.2039497447,
            -501037.11629159155,
            -501500.0001644085,
            -501966.7994268138,
            -502437.4593787935,
            -502911.9271834105,
            -503390.1511001624,
            -503872.0810406778,
            -504357.6682551226,
            -504846.8652415801,
            -505339.62576136313,
            -505835.90487591503,
            -506335.6588294989,
            -506838.8448367111,
            -507345.4213557525,
            -507855.3477291132,
            -508368.5845057737,
            -508885.09307700174,
            -509404.83584820887,
            -509927.77596044453,
            -510453.8776761975,
            -510983.10593920376,
            -511515.42663105385,
            -512050.8062403571,
            -512589.21218528494,
            -513130.6126017798,
            -513674.97622936027,
            -514222.2726579565,
            -514772.47215072997,
            -515325.54533467017,
            -515881.4638965903,
            -516440.19980677677,
            -517001.7258670047,
            -517566.0151223559,
            -518133.0415942587,
            -518702.7794866099,
            -519275.20383413543,
            -519850.2899117417,
            -520428.0136270759,
            -521008.3513710964,
            -521591.2800257159,
            -522176.77689557284,
            -522764.8197302462,
            -523355.38661334425,
            -523948.45624486834,
            -524544.0075790003,
            -525142.0200535499,
            -525742.473547278,
            -526345.3481735394,
            -526950.6242592576,
            -527558.2830981042,
            -528168.305814988,
            -528780.6736990926,
            -529395.3690613874,
            -530012.3739367829,
            -530631.6710058002,
            -531253.2431498358,
            -531877.0734951185,
            -532503.1456243381,
            -533131.443175301,
            -533761.9502075273,
            -534394.6510707639,
            -535029.5302596275,
            -535666.5727908203,
            -536305.7639414811,
            -536947.0886347408,
            -537590.5325384259,
            -538236.0819468227,
            -538883.7223670462,
            -539533.4404709864,
            -540185.2227724922,
            -540839.0559910185,
            -541494.9268182169,
            -542152.822963117,
            -542812.7314311157,
            -543474.6399711728,
            -544138.5361534668,
            -544804.4083645489,
            -545472.2444137939,
            -546142.03290654,
            -546813.76223157,
            -547487.4212627062,
            -548162.9986032966,
            -548840.4839103456,
            -549519.865994017,
            -550201.1341673961,
            -550884.2784395819,
            -551569.2882934397,
            -552256.153813021,
            -552944.8647160389,
            -553635.4114948126,
            -554327.7845062844,
            -555021.9739199104,
            -555717.9710031793,
            -556415.7660943215,
            -557115.3501534578,
            -557816.714616138,
            -558519.8500107374,
            -559224.7484361216,
            -559931.400883699,
            -560639.7993661202,
            -561349.9352368444,
            -562061.8003354912,
            -562775.3869507568,
            -563490.6874379419,
            -564207.6928314379,
            -564926.3969960199,
            -565646.7911274661,
            -566368.8688974795,
            -567092.6219641315,
            -567818.0440547583,
            -568545.1271969011,
            -569273.8651032217,
            -570004.250647528,
            -570736.2772184373,
            -571469.9380176272,
            -572205.2264362463,
            -572942.135785788,
            -573680.6604544624,
            -574420.793672378,
            -575162.529333815,
            -575905.8614668158,
            -576650.7841160216,
            -577397.291504295,
            -578145.3771933978,
            -578895.0364923929,
            -579646.2634203153,
            -580399.0520920714,
            -581153.3974707907,
            -581909.2945054232,
            -582666.7374913343,
            -583425.7215990082,
            -584186.2414786124,
            -584948.2928965358,
            -585711.8702664167,
            -586476.9688641476
        ],
        "Cp(J/mole.K)": [
            -0.0,
            0.12196111955272501,
            0.5940510309737874,
            1.6436739991593643,
            3.243694613303524,
            5.07125957543758,
            6.873035984454328,
            8.546106632707234,
            10.063734367897268,
            11.428211746206216,
            12.651517878592127,
            13.747859354199319,
            14.730989065370522,
            15.613414239577825,
            16.406286236704904,
            17.11951358252555,
            17.7619093345711,
            18.341312617532104,
            18.864699833141646,
            19.33827456724537,
            19.767544532107415,
            20.157392849595656,
            20.512143722502515,
            20.83561928727719,
            21.13119548420657,
            21.401860707374,
            21.650250795515603,
            21.878691084917246,
            22.089239425893155,
            22.28371534219913,
            22.46373940134074,
            22.630732605328376,
            22.785957771493088,
            22.93055921024792,
            23.065534211031615,
            23.191766987103595,
            23.310055835597428,
            23.42113454351932,
            23.52564394568617,
            23.624140027600543,
            23.717144435329942,
            23.80512404429601,
            23.888473507700837,
            23.967605383221265,
            24.04291671774108,
            24.11461815167419,
            24.18299300385707,
            24.248373769340105,
            24.310932231740992,
            24.370898102322826,
            24.428500204958148,
            24.4838513631374,
            24.53714336369889,
            24.588581498261192,
            24.638226447760864,
            24.68623745592053,
            24.732739597640546,
            24.777727691520663,
            24.821423227741533,
            24.864033931180977,
            24.90537224983555,
            24.945540064728863,
            24.984894335072198,
            25.023379412291934,
            25.060799553803918,
            25.097509733532206,
            25.133636523553427,
            25.168718623204136,
            25.20323710514921,
            25.23734277044855,
            25.27061474056968,
            25.303394342835283,
            25.336011411482673,
            25.36809579165716,
            25.39949751792867,
            25.43049676118239,
            25.461185158399275,
            25.491726811511086,
            25.521975207352135,
            25.551632719601912,
            25.580971106886636,
            25.610368015788726,
            25.639610078811533,
            25.668418967812613,
            25.696858686947962,
            25.72537807236234,
            25.753753165126668,
            25.781786089976773,
            25.810130047611892,
            25.838080694683658,
            25.8656051038853,
            25.893584518969874,
            25.921516474464312,
            25.948961073609958,
            25.97632857291319,
            26.003990602883142,
            26.031630294676802,
            26.059197628537436,
            26.086505006056022,
            26.113809701774294,
            26.14151424888398,
            26.1692644324006,
            26.1969300203288,
            26.224297734524516,
            26.251706238707698,
            26.279525697224315,
            26.307329257473185,
            26.335382012744958,
            26.363640531396882,
            26.390926587802824,
            26.418712582089938,
            26.44809140848803,
            26.475893986131837,
            26.50327613989656,
            26.53246460054652,
            26.561256788743695,
            26.59002855140716,
            26.61909384831387,
            26.648121275461996,
            26.677392820836225,
            26.706326060928234,
            26.73560122368508,
            26.765180178685114,
            26.795010624538,
            26.826252235507127,
            26.856637075615808,
            26.884982537030368,
            26.915961412375147,
            26.94794136174005,
            26.977808963854113,
            27.009374683693746,
            27.04166146902172,
            27.072012919583358,
            27.103578120702874,
            27.1369000329929,
            27.168871355708113,
            27.200372138177045,
            27.233494722360238,
            27.26720601710801,
            27.300116436768242,
            27.333451071346243,
            27.367444967412176,
            27.400866524432782,
            27.435592016801824,
            27.47166837765917,
            27.50508411523999,
            27.539450182294036,
            27.576718549357402,
            27.612833134888202,
            27.648054670030675,
            27.68365632146015,
            27.72121286446388,
            27.758024563733272,
            27.795152934133373,
            27.8345348562931,
            27.871531861427,
            27.909754881053228,
            27.94877497920556,
            27.986927759950053,
            28.027787335697212,
            28.068440060130794,
            28.108507740089674,
            28.147659457870763,
            28.188245125621556,
            28.23314562704158,
            28.273437920987377,
            28.313190853135897,
            28.358334074003743,
            28.401842202922353,
            28.444984191908596,
            28.488837231416255,
            28.533043345864037,
            28.577332094148492,
            28.623792232413702,
            28.671140371612022,
            28.717147691713762,
            28.763251411215833,
            28.808511422049893,
            28.857361811510813,
            28.90902997098241,
            28.956875114177052,
            29.004833011637157,
            29.055857985846103,
            29.10726191385501,
            29.15615778034527,
            29.206646611841013,
            29.263145366805574,
            29.315109139201446,
            29.36477072173676,
            29.421694606222445,
            29.478357824643524,
            29.531848113738583,
            29.587040325253383,
            29.64578402313318,
            29.70528255201144,
            29.76026665989803,
            29.816937730589416,
            29.877474665869634
        ],
        "S(J/mole.K)": [
            0,
            0.060980559776362506,
            0.2704738772961719,
            0.6929323015661795,
            1.3723397947556806,
            2.284927578962379,
            3.3648065352106644,
            4.547995721965709,
            5.787415308009804,
            7.051299358570395,
            8.318775905067014,
            9.576254496914771,
            10.814948405890027,
            12.029255549238586,
            13.215710275698074,
            14.372299522616958,
            15.498009642073155,
            16.592519679882386,
            17.65598949079576,
            18.688910892901184,
            19.6920014684998,
            20.666128006792857,
            21.61225101638556,
            22.53138434636348,
            23.424565830993377,
            24.29283628439516,
            25.13722447537948,
            25.958736398233306,
            26.7583480482841,
            27.53700074097651,
            28.295598386324126,
            29.035005859228114,
            29.756048265622667,
            30.459511571109033,
            31.14614331893099,
            31.81665330840478,
            32.471715040857816,
            33.11196763450789,
            33.73801739931732,
            34.35043893606853,
            34.94977683160759,
            35.536547527833314,
            36.1112405079948,
            36.6743201832236,
            37.226228231776616,
            37.76738339616349,
            38.2981822174559,
            38.81900226014113,
            39.33020256063319,
            39.83212407174433,
            40.32509170749108,
            40.8094144680028,
            41.285386297269724,
            41.753288118058116,
            42.213387594409866,
            42.66593966128639,
            43.111188033916555,
            43.549364554560455,
            43.98069082952861,
            44.40538076793382,
            44.82363768864161,
            45.23565409726507,
            45.64161682048725,
            46.04170615313851,
            46.436091898956505,
            46.824937162651615,
            47.20840126713228,
            47.58663386281405,
            47.95977804108697,
            48.327975256415804,
            48.6913589428579,
            49.05005625176926,
            49.40419369336741,
            49.753892297823036,
            50.0992646050603,
            50.44041947660734,
            50.77746391877662,
            51.11050240945259,
            51.439635508209165,
            51.76495710781236,
            52.08655737165827,
            52.4045271325318,
            52.7189549098337,
            53.02992302560669,
            53.33750954771749,
            53.641792793268536,
            53.942849669688435,
            54.24075197716665,
            54.53557162777142,
            54.827377850662735,
            55.11623341350714,
            55.40220366205176,
            55.68535391139012,
            55.965742261723065,
            56.243424765623786,
            56.518459834554235,
            56.790904350775236,
            57.06081151953185,
            57.3282316937999,
            57.59321403488284,
            57.855809533914,
            58.1160679191802,
            58.37403505683105,
            58.62975379664712,
            58.88326633898178,
            59.13461706368762,
            59.38384883798863,
            59.631002546501264,
            59.87611897062016,
            60.11923215824355,
            60.36037651170919,
            60.59959711578559,
            60.836928617965896,
            61.0723957066235,
            61.3060372987602,
            61.53789148270298,
            61.76798739990336,
            61.99635640325287,
            62.22302898268681,
            62.44803463660501,
            62.67140088099404,
            62.89315493058821,
            63.11332598298323,
            63.3319421517881,
            63.54903533112228,
            63.764632251342114,
            63.97874523828359,
            64.19140002893982,
            64.40263377690135,
            64.61246432386832,
            64.82091168521292,
            65.02800634388987,
            65.23376429572818,
            65.43820295004116,
            65.64135319054621,
            65.84323572968715,
            66.0438625473078,
            66.24325623196782,
            66.44144277317245,
            66.63843885555833,
            66.83426018135651,
            67.02892732665786,
            67.22245692822906,
            67.41486749602626,
            67.6061838768641,
            67.79641673192528,
            67.98557503511984,
            68.17368658308841,
            68.36077154392987,
            68.54683684930495,
            68.73189441065624,
            68.91596536063881,
            69.09906674754457,
            69.28120987199071,
            69.46241557152534,
            69.6426956052368,
            69.8220581150992,
            70.00052129518008,
            70.17809635978192,
            70.35480028289457,
            70.5306518541067,
            70.70565923159302,
            70.87982822604535,
            71.05317072778706,
            71.22571440087194,
            71.39746814897808,
            71.5684259289279,
            71.73861181610701,
            71.90804630021594,
            72.07673235045077,
            72.24467980615445,
            72.41190045519761,
            72.57840404630988,
            72.74420540933352,
            72.90932146694976,
            73.07375879475585,
            73.23752157057896,
            73.4006153287657,
            73.56305530962271,
            73.7248667950771,
            73.88605403964903,
            74.04661365195352,
            74.20656128572736,
            74.36591310941876,
            74.52466983705526,
            74.68283540941047,
            74.84043666141078,
            74.99748367543361,
            75.15396411466354,
            75.30989708005217,
            75.46530687682244,
            75.6201900055923,
            75.7745480926882,
            75.92840022615127,
            76.08176278201135,
            76.23463116463972,
            76.3870031573504,
            76.53889792798437
        ]
    },
    "Phonon_data": {
        "Numb_Node": 15,
        "total_n_kpoints": 100,
        "frequency": {
            "Node_1": [
                -0.034772563951074566,
                0.3616828269250691,
                1.663323876951879,
                3.371342310895604,
                5.269474147293875,
                7.221852177268027,
                9.125528090753313,
                10.89102879661039,
                12.10561531913105,
                12.732122009581166,
                13.175207389867028,
                13.448891482328046,
                13.546269768791314,
                13.599368731456414,
                13.75044263326224,
                13.967103757463407,
                14.191513005348977,
                14.379262995535722,
                14.526534057650839,
                14.64540230508764,
                14.74565196933769,
                14.80513709867926,
                14.65352008043542,
                14.450607505988108,
                14.164698578974837,
                12.932138589807707,
                11.318509526997346,
                9.352085669493071,
                7.117826508139712,
                4.759450847161321,
                2.4789518121894747,
                0.6113005526304061,
                -0.034772563951074566,
                -0.034772563951074566,
                -0.034772563951074566,
                -0.034772563951074566,
                -0.034772563951074566,
                -0.034772563951074566,
                -0.034772563951074566,
                -0.034772563951074566,
                -0.034772563951074566,
                -0.034772563951074566,
                -0.034772563951074566,
                -0.034772563951074566,
                -0.034772563951074566,
                0.3616828269250691,
                1.663323876951879,
                3.371342310895604,
                5.269474147293875,
                7.221852177268027,
                9.125528090753313,
                10.89102879661039,
                12.10561531913105,
                12.732122009581166,
                13.175207389867028,
                13.448891482328046,
                13.546269768791314,
                13.599368731456414,
                13.75044263326224,
                13.967103757463407,
                14.191513005348977,
                14.379262995535722,
                14.526534057650839,
                14.64540230508764,
                14.74565196933769,
                14.80513709867926,
                14.65352008043542,
                14.450607505988108,
                14.164698578974837,
                12.932138589807707,
                11.318509526997346,
                9.352085669493071,
                7.117826508139712,
                4.759450847161321,
                2.4789518121894747,
                0.6113005526304061,
                -0.034772563951074566,
                13.546269768791314,
                13.546269768791314,
                13.546269768791314,
                13.546269768791314,
                13.546269768791314,
                13.546269768791314,
                13.546269768791314,
                13.546269768791314,
                13.546269768791314,
                13.546269768791314,
                13.546269768791314,
                13.546269768791314,
                13.546269768791314,
                14.80513709867926,
                14.80513709867926,
                14.805137098679264,
                14.80513709867926,
                14.805137098679264,
                14.80513709867926,
                14.80513709867926,
                14.80513709867926,
                14.80513709867926,
                14.80513709867926,
                14.80513709867926,
                14.80513709867926,
                14.80513709867926
            ],
            "Node_2": [
                -0.02864621372809153,
                2.0264286605857817,
                3.9767650870867493,
                5.811810549323228,
                7.505153075573538,
                9.01268642559321,
                10.288419811401965,
                11.325492949811803,
                12.485248291125563,
                13.313055927361797,
                13.560163710490773,
                13.69283485311987,
                13.728789360208744,
                13.823364310538556,
                14.091486645430281,
                14.485154913787925,
                14.895007635572734,
                15.110654588980545,
                15.046669174952624,
                14.973905008376924,
                14.900353149810588,
                14.847479613982271,
                14.939582037647986,
                14.858695923684975,
                14.214944605042696,
                13.915923784013271,
                12.881631870678582,
                11.259839860525325,
                9.408023704716944,
                7.317582340531214,
                5.016205256154269,
                2.556275800668176,
                -0.02864621372809153,
                -0.02864621372809153,
                -0.02864621372809153,
                -0.02864621372809153,
                -0.02864621372809153,
                -0.02864621372809153,
                -0.02864621372809153,
                -0.02864621372809153,
                -0.02864621372809153,
                -0.02864621372809153,
                -0.02864621372809153,
                -0.02864621372809153,
                -0.02864621372809153,
                2.0264286605857817,
                3.9767650870867493,
                5.811810549323228,
                7.505153075573538,
                9.01268642559321,
                10.288419811401965,
                11.325492949811803,
                12.485248291125563,
                13.313055927361797,
                13.560163710490773,
                13.69283485311987,
                13.728789360208744,
                13.823364310538556,
                14.091486645430281,
                14.485154913787925,
                14.895007635572734,
                15.110654588980545,
                15.046669174952624,
                14.973905008376924,
                14.900353149810588,
                14.847479613982271,
                14.939582037647986,
                14.858695923684975,
                14.214944605042696,
                13.915923784013271,
                12.881631870678582,
                11.259839860525325,
                9.408023704716944,
                7.317582340531214,
                5.016205256154269,
                2.556275800668176,
                -0.02864621372809153,
                13.728789360208744,
                13.728789360208744,
                13.728789360208744,
                13.728789360208744,
                13.728789360208744,
                13.728789360208744,
                13.728789360208744,
                13.728789360208744,
                13.728789360208744,
                13.728789360208744,
                13.728789360208744,
                13.728789360208744,
                13.728789360208744,
                14.847479613982271,
                14.847479613982271,
                14.847479613982271,
                14.847479613982271,
                14.847479613982271,
                14.847479613982271,
                14.847479613982271,
                14.847479613982271,
                14.847479613982271,
                14.847479613982271,
                14.847479613982271,
                14.847479613982271,
                14.847479613982271
            ],
            "Node_3": [
                -0.015759523958077008,
                3.2660555557989563,
                6.410623679465192,
                9.312459177434816,
                10.977721865475644,
                11.493856501710962,
                12.021633732985237,
                12.522855563837098,
                12.96440245664124,
                13.722552246652635,
                14.16858000245153,
                14.24110474688732,
                14.259842737775521,
                14.301385751819845,
                14.426751787385433,
                14.651089827093049,
                15.037251501172056,
                15.370816008025907,
                15.850151057687077,
                16.34364901872274,
                16.785672339994203,
                17.078315695033044,
                16.433464980397034,
                15.685059882485946,
                15.087558336057997,
                14.224726733924749,
                13.438919153695295,
                12.598272177826884,
                11.68746095428788,
                10.764606693658127,
                7.924959246584945,
                4.102962855920244,
                -0.015759523958077008,
                -0.015759523958077008,
                -0.015759523958077008,
                -0.015759523958077008,
                -0.015759523958077008,
                -0.015759523958077008,
                -0.015759523958077008,
                -0.015759523958077008,
                -0.015759523958077008,
                -0.015759523958077008,
                -0.015759523958077008,
                -0.015759523958077008,
                -0.015759523958077008,
                3.2660555557989563,
                6.410623679465192,
                9.312459177434816,
                10.977721865475644,
                11.493856501710962,
                12.021633732985237,
                12.522855563837098,
                12.96440245664124,
                13.722552246652635,
                14.16858000245153,
                14.24110474688732,
                14.259842737775521,
                14.301385751819845,
                14.426751787385433,
                14.651089827093049,
                15.037251501172056,
                15.370816008025907,
                15.850151057687077,
                16.34364901872274,
                16.785672339994203,
                17.078315695033044,
                16.433464980397034,
                15.685059882485946,
                15.087558336057997,
                14.224726733924749,
                13.438919153695295,
                12.598272177826884,
                11.68746095428788,
                10.764606693658127,
                7.924959246584945,
                4.102962855920244,
                -0.015759523958077008,
                14.259842737775521,
                14.259842737775521,
                14.259842737775521,
                14.259842737775521,
                14.259842737775521,
                14.259842737775521,
                14.259842737775521,
                14.259842737775521,
                14.259842737775521,
                14.259842737775521,
                14.259842737775521,
                14.259842737775521,
                14.259842737775521,
                17.078315695033044,
                17.078315695033044,
                17.07831569503304,
                17.078315695033044,
                17.07831569503304,
                17.078315695033044,
                17.078315695033044,
                17.078315695033044,
                17.078315695033044,
                17.078315695033044,
                17.078315695033044,
                17.078315695033044,
                17.078315695033044
            ],
            "Node_4": [
                9.815692954287881,
                9.904075269308608,
                10.143804328354848,
                10.513975860643287,
                11.820592237366942,
                13.583844239047918,
                13.89398507644749,
                13.970509519265846,
                14.077673103427408,
                14.234668215098775,
                14.805142385241506,
                15.320178150557584,
                15.487596716076562,
                15.466767423362299,
                15.409992518879857,
                15.331762725472904,
                15.260970235571792,
                15.580628371036344,
                16.093060915332085,
                16.558030091340797,
                16.931723563236336,
                17.17290564029348,
                17.062625711879985,
                16.540281785736152,
                15.787561218039762,
                14.928937681358942,
                14.220011140180635,
                13.947875596943875,
                13.624934434828953,
                11.441304064040505,
                10.365301572461638,
                9.964641649611018,
                9.815692954287881,
                9.815692954287881,
                9.815692954287881,
                9.815692954287881,
                9.815692954287881,
                9.815692954287881,
                9.815692954287881,
                9.815692954287881,
                9.815692954287881,
                9.815692954287881,
                9.815692954287881,
                9.815692954287881,
                9.815692954287881,
                9.904075269308608,
                10.143804328354848,
                10.513975860643287,
                11.820592237366942,
                13.583844239047918,
                13.89398507644749,
                13.970509519265846,
                14.077673103427408,
                14.234668215098775,
                14.805142385241506,
                15.320178150557584,
                15.487596716076562,
                15.466767423362299,
                15.409992518879857,
                15.331762725472904,
                15.260970235571792,
                15.580628371036344,
                16.093060915332085,
                16.558030091340797,
                16.931723563236336,
                17.17290564029348,
                17.062625711879985,
                16.540281785736152,
                15.787561218039762,
                14.928937681358942,
                14.220011140180635,
                13.947875596943875,
                13.624934434828953,
                11.441304064040505,
                10.365301572461638,
                9.964641649611018,
                9.815692954287881,
                15.487596716076562,
                15.487596716076562,
                15.487596716076562,
                15.487596716076562,
                15.487596716076562,
                15.487596716076562,
                15.487596716076562,
                15.487596716076562,
                15.487596716076562,
                15.487596716076562,
                15.487596716076562,
                15.487596716076562,
                15.487596716076562,
                17.17290564029348,
                17.17290564029348,
                17.172905640293482,
                17.17290564029348,
                17.172905640293482,
                17.17290564029348,
                17.17290564029348,
                17.17290564029348,
                17.17290564029348,
                17.17290564029348,
                17.17290564029348,
                17.17290564029348,
                17.17290564029348
            ],
            "Node_5": [
                9.838622527491642,
                10.259288340843884,
                11.311390021853331,
                12.617979725643062,
                13.920654617710094,
                14.507400927980697,
                15.676462707929797,
                16.52013992800233,
                17.04981341390613,
                17.47716590568596,
                17.88391295184543,
                18.277671664101643,
                18.49710673202207,
                18.485675897409926,
                18.457970012001688,
                18.424964728325484,
                18.39010768966797,
                18.33965963172437,
                18.112605902912232,
                17.83092323683753,
                17.50672948399221,
                17.175268416867073,
                17.413760410730156,
                17.271646275158382,
                16.874531958512478,
                16.554866076029718,
                16.30155339869989,
                15.773371006407785,
                14.414664805936114,
                13.553873711385219,
                11.94543544095788,
                10.476016050841478,
                9.838622527491642,
                9.838622527491642,
                9.838622527491642,
                9.838622527491642,
                9.838622527491642,
                9.838622527491642,
                9.838622527491642,
                9.838622527491642,
                9.838622527491642,
                9.838622527491642,
                9.838622527491642,
                9.838622527491642,
                9.838622527491642,
                10.259288340843884,
                11.311390021853331,
                12.617979725643062,
                13.920654617710094,
                14.507400927980697,
                15.676462707929797,
                16.52013992800233,
                17.04981341390613,
                17.47716590568596,
                17.88391295184543,
                18.277671664101643,
                18.49710673202207,
                18.485675897409926,
                18.457970012001688,
                18.424964728325484,
                18.39010768966797,
                18.33965963172437,
                18.112605902912232,
                17.83092323683753,
                17.50672948399221,
                17.175268416867073,
                17.413760410730156,
                17.271646275158382,
                16.874531958512478,
                16.554866076029718,
                16.30155339869989,
                15.773371006407785,
                14.414664805936114,
                13.553873711385219,
                11.94543544095788,
                10.476016050841478,
                9.838622527491642,
                18.49710673202207,
                18.49710673202207,
                18.49710673202207,
                18.49710673202207,
                18.49710673202207,
                18.49710673202207,
                18.49710673202207,
                18.49710673202207,
                18.49710673202207,
                18.49710673202207,
                18.49710673202207,
                18.49710673202207,
                18.49710673202207,
                17.175268416867073,
                17.175268416867073,
                17.175268416867066,
                17.175268416867073,
                17.175268416867066,
                17.175268416867073,
                17.175268416867073,
                17.175268416867073,
                17.175268416867073,
                17.175268416867073,
                17.175268416867073,
                17.175268416867073,
                17.175268416867073
            ],
            "Node_6": [
                15.99074560323541,
                15.660427576496978,
                15.146589918125352,
                14.707277825777506,
                14.40655059899264,
                15.077531825172459,
                16.052491003522036,
                17.068363014751213,
                17.940166504240338,
                18.54638833925682,
                18.87838677769184,
                18.95449410575236,
                18.90122486709123,
                18.87949314279662,
                18.814203215145437,
                18.705006256467396,
                18.5518719419225,
                18.366489842283826,
                18.307363824591366,
                18.24999136174775,
                18.186844492043413,
                18.147373067143086,
                18.22915822807404,
                18.315850833741624,
                18.18607297224442,
                17.763429967936958,
                17.011529700627488,
                15.899955289369057,
                14.925754810292672,
                14.438083706843901,
                14.89532487733539,
                15.520710909409667,
                15.99074560323541,
                15.99074560323541,
                15.99074560323541,
                15.99074560323541,
                15.99074560323541,
                15.99074560323541,
                15.99074560323541,
                15.99074560323541,
                15.99074560323541,
                15.99074560323541,
                15.99074560323541,
                15.99074560323541,
                15.99074560323541,
                15.660427576496978,
                15.146589918125352,
                14.707277825777506,
                14.40655059899264,
                15.077531825172459,
                16.052491003522036,
                17.068363014751213,
                17.940166504240338,
                18.54638833925682,
                18.87838677769184,
                18.95449410575236,
                18.90122486709123,
                18.87949314279662,
                18.814203215145437,
                18.705006256467396,
                18.5518719419225,
                18.366489842283826,
                18.307363824591366,
                18.24999136174775,
                18.186844492043413,
                18.147373067143086,
                18.22915822807404,
                18.315850833741624,
                18.18607297224442,
                17.763429967936958,
                17.011529700627488,
                15.899955289369057,
                14.925754810292672,
                14.438083706843901,
                14.89532487733539,
                15.520710909409667,
                15.99074560323541,
                18.90122486709123,
                18.90122486709123,
                18.90122486709123,
                18.90122486709123,
                18.90122486709123,
                18.90122486709123,
                18.90122486709123,
                18.90122486709123,
                18.90122486709123,
                18.90122486709123,
                18.90122486709123,
                18.90122486709123,
                18.90122486709123,
                18.147373067143086,
                18.147373067143086,
                18.14737306714308,
                18.147373067143086,
                18.14737306714308,
                18.147373067143086,
                18.147373067143086,
                18.147373067143086,
                18.147373067143086,
                18.147373067143086,
                18.147373067143086,
                18.147373067143086,
                18.147373067143086
            ],
            "Node_7": [
                17.946985849208378,
                18.055165669401678,
                18.320610937376543,
                18.713277997146495,
                19.208368851328384,
                19.80786524478102,
                20.50825375681862,
                21.26883408662225,
                22.020677233905662,
                22.696311632843805,
                23.23931352333276,
                23.59687752697209,
                23.722692627721234,
                23.75332986488466,
                23.8446570374092,
                23.99403175269421,
                24.19274162609504,
                24.42166642570214,
                24.652227111042443,
                24.851661086082995,
                24.989821354680878,
                25.044627162168116,
                24.92307431940166,
                24.529152954305193,
                23.878227334726596,
                23.00784472706633,
                21.98582542735719,
                20.92044418338881,
                19.93804616816259,
                19.126806314440774,
                18.517528436443857,
                18.12601913963044,
                17.946985849208378,
                17.946985849208378,
                17.946985849208378,
                17.946985849208378,
                17.946985849208378,
                17.946985849208378,
                17.946985849208378,
                17.946985849208378,
                17.946985849208378,
                17.946985849208378,
                17.946985849208378,
                17.946985849208378,
                17.946985849208378,
                18.055165669401678,
                18.320610937376543,
                18.713277997146495,
                19.208368851328384,
                19.80786524478102,
                20.50825375681862,
                21.26883408662225,
                22.020677233905662,
                22.696311632843805,
                23.23931352333276,
                23.59687752697209,
                23.722692627721234,
                23.75332986488466,
                23.8446570374092,
                23.99403175269421,
                24.19274162609504,
                24.42166642570214,
                24.652227111042443,
                24.851661086082995,
                24.989821354680878,
                25.044627162168116,
                24.92307431940166,
                24.529152954305193,
                23.878227334726596,
                23.00784472706633,
                21.98582542735719,
                20.92044418338881,
                19.93804616816259,
                19.126806314440774,
                18.517528436443857,
                18.12601913963044,
                17.946985849208378,
                23.722692627721234,
                23.722692627721234,
                23.722692627721234,
                23.722692627721234,
                23.722692627721234,
                23.722692627721234,
                23.722692627721234,
                23.722692627721234,
                23.722692627721234,
                23.722692627721234,
                23.722692627721234,
                23.722692627721234,
                23.722692627721234,
                25.044627162168116,
                25.044627162168116,
                25.044627162168116,
                25.044627162168116,
                25.044627162168116,
                25.044627162168116,
                25.044627162168116,
                25.044627162168116,
                25.044627162168116,
                25.044627162168116,
                25.044627162168116,
                25.044627162168116,
                25.044627162168116
            ],
            "Node_8": [
                18.002293595946636,
                18.683696168896883,
                20.14827599728292,
                21.896404117065476,
                23.677455212947123,
                23.861971841347646,
                24.078427827662512,
                24.54375764653619,
                25.1864673104363,
                25.863151732368042,
                25.926485071031237,
                25.961275125207592,
                25.97161466779268,
                26.019185116470208,
                26.13188781827435,
                26.272460526818236,
                26.44063944834611,
                26.652861318448693,
                26.92348930367238,
                27.25889680526159,
                27.654581590386314,
                28.05017109447841,
                27.430269853208983,
                26.57687792021175,
                25.736564404643772,
                24.947815531984176,
                24.256702903519876,
                23.762281324042704,
                23.61109223344872,
                23.29306652410876,
                20.99693446795137,
                18.98428470724089,
                18.002293595946636,
                18.002293595946636,
                18.002293595946636,
                18.002293595946636,
                18.002293595946636,
                18.002293595946636,
                18.002293595946636,
                18.002293595946636,
                18.002293595946636,
                18.002293595946636,
                18.002293595946636,
                18.002293595946636,
                18.002293595946636,
                18.683696168896883,
                20.14827599728292,
                21.896404117065476,
                23.677455212947123,
                23.861971841347646,
                24.078427827662512,
                24.54375764653619,
                25.1864673104363,
                25.863151732368042,
                25.926485071031237,
                25.961275125207592,
                25.97161466779268,
                26.019185116470208,
                26.13188781827435,
                26.272460526818236,
                26.44063944834611,
                26.652861318448693,
                26.92348930367238,
                27.25889680526159,
                27.654581590386314,
                28.05017109447841,
                27.430269853208983,
                26.57687792021175,
                25.736564404643772,
                24.947815531984176,
                24.256702903519876,
                23.762281324042704,
                23.61109223344872,
                23.29306652410876,
                20.99693446795137,
                18.98428470724089,
                18.002293595946636,
                25.97161466779268,
                25.97161466779268,
                25.97161466779268,
                25.97161466779268,
                25.97161466779268,
                25.97161466779268,
                25.97161466779268,
                25.97161466779268,
                25.97161466779268,
                25.97161466779268,
                25.97161466779268,
                25.97161466779268,
                25.97161466779268,
                28.05017109447841,
                28.05017109447841,
                28.0501710944784,
                28.05017109447841,
                28.0501710944784,
                28.05017109447841,
                28.05017109447841,
                28.05017109447841,
                28.05017109447841,
                28.05017109447841,
                28.05017109447841,
                28.05017109447841,
                28.05017109447841
            ],
            "Node_9": [
                25.528238447024883,
                25.371876452800436,
                24.87586869399523,
                24.346251561348115,
                24.05085879290657,
                25.513715708416402,
                25.602252959631812,
                25.68584831393034,
                25.778735646069865,
                25.929502222872483,
                26.67413908504286,
                27.277302724227876,
                27.52516321691814,
                27.667886795709784,
                28.100252003546522,
                28.79730757002527,
                29.687201803738674,
                29.872487959653196,
                29.567897014476262,
                29.192877965746582,
                28.765502021748265,
                28.35103316639432,
                28.924956031142365,
                29.410327134635413,
                28.926573512447973,
                27.92821946998721,
                26.952893569311666,
                26.129196922570657,
                25.23314476892277,
                23.893100325293577,
                24.524283856685802,
                25.223034519822463,
                25.528238447024883,
                25.528238447024883,
                25.528238447024883,
                25.528238447024883,
                25.528238447024883,
                25.528238447024883,
                25.528238447024883,
                25.528238447024883,
                25.528238447024883,
                25.528238447024883,
                25.528238447024883,
                25.528238447024883,
                25.528238447024883,
                25.371876452800436,
                24.87586869399523,
                24.346251561348115,
                24.05085879290657,
                25.513715708416402,
                25.602252959631812,
                25.68584831393034,
                25.778735646069865,
                25.929502222872483,
                26.67413908504286,
                27.277302724227876,
                27.52516321691814,
                27.667886795709784,
                28.100252003546522,
                28.79730757002527,
                29.687201803738674,
                29.872487959653196,
                29.567897014476262,
                29.192877965746582,
                28.765502021748265,
                28.35103316639432,
                28.924956031142365,
                29.410327134635413,
                28.926573512447973,
                27.92821946998721,
                26.952893569311666,
                26.129196922570657,
                25.23314476892277,
                23.893100325293577,
                24.524283856685802,
                25.223034519822463,
                25.528238447024883,
                27.52516321691814,
                27.52516321691814,
                27.52516321691814,
                27.52516321691814,
                27.52516321691814,
                27.52516321691814,
                27.52516321691814,
                27.52516321691814,
                27.52516321691814,
                27.52516321691814,
                27.52516321691814,
                27.52516321691814,
                27.52516321691814,
                28.35103316639432,
                28.35103316639432,
                28.351033166394316,
                28.35103316639432,
                28.351033166394316,
                28.35103316639432,
                28.35103316639432,
                28.35103316639432,
                28.35103316639432,
                28.35103316639432,
                28.35103316639432,
                28.35103316639432,
                28.35103316639432
            ],
            "Node_10": [
                25.619315091799788,
                25.552887769219886,
                25.530099785516576,
                25.51526058849533,
                25.51791934539209,
                25.638783404762556,
                27.253284804218463,
                28.56694430561706,
                29.498436474193834,
                30.09133981196802,
                30.37703724654828,
                30.392755193607403,
                30.33810323395343,
                30.331968273261392,
                30.305275577526324,
                30.23580575197848,
                30.098531155271072,
                30.692941910424754,
                31.72575756114798,
                32.69835548277116,
                33.38228293693658,
                33.66973200679142,
                32.842723839765334,
                31.902105609277605,
                31.919523469783638,
                31.856067131022993,
                30.643779823376445,
                28.683090416232492,
                26.66293156676336,
                25.81842856803153,
                25.62264856473837,
                25.59250771365885,
                25.619315091799788,
                25.619315091799788,
                25.619315091799788,
                25.619315091799788,
                25.619315091799788,
                25.619315091799788,
                25.619315091799788,
                25.619315091799788,
                25.619315091799788,
                25.619315091799788,
                25.619315091799788,
                25.619315091799788,
                25.619315091799788,
                25.552887769219886,
                25.530099785516576,
                25.51526058849533,
                25.51791934539209,
                25.638783404762556,
                27.253284804218463,
                28.56694430561706,
                29.498436474193834,
                30.09133981196802,
                30.37703724654828,
                30.392755193607403,
                30.33810323395343,
                30.331968273261392,
                30.305275577526324,
                30.23580575197848,
                30.098531155271072,
                30.692941910424754,
                31.72575756114798,
                32.69835548277116,
                33.38228293693658,
                33.66973200679142,
                32.842723839765334,
                31.902105609277605,
                31.919523469783638,
                31.856067131022993,
                30.643779823376445,
                28.683090416232492,
                26.66293156676336,
                25.81842856803153,
                25.62264856473837,
                25.59250771365885,
                25.619315091799788,
                30.33810323395343,
                30.33810323395343,
                30.33810323395343,
                30.33810323395343,
                30.33810323395343,
                30.33810323395343,
                30.33810323395343,
                30.33810323395343,
                30.33810323395343,
                30.33810323395343,
                30.33810323395343,
                30.33810323395343,
                30.33810323395343,
                33.66973200679142,
                33.66973200679142,
                33.66973200679142,
                33.66973200679142,
                33.66973200679142,
                33.66973200679142,
                33.66973200679142,
                33.66973200679142,
                33.66973200679142,
                33.66973200679142,
                33.66973200679142,
                33.66973200679142,
                33.66973200679142
            ],
            "Node_11": [
                30.641164995394607,
                30.796484386022964,
                31.174734868802506,
                31.651173853878788,
                32.18543618456583,
                32.80726204525872,
                33.546313771999245,
                34.24067448033637,
                34.324568654549566,
                33.74847101151666,
                33.11038999123971,
                32.71440580239542,
                32.59593670598089,
                32.59388808192484,
                32.59319602028341,
                32.61134177640042,
                32.674231106615366,
                32.80182118894155,
                32.99695915122583,
                33.256187154785806,
                33.6711997767339,
                33.95785433874354,
                34.085372290790126,
                34.23591785263612,
                34.158642535223386,
                33.88464695657743,
                33.46842974203465,
                32.967247367579,
                32.447814026099465,
                31.924061097185927,
                31.38025116716927,
                30.874000383708964,
                30.641164995394607,
                30.641164995394607,
                30.641164995394607,
                30.641164995394607,
                30.641164995394607,
                30.641164995394607,
                30.641164995394607,
                30.641164995394607,
                30.641164995394607,
                30.641164995394607,
                30.641164995394607,
                30.641164995394607,
                30.641164995394607,
                30.796484386022964,
                31.174734868802506,
                31.651173853878788,
                32.18543618456583,
                32.80726204525872,
                33.546313771999245,
                34.24067448033637,
                34.324568654549566,
                33.74847101151666,
                33.11038999123971,
                32.71440580239542,
                32.59593670598089,
                32.59388808192484,
                32.59319602028341,
                32.61134177640042,
                32.674231106615366,
                32.80182118894155,
                32.99695915122583,
                33.256187154785806,
                33.6711997767339,
                33.95785433874354,
                34.085372290790126,
                34.23591785263612,
                34.158642535223386,
                33.88464695657743,
                33.46842974203465,
                32.967247367579,
                32.447814026099465,
                31.924061097185927,
                31.38025116716927,
                30.874000383708964,
                30.641164995394607,
                32.59593670598089,
                32.59593670598089,
                32.59593670598089,
                32.59593670598089,
                32.59593670598089,
                32.59593670598089,
                32.59593670598089,
                32.59593670598089,
                32.59593670598089,
                32.59593670598089,
                32.59593670598089,
                32.59593670598089,
                32.59593670598089,
                33.95785433874354,
                33.95785433874354,
                33.957854338743545,
                33.95785433874354,
                33.957854338743545,
                33.95785433874354,
                33.95785433874354,
                33.95785433874354,
                33.95785433874354,
                33.95785433874354,
                33.95785433874354,
                33.95785433874354,
                33.95785433874354
            ],
            "Node_12": [
                43.899313796314786,
                44.007417328100125,
                44.183477617950025,
                43.74435078933182,
                42.26057654913427,
                40.72867102515657,
                39.31653064668173,
                38.32023503226082,
                38.2983214734083,
                39.179093258312356,
                40.23072013728647,
                41.0157164321626,
                41.30440799225717,
                41.13092898409825,
                40.67888048574247,
                40.04790733230754,
                39.29180530961256,
                38.44086082505479,
                37.524949127466805,
                36.5854722567697,
                35.70331369874308,
                35.21420633344476,
                35.667568002112155,
                35.88821867861285,
                35.69280888217963,
                35.783824583726016,
                36.87343289064608,
                38.58726049881683,
                40.55558374705207,
                42.57095644570088,
                44.38408562542135,
                44.139227283588504,
                43.899313796314786,
                43.899313796314786,
                43.899313796314786,
                43.899313796314786,
                43.899313796314786,
                43.899313796314786,
                43.899313796314786,
                43.899313796314786,
                43.899313796314786,
                43.899313796314786,
                43.899313796314786,
                43.899313796314786,
                43.899313796314786,
                44.007417328100125,
                44.183477617950025,
                43.74435078933182,
                42.26057654913427,
                40.72867102515657,
                39.31653064668173,
                38.32023503226082,
                38.2983214734083,
                39.179093258312356,
                40.23072013728647,
                41.0157164321626,
                41.30440799225717,
                41.13092898409825,
                40.67888048574247,
                40.04790733230754,
                39.29180530961256,
                38.44086082505479,
                37.524949127466805,
                36.5854722567697,
                35.70331369874308,
                35.21420633344476,
                35.667568002112155,
                35.88821867861285,
                35.69280888217963,
                35.783824583726016,
                36.87343289064608,
                38.58726049881683,
                40.55558374705207,
                42.57095644570088,
                44.38408562542135,
                44.139227283588504,
                43.899313796314786,
                41.30440799225717,
                41.30440799225717,
                41.30440799225717,
                41.30440799225717,
                41.30440799225717,
                41.30440799225717,
                41.30440799225717,
                41.30440799225717,
                41.30440799225717,
                41.30440799225717,
                41.30440799225717,
                41.30440799225717,
                41.30440799225717,
                35.21420633344476,
                35.21420633344476,
                35.21420633344476,
                35.21420633344476,
                35.21420633344476,
                35.21420633344476,
                35.21420633344476,
                35.21420633344476,
                35.21420633344476,
                35.21420633344476,
                35.21420633344476,
                35.21420633344476,
                35.21420633344476
            ],
            "Node_13": [
                44.1072237824112,
                45.30759295642824,
                45.00556377690652,
                44.43509306608868,
                44.73207273396055,
                45.057430812433154,
                45.39430783500991,
                45.716032079207494,
                45.99077335136684,
                46.198946319684055,
                46.34011052802362,
                46.42198930324637,
                46.44903073284288,
                46.83526904177652,
                47.86740627168112,
                49.282237067349854,
                50.46793308156337,
                50.40761607331069,
                50.14169272631166,
                49.89015735667487,
                49.713225056234684,
                49.657245253713114,
                49.916748282151026,
                50.653725402977685,
                51.40869332178446,
                50.09478122500363,
                48.388701467868074,
                46.917225266749696,
                45.76636623021594,
                44.94787989492542,
                44.434053561203555,
                45.527427871658844,
                44.1072237824112,
                44.1072237824112,
                44.1072237824112,
                44.1072237824112,
                44.1072237824112,
                44.1072237824112,
                44.1072237824112,
                44.1072237824112,
                44.1072237824112,
                44.1072237824112,
                44.1072237824112,
                44.1072237824112,
                44.1072237824112,
                45.30759295642824,
                45.00556377690652,
                44.43509306608868,
                44.73207273396055,
                45.057430812433154,
                45.39430783500991,
                45.716032079207494,
                45.99077335136684,
                46.198946319684055,
                46.34011052802362,
                46.42198930324637,
                46.44903073284288,
                46.83526904177652,
                47.86740627168112,
                49.282237067349854,
                50.46793308156337,
                50.40761607331069,
                50.14169272631166,
                49.89015735667487,
                49.713225056234684,
                49.657245253713114,
                49.916748282151026,
                50.653725402977685,
                51.40869332178446,
                50.09478122500363,
                48.388701467868074,
                46.917225266749696,
                45.76636623021594,
                44.94787989492542,
                44.434053561203555,
                45.527427871658844,
                44.1072237824112,
                46.44903073284288,
                46.44903073284288,
                46.44903073284288,
                46.44903073284288,
                46.44903073284288,
                46.44903073284288,
                46.44903073284288,
                46.44903073284288,
                46.44903073284288,
                46.44903073284288,
                46.44903073284288,
                46.44903073284288,
                46.44903073284288,
                49.657245253713114,
                49.657245253713114,
                49.657245253713114,
                49.657245253713114,
                49.657245253713114,
                49.657245253713114,
                49.657245253713114,
                49.657245253713114,
                49.657245253713114,
                49.657245253713114,
                49.657245253713114,
                49.657245253713114,
                49.657245253713114
            ],
            "Node_14": [
                46.26807608717497,
                46.07817478490184,
                48.92609763878929,
                52.985291847889016,
                56.555965184920716,
                58.71532985422242,
                58.064270563276985,
                56.505593227659915,
                54.950581839147716,
                53.55745447578255,
                52.44484199480351,
                51.726158950832904,
                51.478169775998445,
                51.43702313322877,
                51.31965561237993,
                51.16180597730212,
                51.37777244454195,
                52.845904076023274,
                54.45346136331399,
                55.971024987430766,
                57.36904866495518,
                58.619812768086426,
                56.612891831817976,
                54.53957780050712,
                52.98024395900118,
                54.01467072496988,
                55.93410126189488,
                58.0599967807659,
                59.12658783645955,
                55.71398826076125,
                50.87553931924208,
                46.29856086010921,
                46.26807608717497,
                46.26807608717497,
                46.26807608717497,
                46.26807608717497,
                46.26807608717497,
                46.26807608717497,
                46.26807608717497,
                46.26807608717497,
                46.26807608717497,
                46.26807608717497,
                46.26807608717497,
                46.26807608717497,
                46.26807608717497,
                46.07817478490184,
                48.92609763878929,
                52.985291847889016,
                56.555965184920716,
                58.71532985422242,
                58.064270563276985,
                56.505593227659915,
                54.950581839147716,
                53.55745447578255,
                52.44484199480351,
                51.726158950832904,
                51.478169775998445,
                51.43702313322877,
                51.31965561237993,
                51.16180597730212,
                51.37777244454195,
                52.845904076023274,
                54.45346136331399,
                55.971024987430766,
                57.36904866495518,
                58.619812768086426,
                56.612891831817976,
                54.53957780050712,
                52.98024395900118,
                54.01467072496988,
                55.93410126189488,
                58.0599967807659,
                59.12658783645955,
                55.71398826076125,
                50.87553931924208,
                46.29856086010921,
                46.26807608717497,
                51.478169775998445,
                51.478169775998445,
                51.478169775998445,
                51.478169775998445,
                51.478169775998445,
                51.478169775998445,
                51.478169775998445,
                51.478169775998445,
                51.478169775998445,
                51.478169775998445,
                51.478169775998445,
                51.478169775998445,
                51.478169775998445,
                58.619812768086426,
                58.619812768086426,
                58.61981276808641,
                58.619812768086426,
                58.61981276808641,
                58.619812768086426,
                58.619812768086426,
                58.619812768086426,
                58.619812768086426,
                58.619812768086426,
                58.619812768086426,
                58.619812768086426,
                58.619812768086426
            ],
            "Node_15": [
                66.48852636254502,
                66.1743796185941,
                65.28204169803085,
                63.94995201175602,
                62.40180714098592,
                61.266715687802865,
                62.08960907112166,
                63.25226231616745,
                64.10416605334504,
                64.70037549925786,
                65.10482082892824,
                65.34550865704492,
                65.42624896940039,
                65.3229589217404,
                65.01969240066234,
                64.53204308308929,
                63.87565411695575,
                63.06301068190078,
                62.1110415672303,
                61.04665326241613,
                59.898319958047104,
                58.70672442670162,
                60.420793997484544,
                61.75308303463819,
                62.55664818294039,
                62.79905631469914,
                62.465164731413516,
                61.44169155896897,
                60.53029934206739,
                62.633663462288624,
                64.59615192327911,
                65.984195010746,
                66.48852636254502,
                66.48852636254502,
                66.48852636254502,
                66.48852636254502,
                66.48852636254502,
                66.48852636254502,
                66.48852636254502,
                66.48852636254502,
                66.48852636254502,
                66.48852636254502,
                66.48852636254502,
                66.48852636254502,
                66.48852636254502,
                66.1743796185941,
                65.28204169803085,
                63.94995201175602,
                62.40180714098592,
                61.266715687802865,
                62.08960907112166,
                63.25226231616745,
                64.10416605334504,
                64.70037549925786,
                65.10482082892824,
                65.34550865704492,
                65.42624896940039,
                65.3229589217404,
                65.01969240066234,
                64.53204308308929,
                63.87565411695575,
                63.06301068190078,
                62.1110415672303,
                61.04665326241613,
                59.898319958047104,
                58.70672442670162,
                60.420793997484544,
                61.75308303463819,
                62.55664818294039,
                62.79905631469914,
                62.465164731413516,
                61.44169155896897,
                60.53029934206739,
                62.633663462288624,
                64.59615192327911,
                65.984195010746,
                66.48852636254502,
                65.42624896940039,
                65.42624896940039,
                65.42624896940039,
                65.42624896940039,
                65.42624896940039,
                65.42624896940039,
                65.42624896940039,
                65.42624896940039,
                65.42624896940039,
                65.42624896940039,
                65.42624896940039,
                65.42624896940039,
                65.42624896940039,
                58.70672442670162,
                58.70672442670162,
                58.70672442670162,
                58.70672442670162,
                58.70672442670162,
                58.70672442670162,
                58.70672442670162,
                58.70672442670162,
                58.70672442670162,
                58.70672442670162,
                58.70672442670162,
                58.70672442670162,
                58.70672442670162
            ]
        }
    },
    "Phonon_DOS": {
        "DOS": [
            0.0,
            0.002,
            0.0,
            0.0,
            0.004,
            0.0,
            0.004,
            0.004,
            0.004,
            0.008,
            0.004,
            0.009333333333333334,
            0.004,
            0.027999999999999997,
            0.029333333333333333,
            0.06,
            0.08733333333333332,
            0.044000000000000004,
            0.021333333333333333,
            0.035333333333333335,
            0.056666666666666664,
            0.008,
            0.012,
            0.004,
            0.013333333333333334,
            0.038,
            0.022666666666666665,
            0.04333333333333334,
            0.024,
            0.018000000000000002,
            0.021333333333333333,
            0.014666666666666666,
            0.022666666666666665,
            0.02,
            0.024666666666666667,
            0.03066666666666667,
            0.010666666666666666,
            0.004,
            0.012,
            0.010666666666666666,
            0.013333333333333334,
            0.012,
            0.0013333333333333333,
            0.007333333333333333,
            0.0013333333333333333,
            0.0006666666666666666,
            0.012666666666666666,
            0.008,
            0.014666666666666666,
            0.008,
            0.008,
            0.008,
            0.010666666666666666,
            0.015333333333333334,
            0.008,
            0.010666666666666666,
            0.008,
            0.0013333333333333333,
            0.010666666666666666,
            0.006666666666666667,
            0.006666666666666667,
            0.0,
            0.005333333333333333,
            0.013333333333333334,
            0.017333333333333333,
            0.012,
            0.016,
            0.002,
            0.0006666666666666666,
            0.0
        ],
        "Energy(meV)": [
            -1.5,
            -0.5,
            0.5,
            1.5,
            2.5,
            3.5,
            4.5,
            5.5,
            6.5,
            7.5,
            8.5,
            9.5,
            10.5,
            11.5,
            12.5,
            13.5,
            14.5,
            15.5,
            16.5,
            17.5,
            18.5,
            19.5,
            20.5,
            21.5,
            22.5,
            23.5,
            24.5,
            25.5,
            26.5,
            27.5,
            28.5,
            29.5,
            30.5,
            31.5,
            32.5,
            33.5,
            34.5,
            35.5,
            36.5,
            37.5,
            38.5,
            39.5,
            40.5,
            41.5,
            42.5,
            43.5,
            44.5,
            45.5,
            46.5,
            47.5,
            48.5,
            49.5,
            50.5,
            51.5,
            52.5,
            53.5,
            54.5,
            55.5,
            56.5,
            57.5,
            58.5,
            59.5,
            60.5,
            61.5,
            62.5,
            63.5,
            64.5,
            65.5,
            66.5,
            67.5
        ]
    }
}