{
    "POSCAR": {
        "Atomes": "   Sc    C\n",
        "coordinate": "Direct\n",
        "unit_cell": {
            "a_vector": "3.3468472085519543   -4.696188304300255e-08   3.9373303993374424e-08\n",
            "b_vector": "-1.6734236448934405   2.898454549251552   1.6942099478696738e-08\n",
            "c_vector": "3.1587331035665616e-07   3.3931460669804225e-07   30.244663974199398\n"
        },
        "positions": {
            "Sc": [
                "0.333333328332652   0.6666666594272237   0.16104991477128824\n",
                "0.6666666657669947   0.3333333306611755   0.23895008406843812\n"
            ],
            "C": [
                "5.779212750546287e-09   9.984355684705268e-09   0.20000000116027422\n"
            ]
        }
    },
    "Termo_data": {
        "Temperature (K)": [
            0,
            10,
            20,
            30,
            40,
            50,
            60,
            70,
            80,
            90,
            100,
            110,
            120,
            130,
            140,
            150,
            160,
            170,
            180,
            190,
            200,
            210,
            220,
            230,
            240,
            250,
            260,
            270,
            280,
            290,
            300,
            310,
            320,
            330,
            340,
            350,
            360,
            370,
            380,
            390,
            400,
            410,
            420,
            430,
            440,
            450,
            460,
            470,
            480,
            490,
            500,
            510,
            520,
            530,
            540,
            550,
            560,
            570,
            580,
            590,
            600,
            610,
            620,
            630,
            640,
            650,
            660,
            670,
            680,
            690,
            700,
            710,
            720,
            730,
            740,
            750,
            760,
            770,
            780,
            790,
            800,
            810,
            820,
            830,
            840,
            850,
            860,
            870,
            880,
            890,
            900,
            910,
            920,
            930,
            940,
            950,
            960,
            970,
            980,
            990,
            1000,
            1010,
            1020,
            1030,
            1040,
            1050,
            1060,
            1070,
            1080,
            1090,
            1100,
            1110,
            1120,
            1130,
            1140,
            1150,
            1160,
            1170,
            1180,
            1190,
            1200,
            1210,
            1220,
            1230,
            1240,
            1250,
            1260,
            1270,
            1280,
            1290,
            1300,
            1310,
            1320,
            1330,
            1340,
            1350,
            1360,
            1370,
            1380,
            1390,
            1400,
            1410,
            1420,
            1430,
            1440,
            1450,
            1460,
            1470,
            1480,
            1490,
            1500,
            1510,
            1520,
            1530,
            1540,
            1550,
            1560,
            1570,
            1580,
            1590,
            1600,
            1610,
            1620,
            1630,
            1640,
            1650,
            1660,
            1670,
            1680,
            1690,
            1700,
            1710,
            1720,
            1730,
            1740,
            1750,
            1760,
            1770,
            1780,
            1790,
            1800,
            1810,
            1820,
            1830,
            1840,
            1850,
            1860,
            1870,
            1880,
            1890,
            1900,
            1910,
            1920,
            1930,
            1940,
            1950,
            1960,
            1970
        ],
        "Gibbs_free(J/mole)": [
            -516728.3625483708,
            -516728.52082997764,
            -516729.8130489671,
            -516733.2808753886,
            -516740.15627855033,
            -516751.84934913245,
            -516769.75229775,
            -516795.05239782477,
            -516828.6573132655,
            -516871.20945718174,
            -516923.1351311184,
            -516984.6958932512,
            -517056.0306990181,
            -517137.18767874443,
            -517228.1474709023,
            -517328.84043329605,
            -517439.15952220245,
            -517558.9700611244,
            -517688.1173095805,
            -517826.4323220739,
            -517973.73656939133,
            -518129.8455237851,
            -518294.5714615868,
            -518467.72576946026,
            -518649.12027012376,
            -518838.5690198953,
            -519035.8889549711,
            -519240.90069264086,
            -519453.4290494232,
            -519673.30341946083,
            -519900.35798548086,
            -520134.4318642555,
            -520375.3691754503,
            -520623.01902905287,
            -520877.2354943021,
            -521137.8775159043,
            -521404.80880848074,
            -521677.89772044314,
            -521957.017137179,
            -522242.0442890788,
            -522532.8606457109,
            -522829.35172934085,
            -523131.40698632144,
            -523438.9196342885,
            -523751.7865018793,
            -524069.9078705641,
            -524393.1874049022,
            -524721.5318976295,
            -525054.8512499279,
            -525393.0582914982,
            -525736.068669072,
            -526083.8006902423,
            -526436.1752792454,
            -526793.1158660352,
            -527154.548201599,
            -527520.4003098164,
            -527890.6024304713,
            -528265.0869250125,
            -528643.7881105647,
            -529026.6422238325,
            -529413.5873986179,
            -529804.5635434998,
            -530199.5122517932,
            -530598.3767358406,
            -531001.1018242581,
            -531407.6338785259,
            -531817.9206584191,
            -532231.9114227255,
            -532649.5566057336,
            -533070.8081632607,
            -533495.6191557851,
            -533923.9438804534,
            -534355.7378234303,
            -534790.9575688752,
            -535229.5607592487,
            -535671.5061696876,
            -536116.753485587,
            -536565.263415099,
            -537016.9976366241,
            -537471.9186050579,
            -537929.9897918993,
            -538391.1754303507,
            -538855.4406894605,
            -539322.7513736854,
            -539793.0741063767,
            -540266.376369399,
            -540742.6262034227,
            -541221.7924460826,
            -541703.8445525089,
            -542188.7526088684,
            -542676.4875014962,
            -543167.0205187504,
            -543660.3236565833,
            -544156.3695068208,
            -544655.1310399527,
            -545156.5820656242,
            -545660.6967618238,
            -546167.4497314678,
            -546676.8163482891,
            -547188.7720352246,
            -547703.2931986013,
            -548220.3562940194,
            -548739.9384226792,
            -549262.0170941582,
            -549786.5701301704,
            -550313.5759984928,
            -550843.0133368636,
            -551374.8611727793,
            -551909.0992136436,
            -552445.7070816198,
            -552984.6650812045,
            -553525.9536134761,
            -554069.5539549001,
            -554615.4470573515,
            -555163.614521548,
            -555714.0382018026,
            -556266.700309623,
            -556821.5833315947,
            -557378.6700171211,
            -557937.9434353274,
            -558499.3868901161,
            -559062.9841566604,
            -559628.7187311071,
            -560196.5751523532,
            -560766.5375453909,
            -561338.5907117453,
            -561912.7194922208,
            -562488.9087737869,
            -563067.1441476053,
            -563647.411193607,
            -564229.6955701758,
            -564813.9834452862,
            -565400.2608516875,
            -565988.5142951721,
            -566578.7303794695,
            -567170.8959009169,
            -567764.9979948389,
            -568361.0237823387,
            -568958.9606836482,
            -569558.796127445,
            -570160.5180324652,
            -570764.1143214258,
            -571369.5730684254,
            -571976.8825497418,
            -572586.0310104839,
            -573197.007296184,
            -573809.7998645426,
            -574424.3980031005,
            -575040.7902736403,
            -575658.9663589658,
            -576278.9152279652,
            -576900.6265910189,
            -577524.0898604512,
            -578149.2951413426,
            -578776.2318082115,
            -579404.8904329987,
            -580035.2607451212,
            -580667.3332915584,
            -581301.0983483741,
            -581936.5463301537,
            -582573.6681766493,
            -583212.4542862695,
            -583852.8960146327,
            -584494.9837421793,
            -585138.7093027069,
            -585784.0632210664,
            -586431.0371829141,
            -587079.6224525358,
            -587729.8107153953,
            -588381.5936378172,
            -589034.9626363768,
            -589689.9097905455,
            -590346.4268389802,
            -591004.5063092704,
            -591664.1395907113,
            -592325.3192554822,
            -592988.0379663013,
            -593652.287236671,
            -594318.0599497583,
            -594985.3491741638,
            -595654.1467063128,
            -596324.4457790236,
            -596996.2390631022,
            -597669.5196052976,
            -598344.2800864889,
            -599020.5136047661,
            -599698.2135336727,
            -600377.3726354123,
            -601057.9846561725,
            -601740.0428154374,
            -602423.5398887349,
            -603108.4702693112,
            -603794.8268692989,
            -604482.6034966386,
            -605171.7941098376,
            -605862.3922121396,
            -606554.3913440485,
            -607247.7858676864
        ],
        "Cp(J/mole.K)": [
            -0.0,
            0.11108705493097659,
            0.44463644934585317,
            1.035632124968106,
            1.9252789616410153,
            3.079321868557599,
            4.3963494473806355,
            5.766951866315504,
            7.114560467482077,
            8.399109760312422,
            9.604437511690778,
            10.726471091527488,
            11.766361195355419,
            12.72731494398031,
            13.613347795579473,
            14.42882747878321,
            15.178294431162058,
            15.866369076473346,
            16.497662594751453,
            17.076696861814703,
            17.60781619232148,
            18.09519808107869,
            18.542653987815743,
            18.953727736920733,
            19.331925786228368,
            19.680263944101164,
            20.00141624309179,
            20.297961500212814,
            20.572189123899463,
            20.82614553166498,
            21.06169043382396,
            21.28050800207128,
            21.48410310591572,
            21.673840694624232,
            21.85094602777392,
            22.016502976461208,
            22.171513067657322,
            22.316886789562716,
            22.453420841999495,
            22.581849835741686,
            22.702832078619366,
            22.81697630276032,
            22.92483369466498,
            23.026856177476276,
            23.123526211571942,
            23.215264638580297,
            23.30238330321435,
            23.38528099389954,
            23.464288942096857,
            23.539605972330936,
            23.611488786555057,
            23.68029073722133,
            23.746205834415704,
            23.809280084402417,
            23.869763800129448,
            23.927985695685532,
            23.984031709493138,
            24.037874163984007,
            24.089731541741557,
            24.139880749661867,
            24.188347683171827,
            24.23510582713061,
            24.280314898933284,
            24.32422179270643,
            24.366818713769135,
            24.408152460659135,
            24.44823670311598,
            24.487153862050032,
            24.525224652979716,
            24.562234734199592,
            24.59820578910861,
            24.633398931729452,
            24.667682711547343,
            24.701215112907864,
            24.734112461883342,
            24.766208623041216,
            24.797706927917847,
            24.82854325387749,
            24.858608264109463,
            24.888229784581874,
            24.917484571924433,
            24.9462140348361,
            24.97416467793513,
            25.00178368613706,
            25.029228272347126,
            25.056047061181683,
            25.082441886654124,
            25.108387272458764,
            25.134119782363996,
            25.15973728898395,
            25.18471372453515,
            25.20945287855853,
            25.23382504932789,
            25.25780195421559,
            25.28209547894089,
            25.305879220453722,
            25.32927502607913,
            25.35249693967032,
            25.375296424917387,
            25.398338718916268,
            25.420934414141882,
            25.44326689373418,
            25.465532704110956,
            25.487618303968265,
            25.50989792500593,
            25.53145862405639,
            25.553075730067363,
            25.574964931534563,
            25.595975108526105,
            25.616697718444552,
            25.638266870461095,
            25.660180852663974,
            25.68074026638618,
            25.701004126726264,
            25.72188106720011,
            25.742707855068065,
            25.76336632698076,
            25.783798776275944,
            25.80413821593401,
            25.8248373609822,
            25.84490398771578,
            25.864579938276524,
            25.885268543323036,
            25.905533375660976,
            25.925710892828647,
            25.945320779283243,
            25.96453194701462,
            25.98533594716564,
            26.00565499514323,
            26.025207745181795,
            26.045041559118545,
            26.064409127109684,
            26.08401269163005,
            26.103763230953973,
            26.123593418003388,
            26.143680409863297,
            26.163249695906412,
            26.18228811910376,
            26.2015770263156,
            26.221824839263085,
            26.24190500105023,
            26.261371031365506,
            26.280316648917506,
            26.29955230119823,
            26.31928320089355,
            26.339106719634998,
            26.358675892546515,
            26.377859886613546,
            26.397817340504847,
            26.417238799223874,
            26.43629310390647,
            26.456401471790745,
            26.475798042747304,
            26.494785596421462,
            26.514908224670435,
            26.534321751780002,
            26.553798739006407,
            26.572956639333167,
            26.592288837541236,
            26.612297144019976,
            26.63203883310814,
            26.651536671130227,
            26.6710728678091,
            26.691343631973723,
            26.709827745287214,
            26.7289794023236,
            26.74945693688862,
            26.769907165098488,
            26.789231701777798,
            26.807487463034104,
            26.827196892379778,
            26.848564635656658,
            26.868761249690095,
            26.886048880650442,
            26.907463785878164,
            26.9282780244243,
            26.943874615011737,
            26.965756645269245,
            26.988240283436355,
            27.005136467321172,
            27.025201057316224,
            27.04692689931835,
            27.06643301802157,
            27.08479236480146,
            27.105149466427974,
            27.125769196602576,
            27.145190218981853,
            27.16712334685144,
            27.18531729495126,
            27.203118934796926,
            27.225803007284952,
            27.24506824083246,
            27.265247878431182,
            27.28773043758965,
            27.305469310411993,
            27.324082723555954,
            27.347559353953415,
            27.369781469667494
        ],
        "S(J/mole.K)": [
            0,
            0.055543527465488296,
            0.2222461672674399,
            0.5060106337652541,
            0.9192758581317321,
            1.467867915192619,
            2.142162555996765,
            2.920450143253402,
            3.777035305779282,
            4.688312543903157,
            5.635151628393942,
            6.602940371775185,
            7.5807722893783644,
            8.560549452414852,
            9.536252558344131,
            10.503404467002838,
            11.458687083936093,
            12.399666698923829,
            13.324593018347514,
            14.232248183278717,
            15.121830347608194,
            15.992863801965724,
            16.845125805783756,
            17.678587319550573,
            18.493373332928606,
            19.289727065690386,
            20.067974964631865,
            20.82850576062119,
            21.571754456620692,
            22.298186451374203,
            23.00828609995515,
            23.702548273885625,
            24.381471384948963,
            25.04555202165502,
            25.695280988916053,
            26.331139901593268,
            26.953599054180813,
            27.563116286886363,
            28.160135586017716,
            28.745086229268786,
            29.318382525581548,
            29.88042373513454,
            30.431594230546036,
            30.972263058985845,
            31.502784543897725,
            32.02349927208416,
            32.53473343199221,
            33.036799792068635,
            33.52999905359029,
            34.014618791012616,
            34.49093373982032,
            34.95920834079588,
            35.419696956159896,
            35.87264170826675,
            36.31827388960228,
            36.75681736377301,
            37.18848764672439,
            37.61348933228582,
            38.0320179770817,
            38.44426333716983,
            38.85040816178662,
            39.25062613423215,
            39.64508353377168,
            40.03394190419931,
            40.41735705470782,
            40.79547784483729,
            41.16844677818298,
            41.53640064679493,
            41.89947313520242,
            42.257792877634344,
            42.611481555775384,
            42.96065766606188,
            43.3054356585897,
            43.64592541563616,
            43.9822342020183,
            44.31446464100445,
            44.64271550722769,
            44.967082622807354,
            45.287656982625776,
            45.604527477275404,
            45.9177821975245,
            46.22750545162271,
            46.533775919085016,
            46.83667056575941,
            47.13626722211629,
            47.432639235862,
            47.7258558984904,
            48.01598512527271,
            48.30309370031464,
            48.58724803778023,
            48.8685099527298,
            49.146938506331935,
            49.422592337215605,
            49.69552732490701,
            49.96580119034042,
            50.23346925961377,
            50.49858140504366,
            50.76118768638698,
            51.02133645838912,
            51.279076694449756,
            51.53445580449479,
            51.78751724336617,
            52.03830505283404,
            52.2868623979477,
            52.53323244041822,
            52.77745455484255,
            53.01956630532804,
            53.259608863336325,
            53.49761793002108,
            53.733625602482064,
            53.96767096686526,
            54.1997949437864,
            54.43002750592713,
            54.658394925028546,
            54.88493145006505,
            55.10967153466481,
            55.33264534421469,
            55.55388151126099,
            55.77340825423016,
            55.99125554294587,
            56.20745036289882,
            56.422015892344646,
            56.634981488002815,
            56.8463757004065,
            57.05622190347494,
            57.264542343418,
            57.47135748346773,
            57.67669581263326,
            57.88058487469098,
            58.08304236275289,
            58.28408849775587,
            58.483744212106096,
            58.68202976806787,
            58.87896729468193,
            59.07457783776189,
            59.268882378567646,
            59.46189924252975,
            59.65364345658453,
            59.84413250273501,
            60.03338886376295,
            60.22143306398502,
            60.40827958246373,
            60.593941337881546,
            60.77843414068775,
            60.96177701726847,
            61.143987923201344,
            61.325081867119295,
            61.5050719169667,
            61.68397434416547,
            61.861804611851404,
            62.038574041210815,
            62.21429899660725,
            62.38899441592075,
            62.56267012350581,
            62.735341754526594,
            62.90702370518847,
            63.077726620776225,
            63.24746220051165,
            63.416242263732414,
            63.584081545515794,
            63.75099313587561,
            63.91698700465494,
            64.08207387821602,
            64.24626729156589,
            64.40957498044298,
            64.57200428938522,
            64.73357185008935,
            64.8942919261637,
            65.054171205069,
            65.21321315441018,
            65.3714287677678,
            65.52883686299757,
            65.68544830205356,
            65.84126050973718,
            65.99628615155817,
            66.15054438700608,
            66.30402742255683,
            66.45674697469514,
            66.60873109221285,
            66.75997409801785,
            66.91047744304232,
            67.060262713657,
            67.20933631380176,
            67.3576968112,
            67.50535427359428,
            67.65232246077794,
            67.79860629194737,
            67.94421660063381,
            68.08915734365583,
            68.2334246425482,
            68.3770374156753,
            68.52000643386418,
            68.66233185171731,
            68.80402870357065,
            68.9450972266437,
            69.08553389812005,
            69.22535983071866,
            69.36459046317468
        ]
    },
    "Phonon_data": {
        "Numb_Node": 9,
        "total_n_kpoints": 100,
        "frequency": {
            "Node_1": [
                -0.19058060721008696,
                -1.3035900051147125,
                -2.513589635033126,
                -2.9189193395608175,
                0.7719329150763516,
                4.9675867088142445,
                7.867495406253889,
                10.356514111075557,
                12.37011005029484,
                13.833332760359925,
                14.762434940957073,
                15.249382031212589,
                15.396786847095047,
                15.474076950331934,
                15.703724532796096,
                16.06804077117909,
                16.525704458442995,
                17.024900493376038,
                17.510001120351323,
                17.913188360287933,
                18.166955036284726,
                18.23658830264174,
                17.94043130747753,
                17.12019548391403,
                15.7877766948088,
                13.915129531262352,
                11.454949481140455,
                8.427245847674092,
                4.921980676302914,
                -1.2752804718054276,
                -2.637648720649851,
                -1.5853016192144258,
                -0.19058060721008696,
                -0.19058060721008696,
                -0.19058060721008696,
                -0.19058060721008696,
                -0.19058060721008696,
                -0.19058060721008696,
                -0.19058060721008696,
                -0.19058060721008696,
                -0.19058060721008696,
                -0.19058060721008696,
                -0.19058060721008696,
                -0.19058060721008696,
                -0.19058060721008696,
                -1.3035900051147125,
                -2.513589635033126,
                -2.9189193395608175,
                0.7719329150763516,
                4.9675867088142445,
                7.867495406253889,
                10.356514111075557,
                12.37011005029484,
                13.833332760359925,
                14.762434940957073,
                15.249382031212589,
                15.396786847095047,
                15.474076950331934,
                15.703724532796096,
                16.06804077117909,
                16.525704458442995,
                17.024900493376038,
                17.510001120351323,
                17.913188360287933,
                18.166955036284726,
                18.23658830264174,
                17.94043130747753,
                17.12019548391403,
                15.7877766948088,
                13.915129531262352,
                11.454949481140455,
                8.427245847674092,
                4.921980676302914,
                -1.2752804718054276,
                -2.637648720649851,
                -1.5853016192144258,
                -0.19058060721008696,
                15.396786847095047,
                15.396786847095047,
                15.396786847095047,
                15.396786847095047,
                15.396786847095047,
                15.396786847095047,
                15.396786847095047,
                15.396786847095047,
                15.396786847095047,
                15.396786847095047,
                15.396786847095047,
                15.396786847095047,
                15.396786847095047,
                18.23658830264174,
                18.23658830264174,
                18.236588302641795,
                18.23658830264174,
                18.236588302641795,
                18.23658830264174,
                18.23658830264174,
                18.23658830264174,
                18.23658830264174,
                18.23658830264174,
                18.23658830264174,
                18.23658830264174,
                18.23658830264174
            ],
            "Node_2": [
                -0.12254294232660018,
                2.6796921520386037,
                5.285235291782293,
                7.85254307224169,
                10.417373472253837,
                12.916504392109797,
                15.25293929317284,
                17.37131702371518,
                19.26506854781203,
                20.920282494060473,
                22.286365922311898,
                23.30085601532393,
                23.76271248508556,
                23.866628901683004,
                24.112263614880224,
                24.32108824499662,
                24.418380547127477,
                24.43957687842272,
                24.44410935894966,
                24.481407043743776,
                24.53837723381486,
                24.542856245558188,
                24.388432341661503,
                24.107708816456064,
                23.189952233102506,
                21.433295692671184,
                19.113820115114383,
                16.374756929930943,
                13.304224509235492,
                10.017752450676337,
                6.686436724690996,
                3.3666097134551336,
                -0.12254294232660018,
                -0.12254294232660018,
                -0.12254294232660018,
                -0.12254294232660018,
                -0.12254294232660018,
                -0.12254294232660018,
                -0.12254294232660018,
                -0.12254294232660018,
                -0.12254294232660018,
                -0.12254294232660018,
                -0.12254294232660018,
                -0.12254294232660018,
                -0.12254294232660018,
                2.6796921520386037,
                5.285235291782293,
                7.85254307224169,
                10.417373472253837,
                12.916504392109797,
                15.25293929317284,
                17.37131702371518,
                19.26506854781203,
                20.920282494060473,
                22.286365922311898,
                23.30085601532393,
                23.76271248508556,
                23.866628901683004,
                24.112263614880224,
                24.32108824499662,
                24.418380547127477,
                24.43957687842272,
                24.44410935894966,
                24.481407043743776,
                24.53837723381486,
                24.542856245558188,
                24.388432341661503,
                24.107708816456064,
                23.189952233102506,
                21.433295692671184,
                19.113820115114383,
                16.374756929930943,
                13.304224509235492,
                10.017752450676337,
                6.686436724690996,
                3.3666097134551336,
                -0.12254294232660018,
                23.76271248508556,
                23.76271248508556,
                23.76271248508556,
                23.76271248508556,
                23.76271248508556,
                23.76271248508556,
                23.76271248508556,
                23.76271248508556,
                23.76271248508556,
                23.76271248508556,
                23.76271248508556,
                23.76271248508556,
                23.76271248508556,
                24.542856245558188,
                24.542856245558188,
                24.542856245558163,
                24.542856245558188,
                24.542856245558163,
                24.542856245558188,
                24.542856245558188,
                24.542856245558188,
                24.542856245558188,
                24.542856245558188,
                24.542856245558188,
                24.542856245558188,
                24.542856245558188
            ],
            "Node_3": [
                -0.11374446676783567,
                4.515829783763844,
                8.521714605847535,
                11.9049057240587,
                14.911444201357806,
                17.65120917831959,
                19.863322578287303,
                21.39704943678443,
                22.47271823567843,
                23.320567157116947,
                24.00260159504496,
                24.464740432786883,
                24.59609371378924,
                24.635513164208724,
                24.755055103699657,
                24.780748261402817,
                24.72551995126805,
                24.719716332790142,
                24.751697636129776,
                24.781277970019495,
                24.80530063965106,
                24.845379561975694,
                24.81505044436895,
                24.37762654529896,
                23.866271476227617,
                23.321968501504983,
                22.30175569411234,
                20.55278214726595,
                17.84768523909774,
                14.290869896601492,
                10.191165267884687,
                5.415032598056737,
                -0.11374446676783567,
                -0.11374446676783567,
                -0.11374446676783567,
                -0.11374446676783567,
                -0.11374446676783567,
                -0.11374446676783567,
                -0.11374446676783567,
                -0.11374446676783567,
                -0.11374446676783567,
                -0.11374446676783567,
                -0.11374446676783567,
                -0.11374446676783567,
                -0.11374446676783567,
                4.515829783763844,
                8.521714605847535,
                11.9049057240587,
                14.911444201357806,
                17.65120917831959,
                19.863322578287303,
                21.39704943678443,
                22.47271823567843,
                23.320567157116947,
                24.00260159504496,
                24.464740432786883,
                24.59609371378924,
                24.635513164208724,
                24.755055103699657,
                24.780748261402817,
                24.72551995126805,
                24.719716332790142,
                24.751697636129776,
                24.781277970019495,
                24.80530063965106,
                24.845379561975694,
                24.81505044436895,
                24.37762654529896,
                23.866271476227617,
                23.321968501504983,
                22.30175569411234,
                20.55278214726595,
                17.84768523909774,
                14.290869896601492,
                10.191165267884687,
                5.415032598056737,
                -0.11374446676783567,
                24.59609371378924,
                24.59609371378924,
                24.59609371378924,
                24.59609371378924,
                24.59609371378924,
                24.59609371378924,
                24.59609371378924,
                24.59609371378924,
                24.59609371378924,
                24.59609371378924,
                24.59609371378924,
                24.59609371378924,
                24.59609371378924,
                24.845379561975694,
                24.845379561975694,
                24.84537956197568,
                24.845379561975694,
                24.84537956197568,
                24.845379561975694,
                24.845379561975694,
                24.845379561975694,
                24.845379561975694,
                24.845379561975694,
                24.845379561975694,
                24.845379561975694,
                24.845379561975694
            ],
            "Node_4": [
                26.247719978805314,
                26.235831921331368,
                26.230207184565334,
                26.243983412402347,
                26.235874290123128,
                26.207226211069877,
                26.15418654494563,
                26.065524506099216,
                25.940745332156524,
                25.774688629097966,
                25.542384004702953,
                25.238309018581166,
                25.052913816223285,
                25.031590737196687,
                25.014092663621366,
                25.314284113555715,
                25.950315240372074,
                26.69900763421033,
                27.444431450146663,
                28.118180080292714,
                28.68281213906172,
                29.10812103532846,
                28.557517902775366,
                28.025789131889535,
                27.53728334357418,
                27.118155524356325,
                26.781573403547853,
                26.477935328361298,
                26.301140846512816,
                26.219421546234052,
                26.2068252596801,
                26.229513137596328,
                26.247719978805314,
                26.247719978805314,
                26.247719978805314,
                26.247719978805314,
                26.247719978805314,
                26.247719978805314,
                26.247719978805314,
                26.247719978805314,
                26.247719978805314,
                26.247719978805314,
                26.247719978805314,
                26.247719978805314,
                26.247719978805314,
                26.235831921331368,
                26.230207184565334,
                26.243983412402347,
                26.235874290123128,
                26.207226211069877,
                26.15418654494563,
                26.065524506099216,
                25.940745332156524,
                25.774688629097966,
                25.542384004702953,
                25.238309018581166,
                25.052913816223285,
                25.031590737196687,
                25.014092663621366,
                25.314284113555715,
                25.950315240372074,
                26.69900763421033,
                27.444431450146663,
                28.118180080292714,
                28.68281213906172,
                29.10812103532846,
                28.557517902775366,
                28.025789131889535,
                27.53728334357418,
                27.118155524356325,
                26.781573403547853,
                26.477935328361298,
                26.301140846512816,
                26.219421546234052,
                26.2068252596801,
                26.229513137596328,
                26.247719978805314,
                25.052913816223285,
                25.052913816223285,
                25.052913816223285,
                25.052913816223285,
                25.052913816223285,
                25.052913816223285,
                25.052913816223285,
                25.052913816223285,
                25.052913816223285,
                25.052913816223285,
                25.052913816223285,
                25.052913816223285,
                25.052913816223285,
                29.10812103532846,
                29.10812103532846,
                29.10812103532846,
                29.10812103532846,
                29.10812103532846,
                29.10812103532846,
                29.10812103532846,
                29.10812103532846,
                29.10812103532846,
                29.10812103532846,
                29.10812103532846,
                29.10812103532846,
                29.10812103532846
            ],
            "Node_5": [
                26.37951457626097,
                26.379412954456566,
                26.38474169565322,
                26.425085438653728,
                26.532399336201696,
                26.70719023373175,
                27.000470316209313,
                27.466458002829814,
                28.122347650042922,
                28.95780906610217,
                29.881517398557417,
                30.69585166498908,
                31.06124902159233,
                31.026111451820746,
                30.927552327960136,
                30.7750622714939,
                30.573204148268584,
                30.33032462313188,
                30.05810136829812,
                29.761280611346045,
                29.44206528832165,
                29.112773050051704,
                29.416070892087387,
                29.10446023151166,
                28.33920865753256,
                27.491404498978376,
                26.893208804609475,
                26.670486288618616,
                26.567347842354945,
                26.470649707112496,
                26.380349217514905,
                26.36437382684886,
                26.37951457626097,
                26.37951457626097,
                26.37951457626097,
                26.37951457626097,
                26.37951457626097,
                26.37951457626097,
                26.37951457626097,
                26.37951457626097,
                26.37951457626097,
                26.37951457626097,
                26.37951457626097,
                26.37951457626097,
                26.37951457626097,
                26.379412954456566,
                26.38474169565322,
                26.425085438653728,
                26.532399336201696,
                26.70719023373175,
                27.000470316209313,
                27.466458002829814,
                28.122347650042922,
                28.95780906610217,
                29.881517398557417,
                30.69585166498908,
                31.06124902159233,
                31.026111451820746,
                30.927552327960136,
                30.7750622714939,
                30.573204148268584,
                30.33032462313188,
                30.05810136829812,
                29.761280611346045,
                29.44206528832165,
                29.112773050051704,
                29.416070892087387,
                29.10446023151166,
                28.33920865753256,
                27.491404498978376,
                26.893208804609475,
                26.670486288618616,
                26.567347842354945,
                26.470649707112496,
                26.380349217514905,
                26.36437382684886,
                26.37951457626097,
                31.06124902159233,
                31.06124902159233,
                31.06124902159233,
                31.06124902159233,
                31.06124902159233,
                31.06124902159233,
                31.06124902159233,
                31.06124902159233,
                31.06124902159233,
                31.06124902159233,
                31.06124902159233,
                31.06124902159233,
                31.06124902159233,
                29.112773050051704,
                29.112773050051704,
                29.1127730500517,
                29.112773050051704,
                29.1127730500517,
                29.112773050051704,
                29.112773050051704,
                29.112773050051704,
                29.112773050051704,
                29.112773050051704,
                29.112773050051704,
                29.112773050051704,
                29.112773050051704
            ],
            "Node_6": [
                32.56154083346154,
                32.511745243365304,
                32.38474369185404,
                32.255473518166916,
                32.25135561287523,
                32.52040293807659,
                33.13285697814267,
                33.939870824030585,
                34.62238982066199,
                34.909478319802695,
                34.732415687321655,
                34.28484185851685,
                34.01856022203024,
                34.005197021087795,
                33.96340118971407,
                33.89239174518455,
                33.79755941796884,
                33.69109696653161,
                33.588569290551135,
                33.503557801066584,
                33.44102621153433,
                33.401624034244776,
                33.45548420634759,
                33.791445181546145,
                34.25632704572471,
                34.45725941709215,
                34.12080252248081,
                33.32003595248578,
                32.53933375320952,
                32.22008128849276,
                32.30092191235191,
                32.4833580580441,
                32.56154083346154,
                32.56154083346154,
                32.56154083346154,
                32.56154083346154,
                32.56154083346154,
                32.56154083346154,
                32.56154083346154,
                32.56154083346154,
                32.56154083346154,
                32.56154083346154,
                32.56154083346154,
                32.56154083346154,
                32.56154083346154,
                32.511745243365304,
                32.38474369185404,
                32.255473518166916,
                32.25135561287523,
                32.52040293807659,
                33.13285697814267,
                33.939870824030585,
                34.62238982066199,
                34.909478319802695,
                34.732415687321655,
                34.28484185851685,
                34.01856022203024,
                34.005197021087795,
                33.96340118971407,
                33.89239174518455,
                33.79755941796884,
                33.69109696653161,
                33.588569290551135,
                33.503557801066584,
                33.44102621153433,
                33.401624034244776,
                33.45548420634759,
                33.791445181546145,
                34.25632704572471,
                34.45725941709215,
                34.12080252248081,
                33.32003595248578,
                32.53933375320952,
                32.22008128849276,
                32.30092191235191,
                32.4833580580441,
                32.56154083346154,
                34.01856022203024,
                34.01856022203024,
                34.01856022203024,
                34.01856022203024,
                34.01856022203024,
                34.01856022203024,
                34.01856022203024,
                34.01856022203024,
                34.01856022203024,
                34.01856022203024,
                34.01856022203024,
                34.01856022203024,
                34.01856022203024,
                33.401624034244776,
                33.401624034244776,
                33.40162403424477,
                33.401624034244776,
                33.40162403424477,
                33.401624034244776,
                33.401624034244776,
                33.401624034244776,
                33.401624034244776,
                33.401624034244776,
                33.401624034244776,
                33.401624034244776,
                33.401624034244776
            ],
            "Node_7": [
                48.907971172545494,
                48.76477034293885,
                48.53614573955328,
                48.580248808869236,
                49.012805235107976,
                49.62331651545836,
                50.13948052860114,
                50.49811437518787,
                50.80930560094721,
                51.13174220487541,
                51.39204365230093,
                51.52040855131087,
                51.549528838421,
                51.48493427766084,
                51.307927957627825,
                51.04980515602659,
                50.73847497139492,
                50.412542822085705,
                50.12213869560168,
                49.90024869994717,
                49.759422461171965,
                49.715059100219726,
                49.8544854975044,
                50.133995119049175,
                50.395949047068285,
                50.48710578425516,
                50.35242582174651,
                50.026917332299455,
                49.538390267396274,
                49.00854712077089,
                48.72554341454294,
                48.797896791496534,
                48.907971172545494,
                48.907971172545494,
                48.907971172545494,
                48.907971172545494,
                48.907971172545494,
                48.907971172545494,
                48.907971172545494,
                48.907971172545494,
                48.907971172545494,
                48.907971172545494,
                48.907971172545494,
                48.907971172545494,
                48.907971172545494,
                48.76477034293885,
                48.53614573955328,
                48.580248808869236,
                49.012805235107976,
                49.62331651545836,
                50.13948052860114,
                50.49811437518787,
                50.80930560094721,
                51.13174220487541,
                51.39204365230093,
                51.52040855131087,
                51.549528838421,
                51.48493427766084,
                51.307927957627825,
                51.04980515602659,
                50.73847497139492,
                50.412542822085705,
                50.12213869560168,
                49.90024869994717,
                49.759422461171965,
                49.715059100219726,
                49.8544854975044,
                50.133995119049175,
                50.395949047068285,
                50.48710578425516,
                50.35242582174651,
                50.026917332299455,
                49.538390267396274,
                49.00854712077089,
                48.72554341454294,
                48.797896791496534,
                48.907971172545494,
                51.549528838421,
                51.549528838421,
                51.549528838421,
                51.549528838421,
                51.549528838421,
                51.549528838421,
                51.549528838421,
                51.549528838421,
                51.549528838421,
                51.549528838421,
                51.549528838421,
                51.549528838421,
                51.549528838421,
                49.715059100219726,
                49.715059100219726,
                49.71505910021973,
                49.715059100219726,
                49.71505910021973,
                49.715059100219726,
                49.715059100219726,
                49.715059100219726,
                49.715059100219726,
                49.715059100219726,
                49.715059100219726,
                49.715059100219726,
                49.715059100219726
            ],
            "Node_8": [
                57.85838368276007,
                57.89164230665299,
                57.85277867438009,
                57.74921212259564,
                57.7545439753105,
                58.23847899928033,
                58.41996039192561,
                58.540506349391016,
                58.653349025647934,
                58.69031731525624,
                58.69048261420348,
                58.704042664416704,
                58.71650124359508,
                58.805416811189914,
                59.062619872953356,
                59.471922007566214,
                60.0174161700801,
                60.66537649871521,
                61.362581221627224,
                62.06319953724519,
                62.73793545277643,
                63.19394734571351,
                62.14458900841214,
                61.036790696786724,
                60.00392273547461,
                59.15254474928079,
                58.556512373927,
                58.22576238314879,
                58.09557836922306,
                57.507152827581805,
                57.576700071944664,
                57.786761832004316,
                57.85838368276007,
                57.85838368276007,
                57.85838368276007,
                57.85838368276007,
                57.85838368276007,
                57.85838368276007,
                57.85838368276007,
                57.85838368276007,
                57.85838368276007,
                57.85838368276007,
                57.85838368276007,
                57.85838368276007,
                57.85838368276007,
                57.89164230665299,
                57.85277867438009,
                57.74921212259564,
                57.7545439753105,
                58.23847899928033,
                58.41996039192561,
                58.540506349391016,
                58.653349025647934,
                58.69031731525624,
                58.69048261420348,
                58.704042664416704,
                58.71650124359508,
                58.805416811189914,
                59.062619872953356,
                59.471922007566214,
                60.0174161700801,
                60.66537649871521,
                61.362581221627224,
                62.06319953724519,
                62.73793545277643,
                63.19394734571351,
                62.14458900841214,
                61.036790696786724,
                60.00392273547461,
                59.15254474928079,
                58.556512373927,
                58.22576238314879,
                58.09557836922306,
                57.507152827581805,
                57.576700071944664,
                57.786761832004316,
                57.85838368276007,
                58.71650124359508,
                58.71650124359508,
                58.71650124359508,
                58.71650124359508,
                58.71650124359508,
                58.71650124359508,
                58.71650124359508,
                58.71650124359508,
                58.71650124359508,
                58.71650124359508,
                58.71650124359508,
                58.71650124359508,
                58.71650124359508,
                63.19394734571351,
                63.19394734571351,
                63.19394734571353,
                63.19394734571351,
                63.19394734571353,
                63.19394734571351,
                63.19394734571351,
                63.19394734571351,
                63.19394734571351,
                63.19394734571351,
                63.19394734571351,
                63.19394734571351,
                63.19394734571351
            ],
            "Node_9": [
                57.91424879800605,
                58.013188582290844,
                58.28857796916463,
                58.47600449686821,
                58.474248804034175,
                58.40222356774783,
                59.47940732003704,
                61.31626422432459,
                63.227698113894554,
                64.78717168063864,
                65.87705922826072,
                66.52830485812684,
                66.74907625107846,
                66.69331023880285,
                66.53048191035276,
                66.27408016197167,
                65.93856845341985,
                65.52736935343104,
                65.0404533519381,
                64.49130866244474,
                63.900707737888176,
                63.44782672339854,
                64.3099664364879,
                64.95151481922997,
                64.97560991485317,
                64.02917848008912,
                62.11769729034104,
                59.84107385768962,
                58.20263737599056,
                58.22069810102726,
                58.200007750503566,
                58.01962723506742,
                57.91424879800605,
                57.91424879800605,
                57.91424879800605,
                57.91424879800605,
                57.91424879800605,
                57.91424879800605,
                57.91424879800605,
                57.91424879800605,
                57.91424879800605,
                57.91424879800605,
                57.91424879800605,
                57.91424879800605,
                57.91424879800605,
                58.013188582290844,
                58.28857796916463,
                58.47600449686821,
                58.474248804034175,
                58.40222356774783,
                59.47940732003704,
                61.31626422432459,
                63.227698113894554,
                64.78717168063864,
                65.87705922826072,
                66.52830485812684,
                66.74907625107846,
                66.69331023880285,
                66.53048191035276,
                66.27408016197167,
                65.93856845341985,
                65.52736935343104,
                65.0404533519381,
                64.49130866244474,
                63.900707737888176,
                63.44782672339854,
                64.3099664364879,
                64.95151481922997,
                64.97560991485317,
                64.02917848008912,
                62.11769729034104,
                59.84107385768962,
                58.20263737599056,
                58.22069810102726,
                58.200007750503566,
                58.01962723506742,
                57.91424879800605,
                66.74907625107846,
                66.74907625107846,
                66.74907625107846,
                66.74907625107846,
                66.74907625107846,
                66.74907625107846,
                66.74907625107846,
                66.74907625107846,
                66.74907625107846,
                66.74907625107846,
                66.74907625107846,
                66.74907625107846,
                66.74907625107846,
                63.44782672339854,
                63.44782672339854,
                63.447826723398535,
                63.44782672339854,
                63.447826723398535,
                63.44782672339854,
                63.44782672339854,
                63.44782672339854,
                63.44782672339854,
                63.44782672339854,
                63.44782672339854,
                63.44782672339854,
                63.44782672339854
            ]
        }
    },
    "Phonon_DOS": {
        "DOS": [
            0.0,
            0.006666666666666666,
            0.0,
            0.003333333333333333,
            0.0,
            0.0044444444444444444,
            0.0022222222222222222,
            0.0,
            0.006666666666666666,
            0.0,
            0.006666666666666666,
            0.0,
            0.013333333333333332,
            0.006666666666666666,
            0.006666666666666666,
            0.006666666666666666,
            0.006666666666666666,
            0.02,
            0.006666666666666666,
            0.023333333333333334,
            0.026666666666666665,
            0.024444444444444442,
            0.0022222222222222222,
            0.0,
            0.03333333333333333,
            0.013333333333333332,
            0.006666666666666666,
            0.054444444444444434,
            0.05333333333333333,
            0.028888888888888888,
            0.0911111111111111,
            0.03111111111111111,
            0.024444444444444442,
            0.022222222222222223,
            0.02,
            0.003333333333333333,
            0.021111111111111112,
            0.03,
            0.06,
            0.0,
            0.0,
            0.0,
            0.0,
            0.0,
            0.0,
            0.0,
            0.0,
            0.0,
            0.0,
            0.0,
            0.0,
            0.0,
            0.0077777777777777776,
            0.02,
            0.06,
            0.023333333333333334,
            0.0,
            0.0,
            0.0,
            0.0,
            0.0,
            0.025555555555555557,
            0.06444444444444444,
            0.024444444444444442,
            0.024444444444444442,
            0.006666666666666666,
            0.006666666666666666,
            0.015555555555555555,
            0.011111111111111112,
            0.026666666666666665,
            0.016666666666666666,
            0.0
        ],
        "Energy(meV)": [
            -3.5,
            -2.5,
            -1.5,
            -0.5,
            0.5,
            1.5,
            2.5,
            3.5,
            4.5,
            5.5,
            6.5,
            7.5,
            8.5,
            9.5,
            10.5,
            11.5,
            12.5,
            13.5,
            14.5,
            15.5,
            16.5,
            17.5,
            18.5,
            19.5,
            20.5,
            21.5,
            22.5,
            23.5,
            24.5,
            25.5,
            26.5,
            27.5,
            28.5,
            29.5,
            30.5,
            31.5,
            32.5,
            33.5,
            34.5,
            35.5,
            36.5,
            37.5,
            38.5,
            39.5,
            40.5,
            41.5,
            42.5,
            43.5,
            44.5,
            45.5,
            46.5,
            47.5,
            48.5,
            49.5,
            50.5,
            51.5,
            52.5,
            53.5,
            54.5,
            55.5,
            56.5,
            57.5,
            58.5,
            59.5,
            60.5,
            61.5,
            62.5,
            63.5,
            64.5,
            65.5,
            66.5,
            67.5
        ]
    }
}