{
    "POSCAR": {
        "Atomes": "   Sc    F   N\n",
        "coordinate": "Direct\n",
        "unit_cell": {
            "a_vector": "3.2077776485375558   2.0553699081741193e-07   -1.2963061364797007e-07\n",
            "b_vector": "-1.6038891690688062   2.7780169093807827   1.560518784104717e-07\n",
            "c_vector": "-1.437063427878684e-06   1.167902632978473e-06   25.416712532838076\n"
        },
        "positions": {
            "Sc": [
                "0.6666667564817825   0.33333323232644624   0.24731140968576018\n",
                "0.3333331893057798   0.6666667644467298   0.15268858884079217\n"
            ],
            "F": [
                "0.33333312365812245   0.6666668878149505   0.29438788022472573\n",
                "0.666666910189362   0.33333311998405085   0.10561212102665314\n"
            ],
            "N": [
                "2.0364950790272662e-08   -4.572176760181056e-09   0.20000000022206857\n"
            ]
        }
    },
    "Termo_data": {
        "Temperature (K)": [
            0,
            10,
            20,
            30,
            40,
            50,
            60,
            70,
            80,
            90,
            100,
            110,
            120,
            130,
            140,
            150,
            160,
            170,
            180,
            190,
            200,
            210,
            220,
            230,
            240,
            250,
            260,
            270,
            280,
            290,
            300,
            310,
            320,
            330,
            340,
            350,
            360,
            370,
            380,
            390,
            400,
            410,
            420,
            430,
            440,
            450,
            460,
            470,
            480,
            490,
            500,
            510,
            520,
            530,
            540,
            550,
            560,
            570,
            580,
            590,
            600,
            610,
            620,
            630,
            640,
            650,
            660,
            670,
            680,
            690,
            700,
            710,
            720,
            730,
            740,
            750,
            760,
            770,
            780,
            790,
            800,
            810,
            820,
            830,
            840,
            850,
            860,
            870,
            880,
            890,
            900,
            910,
            920,
            930,
            940,
            950,
            960,
            970,
            980,
            990,
            1000,
            1010,
            1020,
            1030,
            1040,
            1050,
            1060,
            1070,
            1080,
            1090,
            1100,
            1110,
            1120,
            1130,
            1140,
            1150,
            1160,
            1170,
            1180,
            1190,
            1200,
            1210,
            1220,
            1230,
            1240,
            1250,
            1260,
            1270,
            1280,
            1290,
            1300,
            1310,
            1320,
            1330,
            1340,
            1350,
            1360,
            1370,
            1380,
            1390,
            1400,
            1410,
            1420,
            1430,
            1440,
            1450,
            1460,
            1470,
            1480,
            1490,
            1500,
            1510,
            1520,
            1530,
            1540,
            1550,
            1560,
            1570,
            1580,
            1590,
            1600,
            1610,
            1620,
            1630,
            1640,
            1650,
            1660,
            1670,
            1680,
            1690,
            1700,
            1710,
            1720,
            1730,
            1740,
            1750,
            1760,
            1770,
            1780,
            1790,
            1800,
            1810,
            1820,
            1830,
            1840,
            1850,
            1860,
            1870,
            1880,
            1890,
            1900,
            1910,
            1920,
            1930,
            1940,
            1950,
            1960,
            1970
        ],
        "Gibbs_free(J/mole)": [
            -578343.5118116358,
            -578343.5770388836,
            -578344.1942308742,
            -578345.7981592347,
            -578348.8240165636,
            -578353.9866117935,
            -578362.3150383661,
            -578374.9765376122,
            -578393.08802591,
            -578417.6092707026,
            -578449.3091531921,
            -578488.7727662879,
            -578536.4250113093,
            -578592.5581655132,
            -578657.3576947097,
            -578730.9244236505,
            -578813.2928596043,
            -578904.4460834024,
            -579004.3275876186,
            -579112.8507649432,
            -579229.9064204209,
            -579355.3687046012,
            -579489.0998339708,
            -579630.9537742481,
            -579780.7791603387,
            -579938.4215782696,
            -580103.7253433899,
            -580276.534880182,
            -580456.6957810223,
            -580644.0556210647,
            -580838.4645608652,
            -581039.775794127,
            -581247.8458707724,
            -581462.5349301922,
            -581683.7068095563,
            -581911.2291657039,
            -582144.9734795598,
            -582384.8150438428,
            -582630.6329610127,
            -582882.3100456983,
            -583139.7327805277,
            -583402.7912111126,
            -583671.3788510262,
            -583945.3925906637,
            -584224.7325768042,
            -584509.3021245935,
            -584799.0075977563,
            -585093.7582983194,
            -585393.4663593449,
            -585698.0466568433,
            -586007.4167003476,
            -586321.4965149503,
            -586640.2085506502,
            -586963.4776401508,
            -587291.2308325904,
            -587623.3973625844,
            -587959.9085340094,
            -588300.6976723041,
            -588645.7000027691,
            -588994.8526075396,
            -589348.0943660785,
            -589705.3658995635,
            -590066.6093947898,
            -590431.7687145626,
            -590800.7892117407,
            -591173.6176950524,
            -591550.2024254726,
            -591930.493035095,
            -592314.440397679,
            -592701.9968239068,
            -593093.1156139,
            -593487.7514769282,
            -593885.8601169138,
            -594287.3983565598,
            -594692.3241044752,
            -595100.5963915859,
            -595512.1750389955,
            -595927.020951651,
            -596345.0960084734,
            -596766.3628555171,
            -597190.7850600969,
            -597618.3270537243,
            -598048.9540236121,
            -598482.631970393,
            -598919.3277117572,
            -599359.0086540931,
            -599801.6431695588,
            -600247.2000088696,
            -600695.6488109225,
            -601146.9597806501,
            -601601.1037193934,
            -602058.0522403347,
            -602517.7772318699,
            -602980.2514182599,
            -603445.4479095046,
            -603913.3405410625,
            -604383.9035817104,
            -604857.1117087066,
            -605332.9402910398,
            -605811.3649647286,
            -606292.3620668376,
            -606775.9082913168,
            -607261.9806890107,
            -607750.5568005883,
            -608241.614768576,
            -608735.1329013067,
            -609231.0900676076,
            -609729.4653198078,
            -610230.238251092,
            -610733.3889639606,
            -611238.8976785726,
            -611746.744939767,
            -612256.9118417642,
            -612769.3797848163,
            -613284.130316503,
            -613801.1454839115,
            -614320.40742066,
            -614841.8990478499,
            -615365.6028619683,
            -615891.5023525018,
            -616419.5808215456,
            -616949.8219778723,
            -617482.210023759,
            -618016.7290606877,
            -618553.3635983617,
            -619092.0985155418,
            -619632.9188307197,
            -620175.8097663826,
            -620720.7568436873,
            -621267.7458372794,
            -621816.762706235,
            -622367.7935632854,
            -622920.8248556235,
            -623475.8432045386,
            -624032.8353649818,
            -624591.7885299198,
            -625152.6896847814,
            -625715.5263953272,
            -626280.2861738702,
            -626846.9570728362,
            -627415.5267124912,
            -627985.9834530695,
            -628558.3156329041,
            -629132.5116464713,
            -629708.5602478583,
            -630286.4502539316,
            -630866.1708773498,
            -631447.7109381134,
            -632031.0599585517,
            -632616.2075727503,
            -633203.1430459804,
            -633791.8564058985,
            -634382.3374903076,
            -634974.5765257146,
            -635568.5636086458,
            -636164.2890487842,
            -636761.7434294865,
            -637360.917438895,
            -637961.8016323954,
            -638564.3869431305,
            -639168.6646070408,
            -639774.6254836988,
            -640382.2611023212,
            -640991.5626656845,
            -641602.5217864276,
            -642215.1299052765,
            -642829.3789883119,
            -643445.260610113,
            -644062.7670948349,
            -644681.8903553124,
            -645302.6225943721,
            -645924.9561163506,
            -646548.8833270703,
            -647174.396699166,
            -647801.4889144358,
            -648430.1525974167,
            -649060.3804294257,
            -649692.1657938771,
            -650325.5012997004,
            -650960.3801730941,
            -651596.7956816468,
            -652234.7409692323,
            -652874.2094757495,
            -653515.1946618076,
            -654157.6902938434,
            -654801.6899915629,
            -655447.1871540841,
            -656094.1761155849,
            -656742.6505954214,
            -657392.604512607,
            -658044.0317274856,
            -658696.927030826,
            -659351.2843883489,
            -660007.0979598223,
            -660664.3624978862,
            -661323.0722637068,
            -661983.2217158258,
            -662644.8059166103
        ],
        "Cp(J/mole.K)": [
            -0.0,
            0.052266646389034575,
            0.1973683225514833,
            0.4475499155785656,
            0.8861236113123595,
            1.6001841574761784,
            2.592294861195842,
            3.7874912725645116,
            5.0896279476582995,
            6.419421561350464,
            7.723682708776325,
            8.971023500995944,
            10.14504758493276,
            11.23877914639015,
            12.250868523016111,
            13.183275605479139,
            14.039825247833498,
            14.825284260284398,
            15.544847154594036,
            16.203797605683203,
            16.807290373835713,
            17.36024324418395,
            17.86725204989779,
            18.33257226533315,
            18.76011400998103,
            19.153436181877613,
            19.515765477775158,
            19.850021304943937,
            20.158839547331425,
            20.444588330184363,
            20.70939754822758,
            20.955196327209705,
            21.183703101426374,
            21.396457043415275,
            21.59487153653173,
            21.780187298791134,
            21.95353030452968,
            22.115939437894838,
            22.268321159016327,
            22.411509469818014,
            22.546250983490594,
            22.67321949020258,
            22.793038043525318,
            22.906265957068566,
            23.01342469145311,
            23.114969770627745,
            23.211301731917807,
            23.302817137612198,
            23.38989529693501,
            23.47283698937385,
            23.551886624918517,
            23.62736554420553,
            23.699561128893365,
            23.768641333770976,
            23.834816296346368,
            23.898307518524273,
            23.959274277091026,
            24.01784135995246,
            24.07419709693042,
            24.128576262897695,
            24.18099810287835,
            24.23152253717126,
            24.280421771435023,
            24.327710647793854,
            24.37343484945586,
            24.41783427340852,
            24.4608514830878,
            24.50265168824413,
            24.54331482478888,
            24.58274076177326,
            24.62125188735076,
            24.658702232927165,
            24.695072185713798,
            24.73085859500861,
            24.765851873852185,
            24.79973444824282,
            24.83306641967491,
            24.865886816708535,
            24.897760183695937,
            24.92903132389754,
            24.95982378348714,
            24.98995488440286,
            25.019685491244367,
            25.04891659025452,
            25.077716278878327,
            25.106176037283028,
            25.133894658286835,
            25.161306983613635,
            25.18838763579248,
            25.215230586682573,
            25.24185901269071,
            25.267783997490252,
            25.293479864031738,
            25.31912183985974,
            25.344737241859548,
            25.36985649848086,
            25.394489096570624,
            25.419064316485034,
            25.443412847828725,
            25.467924651425264,
            25.492115938104476,
            25.515586275109385,
            25.539416350121755,
            25.563547976076663,
            25.58717061236959,
            25.610334179233103,
            25.633143800066243,
            25.656528618541703,
            25.68035878945375,
            25.703103756226483,
            25.725523205590513,
            25.7488621486498,
            25.772072331886818,
            25.794662679871223,
            25.817093842034147,
            25.840111424258794,
            25.863177738746245,
            25.885491586945136,
            25.90842889329086,
            25.931054137603496,
            25.95372790878173,
            25.977058771078095,
            25.999335787031946,
            26.02179401878675,
            26.045139041286717,
            26.06811245859708,
            26.09075892047867,
            26.113803677796657,
            26.137118656560688,
            26.160087727210975,
            26.18293223227365,
            26.206272434513178,
            26.229587900242862,
            26.253149725750067,
            26.276764978427387,
            26.29982258818927,
            26.323375583509918,
            26.34788144826288,
            26.371970885846626,
            26.395066966532514,
            26.4193362717053,
            26.443891419447027,
            26.46771562173932,
            26.49223025865784,
            26.517652334226398,
            26.5425281157372,
            26.566348742804465,
            26.59211792238057,
            26.617823039309272,
            26.641939454563442,
            26.667588369600814,
            26.69410717152361,
            26.72036124146533,
            26.745942444435464,
            26.7717546347588,
            26.79898478470557,
            26.82569006569695,
            26.85137293963948,
            26.878848359623113,
            26.906919422591564,
            26.934082539752353,
            26.962031705162257,
            26.98996474526368,
            27.017484745525987,
            27.04572288932954,
            27.074294133984594,
            27.10325425107742,
            27.133493514583456,
            27.16305065928003,
            27.192166919240968,
            27.22224093400303,
            27.252363097626706,
            27.282875069964337,
            27.313739257131115,
            27.343785165814545,
            27.375679667966327,
            27.409163252730423,
            27.440233697835733,
            27.472126939659432,
            27.50521572222895,
            27.53735470329424,
            27.570356378130835,
            27.60495915969407,
            27.640490098077187,
            27.67379387542553,
            27.707423483981195,
            27.744602099375598,
            27.78012627510497,
            27.813146416015854,
            27.849722655521518,
            27.88976179610472,
            27.92616146152222,
            27.96215363480178,
            28.001283835849883,
            28.03837575170965,
            28.076826467222418,
            28.11865261590546,
            28.16038534747439
        ],
        "S(J/mole.K)": [
            0,
            0.026133323194517288,
            0.10160872702690539,
            0.22554246026120378,
            0.41089956427167634,
            0.6816834314333391,
            1.057726418947277,
            1.5442860816110624,
            2.132922919237171,
            2.807659197151952,
            3.550477863776905,
            4.344435794715537,
            5.1749199062542175,
            6.029890958692704,
            6.899682713771472,
            7.7766562526332565,
            8.65484331181069,
            9.529625623166794,
            10.397464705377935,
            11.255681741693117,
            12.102279727504357,
            12.935801111711772,
            13.755214146798245,
            14.55982223670435,
            15.349192124926773,
            16.123096557105598,
            16.881468463008055,
            17.62436463240155,
            18.35193689716106,
            19.064409077036537,
            19.76205860508489,
            20.44520226842432,
            21.114184666919755,
            21.76936877096159,
            22.411129154286755,
            23.03984632736974,
            23.65590200332808,
            24.259676192904585,
            24.851544465139156,
            25.43187573540053,
            26.001030917179012,
            26.55936173118243,
            27.10721009888657,
            27.644907719614274,
            28.17277583902323,
            28.691125026150253,
            29.2002547815573,
            29.700453849487527,
            30.19200090213853,
            30.67516438960447,
            31.150202000643183,
            31.617361705561052,
            32.076882939699864,
            32.528995800582926,
            32.97392100948055,
            33.41187109404273,
            33.84305052687996,
            34.267655437586654,
            34.685874438403694,
            35.09789008012885,
            35.5038778575079,
            35.90400521222182,
            36.29843410240719,
            36.687321024035924,
            37.070815552430574,
            37.449062506602786,
            37.8222014819461,
            38.19036657249235,
            38.55368773228838,
            38.9122890850922,
            39.266290972623395,
            39.61580989015929,
            39.960956279630764,
            40.301839278907565,
            40.638565558324615,
            40.971233958298384,
            41.29994095825822,
            41.62478319274086,
            41.94585101707052,
            42.26323072315425,
            42.577008301066236,
            42.88726618048095,
            43.19408421912231,
            43.49754036488885,
            43.797709573489556,
            44.09466508265177,
            44.3884757656313,
            44.67920827270572,
            44.96692932409496,
            45.25170376173628,
            45.53359491060837,
            45.812661438687066,
            46.08895998117369,
            46.36254885661911,
            46.63348559972364,
            46.901823592379515,
            47.16761211694247,
            47.430901185711264,
            47.691740621291686,
            47.950179834225864,
            48.20626629599429,
            48.460041659224956,
            48.71154966016766,
            48.960837770657974,
            49.20794790707441,
            49.45291712268517,
            49.69578215062792,
            49.936583526936005,
            50.17536439753457,
            50.41215909315651,
            50.64699743521632,
            50.87991749713983,
            51.11095725701307,
            51.3401468269265,
            51.56751537022937,
            51.79309654849785,
            52.01692407342925,
            52.239025046738966,
            52.45942828401894,
            52.67816377136187,
            52.89525831329665,
            53.11074206431221,
            53.324639937239404,
            53.53697424258716,
            53.74777461501071,
            53.95706778678577,
            54.1648749942411,
            54.37122000256204,
            54.576128373014214,
            54.77962218163157,
            54.98172145600547,
            55.182448982103956,
            55.38182742231584,
            55.57987797353853,
            55.77662165565562,
            55.97207603649876,
            56.166259902941235,
            56.359197170328116,
            56.55090794075076,
            56.741404843954655,
            56.930705900405876,
            57.118833337412795,
            57.30580218378745,
            57.4916285412837,
            57.67633389872935,
            57.85993503946519,
            58.04244164486444,
            58.22387167193228,
            58.40424613045615,
            58.58357368968281,
            58.76186813230596,
            58.93915117688738,
            59.1154381853732,
            59.29073915117769,
            59.46506547312747,
            59.63843509242433,
            59.8108632062911,
            59.98235690870205,
            60.15293048196908,
            60.32260308283584,
            60.49138504493167,
            60.65928707058629,
            60.82632244862907,
            60.992500529032256,
            61.157832721334124,
            61.32233250911522,
            61.48601213265792,
            61.64888644517778,
            61.81096686238889,
            61.97225947305124,
            62.13277508554893,
            62.29252577227599,
            62.45152172783419,
            62.609773854116796,
            62.767289392360546,
            62.92407971528737,
            63.080162883969024,
            63.23554460948508,
            63.39022828984017,
            63.54422739725269,
            63.69755026072089,
            63.85020411813893,
            64.00220312349265,
            64.15356138813077,
            64.304282379715,
            64.45436783488549,
            64.60383502692858,
            64.75269570313685,
            64.90094524972228,
            65.04859289876913,
            65.19566352372057,
            65.34216276842635,
            65.48808601156634,
            65.63344630609353,
            65.77825234722695,
            65.9225080649936,
            66.06623118440329,
            66.20943550033408
        ]
    },
    "Phonon_data": {
        "Numb_Node": 15,
        "total_n_kpoints": 100,
        "frequency": {
            "Node_1": [
                -0.17742243167998029,
                -1.1880136658310052,
                -1.4633407388847408,
                2.6288425098502417,
                5.80158973549167,
                8.943646111380607,
                12.05914573540985,
                15.117655447703807,
                18.01453416399458,
                20.629600102906604,
                22.88019315919628,
                24.495809086635848,
                24.928544412015587,
                25.012949535956963,
                25.2600958916392,
                25.649555947543757,
                26.141524186420586,
                26.66032710747391,
                27.101918524674456,
                27.435376822309284,
                27.64644448531095,
                27.70530920139293,
                27.34617614771797,
                25.457974239313828,
                22.925091224170778,
                19.91408082889996,
                16.505916684682294,
                12.801702740433651,
                8.955927287239277,
                5.096525711939956,
                1.0748808345250804,
                -1.4234133762659351,
                -0.17742243167998029,
                -0.17742243167998029,
                -0.17742243167998029,
                -0.17742243167998029,
                -0.17742243167998029,
                -0.17742243167998029,
                -0.17742243167998029,
                -0.17742243167998029,
                -0.17742243167998029,
                -0.17742243167998029,
                -0.17742243167998029,
                -0.17742243167998029,
                -0.17742243167998029,
                -1.1880136658310052,
                -1.4633407388847408,
                2.6288425098502417,
                5.80158973549167,
                8.943646111380607,
                12.05914573540985,
                15.117655447703807,
                18.01453416399458,
                20.629600102906604,
                22.88019315919628,
                24.495809086635848,
                24.928544412015587,
                25.012949535956963,
                25.2600958916392,
                25.649555947543757,
                26.141524186420586,
                26.66032710747391,
                27.101918524674456,
                27.435376822309284,
                27.64644448531095,
                27.70530920139293,
                27.34617614771797,
                25.457974239313828,
                22.925091224170778,
                19.91408082889996,
                16.505916684682294,
                12.801702740433651,
                8.955927287239277,
                5.096525711939956,
                1.0748808345250804,
                -1.4234133762659351,
                -0.17742243167998029,
                24.928544412015587,
                24.928544412015587,
                24.928544412015587,
                24.928544412015587,
                24.928544412015587,
                24.928544412015587,
                24.928544412015587,
                24.928544412015587,
                24.928544412015587,
                24.928544412015587,
                24.928544412015587,
                24.928544412015587,
                24.928544412015587,
                27.70530920139293,
                27.70530920139293,
                27.70530920139293,
                27.70530920139293,
                27.70530920139293,
                27.70530920139293,
                27.70530920139293,
                27.70530920139293,
                27.70530920139293,
                27.70530920139293,
                27.70530920139293,
                27.70530920139293,
                27.70530920139293
            ],
            "Node_2": [
                -0.0120320863606619,
                2.9114631033138116,
                5.80464074369207,
                8.651499477137492,
                11.413954141166252,
                14.052718992797624,
                16.52901351367614,
                18.798752754368373,
                20.811648038893086,
                22.5179674771861,
                23.876955393039626,
                25.012595775161397,
                26.001055712386226,
                26.049430283786574,
                26.19220734712361,
                26.423034411139238,
                26.736792432934806,
                27.144830283429,
                27.608374665447318,
                27.94058044127759,
                28.175994763561302,
                28.280810544369608,
                27.68424104930107,
                27.112128272694736,
                25.672645589507567,
                23.537383115832952,
                20.90760328158728,
                17.88361816646729,
                14.558318708922535,
                11.024846172258368,
                7.373990862952328,
                3.684947818224625,
                -0.0120320863606619,
                -0.0120320863606619,
                -0.0120320863606619,
                -0.0120320863606619,
                -0.0120320863606619,
                -0.0120320863606619,
                -0.0120320863606619,
                -0.0120320863606619,
                -0.0120320863606619,
                -0.0120320863606619,
                -0.0120320863606619,
                -0.0120320863606619,
                -0.0120320863606619,
                2.9114631033138116,
                5.80464074369207,
                8.651499477137492,
                11.413954141166252,
                14.052718992797624,
                16.52901351367614,
                18.798752754368373,
                20.811648038893086,
                22.5179674771861,
                23.876955393039626,
                25.012595775161397,
                26.001055712386226,
                26.049430283786574,
                26.19220734712361,
                26.423034411139238,
                26.736792432934806,
                27.144830283429,
                27.608374665447318,
                27.94058044127759,
                28.175994763561302,
                28.280810544369608,
                27.68424104930107,
                27.112128272694736,
                25.672645589507567,
                23.537383115832952,
                20.90760328158728,
                17.88361816646729,
                14.558318708922535,
                11.024846172258368,
                7.373990862952328,
                3.684947818224625,
                -0.0120320863606619,
                26.001055712386226,
                26.001055712386226,
                26.001055712386226,
                26.001055712386226,
                26.001055712386226,
                26.001055712386226,
                26.001055712386226,
                26.001055712386226,
                26.001055712386226,
                26.001055712386226,
                26.001055712386226,
                26.001055712386226,
                26.001055712386226,
                28.280810544369608,
                28.280810544369608,
                28.28081054436961,
                28.280810544369608,
                28.28081054436961,
                28.280810544369608,
                28.280810544369608,
                28.280810544369608,
                28.280810544369608,
                28.280810544369608,
                28.280810544369608,
                28.280810544369608,
                28.280810544369608
            ],
            "Node_3": [
                -0.00977604400812194,
                4.676642739773468,
                9.270668378437758,
                13.695864481050918,
                17.817450502721567,
                21.391801426514586,
                24.06671626759646,
                25.55497821579487,
                26.26912795344321,
                26.798993629676083,
                27.11807308515688,
                27.077106614969026,
                26.625324109719482,
                26.655676199816536,
                26.745768775194037,
                26.897193079475016,
                27.11296488530781,
                27.390235093582532,
                27.770870305453222,
                28.30570977014246,
                28.687035447186396,
                28.832542391868515,
                28.20902427016764,
                27.471411160031607,
                26.889852767674007,
                26.3262680321603,
                25.63477413347253,
                24.448255796518275,
                21.404830547346172,
                16.874439656083535,
                11.547837807867575,
                5.846205124840619,
                -0.00977604400812194,
                -0.00977604400812194,
                -0.00977604400812194,
                -0.00977604400812194,
                -0.00977604400812194,
                -0.00977604400812194,
                -0.00977604400812194,
                -0.00977604400812194,
                -0.00977604400812194,
                -0.00977604400812194,
                -0.00977604400812194,
                -0.00977604400812194,
                -0.00977604400812194,
                4.676642739773468,
                9.270668378437758,
                13.695864481050918,
                17.817450502721567,
                21.391801426514586,
                24.06671626759646,
                25.55497821579487,
                26.26912795344321,
                26.798993629676083,
                27.11807308515688,
                27.077106614969026,
                26.625324109719482,
                26.655676199816536,
                26.745768775194037,
                26.897193079475016,
                27.11296488530781,
                27.390235093582532,
                27.770870305453222,
                28.30570977014246,
                28.687035447186396,
                28.832542391868515,
                28.20902427016764,
                27.471411160031607,
                26.889852767674007,
                26.3262680321603,
                25.63477413347253,
                24.448255796518275,
                21.404830547346172,
                16.874439656083535,
                11.547837807867575,
                5.846205124840619,
                -0.00977604400812194,
                26.625324109719482,
                26.625324109719482,
                26.625324109719482,
                26.625324109719482,
                26.625324109719482,
                26.625324109719482,
                26.625324109719482,
                26.625324109719482,
                26.625324109719482,
                26.625324109719482,
                26.625324109719482,
                26.625324109719482,
                26.625324109719482,
                28.832542391868515,
                28.832542391868515,
                28.832542391868497,
                28.832542391868515,
                28.832542391868497,
                28.832542391868515,
                28.832542391868515,
                28.832542391868515,
                28.832542391868515,
                28.832542391868515,
                28.832542391868515,
                28.832542391868515,
                28.832542391868515
            ],
            "Node_4": [
                21.71259700201578,
                21.828646884140507,
                22.149829196647907,
                22.657518348538744,
                23.312577259095537,
                24.065297116392635,
                24.863205117527592,
                25.750628053459735,
                26.607258992717917,
                27.16950321494332,
                27.470475286798926,
                27.52311791153224,
                27.52512989938194,
                27.570489791699874,
                27.697715202594967,
                27.883495392871207,
                28.096693790237907,
                28.303359942335817,
                28.481572691952103,
                28.673970655432264,
                29.022036613233993,
                29.2398885472652,
                29.72386849126825,
                29.707632401771924,
                28.971543862720782,
                27.942440540157445,
                26.708822404541777,
                25.208104889996616,
                24.08150281818066,
                23.142844875930418,
                22.386149327370934,
                21.8989109825976,
                21.71259700201578,
                21.71259700201578,
                21.71259700201578,
                21.71259700201578,
                21.71259700201578,
                21.71259700201578,
                21.71259700201578,
                21.71259700201578,
                21.71259700201578,
                21.71259700201578,
                21.71259700201578,
                21.71259700201578,
                21.71259700201578,
                21.828646884140507,
                22.149829196647907,
                22.657518348538744,
                23.312577259095537,
                24.065297116392635,
                24.863205117527592,
                25.750628053459735,
                26.607258992717917,
                27.16950321494332,
                27.470475286798926,
                27.52311791153224,
                27.52512989938194,
                27.570489791699874,
                27.697715202594967,
                27.883495392871207,
                28.096693790237907,
                28.303359942335817,
                28.481572691952103,
                28.673970655432264,
                29.022036613233993,
                29.2398885472652,
                29.72386849126825,
                29.707632401771924,
                28.971543862720782,
                27.942440540157445,
                26.708822404541777,
                25.208104889996616,
                24.08150281818066,
                23.142844875930418,
                22.386149327370934,
                21.8989109825976,
                21.71259700201578,
                27.52512989938194,
                27.52512989938194,
                27.52512989938194,
                27.52512989938194,
                27.52512989938194,
                27.52512989938194,
                27.52512989938194,
                27.52512989938194,
                27.52512989938194,
                27.52512989938194,
                27.52512989938194,
                27.52512989938194,
                27.52512989938194,
                29.2398885472652,
                29.2398885472652,
                29.239888547265206,
                29.2398885472652,
                29.239888547265206,
                29.2398885472652,
                29.2398885472652,
                29.2398885472652,
                29.2398885472652,
                29.2398885472652,
                29.2398885472652,
                29.2398885472652,
                29.2398885472652
            ],
            "Node_5": [
                21.738779136959746,
                22.14953847873187,
                23.261719271042026,
                24.725904419741518,
                26.193187287695274,
                27.483209339348537,
                28.58547805944557,
                29.531633244511102,
                30.214105119124497,
                30.598502340128007,
                30.76714252790671,
                30.837188815536944,
                30.862728411706396,
                30.799620868635582,
                30.640356705055286,
                30.447812825023707,
                30.279917856891874,
                30.176405072733264,
                30.155191666729266,
                30.198691259467182,
                30.044952113140308,
                29.793659994308346,
                30.159604444062317,
                30.373855512767026,
                30.470767182419863,
                30.310736623051593,
                29.776361855027858,
                28.83236443687755,
                27.50524255243369,
                25.827139128791128,
                23.95384694384418,
                22.36153448952867,
                21.738779136959746,
                21.738779136959746,
                21.738779136959746,
                21.738779136959746,
                21.738779136959746,
                21.738779136959746,
                21.738779136959746,
                21.738779136959746,
                21.738779136959746,
                21.738779136959746,
                21.738779136959746,
                21.738779136959746,
                21.738779136959746,
                22.14953847873187,
                23.261719271042026,
                24.725904419741518,
                26.193187287695274,
                27.483209339348537,
                28.58547805944557,
                29.531633244511102,
                30.214105119124497,
                30.598502340128007,
                30.76714252790671,
                30.837188815536944,
                30.862728411706396,
                30.799620868635582,
                30.640356705055286,
                30.447812825023707,
                30.279917856891874,
                30.176405072733264,
                30.155191666729266,
                30.198691259467182,
                30.044952113140308,
                29.793659994308346,
                30.159604444062317,
                30.373855512767026,
                30.470767182419863,
                30.310736623051593,
                29.776361855027858,
                28.83236443687755,
                27.50524255243369,
                25.827139128791128,
                23.95384694384418,
                22.36153448952867,
                21.738779136959746,
                30.862728411706396,
                30.862728411706396,
                30.862728411706396,
                30.862728411706396,
                30.862728411706396,
                30.862728411706396,
                30.862728411706396,
                30.862728411706396,
                30.862728411706396,
                30.862728411706396,
                30.862728411706396,
                30.862728411706396,
                30.862728411706396,
                29.793659994308346,
                29.793659994308346,
                29.79365999430834,
                29.793659994308346,
                29.79365999430834,
                29.793659994308346,
                29.793659994308346,
                29.793659994308346,
                29.793659994308346,
                29.793659994308346,
                29.793659994308346,
                29.793659994308346,
                29.793659994308346
            ],
            "Node_6": [
                31.31440086108706,
                30.841439776402847,
                30.09401461696688,
                29.437551545062995,
                29.01770021026345,
                28.967536553506367,
                29.440928062740262,
                30.420789655588834,
                31.529183014850492,
                32.35939536528184,
                32.61653160086071,
                32.634837969195075,
                32.643765009627984,
                32.574486033810956,
                32.42938646613389,
                32.21076064437061,
                31.915216773925838,
                31.54747835971426,
                31.113514245402328,
                30.622638174781976,
                30.32115520679926,
                30.35887161008367,
                30.307478424445613,
                30.604725943778174,
                31.04918511726174,
                31.06467271705009,
                30.42753838926329,
                29.412747203563143,
                28.878648218693098,
                29.06003689790996,
                29.728951268984485,
                30.647654947149015,
                31.31440086108706,
                31.31440086108706,
                31.31440086108706,
                31.31440086108706,
                31.31440086108706,
                31.31440086108706,
                31.31440086108706,
                31.31440086108706,
                31.31440086108706,
                31.31440086108706,
                31.31440086108706,
                31.31440086108706,
                31.31440086108706,
                30.841439776402847,
                30.09401461696688,
                29.437551545062995,
                29.01770021026345,
                28.967536553506367,
                29.440928062740262,
                30.420789655588834,
                31.529183014850492,
                32.35939536528184,
                32.61653160086071,
                32.634837969195075,
                32.643765009627984,
                32.574486033810956,
                32.42938646613389,
                32.21076064437061,
                31.915216773925838,
                31.54747835971426,
                31.113514245402328,
                30.622638174781976,
                30.32115520679926,
                30.35887161008367,
                30.307478424445613,
                30.604725943778174,
                31.04918511726174,
                31.06467271705009,
                30.42753838926329,
                29.412747203563143,
                28.878648218693098,
                29.06003689790996,
                29.728951268984485,
                30.647654947149015,
                31.31440086108706,
                32.643765009627984,
                32.643765009627984,
                32.643765009627984,
                32.643765009627984,
                32.643765009627984,
                32.643765009627984,
                32.643765009627984,
                32.643765009627984,
                32.643765009627984,
                32.643765009627984,
                32.643765009627984,
                32.643765009627984,
                32.643765009627984,
                30.35887161008367,
                30.35887161008367,
                30.35887161008369,
                30.35887161008367,
                30.35887161008369,
                30.35887161008367,
                30.35887161008367,
                30.35887161008367,
                30.35887161008367,
                30.35887161008367,
                30.35887161008367,
                30.35887161008367,
                30.35887161008367
            ],
            "Node_7": [
                32.385665318946586,
                32.38866896932273,
                32.387510681759494,
                32.395451323978875,
                32.41642300479765,
                32.447963036515254,
                32.48400915153029,
                32.52046736160619,
                32.55780582422474,
                32.59694138370692,
                32.78475297380261,
                32.812215658756514,
                32.747839920258926,
                32.82580431859318,
                32.98923873347259,
                33.213152137360375,
                33.46772657785276,
                33.71509656945712,
                33.92428227051544,
                34.07325317299377,
                34.1535937361386,
                34.18214715925597,
                34.138668196737534,
                33.877888688305866,
                33.527962158742426,
                33.22393932487533,
                32.981534761672734,
                32.77739166226383,
                32.613680812104086,
                32.49727234820174,
                32.42706018921535,
                32.40040507902181,
                32.385665318946586,
                32.385665318946586,
                32.385665318946586,
                32.385665318946586,
                32.385665318946586,
                32.385665318946586,
                32.385665318946586,
                32.385665318946586,
                32.385665318946586,
                32.385665318946586,
                32.385665318946586,
                32.385665318946586,
                32.385665318946586,
                32.38866896932273,
                32.387510681759494,
                32.395451323978875,
                32.41642300479765,
                32.447963036515254,
                32.48400915153029,
                32.52046736160619,
                32.55780582422474,
                32.59694138370692,
                32.78475297380261,
                32.812215658756514,
                32.747839920258926,
                32.82580431859318,
                32.98923873347259,
                33.213152137360375,
                33.46772657785276,
                33.71509656945712,
                33.92428227051544,
                34.07325317299377,
                34.1535937361386,
                34.18214715925597,
                34.138668196737534,
                33.877888688305866,
                33.527962158742426,
                33.22393932487533,
                32.981534761672734,
                32.77739166226383,
                32.613680812104086,
                32.49727234820174,
                32.42706018921535,
                32.40040507902181,
                32.385665318946586,
                32.747839920258926,
                32.747839920258926,
                32.747839920258926,
                32.747839920258926,
                32.747839920258926,
                32.747839920258926,
                32.747839920258926,
                32.747839920258926,
                32.747839920258926,
                32.747839920258926,
                32.747839920258926,
                32.747839920258926,
                32.747839920258926,
                34.18214715925597,
                34.18214715925597,
                34.18214715925596,
                34.18214715925597,
                34.18214715925596,
                34.18214715925597,
                34.18214715925597,
                34.18214715925597,
                34.18214715925597,
                34.18214715925597,
                34.18214715925597,
                34.18214715925597,
                34.18214715925597
            ],
            "Node_8": [
                32.40677526703157,
                32.828922203933885,
                33.13715384238656,
                33.22658729903107,
                33.328656575369536,
                33.43456152821207,
                33.533141073368625,
                33.612045342801906,
                33.660065702302624,
                33.674066423772864,
                33.67735992712236,
                33.7020959172769,
                33.71343509838388,
                33.71675372592482,
                33.764391292165406,
                33.87554152726112,
                34.03918996763293,
                34.23690483567799,
                34.448160296302596,
                34.66405030579,
                34.88848473854509,
                35.08689690521516,
                34.85772301378994,
                34.738483815547724,
                34.680029860664625,
                34.616896469506045,
                34.64638796783041,
                34.048866816200174,
                33.625468956900804,
                33.359730402652445,
                33.200891570997754,
                32.99481782864767,
                32.40677526703157,
                32.40677526703157,
                32.40677526703157,
                32.40677526703157,
                32.40677526703157,
                32.40677526703157,
                32.40677526703157,
                32.40677526703157,
                32.40677526703157,
                32.40677526703157,
                32.40677526703157,
                32.40677526703157,
                32.40677526703157,
                32.828922203933885,
                33.13715384238656,
                33.22658729903107,
                33.328656575369536,
                33.43456152821207,
                33.533141073368625,
                33.612045342801906,
                33.660065702302624,
                33.674066423772864,
                33.67735992712236,
                33.7020959172769,
                33.71343509838388,
                33.71675372592482,
                33.764391292165406,
                33.87554152726112,
                34.03918996763293,
                34.23690483567799,
                34.448160296302596,
                34.66405030579,
                34.88848473854509,
                35.08689690521516,
                34.85772301378994,
                34.738483815547724,
                34.680029860664625,
                34.616896469506045,
                34.64638796783041,
                34.048866816200174,
                33.625468956900804,
                33.359730402652445,
                33.200891570997754,
                32.99481782864767,
                32.40677526703157,
                33.71343509838388,
                33.71343509838388,
                33.71343509838388,
                33.71343509838388,
                33.71343509838388,
                33.71343509838388,
                33.71343509838388,
                33.71343509838388,
                33.71343509838388,
                33.71343509838388,
                33.71343509838388,
                33.71343509838388,
                33.71343509838388,
                35.08689690521516,
                35.08689690521516,
                35.08689690521515,
                35.08689690521516,
                35.08689690521515,
                35.08689690521516,
                35.08689690521516,
                35.08689690521516,
                35.08689690521516,
                35.08689690521516,
                35.08689690521516,
                35.08689690521516,
                35.08689690521516
            ],
            "Node_9": [
                33.04432781938777,
                33.085835748839045,
                33.49795221490005,
                34.13934342072966,
                34.69980905436319,
                34.9837061547541,
                35.0350773951481,
                34.93335265855782,
                34.76454349517975,
                34.573853723425735,
                34.38362137785027,
                34.28159455231304,
                34.26813047918021,
                34.42728429430256,
                34.82372949305168,
                35.34257205534366,
                35.884637699061045,
                36.278834021284354,
                36.21820389782686,
                35.93622330337628,
                35.61528384266921,
                35.34269378591223,
                35.581116954701905,
                35.93230555179155,
                36.07464192773624,
                35.507416565314934,
                34.70147814747001,
                34.77676574207646,
                34.79130428370482,
                34.507989967073996,
                33.89523826927228,
                33.144523166794286,
                33.04432781938777,
                33.04432781938777,
                33.04432781938777,
                33.04432781938777,
                33.04432781938777,
                33.04432781938777,
                33.04432781938777,
                33.04432781938777,
                33.04432781938777,
                33.04432781938777,
                33.04432781938777,
                33.04432781938777,
                33.04432781938777,
                33.085835748839045,
                33.49795221490005,
                34.13934342072966,
                34.69980905436319,
                34.9837061547541,
                35.0350773951481,
                34.93335265855782,
                34.76454349517975,
                34.573853723425735,
                34.38362137785027,
                34.28159455231304,
                34.26813047918021,
                34.42728429430256,
                34.82372949305168,
                35.34257205534366,
                35.884637699061045,
                36.278834021284354,
                36.21820389782686,
                35.93622330337628,
                35.61528384266921,
                35.34269378591223,
                35.581116954701905,
                35.93230555179155,
                36.07464192773624,
                35.507416565314934,
                34.70147814747001,
                34.77676574207646,
                34.79130428370482,
                34.507989967073996,
                33.89523826927228,
                33.144523166794286,
                33.04432781938777,
                34.26813047918021,
                34.26813047918021,
                34.26813047918021,
                34.26813047918021,
                34.26813047918021,
                34.26813047918021,
                34.26813047918021,
                34.26813047918021,
                34.26813047918021,
                34.26813047918021,
                34.26813047918021,
                34.26813047918021,
                34.26813047918021,
                35.34269378591223,
                35.34269378591223,
                35.342693785912246,
                35.34269378591223,
                35.342693785912246,
                35.34269378591223,
                35.34269378591223,
                35.34269378591223,
                35.34269378591223,
                35.34269378591223,
                35.34269378591223,
                35.34269378591223,
                35.34269378591223
            ],
            "Node_10": [
                33.130245679389255,
                33.289201935560556,
                33.74860448246631,
                34.319421308949295,
                34.88903539392815,
                35.547752200799586,
                36.19941533997889,
                36.73154205540939,
                37.05723938733364,
                37.20869603605143,
                37.30808195913507,
                37.39645992216809,
                37.43346035790757,
                37.402872638525565,
                37.31366425328489,
                37.17278113231203,
                36.999678754762336,
                36.90432858310618,
                37.14903976734367,
                37.473625633698994,
                37.693117439980675,
                37.77667189474554,
                37.64431431919343,
                37.266561119461095,
                36.86134619575957,
                36.91647833789656,
                36.8826293441119,
                36.387711909566875,
                35.59345626641289,
                34.741977809279305,
                33.93554394920192,
                33.33752220010058,
                33.130245679389255,
                33.130245679389255,
                33.130245679389255,
                33.130245679389255,
                33.130245679389255,
                33.130245679389255,
                33.130245679389255,
                33.130245679389255,
                33.130245679389255,
                33.130245679389255,
                33.130245679389255,
                33.130245679389255,
                33.130245679389255,
                33.289201935560556,
                33.74860448246631,
                34.319421308949295,
                34.88903539392815,
                35.547752200799586,
                36.19941533997889,
                36.73154205540939,
                37.05723938733364,
                37.20869603605143,
                37.30808195913507,
                37.39645992216809,
                37.43346035790757,
                37.402872638525565,
                37.31366425328489,
                37.17278113231203,
                36.999678754762336,
                36.90432858310618,
                37.14903976734367,
                37.473625633698994,
                37.693117439980675,
                37.77667189474554,
                37.64431431919343,
                37.266561119461095,
                36.86134619575957,
                36.91647833789656,
                36.8826293441119,
                36.387711909566875,
                35.59345626641289,
                34.741977809279305,
                33.93554394920192,
                33.33752220010058,
                33.130245679389255,
                37.43346035790757,
                37.43346035790757,
                37.43346035790757,
                37.43346035790757,
                37.43346035790757,
                37.43346035790757,
                37.43346035790757,
                37.43346035790757,
                37.43346035790757,
                37.43346035790757,
                37.43346035790757,
                37.43346035790757,
                37.43346035790757,
                37.77667189474554,
                37.77667189474554,
                37.77667189474555,
                37.77667189474554,
                37.77667189474555,
                37.77667189474554,
                37.77667189474554,
                37.77667189474554,
                37.77667189474554,
                37.77667189474554,
                37.77667189474554,
                37.77667189474554,
                37.77667189474554
            ],
            "Node_11": [
                50.257236518264,
                50.18897488991475,
                49.97594753434437,
                49.63513269068517,
                49.2616259210029,
                48.97379237727356,
                48.27536921965137,
                47.12186600062751,
                46.28242768325527,
                45.791455262250274,
                45.58014051057472,
                45.53062942468791,
                45.53091492975186,
                45.49029961087448,
                45.37766131096207,
                45.21698316559734,
                45.04124545908233,
                44.88876945117034,
                44.79753676738212,
                44.79612269282184,
                44.89571756382891,
                45.06349511059749,
                44.82190155265588,
                44.72344472958808,
                44.903778405919724,
                45.40318632385237,
                46.32598947004967,
                47.734559914586434,
                48.81371666074596,
                49.263716779192436,
                49.755901380691334,
                50.126379257623356,
                50.257236518264,
                50.257236518264,
                50.257236518264,
                50.257236518264,
                50.257236518264,
                50.257236518264,
                50.257236518264,
                50.257236518264,
                50.257236518264,
                50.257236518264,
                50.257236518264,
                50.257236518264,
                50.257236518264,
                50.18897488991475,
                49.97594753434437,
                49.63513269068517,
                49.2616259210029,
                48.97379237727356,
                48.27536921965137,
                47.12186600062751,
                46.28242768325527,
                45.791455262250274,
                45.58014051057472,
                45.53062942468791,
                45.53091492975186,
                45.49029961087448,
                45.37766131096207,
                45.21698316559734,
                45.04124545908233,
                44.88876945117034,
                44.79753676738212,
                44.79612269282184,
                44.89571756382891,
                45.06349511059749,
                44.82190155265588,
                44.72344472958808,
                44.903778405919724,
                45.40318632385237,
                46.32598947004967,
                47.734559914586434,
                48.81371666074596,
                49.263716779192436,
                49.755901380691334,
                50.126379257623356,
                50.257236518264,
                45.53091492975186,
                45.53091492975186,
                45.53091492975186,
                45.53091492975186,
                45.53091492975186,
                45.53091492975186,
                45.53091492975186,
                45.53091492975186,
                45.53091492975186,
                45.53091492975186,
                45.53091492975186,
                45.53091492975186,
                45.53091492975186,
                45.06349511059749,
                45.06349511059749,
                45.06349511059749,
                45.06349511059749,
                45.06349511059749,
                45.06349511059749,
                45.06349511059749,
                45.06349511059749,
                45.06349511059749,
                45.06349511059749,
                45.06349511059749,
                45.06349511059749,
                45.06349511059749
            ],
            "Node_12": [
                55.36068467211049,
                54.96783955741844,
                53.935619577832796,
                52.56324843465394,
                51.0891332143258,
                49.634368691740285,
                48.819764982765875,
                48.759487722531915,
                48.71932093682559,
                48.63420956409628,
                48.490940748977074,
                48.34169033142106,
                48.275953317314915,
                48.20285987711389,
                47.99173799225475,
                47.66530215310927,
                47.25729155003726,
                46.806554929925454,
                46.34857737228479,
                45.91217156935652,
                45.523362221781916,
                45.23192297791018,
                45.62648161217037,
                46.276571406738974,
                46.96314861449766,
                47.575851426305164,
                48.05931291430349,
                48.44322815280473,
                49.490800081765535,
                51.387876391888106,
                53.254243773810806,
                54.757499609890836,
                55.36068467211049,
                55.36068467211049,
                55.36068467211049,
                55.36068467211049,
                55.36068467211049,
                55.36068467211049,
                55.36068467211049,
                55.36068467211049,
                55.36068467211049,
                55.36068467211049,
                55.36068467211049,
                55.36068467211049,
                55.36068467211049,
                54.96783955741844,
                53.935619577832796,
                52.56324843465394,
                51.0891332143258,
                49.634368691740285,
                48.819764982765875,
                48.759487722531915,
                48.71932093682559,
                48.63420956409628,
                48.490940748977074,
                48.34169033142106,
                48.275953317314915,
                48.20285987711389,
                47.99173799225475,
                47.66530215310927,
                47.25729155003726,
                46.806554929925454,
                46.34857737228479,
                45.91217156935652,
                45.523362221781916,
                45.23192297791018,
                45.62648161217037,
                46.276571406738974,
                46.96314861449766,
                47.575851426305164,
                48.05931291430349,
                48.44322815280473,
                49.490800081765535,
                51.387876391888106,
                53.254243773810806,
                54.757499609890836,
                55.36068467211049,
                48.275953317314915,
                48.275953317314915,
                48.275953317314915,
                48.275953317314915,
                48.275953317314915,
                48.275953317314915,
                48.275953317314915,
                48.275953317314915,
                48.275953317314915,
                48.275953317314915,
                48.275953317314915,
                48.275953317314915,
                48.275953317314915,
                45.23192297791018,
                45.23192297791018,
                45.23192297791018,
                45.23192297791018,
                45.23192297791018,
                45.23192297791018,
                45.23192297791018,
                45.23192297791018,
                45.23192297791018,
                45.23192297791018,
                45.23192297791018,
                45.23192297791018,
                45.23192297791018
            ],
            "Node_13": [
                65.55639189978335,
                65.50393451802324,
                65.31005379544588,
                64.86578277597954,
                64.14776785122783,
                63.42359728509772,
                62.82705694049003,
                62.39311632377083,
                62.172348566820084,
                62.14914555485503,
                62.207920056589614,
                62.246254374140946,
                62.25345962640085,
                62.24461524602021,
                62.222279328451144,
                62.1916612874136,
                62.15389631877637,
                62.115362997465354,
                62.08814261615766,
                62.0756031139104,
                62.07371726693551,
                62.086110190215415,
                62.1414171707014,
                62.20532634403862,
                62.27307795946274,
                62.367293525434306,
                62.58041948651262,
                63.03885716789052,
                63.81657448123085,
                64.86420117199914,
                65.49036031065187,
                65.56799596357972,
                65.55639189978335,
                65.55639189978335,
                65.55639189978335,
                65.55639189978335,
                65.55639189978335,
                65.55639189978335,
                65.55639189978335,
                65.55639189978335,
                65.55639189978335,
                65.55639189978335,
                65.55639189978335,
                65.55639189978335,
                65.55639189978335,
                65.50393451802324,
                65.31005379544588,
                64.86578277597954,
                64.14776785122783,
                63.42359728509772,
                62.82705694049003,
                62.39311632377083,
                62.172348566820084,
                62.14914555485503,
                62.207920056589614,
                62.246254374140946,
                62.25345962640085,
                62.24461524602021,
                62.222279328451144,
                62.1916612874136,
                62.15389631877637,
                62.115362997465354,
                62.08814261615766,
                62.0756031139104,
                62.07371726693551,
                62.086110190215415,
                62.1414171707014,
                62.20532634403862,
                62.27307795946274,
                62.367293525434306,
                62.58041948651262,
                63.03885716789052,
                63.81657448123085,
                64.86420117199914,
                65.49036031065187,
                65.56799596357972,
                65.55639189978335,
                62.25345962640085,
                62.25345962640085,
                62.25345962640085,
                62.25345962640085,
                62.25345962640085,
                62.25345962640085,
                62.25345962640085,
                62.25345962640085,
                62.25345962640085,
                62.25345962640085,
                62.25345962640085,
                62.25345962640085,
                62.25345962640085,
                62.086110190215415,
                62.086110190215415,
                62.086110190215415,
                62.086110190215415,
                62.086110190215415,
                62.086110190215415,
                62.086110190215415,
                62.086110190215415,
                62.086110190215415,
                62.086110190215415,
                62.086110190215415,
                62.086110190215415,
                62.086110190215415
            ],
            "Node_14": [
                65.91791578164414,
                65.93879455365254,
                65.95967990521275,
                65.84855121347374,
                65.60717177442893,
                65.39161903724096,
                65.21261840545641,
                65.06694290284243,
                64.96218967825178,
                64.89345549661634,
                64.8462955918883,
                64.81489973612338,
                64.80320202592321,
                64.81030599693462,
                64.83224276273044,
                64.87100126283796,
                64.93058017744728,
                65.01655541490555,
                65.13160110126165,
                65.26881759937343,
                65.40739372631279,
                65.47156919130498,
                65.25531221185139,
                65.0887815036766,
                64.93022291280013,
                64.64262933745034,
                64.71466682495257,
                65.05338836149507,
                65.2703591395884,
                65.46278153260944,
                65.75290493558362,
                65.8901597022887,
                65.91791578164414,
                65.91791578164414,
                65.91791578164414,
                65.91791578164414,
                65.91791578164414,
                65.91791578164414,
                65.91791578164414,
                65.91791578164414,
                65.91791578164414,
                65.91791578164414,
                65.91791578164414,
                65.91791578164414,
                65.91791578164414,
                65.93879455365254,
                65.95967990521275,
                65.84855121347374,
                65.60717177442893,
                65.39161903724096,
                65.21261840545641,
                65.06694290284243,
                64.96218967825178,
                64.89345549661634,
                64.8462955918883,
                64.81489973612338,
                64.80320202592321,
                64.81030599693462,
                64.83224276273044,
                64.87100126283796,
                64.93058017744728,
                65.01655541490555,
                65.13160110126165,
                65.26881759937343,
                65.40739372631279,
                65.47156919130498,
                65.25531221185139,
                65.0887815036766,
                64.93022291280013,
                64.64262933745034,
                64.71466682495257,
                65.05338836149507,
                65.2703591395884,
                65.46278153260944,
                65.75290493558362,
                65.8901597022887,
                65.91791578164414,
                64.80320202592321,
                64.80320202592321,
                64.80320202592321,
                64.80320202592321,
                64.80320202592321,
                64.80320202592321,
                64.80320202592321,
                64.80320202592321,
                64.80320202592321,
                64.80320202592321,
                64.80320202592321,
                64.80320202592321,
                64.80320202592321,
                65.47156919130498,
                65.47156919130498,
                65.471569191305,
                65.47156919130498,
                65.471569191305,
                65.47156919130498,
                65.47156919130498,
                65.47156919130498,
                65.47156919130498,
                65.47156919130498,
                65.47156919130498,
                65.47156919130498,
                65.47156919130498
            ],
            "Node_15": [
                68.8180275459329,
                68.45296315745324,
                67.59621282673139,
                66.85148849467947,
                66.54335858275837,
                66.34388818057339,
                66.10667624448492,
                65.8975059234788,
                65.84263570009544,
                66.0137646479111,
                66.35116221289196,
                66.6790660034165,
                66.81394196291241,
                66.78783351468526,
                66.70920575522138,
                66.58102491558157,
                66.41507251997167,
                66.22936190973495,
                66.03870794119786,
                65.85026586388933,
                65.6695690558672,
                65.54830248120307,
                65.56414724667401,
                65.33431412941184,
                65.00128592304108,
                64.98530473732804,
                65.05148841105779,
                65.27294127739297,
                65.76295227580314,
                66.23696848471384,
                67.07652741786254,
                68.279487997364,
                68.8180275459329,
                68.8180275459329,
                68.8180275459329,
                68.8180275459329,
                68.8180275459329,
                68.8180275459329,
                68.8180275459329,
                68.8180275459329,
                68.8180275459329,
                68.8180275459329,
                68.8180275459329,
                68.8180275459329,
                68.8180275459329,
                68.45296315745324,
                67.59621282673139,
                66.85148849467947,
                66.54335858275837,
                66.34388818057339,
                66.10667624448492,
                65.8975059234788,
                65.84263570009544,
                66.0137646479111,
                66.35116221289196,
                66.6790660034165,
                66.81394196291241,
                66.78783351468526,
                66.70920575522138,
                66.58102491558157,
                66.41507251997167,
                66.22936190973495,
                66.03870794119786,
                65.85026586388933,
                65.6695690558672,
                65.54830248120307,
                65.56414724667401,
                65.33431412941184,
                65.00128592304108,
                64.98530473732804,
                65.05148841105779,
                65.27294127739297,
                65.76295227580314,
                66.23696848471384,
                67.07652741786254,
                68.279487997364,
                68.8180275459329,
                66.81394196291241,
                66.81394196291241,
                66.81394196291241,
                66.81394196291241,
                66.81394196291241,
                66.81394196291241,
                66.81394196291241,
                66.81394196291241,
                66.81394196291241,
                66.81394196291241,
                66.81394196291241,
                66.81394196291241,
                66.81394196291241,
                65.54830248120307,
                65.54830248120307,
                65.54830248120314,
                65.54830248120307,
                65.54830248120314,
                65.54830248120307,
                65.54830248120307,
                65.54830248120307,
                65.54830248120307,
                65.54830248120307,
                65.54830248120307,
                65.54830248120307,
                65.54830248120307
            ]
        }
    },
    "Phonon_DOS": {
        "DOS": [
            0.0,
            0.006,
            0.0,
            0.0,
            0.0,
            0.0,
            0.0,
            0.0,
            0.008,
            0.0,
            0.004,
            0.0,
            0.0,
            0.005333333333333333,
            0.005333333333333333,
            0.009333333333333334,
            0.0,
            0.004,
            0.0,
            0.008,
            0.008,
            0.012,
            0.004,
            0.0013333333333333333,
            0.02,
            0.024,
            0.017333333333333333,
            0.029333333333333333,
            0.03,
            0.06066666666666667,
            0.032,
            0.025333333333333333,
            0.050666666666666665,
            0.021333333333333333,
            0.059333333333333335,
            0.064,
            0.066,
            0.027999999999999997,
            0.034666666666666665,
            0.028666666666666667,
            0.0,
            0.0,
            0.0,
            0.0,
            0.0,
            0.0,
            0.016,
            0.03,
            0.010666666666666666,
            0.028666666666666667,
            0.024,
            0.014666666666666666,
            0.004666666666666667,
            0.0,
            0.0,
            0.004,
            0.0,
            0.0006666666666666666,
            0.0,
            0.0,
            0.0,
            0.0,
            0.0,
            0.0,
            0.051333333333333335,
            0.006666666666666667,
            0.038,
            0.08,
            0.02066666666666667,
            0.0026666666666666666,
            0.0006666666666666666,
            0.0
        ],
        "Energy(meV)": [
            -1.5,
            -0.5,
            0.5,
            1.5,
            2.5,
            3.5,
            4.5,
            5.5,
            6.5,
            7.5,
            8.5,
            9.5,
            10.5,
            11.5,
            12.5,
            13.5,
            14.5,
            15.5,
            16.5,
            17.5,
            18.5,
            19.5,
            20.5,
            21.5,
            22.5,
            23.5,
            24.5,
            25.5,
            26.5,
            27.5,
            28.5,
            29.5,
            30.5,
            31.5,
            32.5,
            33.5,
            34.5,
            35.5,
            36.5,
            37.5,
            38.5,
            39.5,
            40.5,
            41.5,
            42.5,
            43.5,
            44.5,
            45.5,
            46.5,
            47.5,
            48.5,
            49.5,
            50.5,
            51.5,
            52.5,
            53.5,
            54.5,
            55.5,
            56.5,
            57.5,
            58.5,
            59.5,
            60.5,
            61.5,
            62.5,
            63.5,
            64.5,
            65.5,
            66.5,
            67.5,
            68.5,
            69.5
        ]
    }
}