{
    "POSCAR": {
        "Atomes": "   Sc    I   N\n",
        "coordinate": "Direct\n",
        "unit_cell": {
            "a_vector": "3.613132287075759   8.762850886051128e-07   7.922513770830598e-07\n",
            "b_vector": "-1.8065659735173631   3.129064532626502   -8.025266005556322e-07\n",
            "c_vector": "8.782767036542651e-06   -5.20226314203763e-06   32.00078312321819\n"
        },
        "positions": {
            "Sc": [
                "0.6666667564083997   0.3333332727819889   0.2357428518529226\n",
                "0.3333332371407763   0.6666667558563116   0.16425714962416554\n"
            ],
            "I": [
                "0.3333330941141049   0.6666668975377777   0.2996242431032342\n",
                "0.6666669024912356   0.3333331017349521   0.10037575655961764\n"
            ],
            "N": [
                "9.845482018088213e-09   -2.7911031822851736e-08   0.19999999886006012\n"
            ]
        }
    },
    "Termo_data": {
        "Temperature (K)": [
            0,
            10,
            20,
            30,
            40,
            50,
            60,
            70,
            80,
            90,
            100,
            110,
            120,
            130,
            140,
            150,
            160,
            170,
            180,
            190,
            200,
            210,
            220,
            230,
            240,
            250,
            260,
            270,
            280,
            290,
            300,
            310,
            320,
            330,
            340,
            350,
            360,
            370,
            380,
            390,
            400,
            410,
            420,
            430,
            440,
            450,
            460,
            470,
            480,
            490,
            500,
            510,
            520,
            530,
            540,
            550,
            560,
            570,
            580,
            590,
            600,
            610,
            620,
            630,
            640,
            650,
            660,
            670,
            680,
            690,
            700,
            710,
            720,
            730,
            740,
            750,
            760,
            770,
            780,
            790,
            800,
            810,
            820,
            830,
            840,
            850,
            860,
            870,
            880,
            890,
            900,
            910,
            920,
            930,
            940,
            950,
            960,
            970,
            980,
            990,
            1000,
            1010,
            1020,
            1030,
            1040,
            1050,
            1060,
            1070,
            1080,
            1090,
            1100,
            1110,
            1120,
            1130,
            1140,
            1150,
            1160,
            1170,
            1180,
            1190,
            1200,
            1210,
            1220,
            1230,
            1240,
            1250,
            1260,
            1270,
            1280,
            1290,
            1300,
            1310,
            1320,
            1330,
            1340,
            1350,
            1360,
            1370,
            1380,
            1390,
            1400,
            1410,
            1420,
            1430,
            1440,
            1450,
            1460,
            1470,
            1480,
            1490,
            1500,
            1510,
            1520,
            1530,
            1540,
            1550,
            1560,
            1570,
            1580,
            1590,
            1600,
            1610,
            1620,
            1630,
            1640,
            1650,
            1660,
            1670,
            1680,
            1690,
            1700,
            1710,
            1720,
            1730,
            1740,
            1750,
            1760,
            1770,
            1780,
            1790,
            1800,
            1810,
            1820,
            1830,
            1840,
            1850,
            1860,
            1870,
            1880,
            1890,
            1900,
            1910,
            1920,
            1930,
            1940,
            1950,
            1960,
            1970
        ],
        "Gibbs_free(J/mole)": [
            -431473.78045762767,
            -431474.2124339424,
            -431477.35685757484,
            -431486.59113004,
            -431505.8615889587,
            -431537.8943514432,
            -431584.2506047607,
            -431645.7341353637,
            -431722.6762732904,
            -431815.107664847,
            -431922.86422281776,
            -432045.65552777715,
            -432183.11120499764,
            -432334.8130408061,
            -432500.3174223099,
            -432679.1709418577,
            -432870.9211101626,
            -433075.1235504972,
            -433291.34669690346,
            -433519.17465162603,
            -433758.20883529197,
            -434008.06872797536,
            -434268.39207819477,
            -434538.83452722087,
            -434819.0692007305,
            -435108.785928087,
            -435407.6905613691,
            -435715.50404130924,
            -436031.96164555737,
            -436356.81208675687,
            -436689.8167070369,
            -437030.7487223989,
            -437379.3925088756,
            -437735.5428520958,
            -438099.0043337362,
            -438469.5906938918,
            -438847.12417183694,
            -439231.43523224216,
            -439622.361850157,
            -440019.74903361656,
            -440423.4485630898,
            -440833.31840069336,
            -441249.2223871333,
            -441671.0301480289,
            -442098.61625804263,
            -442531.86038346123,
            -442970.646898592,
            -443414.86456956423,
            -443864.4060920941,
            -444319.16862620553,
            -444779.0526611471,
            -445243.9621431323,
            -445713.8048883531,
            -446188.4913826152,
            -446667.9353920019,
            -447152.05345661414,
            -447640.7648645473,
            -448133.9918715767,
            -448631.6589620551,
            -449133.692899167,
            -449640.0224385243,
            -450150.5793550205,
            -450665.2963507379,
            -451184.1094262502,
            -451706.95546157664,
            -452233.7734170016,
            -452764.50463575113,
            -453299.09053239384,
            -453837.4761362773,
            -454379.6057151377,
            -454925.4276680945,
            -455474.8897119814,
            -456027.94181538577,
            -456584.53524574806,
            -457144.6217944375,
            -457708.1558656973,
            -458275.0913318916,
            -458845.3841998855,
            -459418.99181857606,
            -459995.87164030544,
            -460575.98353921284,
            -461159.2859491232,
            -461745.74131794693,
            -462335.3103485971,
            -462927.95586854866,
            -463523.64171512664,
            -464122.33278408204,
            -464723.9933195082,
            -465328.58914501604,
            -465936.08738899935,
            -466546.45420479414,
            -467159.6600519182,
            -467775.67119641276,
            -468394.4583319698,
            -469015.9912971481,
            -469640.2397306798,
            -470267.1753907912,
            -470896.772115382,
            -471528.9988007217,
            -472163.8299914022,
            -472801.2403353496,
            -473441.20010907203,
            -474083.6885488866,
            -474728.67748350836,
            -475376.14344358846,
            -476026.06119904225,
            -476678.4068190341,
            -477333.15970898356,
            -477990.294042091,
            -478649.78947580815,
            -479311.6225882064,
            -479975.77270724595,
            -480642.21847447887,
            -481310.9383904349,
            -481981.9124834497,
            -482655.1198113767,
            -483330.54136377363,
            -484008.15839264443,
            -484687.95066602435,
            -485369.89854167897,
            -486053.98547440104,
            -486740.19239095465,
            -487428.5001460367,
            -488118.89314361924,
            -488811.35389096127,
            -489505.8645423486,
            -490202.40875211055,
            -490900.96791300375,
            -491601.5281251171,
            -492304.0724456918,
            -493008.5875563346,
            -493715.05377669586,
            -494423.4577203497,
            -495133.7867468421,
            -495846.02162146394,
            -496560.1496777038,
            -497276.15723304136,
            -497994.03034506034,
            -498713.75439610204,
            -499435.31488267705,
            -500158.69865014264,
            -500883.8937652173,
            -501610.8845722883,
            -502339.6599959609,
            -503070.2061668224,
            -503802.5112977475,
            -504536.56111829047,
            -505272.3455025831,
            -506009.85225424956,
            -506748.9975936151,
            -507489.9061401568,
            -508232.507957373,
            -508976.79359555134,
            -509722.7497595151,
            -510470.37236201944,
            -511219.61690399767,
            -511967.7240516951,
            -512714.66485608247,
            -513463.17986476055,
            -514213.26018433284,
            -514964.89592778083,
            -515718.07728422794,
            -516472.79469603277,
            -517229.0384730639,
            -517986.7995550811,
            -518746.06846595794,
            -519506.8360039469,
            -520269.09312882175,
            -521032.830921167,
            -521798.04049856175,
            -522564.7131425384,
            -523332.8402418162,
            -524102.4132059397,
            -524873.4236809411,
            -525645.863307712,
            -526419.7238063097,
            -527194.9970600228,
            -527971.6750195628,
            -528749.749717823,
            -529529.2133013213,
            -530310.0579964143,
            -531092.2760964935,
            -531875.859995781,
            -532660.8021400119,
            -533447.0951531292,
            -534234.7316253089,
            -535023.7043054817,
            -535814.0059507244,
            -536605.6295027065,
            -537398.567849468,
            -538192.8140337196,
            -538988.3611876516,
            -539785.202480394,
            -540583.3311247637,
            -541382.7404862054,
            -542183.423936183,
            -542985.3749131665,
            -543788.586935671
        ],
        "Cp(J/mole.K)": [
            -0.0,
            0.2878685867020977,
            1.2464165718352889,
            2.9193393979221582,
            4.988428441813449,
            7.067070314660668,
            9.005497909153926,
            10.768405473485473,
            12.352456199529115,
            13.76422502555069,
            15.014758163131772,
            16.117653777163653,
            17.087770539714256,
            17.940126107358093,
            18.689114689169234,
            19.348015345487493,
            19.928759555239225,
            20.441859307933203,
            20.89644824145069,
            21.30041322975012,
            21.660552257148105,
            21.98265452049236,
            22.271633798099348,
            22.53172093187023,
            22.76654286176199,
            22.979195222542305,
            23.1723203072441,
            23.34820425215293,
            23.508784103911623,
            23.655727890934234,
            23.79055526932639,
            23.914557892536642,
            24.028818417573348,
            24.13431248176064,
            24.231811254101974,
            24.322109485052273,
            24.406056197360158,
            24.48406829724263,
            24.556582882182475,
            24.624176559831543,
            24.687111110601165,
            24.745939765236166,
            24.801049209188115,
            24.852374704004554,
            24.90044660402937,
            24.945694504531275,
            24.987835895604803,
            25.027347882493732,
            25.06485066111196,
            25.099588849690917,
            25.132072691267204,
            25.163046259063304,
            25.19175937558761,
            25.21850573380813,
            25.243608010467142,
            25.26746882493171,
            25.290474947355648,
            25.311722994559265,
            25.33059949398153,
            25.348506688151932,
            25.365653616667387,
            25.381513448800295,
            25.397057868898308,
            25.41092324658671,
            25.424101337231605,
            25.43632754141445,
            25.446838480289443,
            25.45676281391934,
            25.466053194738876,
            25.47620432231769,
            25.484577079580145,
            25.491728038188214,
            25.498497168906084,
            25.504532283224346,
            25.51068304429349,
            25.514464197986,
            25.518803537735945,
            25.52377949620557,
            25.527906207024404,
            25.53056508565647,
            25.532116194604836,
            25.53543357869913,
            25.53638232866343,
            25.536956640369553,
            25.540966356487658,
            25.54300543563283,
            25.54080761131754,
            25.53986161330249,
            25.539137457008536,
            25.539870376605414,
            25.54184664119397,
            25.5382789770972,
            25.537150968465525,
            25.535750880690532,
            25.53038333320596,
            25.53359173161132,
            25.534359089797363,
            25.52431644606986,
            25.524405508497217,
            25.522798082771107,
            25.51669727297856,
            25.520823335475942,
            25.517036970200863,
            25.50882832619216,
            25.502049933839885,
            25.501335319487985,
            25.503196169962607,
            25.49611216279797,
            25.491572257807007,
            25.4881910709776,
            25.485185432087434,
            25.4813036094177,
            25.474743555276973,
            25.469459151765562,
            25.464383356479487,
            25.46433593718426,
            25.46322358759386,
            25.452085717832794,
            25.44524307161919,
            25.44725821740319,
            25.439589776854916,
            25.430882751452565,
            25.434173531306442,
            25.432236649183324,
            25.423460296547802,
            25.412412268087436,
            25.403212350451952,
            25.40368945441878,
            25.40818627495355,
            25.402674569169726,
            25.384881592209965,
            25.38661819059616,
            25.38933242710172,
            25.369619378970135,
            25.36523005173987,
            25.372360670058892,
            25.36927504306698,
            25.35825564107654,
            25.347463880729237,
            25.347848609222076,
            25.34583836773507,
            25.335402416929522,
            25.33163697890474,
            25.329128978706606,
            25.32008496229537,
            25.313023552546134,
            25.31707339226206,
            25.05573177186619,
            25.02217480808676,
            25.547065903943224,
            25.625885577464302,
            25.41117990041842,
            25.426982079481885,
            25.341934452187996,
            14.525754349069828,
            -7.049370541309833,
            -7.393918779724544,
            13.923451449877982,
            24.727987321550156,
            24.73154228775943,
            24.730820926604338,
            24.729957986999715,
            24.729667725472936,
            24.730376536642375,
            24.72951825146447,
            24.72801362532529,
            24.72764367037429,
            24.727301208063253,
            24.726677435520344,
            24.726278098512317,
            24.725828627109152,
            24.725299846330017,
            24.725164995360444,
            24.72466800406911,
            24.72387984222101,
            24.723509494432783,
            24.723184153577563,
            24.722778136185212,
            24.722512520134003,
            24.722197526666896,
            24.721743489615875,
            24.72119876670716,
            24.720868815778005,
            24.720746136640862,
            24.720377019955777,
            24.71988554827007,
            24.719608655548654,
            24.71940530898653,
            24.718868805561215,
            24.718551354214746,
            24.718599391257428,
            24.718259883124304,
            24.717883857339075,
            24.717868532305516,
            24.71764257592814,
            24.71716683532577,
            24.71690315434188,
            24.716851063008093
        ],
        "S(J/mole.K)": [
            0,
            0.14393429335104885,
            0.5994727296609199,
            1.397633438940102,
            2.5077435604871425,
            3.8380041471798907,
            5.295169337742118,
            6.814799316372955,
            8.355999648378202,
            9.892707328934922,
            11.40812440517766,
            12.89148293956896,
            14.336094004958431,
            15.738089294396195,
            17.09556252643524,
            18.40796475304087,
            19.67567233399168,
            20.89967722620859,
            22.081365277920124,
            23.222359363772558,
            24.324410360457843,
            25.389320703088746,
            26.418890734702295,
            27.414884250371692,
            28.379007246916448,
            29.312894127654,
            30.218099576474927,
            31.09609527366265,
            31.948269142621577,
            32.77592623619276,
            33.580292868111435,
            34.36252079828628,
            35.12368976174693,
            35.864811450760314,
            36.58683301750061,
            37.29064188993143,
            37.97707359960186,
            38.64691239014355,
            39.30089111060442,
            39.939698614544604,
            40.56398207470702,
            41.17435071682412,
            41.77138105588238,
            42.355612742915405,
            42.92755346462509,
            43.48768746850911,
            44.03646876380154,
            44.57432405743894,
            45.10166463355417,
            45.61887508150903,
            46.12631406198998,
            46.62433132085425,
            47.113256308340354,
            47.59339519532587,
            48.06504273798492,
            48.52848411123778,
            48.98399618531257,
            49.43183665518954,
            49.872236550053636,
            50.30542164036014,
            50.73161994045512,
            51.15104557946396,
            51.56390575448094,
            51.97039473131517,
            52.370694517032824,
            52.764984366740826,
            53.15342750414784,
            53.536182425438895,
            53.9134086584716,
            54.285269225858066,
            54.65191209553232,
            55.01346400049442,
            55.37005610903725,
            55.7218175833259,
            56.06887564063727,
            56.41134154865286,
            56.74932484201927,
            57.08295053529655,
            57.41232978759799,
            57.737556066974506,
            58.058717648163295,
            58.37591950758142,
            58.68925528912878,
            58.998802025669285,
            59.304668675510044,
            59.60695121030658,
            59.90569725096503,
            60.20097113234224,
            60.49286068176298,
            60.78145183516026,
            61.06683340101299,
            61.3490527631795,
            61.62816184129843,
            61.904239688486996,
            62.17732858306336,
            62.447515819313416,
            62.71489459780933,
            62.97945469287661,
            63.241249893068016,
            63.500379472404894,
            63.75686597938984,
            64.0107901753363,
            64.26221439947767,
            64.51112717775686,
            64.75756245077355,
            65.00160339016365,
            65.24333641539778,
            65.48277522158023,
            65.71993247085193,
            65.95486731674755,
            66.18762737637662,
            66.41824977522992,
            66.6467569558481,
            66.8731802114875,
            67.09756282531234,
            67.31996322130144,
            67.5404329994606,
            67.75895787062981,
            67.97554629428923,
            68.1902863738782,
            68.40320591762938,
            68.61429050072765,
            68.82361520920094,
            69.03123670112254,
            69.23713372974089,
            69.4412973316219,
            69.64375337891033,
            69.84457430253751,
            70.04383955558515,
            70.24155026217196,
            70.43764440109226,
            70.63217405033939,
            70.82524125335549,
            71.016787476038,
            71.20680836577158,
            71.39542645274705,
            71.58266755247314,
            71.76848532426594,
            71.95287233976705,
            72.13589028856003,
            72.31759045141735,
            72.497953155273,
            72.67699091267059,
            72.85475020556332,
            73.03123055527539,
            73.20643380506226,
            73.38042239931237,
            73.55234828290558,
            73.72210623471256,
            73.89236901813783,
            74.06351704580301,
            74.23307964419728,
            74.40086401241933,
            74.5673221800942,
            74.6973004994441,
            74.7217221345665,
            74.67528377196723,
            74.69592751640957,
            74.81852284291453,
            74.97454811290882,
            75.12960407386345,
            75.28368900101995,
            75.43681624773599,
            75.58900243341705,
            75.74025735686082,
            75.89058560420091,
            76.03999983325194,
            76.18851452363306,
            76.33613966147678,
            76.48288563229872,
            76.62876332660306,
            76.773782550358,
            76.91795422837676,
            77.06128828606089,
            77.20379249583785,
            77.34547672612388,
            77.48635164329752,
            77.62642631823255,
            77.76570993443747,
            77.90421161199774,
            78.04193953936337,
            78.17890165338467,
            78.31510673248121,
            78.4505642294811,
            78.5852821892666,
            78.71926762830262,
            78.85252869068646,
            78.98507391819003,
            79.11691025714681,
            79.2480449225026,
            79.37848686126964,
            79.50824329364113,
            79.637320269458,
            79.76572568750998,
            79.8934668807211,
            80.02054949595185,
            80.14698017118499,
            80.27276662008371
        ]
    },
    "Phonon_data": {
        "Numb_Node": 15,
        "total_n_kpoints": 100,
        "frequency": {
            "Node_1": [
                -0.08106155128216605,
                0.5352196371706217,
                1.697109719188211,
                3.166897948740938,
                4.729674148868933,
                6.258058205359153,
                7.659054986893879,
                8.755821042792881,
                9.41531596112025,
                9.76424549019967,
                9.864828147678544,
                9.930921268415487,
                9.95542818268869,
                9.932416313705208,
                9.880315367392226,
                9.817785983485434,
                9.76189137707243,
                9.730011071086889,
                9.736132362373304,
                9.789156327750797,
                9.89158712618142,
                10.008265489588755,
                9.779207967404114,
                9.607622317964363,
                9.496713550176912,
                9.448655772724253,
                9.358112257405905,
                7.95110987408653,
                6.2285073609315615,
                4.334772231418417,
                2.426512080995485,
                0.7920984668422321,
                -0.08106155128216605,
                -0.08106155128216605,
                -0.08106155128216605,
                -0.08106155128216605,
                -0.08106155128216605,
                -0.08106155128216605,
                -0.08106155128216605,
                -0.08106155128216605,
                -0.08106155128216605,
                -0.08106155128216605,
                -0.08106155128216605,
                -0.08106155128216605,
                -0.08106155128216605,
                0.5352196371706217,
                1.697109719188211,
                3.166897948740938,
                4.729674148868933,
                6.258058205359153,
                7.659054986893879,
                8.755821042792881,
                9.41531596112025,
                9.76424549019967,
                9.864828147678544,
                9.930921268415487,
                9.95542818268869,
                9.932416313705208,
                9.880315367392226,
                9.817785983485434,
                9.76189137707243,
                9.730011071086889,
                9.736132362373304,
                9.789156327750797,
                9.89158712618142,
                10.008265489588755,
                9.779207967404114,
                9.607622317964363,
                9.496713550176912,
                9.448655772724253,
                9.358112257405905,
                7.95110987408653,
                6.2285073609315615,
                4.334772231418417,
                2.426512080995485,
                0.7920984668422321,
                -0.08106155128216605,
                9.95542818268869,
                9.95542818268869,
                9.95542818268869,
                9.95542818268869,
                9.95542818268869,
                9.95542818268869,
                9.95542818268869,
                9.95542818268869,
                9.95542818268869,
                9.95542818268869,
                9.95542818268869,
                9.95542818268869,
                9.95542818268869,
                10.008265489588755,
                10.008265489588755,
                10.008265489588748,
                10.008265489588755,
                10.008265489588748,
                10.008265489588755,
                10.008265489588755,
                10.008265489588755,
                10.008265489588755,
                10.008265489588755,
                10.008265489588755,
                10.008265489588755,
                10.008265489588755
            ],
            "Node_2": [
                -0.07863761787118723,
                1.505810414009316,
                3.0150312706301143,
                4.485588125066844,
                5.822348684646542,
                6.9702787237484545,
                7.956782172191779,
                8.864155305450694,
                9.560416109815407,
                9.868921074991007,
                10.154244106545738,
                10.320800400296756,
                10.377480144443473,
                10.52065777271513,
                10.910394018945825,
                10.984191685610513,
                10.886093808195703,
                10.747615243682024,
                10.575817446690316,
                10.385951928939432,
                10.196558697331058,
                10.051699353856721,
                10.343952777104464,
                10.626625773734869,
                10.698229474103002,
                10.312295431872373,
                9.474028745725581,
                9.075884809270002,
                7.485171272524282,
                5.7423724792179724,
                3.8584521969293215,
                1.9191412798681857,
                -0.07863761787118723,
                -0.07863761787118723,
                -0.07863761787118723,
                -0.07863761787118723,
                -0.07863761787118723,
                -0.07863761787118723,
                -0.07863761787118723,
                -0.07863761787118723,
                -0.07863761787118723,
                -0.07863761787118723,
                -0.07863761787118723,
                -0.07863761787118723,
                -0.07863761787118723,
                1.505810414009316,
                3.0150312706301143,
                4.485588125066844,
                5.822348684646542,
                6.9702787237484545,
                7.956782172191779,
                8.864155305450694,
                9.560416109815407,
                9.868921074991007,
                10.154244106545738,
                10.320800400296756,
                10.377480144443473,
                10.52065777271513,
                10.910394018945825,
                10.984191685610513,
                10.886093808195703,
                10.747615243682024,
                10.575817446690316,
                10.385951928939432,
                10.196558697331058,
                10.051699353856721,
                10.343952777104464,
                10.626625773734869,
                10.698229474103002,
                10.312295431872373,
                9.474028745725581,
                9.075884809270002,
                7.485171272524282,
                5.7423724792179724,
                3.8584521969293215,
                1.9191412798681857,
                -0.07863761787118723,
                10.377480144443473,
                10.377480144443473,
                10.377480144443473,
                10.377480144443473,
                10.377480144443473,
                10.377480144443473,
                10.377480144443473,
                10.377480144443473,
                10.377480144443473,
                10.377480144443473,
                10.377480144443473,
                10.377480144443473,
                10.377480144443473,
                10.051699353856721,
                10.051699353856721,
                10.051699353856703,
                10.051699353856721,
                10.051699353856703,
                10.051699353856721,
                10.051699353856721,
                10.051699353856721,
                10.051699353856721,
                10.051699353856721,
                10.051699353856721,
                10.051699353856721,
                10.051699353856721
            ],
            "Node_3": [
                -0.029439585489694893,
                2.678175109276133,
                5.255199606531298,
                7.5832920244269575,
                8.92468171681027,
                9.532941693366974,
                9.88600416613181,
                9.921360885248635,
                10.173435237451313,
                10.632537026688286,
                10.931177622690328,
                11.066496252892655,
                11.103275077421175,
                11.09081610427363,
                11.06291849331882,
                11.519232514978189,
                12.237288389270283,
                13.003421720624424,
                13.73585178675421,
                14.294049224565732,
                14.701145964127445,
                14.9423137835472,
                14.471162299725563,
                13.791340418441356,
                12.92810409361008,
                11.832716162232972,
                10.534769550103606,
                9.524116820067661,
                9.36651642932653,
                8.602541032742133,
                6.5090807841318075,
                3.3985064601432344,
                -0.029439585489694893,
                -0.029439585489694893,
                -0.029439585489694893,
                -0.029439585489694893,
                -0.029439585489694893,
                -0.029439585489694893,
                -0.029439585489694893,
                -0.029439585489694893,
                -0.029439585489694893,
                -0.029439585489694893,
                -0.029439585489694893,
                -0.029439585489694893,
                -0.029439585489694893,
                2.678175109276133,
                5.255199606531298,
                7.5832920244269575,
                8.92468171681027,
                9.532941693366974,
                9.88600416613181,
                9.921360885248635,
                10.173435237451313,
                10.632537026688286,
                10.931177622690328,
                11.066496252892655,
                11.103275077421175,
                11.09081610427363,
                11.06291849331882,
                11.519232514978189,
                12.237288389270283,
                13.003421720624424,
                13.73585178675421,
                14.294049224565732,
                14.701145964127445,
                14.9423137835472,
                14.471162299725563,
                13.791340418441356,
                12.92810409361008,
                11.832716162232972,
                10.534769550103606,
                9.524116820067661,
                9.36651642932653,
                8.602541032742133,
                6.5090807841318075,
                3.3985064601432344,
                -0.029439585489694893,
                11.103275077421175,
                11.103275077421175,
                11.103275077421175,
                11.103275077421175,
                11.103275077421175,
                11.103275077421175,
                11.103275077421175,
                11.103275077421175,
                11.103275077421175,
                11.103275077421175,
                11.103275077421175,
                11.103275077421175,
                11.103275077421175,
                14.9423137835472,
                14.9423137835472,
                14.942313783547196,
                14.9423137835472,
                14.942313783547196,
                14.9423137835472,
                14.9423137835472,
                14.9423137835472,
                14.9423137835472,
                14.9423137835472,
                14.9423137835472,
                14.9423137835472,
                14.9423137835472
            ],
            "Node_4": [
                7.342460211674792,
                7.467909776551353,
                7.8175023117620475,
                8.328674848200755,
                9.299553588002796,
                9.85051797795933,
                10.10161887709082,
                10.583169512757035,
                10.966048647101745,
                11.24623675410461,
                11.432093928114291,
                11.536407432836599,
                11.569811063406728,
                11.658641003157054,
                11.90798323298494,
                12.28537698460751,
                12.754269093994377,
                13.274597378486252,
                13.805747233862926,
                14.371737917731654,
                14.829449226043673,
                14.971301687865932,
                14.863694709908396,
                14.36231635853223,
                13.661097578817007,
                12.832075211455683,
                11.920874261936449,
                10.991716961768207,
                10.213160011789421,
                9.222107447967417,
                8.09540895342774,
                7.5385530568572765,
                7.342460211674792,
                7.342460211674792,
                7.342460211674792,
                7.342460211674792,
                7.342460211674792,
                7.342460211674792,
                7.342460211674792,
                7.342460211674792,
                7.342460211674792,
                7.342460211674792,
                7.342460211674792,
                7.342460211674792,
                7.342460211674792,
                7.467909776551353,
                7.8175023117620475,
                8.328674848200755,
                9.299553588002796,
                9.85051797795933,
                10.10161887709082,
                10.583169512757035,
                10.966048647101745,
                11.24623675410461,
                11.432093928114291,
                11.536407432836599,
                11.569811063406728,
                11.658641003157054,
                11.90798323298494,
                12.28537698460751,
                12.754269093994377,
                13.274597378486252,
                13.805747233862926,
                14.371737917731654,
                14.829449226043673,
                14.971301687865932,
                14.863694709908396,
                14.36231635853223,
                13.661097578817007,
                12.832075211455683,
                11.920874261936449,
                10.991716961768207,
                10.213160011789421,
                9.222107447967417,
                8.09540895342774,
                7.5385530568572765,
                7.342460211674792,
                11.569811063406728,
                11.569811063406728,
                11.569811063406728,
                11.569811063406728,
                11.569811063406728,
                11.569811063406728,
                11.569811063406728,
                11.569811063406728,
                11.569811063406728,
                11.569811063406728,
                11.569811063406728,
                11.569811063406728,
                11.569811063406728,
                14.971301687865932,
                14.971301687865932,
                14.971301687865925,
                14.971301687865932,
                14.971301687865925,
                14.971301687865932,
                14.971301687865932,
                14.971301687865932,
                14.971301687865932,
                14.971301687865932,
                14.971301687865932,
                14.971301687865932,
                14.971301687865932
            ],
            "Node_5": [
                7.344438253321654,
                7.848374885233315,
                9.054371160224626,
                10.489609071629234,
                11.436562590115134,
                12.557090043665577,
                13.768996515225973,
                14.418526220410508,
                14.881491793743189,
                15.287747903079739,
                15.658690668318837,
                15.936796692639863,
                16.04288477127406,
                16.048624516216638,
                16.066464198247786,
                16.096101508391932,
                16.131737810099455,
                16.154870051810985,
                15.970582256305775,
                15.702823164852244,
                15.431776025900733,
                15.266888268993167,
                15.224185413438809,
                14.87121879012906,
                14.421922294474127,
                14.143092572601393,
                13.998547959695255,
                13.658551368609933,
                12.384913678858819,
                11.288629906161864,
                9.754994196616526,
                8.106929787934465,
                7.344438253321654,
                7.344438253321654,
                7.344438253321654,
                7.344438253321654,
                7.344438253321654,
                7.344438253321654,
                7.344438253321654,
                7.344438253321654,
                7.344438253321654,
                7.344438253321654,
                7.344438253321654,
                7.344438253321654,
                7.344438253321654,
                7.848374885233315,
                9.054371160224626,
                10.489609071629234,
                11.436562590115134,
                12.557090043665577,
                13.768996515225973,
                14.418526220410508,
                14.881491793743189,
                15.287747903079739,
                15.658690668318837,
                15.936796692639863,
                16.04288477127406,
                16.048624516216638,
                16.066464198247786,
                16.096101508391932,
                16.131737810099455,
                16.154870051810985,
                15.970582256305775,
                15.702823164852244,
                15.431776025900733,
                15.266888268993167,
                15.224185413438809,
                14.87121879012906,
                14.421922294474127,
                14.143092572601393,
                13.998547959695255,
                13.658551368609933,
                12.384913678858819,
                11.288629906161864,
                9.754994196616526,
                8.106929787934465,
                7.344438253321654,
                16.04288477127406,
                16.04288477127406,
                16.04288477127406,
                16.04288477127406,
                16.04288477127406,
                16.04288477127406,
                16.04288477127406,
                16.04288477127406,
                16.04288477127406,
                16.04288477127406,
                16.04288477127406,
                16.04288477127406,
                16.04288477127406,
                15.266888268993167,
                15.266888268993167,
                15.266888268993172,
                15.266888268993167,
                15.266888268993172,
                15.266888268993167,
                15.266888268993167,
                15.266888268993167,
                15.266888268993167,
                15.266888268993167,
                15.266888268993167,
                15.266888268993167,
                15.266888268993167
            ],
            "Node_6": [
                12.240805916441321,
                12.0526330150735,
                11.652652539062045,
                11.329858255252157,
                11.884957895799987,
                13.037192643049815,
                14.149456694943026,
                15.363016037501165,
                16.25909238851284,
                16.81458863887253,
                17.104033931762558,
                17.218183228197336,
                17.242369986013404,
                17.160477013657392,
                16.967925313450895,
                16.73438790116393,
                16.488987918895344,
                16.24286983706615,
                16.171442701486807,
                16.13691634997418,
                16.07522876174113,
                16.031843091775983,
                16.12783521196271,
                16.256474549858257,
                16.223349189016364,
                15.919823456091285,
                15.211618433040982,
                13.996884628111765,
                12.83535108191018,
                11.474920331060789,
                11.454169004539077,
                11.958029909916316,
                12.240805916441321,
                12.240805916441321,
                12.240805916441321,
                12.240805916441321,
                12.240805916441321,
                12.240805916441321,
                12.240805916441321,
                12.240805916441321,
                12.240805916441321,
                12.240805916441321,
                12.240805916441321,
                12.240805916441321,
                12.240805916441321,
                12.0526330150735,
                11.652652539062045,
                11.329858255252157,
                11.884957895799987,
                13.037192643049815,
                14.149456694943026,
                15.363016037501165,
                16.25909238851284,
                16.81458863887253,
                17.104033931762558,
                17.218183228197336,
                17.242369986013404,
                17.160477013657392,
                16.967925313450895,
                16.73438790116393,
                16.488987918895344,
                16.24286983706615,
                16.171442701486807,
                16.13691634997418,
                16.07522876174113,
                16.031843091775983,
                16.12783521196271,
                16.256474549858257,
                16.223349189016364,
                15.919823456091285,
                15.211618433040982,
                13.996884628111765,
                12.83535108191018,
                11.474920331060789,
                11.454169004539077,
                11.958029909916316,
                12.240805916441321,
                17.242369986013404,
                17.242369986013404,
                17.242369986013404,
                17.242369986013404,
                17.242369986013404,
                17.242369986013404,
                17.242369986013404,
                17.242369986013404,
                17.242369986013404,
                17.242369986013404,
                17.242369986013404,
                17.242369986013404,
                17.242369986013404,
                16.031843091775983,
                16.031843091775983,
                16.031843091775972,
                16.031843091775983,
                16.031843091775972,
                16.031843091775983,
                16.031843091775983,
                16.031843091775983,
                16.031843091775983,
                16.031843091775983,
                16.031843091775983,
                16.031843091775983,
                16.031843091775983
            ],
            "Node_7": [
                16.548123937030578,
                16.54647118197513,
                16.561099183919175,
                16.652618186967214,
                16.834106136229256,
                17.077981160362775,
                17.368071956887498,
                17.699241278581983,
                18.04420871661897,
                18.358855642643455,
                18.611395840636057,
                18.780887962547194,
                18.842120459698126,
                18.97652372080114,
                19.31708137586716,
                19.768550212973295,
                20.26619798264912,
                20.76374543582459,
                21.224986269685253,
                21.62218357097918,
                21.922733747049495,
                22.06960715757035,
                21.78071531455241,
                21.26202060523062,
                20.578860611092477,
                19.74294084247669,
                18.84533985501696,
                18.023759730383944,
                17.38482877352335,
                16.93033856134102,
                16.660034766255166,
                16.568626079365682,
                16.548123937030578,
                16.548123937030578,
                16.548123937030578,
                16.548123937030578,
                16.548123937030578,
                16.548123937030578,
                16.548123937030578,
                16.548123937030578,
                16.548123937030578,
                16.548123937030578,
                16.548123937030578,
                16.548123937030578,
                16.548123937030578,
                16.54647118197513,
                16.561099183919175,
                16.652618186967214,
                16.834106136229256,
                17.077981160362775,
                17.368071956887498,
                17.699241278581983,
                18.04420871661897,
                18.358855642643455,
                18.611395840636057,
                18.780887962547194,
                18.842120459698126,
                18.97652372080114,
                19.31708137586716,
                19.768550212973295,
                20.26619798264912,
                20.76374543582459,
                21.224986269685253,
                21.62218357097918,
                21.922733747049495,
                22.06960715757035,
                21.78071531455241,
                21.26202060523062,
                20.578860611092477,
                19.74294084247669,
                18.84533985501696,
                18.023759730383944,
                17.38482877352335,
                16.93033856134102,
                16.660034766255166,
                16.568626079365682,
                16.548123937030578,
                18.842120459698126,
                18.842120459698126,
                18.842120459698126,
                18.842120459698126,
                18.842120459698126,
                18.842120459698126,
                18.842120459698126,
                18.842120459698126,
                18.842120459698126,
                18.842120459698126,
                18.842120459698126,
                18.842120459698126,
                18.842120459698126,
                22.06960715757035,
                22.06960715757035,
                22.06960715757035,
                22.06960715757035,
                22.06960715757035,
                22.06960715757035,
                22.06960715757035,
                22.06960715757035,
                22.06960715757035,
                22.06960715757035,
                22.06960715757035,
                22.06960715757035,
                22.06960715757035
            ],
            "Node_8": [
                16.566140190869106,
                16.830203286316532,
                17.517588380851535,
                18.447795962753407,
                19.499935417973038,
                20.591553121742788,
                21.671324456989506,
                22.5675694299267,
                22.89734941059344,
                23.258631021761637,
                23.597553890373295,
                23.845569318588634,
                23.93923991522394,
                23.811309230949075,
                23.498808925475956,
                23.119520115749783,
                22.754810592332454,
                22.452685032895197,
                22.23902632114063,
                22.12461554049249,
                22.122886825073046,
                22.2520733392978,
                22.303061862359957,
                22.520510515585567,
                22.572027105077275,
                22.463122678554587,
                22.072925846154046,
                21.30367472159786,
                20.299350437193663,
                19.159603206119037,
                17.98672105716096,
                16.986750631146016,
                16.566140190869106,
                16.566140190869106,
                16.566140190869106,
                16.566140190869106,
                16.566140190869106,
                16.566140190869106,
                16.566140190869106,
                16.566140190869106,
                16.566140190869106,
                16.566140190869106,
                16.566140190869106,
                16.566140190869106,
                16.566140190869106,
                16.830203286316532,
                17.517588380851535,
                18.447795962753407,
                19.499935417973038,
                20.591553121742788,
                21.671324456989506,
                22.5675694299267,
                22.89734941059344,
                23.258631021761637,
                23.597553890373295,
                23.845569318588634,
                23.93923991522394,
                23.811309230949075,
                23.498808925475956,
                23.119520115749783,
                22.754810592332454,
                22.452685032895197,
                22.23902632114063,
                22.12461554049249,
                22.122886825073046,
                22.2520733392978,
                22.303061862359957,
                22.520510515585567,
                22.572027105077275,
                22.463122678554587,
                22.072925846154046,
                21.30367472159786,
                20.299350437193663,
                19.159603206119037,
                17.98672105716096,
                16.986750631146016,
                16.566140190869106,
                23.93923991522394,
                23.93923991522394,
                23.93923991522394,
                23.93923991522394,
                23.93923991522394,
                23.93923991522394,
                23.93923991522394,
                23.93923991522394,
                23.93923991522394,
                23.93923991522394,
                23.93923991522394,
                23.93923991522394,
                23.93923991522394,
                22.2520733392978,
                22.2520733392978,
                22.252073339297798,
                22.2520733392978,
                22.252073339297798,
                22.2520733392978,
                22.2520733392978,
                22.2520733392978,
                22.2520733392978,
                22.2520733392978,
                22.2520733392978,
                22.2520733392978,
                22.2520733392978
            ],
            "Node_9": [
                22.579169918697968,
                22.597646219291732,
                22.59249150270203,
                22.52987570967213,
                22.433370098178713,
                22.373536082871667,
                22.421625572442114,
                22.72883423181348,
                23.571841515367364,
                24.211320016540295,
                24.60435429190105,
                24.78915418492396,
                24.837010682430627,
                24.788116567643076,
                24.642323100312584,
                24.406522652533948,
                24.095039907222354,
                23.728201016475438,
                23.332284426524687,
                22.938624183283615,
                22.57682570088836,
                22.28212805978937,
                22.512673865386535,
                22.640540713422215,
                22.692443765156238,
                22.546198581508385,
                22.31977607522095,
                22.216117578259105,
                22.24291416574572,
                22.39135329867344,
                22.54473726777894,
                22.59183948898489,
                22.579169918697968,
                22.579169918697968,
                22.579169918697968,
                22.579169918697968,
                22.579169918697968,
                22.579169918697968,
                22.579169918697968,
                22.579169918697968,
                22.579169918697968,
                22.579169918697968,
                22.579169918697968,
                22.579169918697968,
                22.579169918697968,
                22.597646219291732,
                22.59249150270203,
                22.52987570967213,
                22.433370098178713,
                22.373536082871667,
                22.421625572442114,
                22.72883423181348,
                23.571841515367364,
                24.211320016540295,
                24.60435429190105,
                24.78915418492396,
                24.837010682430627,
                24.788116567643076,
                24.642323100312584,
                24.406522652533948,
                24.095039907222354,
                23.728201016475438,
                23.332284426524687,
                22.938624183283615,
                22.57682570088836,
                22.28212805978937,
                22.512673865386535,
                22.640540713422215,
                22.692443765156238,
                22.546198581508385,
                22.31977607522095,
                22.216117578259105,
                22.24291416574572,
                22.39135329867344,
                22.54473726777894,
                22.59183948898489,
                22.579169918697968,
                24.837010682430627,
                24.837010682430627,
                24.837010682430627,
                24.837010682430627,
                24.837010682430627,
                24.837010682430627,
                24.837010682430627,
                24.837010682430627,
                24.837010682430627,
                24.837010682430627,
                24.837010682430627,
                24.837010682430627,
                24.837010682430627,
                22.28212805978937,
                22.28212805978937,
                22.282128059789358,
                22.28212805978937,
                22.282128059789358,
                22.28212805978937,
                22.28212805978937,
                22.28212805978937,
                22.28212805978937,
                22.28212805978937,
                22.28212805978937,
                22.28212805978937,
                22.28212805978937
            ],
            "Node_10": [
                22.59128439487945,
                22.663789595953297,
                22.899073572823724,
                23.266607370662488,
                23.736926178640925,
                24.271487916713376,
                24.826208506219704,
                25.35848534053468,
                25.830178728731465,
                26.21230854087138,
                26.48903469885873,
                26.654866756000697,
                26.709837499713654,
                26.856360687689712,
                27.22997524824896,
                27.723471475642057,
                28.26630533038185,
                28.81764754184259,
                29.350028054825945,
                29.83866465774647,
                30.24105371429243,
                30.427901847336997,
                30.101969334835715,
                29.551069800006694,
                28.902389623133754,
                28.054856567631482,
                26.9464768172884,
                25.72659198412491,
                24.63246143286649,
                23.748604846766778,
                23.097721861028113,
                22.7129709251472,
                22.59128439487945,
                22.59128439487945,
                22.59128439487945,
                22.59128439487945,
                22.59128439487945,
                22.59128439487945,
                22.59128439487945,
                22.59128439487945,
                22.59128439487945,
                22.59128439487945,
                22.59128439487945,
                22.59128439487945,
                22.59128439487945,
                22.663789595953297,
                22.899073572823724,
                23.266607370662488,
                23.736926178640925,
                24.271487916713376,
                24.826208506219704,
                25.35848534053468,
                25.830178728731465,
                26.21230854087138,
                26.48903469885873,
                26.654866756000697,
                26.709837499713654,
                26.856360687689712,
                27.22997524824896,
                27.723471475642057,
                28.26630533038185,
                28.81764754184259,
                29.350028054825945,
                29.83866465774647,
                30.24105371429243,
                30.427901847336997,
                30.101969334835715,
                29.551069800006694,
                28.902389623133754,
                28.054856567631482,
                26.9464768172884,
                25.72659198412491,
                24.63246143286649,
                23.748604846766778,
                23.097721861028113,
                22.7129709251472,
                22.59128439487945,
                26.709837499713654,
                26.709837499713654,
                26.709837499713654,
                26.709837499713654,
                26.709837499713654,
                26.709837499713654,
                26.709837499713654,
                26.709837499713654,
                26.709837499713654,
                26.709837499713654,
                26.709837499713654,
                26.709837499713654,
                26.709837499713654,
                30.427901847336997,
                30.427901847336997,
                30.427901847336997,
                30.427901847336997,
                30.427901847336997,
                30.427901847336997,
                30.427901847336997,
                30.427901847336997,
                30.427901847336997,
                30.427901847336997,
                30.427901847336997,
                30.427901847336997,
                30.427901847336997
            ],
            "Node_11": [
                27.29493157178495,
                27.306566839875842,
                27.414850569090795,
                27.736359590823113,
                28.27535987787659,
                28.939513217547226,
                29.65721040555171,
                30.389318954758043,
                31.055860346801484,
                31.54201942681193,
                31.79232972532075,
                31.869989028567062,
                31.88103954717502,
                31.860493117870508,
                31.803126674451192,
                31.720689021806862,
                31.629383158828258,
                31.544982396981563,
                31.476785975368212,
                31.423231278938363,
                31.366250364703532,
                31.285797890663687,
                31.211647160037096,
                31.056802544060872,
                30.82892553881015,
                30.50927074219825,
                30.058583154426433,
                29.457407299697543,
                28.750765975471527,
                28.05872045410444,
                27.552359998449543,
                27.33224524575002,
                27.29493157178495,
                27.29493157178495,
                27.29493157178495,
                27.29493157178495,
                27.29493157178495,
                27.29493157178495,
                27.29493157178495,
                27.29493157178495,
                27.29493157178495,
                27.29493157178495,
                27.29493157178495,
                27.29493157178495,
                27.29493157178495,
                27.306566839875842,
                27.414850569090795,
                27.736359590823113,
                28.27535987787659,
                28.939513217547226,
                29.65721040555171,
                30.389318954758043,
                31.055860346801484,
                31.54201942681193,
                31.79232972532075,
                31.869989028567062,
                31.88103954717502,
                31.860493117870508,
                31.803126674451192,
                31.720689021806862,
                31.629383158828258,
                31.544982396981563,
                31.476785975368212,
                31.423231278938363,
                31.366250364703532,
                31.285797890663687,
                31.211647160037096,
                31.056802544060872,
                30.82892553881015,
                30.50927074219825,
                30.058583154426433,
                29.457407299697543,
                28.750765975471527,
                28.05872045410444,
                27.552359998449543,
                27.33224524575002,
                27.29493157178495,
                31.88103954717502,
                31.88103954717502,
                31.88103954717502,
                31.88103954717502,
                31.88103954717502,
                31.88103954717502,
                31.88103954717502,
                31.88103954717502,
                31.88103954717502,
                31.88103954717502,
                31.88103954717502,
                31.88103954717502,
                31.88103954717502,
                31.285797890663687,
                31.285797890663687,
                31.28579789066368,
                31.285797890663687,
                31.28579789066368,
                31.285797890663687,
                31.285797890663687,
                31.285797890663687,
                31.285797890663687,
                31.285797890663687,
                31.285797890663687,
                31.285797890663687,
                31.285797890663687
            ],
            "Node_12": [
                38.3459885621342,
                38.16508696413936,
                37.6427130090161,
                37.151952642377154,
                36.972491494515104,
                37.12079045168588,
                36.092307968489585,
                35.1545229124605,
                34.45553353608003,
                34.0419785883799,
                33.89523065597344,
                33.90030752578395,
                33.920285346258645,
                33.86937676505701,
                33.71846839420161,
                33.47369627636996,
                33.14677088437659,
                32.75697785095133,
                32.33385027903607,
                31.918695846529506,
                31.582038139070775,
                31.47490139764685,
                31.83318242901186,
                32.40167387928693,
                32.99680007569729,
                33.68218195728636,
                34.56997435556522,
                35.72735798586728,
                36.91899615285651,
                36.953227994574185,
                37.408311794681936,
                38.052151480561854,
                38.3459885621342,
                38.3459885621342,
                38.3459885621342,
                38.3459885621342,
                38.3459885621342,
                38.3459885621342,
                38.3459885621342,
                38.3459885621342,
                38.3459885621342,
                38.3459885621342,
                38.3459885621342,
                38.3459885621342,
                38.3459885621342,
                38.16508696413936,
                37.6427130090161,
                37.151952642377154,
                36.972491494515104,
                37.12079045168588,
                36.092307968489585,
                35.1545229124605,
                34.45553353608003,
                34.0419785883799,
                33.89523065597344,
                33.90030752578395,
                33.920285346258645,
                33.86937676505701,
                33.71846839420161,
                33.47369627636996,
                33.14677088437659,
                32.75697785095133,
                32.33385027903607,
                31.918695846529506,
                31.582038139070775,
                31.47490139764685,
                31.83318242901186,
                32.40167387928693,
                32.99680007569729,
                33.68218195728636,
                34.56997435556522,
                35.72735798586728,
                36.91899615285651,
                36.953227994574185,
                37.408311794681936,
                38.052151480561854,
                38.3459885621342,
                33.920285346258645,
                33.920285346258645,
                33.920285346258645,
                33.920285346258645,
                33.920285346258645,
                33.920285346258645,
                33.920285346258645,
                33.920285346258645,
                33.920285346258645,
                33.920285346258645,
                33.920285346258645,
                33.920285346258645,
                33.920285346258645,
                31.47490139764685,
                31.47490139764685,
                31.47490139764684,
                31.47490139764685,
                31.47490139764684,
                31.47490139764685,
                31.47490139764685,
                31.47490139764685,
                31.47490139764685,
                31.47490139764685,
                31.47490139764685,
                31.47490139764685,
                31.47490139764685
            ],
            "Node_13": [
                38.43406898550191,
                38.279991256482916,
                38.04499937355203,
                37.871705589375196,
                37.8440354788151,
                37.21421384433453,
                37.505952777957525,
                37.949016746126134,
                38.08531278404338,
                38.22774508101354,
                38.37429935080535,
                38.462096479059966,
                38.48697944211975,
                38.5191243184139,
                38.612491378180536,
                38.75079772661608,
                38.90469562278967,
                39.05152935349019,
                39.18384785259925,
                39.2972050956457,
                39.3861146268307,
                39.4419623285733,
                39.334096982432364,
                39.11005679220745,
                38.834845822796005,
                38.477660783380564,
                37.84589162608535,
                37.29711100273394,
                37.160144833227385,
                37.95815372409766,
                38.07614069935039,
                38.299946647063955,
                38.43406898550191,
                38.43406898550191,
                38.43406898550191,
                38.43406898550191,
                38.43406898550191,
                38.43406898550191,
                38.43406898550191,
                38.43406898550191,
                38.43406898550191,
                38.43406898550191,
                38.43406898550191,
                38.43406898550191,
                38.43406898550191,
                38.279991256482916,
                38.04499937355203,
                37.871705589375196,
                37.8440354788151,
                37.21421384433453,
                37.505952777957525,
                37.949016746126134,
                38.08531278404338,
                38.22774508101354,
                38.37429935080535,
                38.462096479059966,
                38.48697944211975,
                38.5191243184139,
                38.612491378180536,
                38.75079772661608,
                38.90469562278967,
                39.05152935349019,
                39.18384785259925,
                39.2972050956457,
                39.3861146268307,
                39.4419623285733,
                39.334096982432364,
                39.11005679220745,
                38.834845822796005,
                38.477660783380564,
                37.84589162608535,
                37.29711100273394,
                37.160144833227385,
                37.95815372409766,
                38.07614069935039,
                38.299946647063955,
                38.43406898550191,
                38.48697944211975,
                38.48697944211975,
                38.48697944211975,
                38.48697944211975,
                38.48697944211975,
                38.48697944211975,
                38.48697944211975,
                38.48697944211975,
                38.48697944211975,
                38.48697944211975,
                38.48697944211975,
                38.48697944211975,
                38.48697944211975,
                39.4419623285733,
                39.4419623285733,
                39.441962328573304,
                39.4419623285733,
                39.441962328573304,
                39.4419623285733,
                39.4419623285733,
                39.4419623285733,
                39.4419623285733,
                39.4419623285733,
                39.4419623285733,
                39.4419623285733,
                39.4419623285733
            ],
            "Node_14": [
                41.287931959033706,
                41.06960483750876,
                40.44269167014569,
                39.49751414984897,
                38.36971589826582,
                37.91219533752028,
                37.97479123516511,
                38.026466157052226,
                38.50554748156145,
                39.08282340806877,
                39.57579617973551,
                39.87999491645311,
                39.97779496131294,
                39.96466932943996,
                39.929553982686485,
                39.878676583311325,
                39.81605796274942,
                39.75044253292601,
                39.69196789542684,
                39.63833020010442,
                39.57918429502339,
                39.520018587564074,
                39.52693587723637,
                39.41814748390185,
                39.0706310039866,
                38.565519963161016,
                38.28705015196183,
                38.099133917746585,
                37.98652461026223,
                38.62948959795476,
                39.99012649371364,
                40.94593700824191,
                41.287931959033706,
                41.287931959033706,
                41.287931959033706,
                41.287931959033706,
                41.287931959033706,
                41.287931959033706,
                41.287931959033706,
                41.287931959033706,
                41.287931959033706,
                41.287931959033706,
                41.287931959033706,
                41.287931959033706,
                41.287931959033706,
                41.06960483750876,
                40.44269167014569,
                39.49751414984897,
                38.36971589826582,
                37.91219533752028,
                37.97479123516511,
                38.026466157052226,
                38.50554748156145,
                39.08282340806877,
                39.57579617973551,
                39.87999491645311,
                39.97779496131294,
                39.96466932943996,
                39.929553982686485,
                39.878676583311325,
                39.81605796274942,
                39.75044253292601,
                39.69196789542684,
                39.63833020010442,
                39.57918429502339,
                39.520018587564074,
                39.52693587723637,
                39.41814748390185,
                39.0706310039866,
                38.565519963161016,
                38.28705015196183,
                38.099133917746585,
                37.98652461026223,
                38.62948959795476,
                39.99012649371364,
                40.94593700824191,
                41.287931959033706,
                39.97779496131294,
                39.97779496131294,
                39.97779496131294,
                39.97779496131294,
                39.97779496131294,
                39.97779496131294,
                39.97779496131294,
                39.97779496131294,
                39.97779496131294,
                39.97779496131294,
                39.97779496131294,
                39.97779496131294,
                39.97779496131294,
                39.520018587564074,
                39.520018587564074,
                39.52001858756406,
                39.520018587564074,
                39.52001858756406,
                39.520018587564074,
                39.520018587564074,
                39.520018587564074,
                39.520018587564074,
                39.520018587564074,
                39.520018587564074,
                39.520018587564074,
                39.520018587564074
            ],
            "Node_15": [
                48.81840070393333,
                48.64297467003448,
                48.159536996516046,
                47.48142552502741,
                46.75168421537961,
                46.09384541109891,
                45.580290415645294,
                45.231428726044264,
                45.03211427272814,
                44.946518246662336,
                44.92951115640738,
                44.93870664701621,
                44.94512442786238,
                44.92351358319918,
                44.86246868284035,
                44.77192906350691,
                44.66529662317299,
                44.55724527307829,
                44.46155988737473,
                44.38904325897608,
                44.346676189715524,
                44.33731811370956,
                44.38507015344091,
                44.48066034015665,
                44.59709957622576,
                44.746275513578716,
                44.98654399772216,
                45.399268118918606,
                46.043221954571436,
                46.898618212118265,
                47.817949307439605,
                48.54218071600139,
                48.81840070393333,
                48.81840070393333,
                48.81840070393333,
                48.81840070393333,
                48.81840070393333,
                48.81840070393333,
                48.81840070393333,
                48.81840070393333,
                48.81840070393333,
                48.81840070393333,
                48.81840070393333,
                48.81840070393333,
                48.81840070393333,
                48.64297467003448,
                48.159536996516046,
                47.48142552502741,
                46.75168421537961,
                46.09384541109891,
                45.580290415645294,
                45.231428726044264,
                45.03211427272814,
                44.946518246662336,
                44.92951115640738,
                44.93870664701621,
                44.94512442786238,
                44.92351358319918,
                44.86246868284035,
                44.77192906350691,
                44.66529662317299,
                44.55724527307829,
                44.46155988737473,
                44.38904325897608,
                44.346676189715524,
                44.33731811370956,
                44.38507015344091,
                44.48066034015665,
                44.59709957622576,
                44.746275513578716,
                44.98654399772216,
                45.399268118918606,
                46.043221954571436,
                46.898618212118265,
                47.817949307439605,
                48.54218071600139,
                48.81840070393333,
                44.94512442786238,
                44.94512442786238,
                44.94512442786238,
                44.94512442786238,
                44.94512442786238,
                44.94512442786238,
                44.94512442786238,
                44.94512442786238,
                44.94512442786238,
                44.94512442786238,
                44.94512442786238,
                44.94512442786238,
                44.94512442786238,
                44.33731811370956,
                44.33731811370956,
                44.33731811370956,
                44.33731811370956,
                44.33731811370956,
                44.33731811370956,
                44.33731811370956,
                44.33731811370956,
                44.33731811370956,
                44.33731811370956,
                44.33731811370956,
                44.33731811370956,
                44.33731811370956
            ]
        }
    },
    "Phonon_DOS": {
        "DOS": [
            0.0,
            0.002,
            0.0,
            0.0,
            0.004,
            0.004,
            0.004,
            0.004,
            0.012,
            0.0026666666666666666,
            0.02666666666666667,
            0.076,
            0.064,
            0.042666666666666665,
            0.026000000000000002,
            0.024,
            0.04,
            0.024,
            0.046,
            0.027333333333333334,
            0.013999999999999999,
            0.016,
            0.016,
            0.012,
            0.064,
            0.04133333333333334,
            0.02,
            0.012,
            0.011333333333333332,
            0.01933333333333333,
            0.017333333333333333,
            0.010666666666666666,
            0.012,
            0.04133333333333334,
            0.012666666666666666,
            0.02066666666666667,
            0.009333333333333334,
            0.008,
            0.004,
            0.034666666666666665,
            0.06466666666666666,
            0.037333333333333336,
            0.004666666666666667,
            0.0006666666666666666,
            0.0,
            0.0,
            0.042,
            0.012,
            0.008,
            0.004,
            0.0006666666666666666,
            0.0
        ],
        "Energy(meV)": [
            -1.5,
            -0.5,
            0.5,
            1.5,
            2.5,
            3.5,
            4.5,
            5.5,
            6.5,
            7.5,
            8.5,
            9.5,
            10.5,
            11.5,
            12.5,
            13.5,
            14.5,
            15.5,
            16.5,
            17.5,
            18.5,
            19.5,
            20.5,
            21.5,
            22.5,
            23.5,
            24.5,
            25.5,
            26.5,
            27.5,
            28.5,
            29.5,
            30.5,
            31.5,
            32.5,
            33.5,
            34.5,
            35.5,
            36.5,
            37.5,
            38.5,
            39.5,
            40.5,
            41.5,
            42.5,
            43.5,
            44.5,
            45.5,
            46.5,
            47.5,
            48.5,
            49.5
        ]
    }
}