{
    "POSCAR": {
        "Atomes": "   Sc    C\n",
        "coordinate": "Direct\n",
        "unit_cell": {
            "a_vector": "3.4014018915899396   -7.466983604300969e-08   -6.640710075339107e-08\n",
            "b_vector": "-1.700701010514519   2.945700042275167   1.2546949739667318e-07\n",
            "c_vector": "-9.121100233079192e-07   1.4633341914600194e-06   43.23385171220488\n"
        },
        "positions": {
            "Sc": [
                "0.6666666588330907   0.33333331384549275   0.14354023381449063\n",
                "0.33333334064612213   0.666666667648498   0.25645976959976813\n",
                "2.5234433463500755e-08   3.455410266443082e-09   0.2000000027403381\n"
            ],
            "C": [
                "0.33333332978665325   0.6666666869361513   0.16628114421023832\n",
                "0.6666666454997001   0.33333332811444866   0.2337188537176633\n"
            ]
        }
    },
    "Termo_data": {
        "Temperature (K)": [
            0,
            10,
            20,
            30,
            40,
            50,
            60,
            70,
            80,
            90,
            100,
            110,
            120,
            130,
            140,
            150,
            160,
            170,
            180,
            190,
            200,
            210,
            220,
            230,
            240,
            250,
            260,
            270,
            280,
            290,
            300,
            310,
            320,
            330,
            340,
            350,
            360,
            370,
            380,
            390,
            400,
            410,
            420,
            430,
            440,
            450,
            460,
            470,
            480,
            490,
            500,
            510,
            520,
            530,
            540,
            550,
            560,
            570,
            580,
            590,
            600,
            610,
            620,
            630,
            640,
            650,
            660,
            670,
            680,
            690,
            700,
            710,
            720,
            730,
            740,
            750,
            760,
            770,
            780,
            790,
            800,
            810,
            820,
            830,
            840,
            850,
            860,
            870,
            880,
            890,
            900,
            910,
            920,
            930,
            940,
            950,
            960,
            970,
            980,
            990,
            1000,
            1010,
            1020,
            1030,
            1040,
            1050,
            1060,
            1070,
            1080,
            1090,
            1100,
            1110,
            1120,
            1130,
            1140,
            1150,
            1160,
            1170,
            1180,
            1190,
            1200,
            1210,
            1220,
            1230,
            1240,
            1250,
            1260,
            1270,
            1280,
            1290,
            1300,
            1310,
            1320,
            1330,
            1340,
            1350,
            1360,
            1370,
            1380,
            1390,
            1400,
            1410,
            1420,
            1430,
            1440,
            1450,
            1460,
            1470,
            1480,
            1490,
            1500,
            1510,
            1520,
            1530,
            1540,
            1550,
            1560,
            1570,
            1580,
            1590,
            1600,
            1610,
            1620,
            1630,
            1640,
            1650,
            1660,
            1670,
            1680,
            1690,
            1700,
            1710,
            1720,
            1730,
            1740,
            1750,
            1760,
            1770,
            1780,
            1790,
            1800,
            1810,
            1820,
            1830,
            1840,
            1850,
            1860,
            1870,
            1880,
            1890,
            1900,
            1910,
            1920,
            1930,
            1940,
            1950,
            1960,
            1970
        ],
        "Gibbs_free(J/mole)": [
            -563726.6633573254,
            -563726.822172095,
            -563727.7382267928,
            -563729.8174915013,
            -563733.8530941098,
            -563741.1198005638,
            -563753.0380314589,
            -563770.8692742033,
            -563795.6033575579,
            -563827.9657117425,
            -563868.4659733882,
            -563917.4492067529,
            -563975.1373863332,
            -564041.6601652201,
            -564117.0771624846,
            -564201.3942438727,
            -564294.5757141182,
            -564396.5536253178,
            -564507.2351037879,
            -564626.508201622,
            -564754.2465461006,
            -564890.3131809819,
            -565034.5636016335,
            -565186.8482692289,
            -565347.0146014986,
            -565514.9085803151,
            -565690.3760392155,
            -565873.2636747803,
            -566063.4198366903,
            -566260.6951415295,
            -566464.9429510612,
            -566676.019694685,
            -566893.7851428881,
            -567118.1025625401,
            -567348.8388417215,
            -567585.8645279629,
            -567829.0538659852,
            -568078.2847731354,
            -568333.4388044868,
            -568594.4010954589,
            -568861.0602938357,
            -569133.3084760257,
            -569411.0410597358,
            -569694.1566954013,
            -569982.5571887521,
            -570276.14738723,
            -570574.835078511,
            -570878.5308965365,
            -571187.1482153867,
            -571500.603053882,
            -571818.8139835467,
            -572141.702022872,
            -572469.1905572558,
            -572801.2052440911,
            -573137.6739438543,
            -573478.5266143325,
            -573823.6952236003,
            -574173.1137582281,
            -574526.7179864045,
            -574884.4455649353,
            -575246.2358488283,
            -575612.0299139324,
            -575981.7703803189,
            -576355.4014950172,
            -576732.8689237569,
            -577114.1198840202,
            -577499.1028755344,
            -577887.7678290057,
            -578280.0658567898,
            -578675.9494552898,
            -579075.3721780892,
            -579478.2888704169,
            -579884.6554463983,
            -580294.4288602098,
            -580707.5671888994,
            -581124.029433975,
            -581543.7756158233,
            -581966.7667711377,
            -582392.9646573941,
            -582822.3321189288,
            -583254.8327472408,
            -583690.4309527061,
            -584129.0919447567,
            -584570.7818137752,
            -585015.4672088729,
            -585463.1156725662,
            -585913.6954005545,
            -586367.175200959,
            -586823.5246550958,
            -587282.713853589,
            -587744.7136255022,
            -588209.4954470055,
            -588677.0311572576,
            -589147.2933663864,
            -589620.2551548813,
            -590095.8901473673,
            -590574.1724164267,
            -591055.0767632759,
            -591538.5783211088,
            -592024.6526306492,
            -592513.2757813513,
            -593004.4243755676,
            -593498.0753157003,
            -593994.2061553474,
            -594492.7945658087,
            -594993.8188116295,
            -595497.2576663132,
            -596003.0900586058,
            -596511.2951569258,
            -597021.8529492114,
            -597534.7435806659,
            -598049.9472724142,
            -598567.4450115087,
            -599087.2178289968,
            -599609.247148616,
            -600133.5147852063,
            -600660.0027866964,
            -601188.693516808,
            -601719.5696279354,
            -602252.6138467549,
            -602787.8096983152,
            -603325.1405935155,
            -603864.5901228017,
            -604406.1423080248,
            -604949.7815781196,
            -605495.492309839,
            -606043.2593005147,
            -606593.0673652311,
            -607144.9020620275,
            -607698.7483080435,
            -608254.5924714815,
            -608812.4197171808,
            -609372.2165012083,
            -609933.9690388741,
            -610497.6636417314,
            -611063.2875250815,
            -611630.8270274941,
            -612200.2694562335,
            -612771.601984069,
            -613344.8121869898,
            -613919.8874264496,
            -614496.8159260936,
            -615075.5851759041,
            -615656.1835480146,
            -616238.5992963704,
            -616822.8208097978,
            -617408.8367867456,
            -617996.6361475094,
            -618586.207357343,
            -619177.5399399645,
            -619770.62290224,
            -620365.4455348625,
            -620961.9971856262,
            -621560.268026349,
            -622160.2474624655,
            -622761.9252893411,
            -623365.291686387,
            -623970.3369327486,
            -624577.0511174839,
            -625185.424624939,
            -625795.4479710835,
            -626407.1120338894,
            -627020.4071595191,
            -627635.3247178504,
            -628251.8555954533,
            -628869.9903340428,
            -629489.7205878032,
            -630111.0379588791,
            -630733.9332469316,
            -631358.398122399,
            -631984.4243085973,
            -632612.003567334,
            -633241.1275799512,
            -633871.7888834096,
            -634503.9781970669,
            -635137.6885537454,
            -635772.9116471419,
            -636409.6405898693,
            -637047.8668725359,
            -637687.5834326318,
            -638328.7824289415,
            -638971.4567230962,
            -639615.5993349585,
            -640261.2017386137,
            -640908.2588281578,
            -641556.7619609184,
            -642206.7047210637,
            -642858.080057997,
            -643510.8812313424,
            -644165.101244489,
            -644820.734012858,
            -645477.7723044376,
            -646136.2100865546,
            -646796.0404117211,
            -647457.2570446724,
            -648119.8532961444,
            -648783.8239070463,
            -649449.1618740228
        ],
        "Cp(J/mole.K)": [
            -0.0,
            0.06694224668026437,
            0.2519998924806714,
            0.6230242242047097,
            1.3070070032030343,
            2.3058955721353414,
            3.5070583124994306,
            4.785718682443258,
            6.059457946242764,
            7.287087931021234,
            8.452199278690383,
            9.55005245062057,
            10.580508961924352,
            11.545014060242098,
            12.445571418741027,
            13.284488547171346,
            14.06433521443978,
            14.787957815188571,
            15.45842368938611,
            16.078941451385617,
            16.652806610101827,
            17.18330716577475,
            17.67366938267369,
            18.127003132476222,
            18.546262711076984,
            18.93423961191729,
            19.293533842667248,
            19.626551291762773,
            19.935521827242347,
            20.222487644472846,
            20.48930809201554,
            20.737693892215624,
            20.9692056052387,
            21.18525549334007,
            21.387126615724956,
            21.57599478107296,
            21.75292281402509,
            21.91887136455915,
            22.074723305046778,
            22.22128178728452,
            22.359276551171234,
            22.489359778995247,
            22.612131271994425,
            22.72815788704611,
            22.83793681690007,
            22.941919662669548,
            23.040534184203732,
            23.134161445699316,
            23.22315754126754,
            23.307844264575447,
            23.388506936316844,
            23.46542159200755,
            23.538856756291352,
            23.609047454537283,
            23.676155749044923,
            23.740438774708466,
            23.802076281653598,
            23.861144506407395,
            23.91789444827009,
            23.972499877610286,
            24.025003600108903,
            24.075528933730588,
            24.124218518601353,
            24.171222471105374,
            24.21665334329009,
            24.260528471699075,
            24.302898638381016,
            24.343916174970214,
            24.3836780748447,
            24.422185754432576,
            24.45965726693981,
            24.496020031539953,
            24.531253545591706,
            24.565565749621705,
            24.598866182326883,
            24.631431370289643,
            24.663167828926817,
            24.693920459571945,
            24.724144138052413,
            24.753634822927584,
            24.782215338433105,
            24.810355265668477,
            24.83793653064064,
            24.86472027313412,
            24.891147887217812,
            24.917047903611333,
            24.9422851484794,
            24.96709521616564,
            24.991374903242104,
            25.01554324976447,
            25.03926303525798,
            25.062141569182923,
            25.08487149693518,
            25.107353219712902,
            25.12917021616026,
            25.150857953558443,
            25.172743528057026,
            25.193934801724666,
            25.2143111227602,
            25.234796924280747,
            25.25518526643289,
            25.275338025015447,
            25.295275186625076,
            25.31450699348665,
            25.334011029638276,
            25.35380057194539,
            25.37213378650508,
            25.390146708608018,
            25.409519444277976,
            25.428153827495407,
            25.445769532263434,
            25.464047628812605,
            25.4819775409066,
            25.4995789458862,
            25.51747777322283,
            25.535104252630845,
            25.552489159873303,
            25.569175159776933,
            25.586025965394136,
            25.60409002069783,
            25.621062320075083,
            25.636777439943312,
            25.653644035762582,
            25.67098346245484,
            25.687427939323243,
            25.703292430989677,
            25.719873220694538,
            25.73619255927042,
            25.7524734120816,
            25.769253898001534,
            25.784265886177312,
            25.800163621077267,
            25.816265628102514,
            25.83247200914775,
            25.8494215526619,
            25.864126687825483,
            25.8793407614111,
            25.89573864506383,
            25.911176029621856,
            25.927004007404324,
            25.94307475880477,
            25.95768693067095,
            25.973117091821344,
            25.988962507492495,
            26.004131671925908,
            26.02052524029558,
            26.03574281137563,
            26.050071182355165,
            26.066404908138793,
            26.08171409953502,
            26.095269334473414,
            26.111284622095887,
            26.128775122156043,
            26.143001008755636,
            26.15669626619816,
            26.17322410932662,
            26.189307983871217,
            26.20349147328827,
            26.21781888582068,
            26.23387412094173,
            26.24933934444528,
            26.26423191772762,
            26.281452368729745,
            26.29569884279638,
            26.307881304493403,
            26.325785656241113,
            26.34281713119708,
            26.354849003741286,
            26.369290656340663,
            26.38631397912104,
            26.401891174638514,
            26.41894912569563,
            26.433586776105344,
            26.44458217564995,
            26.46032337272785,
            26.479100323121862,
            26.49581140363614,
            26.509319375345036,
            26.523473001456992,
            26.538753466211947,
            26.556073251588828,
            26.569555865100376,
            26.58377167945676,
            26.60457105197103,
            26.617438650434167,
            26.63017082889617,
            26.647370783448622,
            26.661943007407928,
            26.67847481319967,
            26.69565208283656,
            26.710637860028967,
            26.725901024081395,
            26.740245221368696,
            26.753549699479755,
            26.771535642648814,
            26.791505593617053,
            26.805956575135326,
            26.819909021061008
        ],
        "S(J/mole.K)": [
            0,
            0.033471123340132185,
            0.12994221980043222,
            0.296779563621385,
            0.5639928097225493,
            0.9579582423364628,
            1.4808026589249494,
            2.114894567045849,
            2.835447737431969,
            3.6190020774622105,
            4.446450259786798,
            5.303153516931343,
            6.17810135022155,
            7.062994892618735,
            7.951518588462204,
            8.838819566894381,
            9.721146327251336,
            10.595596738443419,
            11.459937332222761,
            12.312468028455623,
            13.151918231902528,
            13.97736475824495,
            14.788165423486499,
            15.583905013126786,
            16.364350771762837,
            17.12941603714862,
            17.879130326361334,
            18.613614476886866,
            19.333060591638784,
            20.037715632916658,
            20.727867681194034,
            21.403835083139708,
            22.06595785446698,
            22.714590411644895,
            23.350095699119265,
            23.972840763870046,
            24.583193188715086,
            25.18151808107359,
            25.768175931052248,
            26.34352104468708,
            26.907900229618825,
            27.461651671618164,
            28.005104195680175,
            28.538577140295818,
            29.0623800552421,
            29.576812282999164,
            30.082163090432005,
            30.578711779876905,
            31.066727771417934,
            31.546470808029696,
            32.01819102294976,
            32.48212924517574,
            32.93851755915675,
            33.38757958305359,
            33.829530110175256,
            34.264575945197436,
            34.69291665410565,
            35.114743477478626,
            35.53024050786626,
            35.93958603173378,
            36.34295117369184,
            36.74049993812223,
            37.13239048856194,
            37.518775736882525,
            37.89980344010401,
            38.27561549413076,
            38.64634781238564,
            39.012131697089345,
            39.37309446387079,
            39.729358574960486,
            40.08104277312085,
            40.42826179406255,
            40.771124904783214,
            41.1097381318381,
            41.44420398677904,
            41.774622084533625,
            42.10108931008727,
            42.423697126026674,
            42.74253536233009,
            43.0576920406078,
            43.36924946130166,
            43.677288648312974,
            43.98188982196298,
            44.283128125991794,
            44.58107719208347,
            44.875809656671485,
            45.1673938124397,
            45.45589615115314,
            45.74138165243349,
            46.023914860577506,
            46.303558637270186,
            46.58036972868868,
            46.85440462659754,
            47.12572121994891,
            47.39437278896949,
            47.66041152458929,
            47.923892500395596,
            48.18486618291209,
            48.443376270723824,
            48.69946918454225,
            48.953193580188966,
            49.20459494228854,
            49.4537168250492,
            49.70059922832152,
            49.945283314550764,
            50.18781382817688,
            50.42822608820425,
            50.66655150992301,
            50.90283371938422,
            51.137113290943674,
            51.36941878719227,
            51.599784293222186,
            51.828246038776705,
            52.0548348624201,
            52.27958361991914,
            52.502524574485136,
            52.72368680637009,
            52.943096825167586,
            53.16078216874302,
            53.37677774317416,
            53.59111237967882,
            53.803803902871735,
            54.01487888512347,
            54.224370361826736,
            54.43230229160254,
            54.63869379979151,
            54.84356995848648,
            55.04695654021053,
            55.2488757322295,
            55.44935216055747,
            55.648403243027865,
            55.84604740338692,
            56.04231019529253,
            56.23721363667283,
            56.4307812585932,
            56.62302738589497,
            56.813965082853976,
            57.0036197130612,
            57.19201078068727,
            57.379154457601544,
            57.56507090036903,
            57.749773274008476,
            57.93327644687088,
            58.11560158279608,
            58.29676420493489,
            58.47678227790021,
            58.655671729783364,
            58.83344091685577,
            59.01010877989321,
            59.18569348917227,
            59.36020025082254,
            59.53364568929538,
            59.7060568148183,
            59.87744137680275,
            60.04780035914882,
            60.21715445286682,
            60.385524297750095,
            60.552914997229536,
            60.71933338830132,
            60.88479762908538,
            61.04932327403658,
            61.21291839712067,
            61.37559992848401,
            61.53737717510667,
            61.69824578319531,
            61.85822784644115,
            62.01734878922289,
            62.175601357499545,
            62.33298812275898,
            62.489534172163985,
            62.64525281095557,
            62.80015382131387,
            62.95424403259385,
            63.107515282870736,
            63.25998012311466,
            63.411670107457034,
            63.562596871296414,
            63.71275414576522,
            63.86214336639096,
            64.01077810030984,
            64.15867556672748,
            64.30583900003404,
            64.45226790297602,
            64.59799032759621,
            64.74301040877036,
            64.88731383977574,
            65.03091999160824,
            65.17384132643492,
            65.31608333456242,
            65.45766014323164,
            65.59857471370343,
            65.73882895765274,
            65.87842810460279,
            66.01737387411413,
            66.15568239156418,
            66.29337736295565,
            66.43045607342792,
            66.56690945079026
        ]
    },
    "Phonon_data": {
        "Numb_Node": 15,
        "total_n_kpoints": 100,
        "frequency": {
            "Node_1": [
                -0.044648926326912204,
                0.26258054620447097,
                2.0744574044784385,
                4.383301750267339,
                6.9338082604508315,
                9.514772509841045,
                12.000405442969301,
                14.334216714176256,
                16.507436481758,
                18.512901502132845,
                20.083865693683066,
                20.306619759225107,
                20.348300533616843,
                20.34857801457774,
                20.377758249875797,
                20.491604006133926,
                20.72218437493734,
                21.06190930143097,
                21.48118100933801,
                21.946037887437804,
                22.414657230801335,
                22.710159637288204,
                22.23911831432409,
                21.54353835695963,
                20.086794979344127,
                17.924220661984354,
                15.387564557485335,
                12.563991643703977,
                9.505736442215419,
                6.311008058171872,
                3.2204847709056588,
                0.7028487060356137,
                -0.044648926326912204,
                -0.044648926326912204,
                -0.044648926326912204,
                -0.044648926326912204,
                -0.044648926326912204,
                -0.044648926326912204,
                -0.044648926326912204,
                -0.044648926326912204,
                -0.044648926326912204,
                -0.044648926326912204,
                -0.044648926326912204,
                -0.044648926326912204,
                -0.044648926326912204,
                0.26258054620447097,
                2.0744574044784385,
                4.383301750267339,
                6.9338082604508315,
                9.514772509841045,
                12.000405442969301,
                14.334216714176256,
                16.507436481758,
                18.512901502132845,
                20.083865693683066,
                20.306619759225107,
                20.348300533616843,
                20.34857801457774,
                20.377758249875797,
                20.491604006133926,
                20.72218437493734,
                21.06190930143097,
                21.48118100933801,
                21.946037887437804,
                22.414657230801335,
                22.710159637288204,
                22.23911831432409,
                21.54353835695963,
                20.086794979344127,
                17.924220661984354,
                15.387564557485335,
                12.563991643703977,
                9.505736442215419,
                6.311008058171872,
                3.2204847709056588,
                0.7028487060356137,
                -0.044648926326912204,
                20.348300533616843,
                20.348300533616843,
                20.348300533616843,
                20.348300533616843,
                20.348300533616843,
                20.348300533616843,
                20.348300533616843,
                20.348300533616843,
                20.348300533616843,
                20.348300533616843,
                20.348300533616843,
                20.348300533616843,
                20.348300533616843,
                22.710159637288204,
                22.710159637288204,
                22.710159637288204,
                22.710159637288204,
                22.710159637288204,
                22.710159637288204,
                22.710159637288204,
                22.710159637288204,
                22.710159637288204,
                22.710159637288204,
                22.710159637288204,
                22.710159637288204,
                22.710159637288204
            ],
            "Node_2": [
                -0.03167528945633212,
                2.6996251470636574,
                5.371750576276816,
                7.991958235840797,
                10.526700251183916,
                12.928701298778963,
                15.14246769711724,
                17.10804410693677,
                18.753211171503235,
                19.927733893076667,
                20.47921990001867,
                21.265234440901825,
                21.42065208911622,
                21.57182051729,
                21.96108674940445,
                22.415987747703813,
                22.70350812348954,
                22.886502934622833,
                23.039097449506354,
                23.132781071671424,
                23.089818398452575,
                23.016016703611722,
                22.77366830565226,
                21.819918973787853,
                20.931551304445403,
                20.231479526428025,
                18.659593715440515,
                16.199602839552078,
                13.329012250475595,
                10.164408251088197,
                6.8272601428451605,
                3.420093992631977,
                -0.03167528945633212,
                -0.03167528945633212,
                -0.03167528945633212,
                -0.03167528945633212,
                -0.03167528945633212,
                -0.03167528945633212,
                -0.03167528945633212,
                -0.03167528945633212,
                -0.03167528945633212,
                -0.03167528945633212,
                -0.03167528945633212,
                -0.03167528945633212,
                -0.03167528945633212,
                2.6996251470636574,
                5.371750576276816,
                7.991958235840797,
                10.526700251183916,
                12.928701298778963,
                15.14246769711724,
                17.10804410693677,
                18.753211171503235,
                19.927733893076667,
                20.47921990001867,
                21.265234440901825,
                21.42065208911622,
                21.57182051729,
                21.96108674940445,
                22.415987747703813,
                22.70350812348954,
                22.886502934622833,
                23.039097449506354,
                23.132781071671424,
                23.089818398452575,
                23.016016703611722,
                22.77366830565226,
                21.819918973787853,
                20.931551304445403,
                20.231479526428025,
                18.659593715440515,
                16.199602839552078,
                13.329012250475595,
                10.164408251088197,
                6.8272601428451605,
                3.420093992631977,
                -0.03167528945633212,
                21.42065208911622,
                21.42065208911622,
                21.42065208911622,
                21.42065208911622,
                21.42065208911622,
                21.42065208911622,
                21.42065208911622,
                21.42065208911622,
                21.42065208911622,
                21.42065208911622,
                21.42065208911622,
                21.42065208911622,
                21.42065208911622,
                23.016016703611722,
                23.016016703611722,
                23.016016703611722,
                23.016016703611722,
                23.016016703611722,
                23.016016703611722,
                23.016016703611722,
                23.016016703611722,
                23.016016703611722,
                23.016016703611722,
                23.016016703611722,
                23.016016703611722,
                23.016016703611722
            ],
            "Node_3": [
                -0.02676236501312881,
                4.372917451320008,
                8.749528530382912,
                12.77137973533218,
                15.847290134786299,
                17.725949082173745,
                18.77125726261585,
                19.421868695717485,
                19.85858701246811,
                20.226639324459963,
                20.92588900186045,
                21.981287167669663,
                22.684878805831122,
                22.627290892688006,
                22.601800930221117,
                22.70377125249663,
                22.987382024047825,
                23.255572042718985,
                23.37278682193338,
                23.35804994908856,
                23.299895389308507,
                23.224106111103964,
                23.516494801765578,
                23.328853603575283,
                22.209712987155285,
                20.655827162534884,
                19.525577205739037,
                18.66551740951225,
                17.425179940401257,
                15.129228245459784,
                10.909507844740109,
                5.586053168932586,
                -0.02676236501312881,
                -0.02676236501312881,
                -0.02676236501312881,
                -0.02676236501312881,
                -0.02676236501312881,
                -0.02676236501312881,
                -0.02676236501312881,
                -0.02676236501312881,
                -0.02676236501312881,
                -0.02676236501312881,
                -0.02676236501312881,
                -0.02676236501312881,
                -0.02676236501312881,
                4.372917451320008,
                8.749528530382912,
                12.77137973533218,
                15.847290134786299,
                17.725949082173745,
                18.77125726261585,
                19.421868695717485,
                19.85858701246811,
                20.226639324459963,
                20.92588900186045,
                21.981287167669663,
                22.684878805831122,
                22.627290892688006,
                22.601800930221117,
                22.70377125249663,
                22.987382024047825,
                23.255572042718985,
                23.37278682193338,
                23.35804994908856,
                23.299895389308507,
                23.224106111103964,
                23.516494801765578,
                23.328853603575283,
                22.209712987155285,
                20.655827162534884,
                19.525577205739037,
                18.66551740951225,
                17.425179940401257,
                15.129228245459784,
                10.909507844740109,
                5.586053168932586,
                -0.02676236501312881,
                22.684878805831122,
                22.684878805831122,
                22.684878805831122,
                22.684878805831122,
                22.684878805831122,
                22.684878805831122,
                22.684878805831122,
                22.684878805831122,
                22.684878805831122,
                22.684878805831122,
                22.684878805831122,
                22.684878805831122,
                22.684878805831122,
                23.224106111103964,
                23.224106111103964,
                23.224106111103964,
                23.224106111103964,
                23.224106111103964,
                23.224106111103964,
                23.224106111103964,
                23.224106111103964,
                23.224106111103964,
                23.224106111103964,
                23.224106111103964,
                23.224106111103964,
                23.224106111103964
            ],
            "Node_4": [
                15.592939168262713,
                15.724569705472952,
                16.082241287876766,
                16.642997281885844,
                17.362858775985032,
                18.192963148075663,
                19.08788559583729,
                19.985519440153006,
                20.872049929071878,
                21.76007553278258,
                22.613111367774522,
                23.26512688712682,
                23.50370911997584,
                23.76792164965466,
                24.35803866054077,
                25.032698952001155,
                25.358355752619836,
                25.47820332906578,
                25.656257329925204,
                25.92020823544341,
                26.264544915850887,
                26.457480390579384,
                25.620791025164987,
                25.065347526411333,
                25.150027767523035,
                25.11885493787679,
                24.06629134918202,
                21.93583247259945,
                19.746961895016803,
                17.679687112256534,
                16.445510575097217,
                15.801538789088248,
                15.592939168262713,
                15.592939168262713,
                15.592939168262713,
                15.592939168262713,
                15.592939168262713,
                15.592939168262713,
                15.592939168262713,
                15.592939168262713,
                15.592939168262713,
                15.592939168262713,
                15.592939168262713,
                15.592939168262713,
                15.592939168262713,
                15.724569705472952,
                16.082241287876766,
                16.642997281885844,
                17.362858775985032,
                18.192963148075663,
                19.08788559583729,
                19.985519440153006,
                20.872049929071878,
                21.76007553278258,
                22.613111367774522,
                23.26512688712682,
                23.50370911997584,
                23.76792164965466,
                24.35803866054077,
                25.032698952001155,
                25.358355752619836,
                25.47820332906578,
                25.656257329925204,
                25.92020823544341,
                26.264544915850887,
                26.457480390579384,
                25.620791025164987,
                25.065347526411333,
                25.150027767523035,
                25.11885493787679,
                24.06629134918202,
                21.93583247259945,
                19.746961895016803,
                17.679687112256534,
                16.445510575097217,
                15.801538789088248,
                15.592939168262713,
                23.50370911997584,
                23.50370911997584,
                23.50370911997584,
                23.50370911997584,
                23.50370911997584,
                23.50370911997584,
                23.50370911997584,
                23.50370911997584,
                23.50370911997584,
                23.50370911997584,
                23.50370911997584,
                23.50370911997584,
                23.50370911997584,
                26.457480390579384,
                26.457480390579384,
                26.457480390579374,
                26.457480390579384,
                26.457480390579374,
                26.457480390579384,
                26.457480390579384,
                26.457480390579384,
                26.457480390579384,
                26.457480390579384,
                26.457480390579384,
                26.457480390579384,
                26.457480390579384
            ],
            "Node_5": [
                15.604154179067125,
                16.11839930261519,
                17.430179745895078,
                19.122404738411465,
                20.99122632880737,
                22.88281116358328,
                24.270802004751662,
                25.173962587257954,
                26.06430196543212,
                26.49025182013998,
                26.378708622352892,
                25.93583863171339,
                25.55631381680328,
                25.52231480287799,
                25.474922309345217,
                25.501012198402858,
                25.928493470222737,
                26.52627845593289,
                26.95208520808362,
                27.116777852224384,
                27.005720501566277,
                26.87680774585748,
                27.585360600009803,
                28.105389125338927,
                27.849279790744056,
                26.16262099723977,
                24.64672325389577,
                23.633134017651965,
                22.14450381942937,
                20.280374013202334,
                18.23486330412714,
                16.406181928619922,
                15.604154179067125,
                15.604154179067125,
                15.604154179067125,
                15.604154179067125,
                15.604154179067125,
                15.604154179067125,
                15.604154179067125,
                15.604154179067125,
                15.604154179067125,
                15.604154179067125,
                15.604154179067125,
                15.604154179067125,
                15.604154179067125,
                16.11839930261519,
                17.430179745895078,
                19.122404738411465,
                20.99122632880737,
                22.88281116358328,
                24.270802004751662,
                25.173962587257954,
                26.06430196543212,
                26.49025182013998,
                26.378708622352892,
                25.93583863171339,
                25.55631381680328,
                25.52231480287799,
                25.474922309345217,
                25.501012198402858,
                25.928493470222737,
                26.52627845593289,
                26.95208520808362,
                27.116777852224384,
                27.005720501566277,
                26.87680774585748,
                27.585360600009803,
                28.105389125338927,
                27.849279790744056,
                26.16262099723977,
                24.64672325389577,
                23.633134017651965,
                22.14450381942937,
                20.280374013202334,
                18.23486330412714,
                16.406181928619922,
                15.604154179067125,
                25.55631381680328,
                25.55631381680328,
                25.55631381680328,
                25.55631381680328,
                25.55631381680328,
                25.55631381680328,
                25.55631381680328,
                25.55631381680328,
                25.55631381680328,
                25.55631381680328,
                25.55631381680328,
                25.55631381680328,
                25.55631381680328,
                26.87680774585748,
                26.87680774585748,
                26.876807745857473,
                26.87680774585748,
                26.876807745857473,
                26.87680774585748,
                26.87680774585748,
                26.87680774585748,
                26.87680774585748,
                26.87680774585748,
                26.87680774585748,
                26.87680774585748,
                26.87680774585748
            ],
            "Node_6": [
                23.384462576715965,
                23.20467846748738,
                22.950349129959633,
                22.8764580685506,
                23.096687053848378,
                23.647783775505165,
                24.703373442268102,
                26.038258444781984,
                26.56982925442806,
                26.66050678992437,
                26.56983312600052,
                26.337062742143768,
                26.251338569858166,
                26.418419519715126,
                26.866274462065682,
                27.531891186155917,
                28.349933578989738,
                29.22387383450953,
                30.03094790651111,
                30.57821828706377,
                30.856668935597504,
                30.97257811654911,
                30.6559576639964,
                29.669705529660206,
                28.15964579246565,
                26.841994351112387,
                25.435644973598937,
                24.296758674472,
                23.465147334590508,
                22.957729395806165,
                22.872958696027126,
                23.1343670385855,
                23.384462576715965,
                23.384462576715965,
                23.384462576715965,
                23.384462576715965,
                23.384462576715965,
                23.384462576715965,
                23.384462576715965,
                23.384462576715965,
                23.384462576715965,
                23.384462576715965,
                23.384462576715965,
                23.384462576715965,
                23.384462576715965,
                23.20467846748738,
                22.950349129959633,
                22.8764580685506,
                23.096687053848378,
                23.647783775505165,
                24.703373442268102,
                26.038258444781984,
                26.56982925442806,
                26.66050678992437,
                26.56983312600052,
                26.337062742143768,
                26.251338569858166,
                26.418419519715126,
                26.866274462065682,
                27.531891186155917,
                28.349933578989738,
                29.22387383450953,
                30.03094790651111,
                30.57821828706377,
                30.856668935597504,
                30.97257811654911,
                30.6559576639964,
                29.669705529660206,
                28.15964579246565,
                26.841994351112387,
                25.435644973598937,
                24.296758674472,
                23.465147334590508,
                22.957729395806165,
                22.872958696027126,
                23.1343670385855,
                23.384462576715965,
                26.251338569858166,
                26.251338569858166,
                26.251338569858166,
                26.251338569858166,
                26.251338569858166,
                26.251338569858166,
                26.251338569858166,
                26.251338569858166,
                26.251338569858166,
                26.251338569858166,
                26.251338569858166,
                26.251338569858166,
                26.251338569858166,
                30.97257811654911,
                30.97257811654911,
                30.972578116549098,
                30.97257811654911,
                30.972578116549098,
                30.97257811654911,
                30.97257811654911,
                30.97257811654911,
                30.97257811654911,
                30.97257811654911,
                30.97257811654911,
                30.97257811654911,
                30.97257811654911
            ],
            "Node_7": [
                25.314620999221436,
                25.374221472388083,
                25.47789781385578,
                25.648931703615926,
                25.867593368378284,
                26.100251100719785,
                26.312876250545084,
                26.47677316600003,
                27.14009667334172,
                28.207365983415475,
                29.246380191305654,
                30.001293672206,
                30.280288854534994,
                30.26453900066911,
                30.227516553031204,
                30.197986676771855,
                30.215378926549864,
                30.31581218108069,
                30.527467500194426,
                30.932313929374896,
                31.429725862003068,
                31.792203261989155,
                31.26783240958533,
                30.549147776577673,
                29.788955167873194,
                29.001086596431982,
                28.183042262572854,
                27.348699863625356,
                26.577369317748374,
                25.97118144202939,
                25.57750705482117,
                25.37900800711423,
                25.314620999221436,
                25.314620999221436,
                25.314620999221436,
                25.314620999221436,
                25.314620999221436,
                25.314620999221436,
                25.314620999221436,
                25.314620999221436,
                25.314620999221436,
                25.314620999221436,
                25.314620999221436,
                25.314620999221436,
                25.314620999221436,
                25.374221472388083,
                25.47789781385578,
                25.648931703615926,
                25.867593368378284,
                26.100251100719785,
                26.312876250545084,
                26.47677316600003,
                27.14009667334172,
                28.207365983415475,
                29.246380191305654,
                30.001293672206,
                30.280288854534994,
                30.26453900066911,
                30.227516553031204,
                30.197986676771855,
                30.215378926549864,
                30.31581218108069,
                30.527467500194426,
                30.932313929374896,
                31.429725862003068,
                31.792203261989155,
                31.26783240958533,
                30.549147776577673,
                29.788955167873194,
                29.001086596431982,
                28.183042262572854,
                27.348699863625356,
                26.577369317748374,
                25.97118144202939,
                25.57750705482117,
                25.37900800711423,
                25.314620999221436,
                30.280288854534994,
                30.280288854534994,
                30.280288854534994,
                30.280288854534994,
                30.280288854534994,
                30.280288854534994,
                30.280288854534994,
                30.280288854534994,
                30.280288854534994,
                30.280288854534994,
                30.280288854534994,
                30.280288854534994,
                30.280288854534994,
                31.792203261989155,
                31.792203261989155,
                31.792203261989165,
                31.792203261989155,
                31.792203261989165,
                31.792203261989155,
                31.792203261989155,
                31.792203261989155,
                31.792203261989155,
                31.792203261989155,
                31.792203261989155,
                31.792203261989155,
                31.792203261989155
            ],
            "Node_8": [
                25.350122891621282,
                25.7206721477822,
                26.579629998977776,
                27.5860709417796,
                28.63614463414718,
                29.68985364051707,
                30.700892798421506,
                31.600219098600405,
                32.30694603970688,
                32.79577356493597,
                33.104570837531384,
                33.24733445108087,
                33.27673089219756,
                33.26969605048788,
                33.242001787836884,
                33.18139328890665,
                33.083020036497174,
                32.95018868984805,
                32.78064393458913,
                32.55960768052359,
                32.27532818001499,
                31.96591772979901,
                32.28966827168559,
                32.46336973218154,
                32.314835062098226,
                31.86752382625656,
                31.181968355916577,
                30.328657154816185,
                29.35207088536977,
                28.25187452852189,
                27.052765531386736,
                25.916488442924866,
                25.350122891621282,
                25.350122891621282,
                25.350122891621282,
                25.350122891621282,
                25.350122891621282,
                25.350122891621282,
                25.350122891621282,
                25.350122891621282,
                25.350122891621282,
                25.350122891621282,
                25.350122891621282,
                25.350122891621282,
                25.350122891621282,
                25.7206721477822,
                26.579629998977776,
                27.5860709417796,
                28.63614463414718,
                29.68985364051707,
                30.700892798421506,
                31.600219098600405,
                32.30694603970688,
                32.79577356493597,
                33.104570837531384,
                33.24733445108087,
                33.27673089219756,
                33.26969605048788,
                33.242001787836884,
                33.18139328890665,
                33.083020036497174,
                32.95018868984805,
                32.78064393458913,
                32.55960768052359,
                32.27532818001499,
                31.96591772979901,
                32.28966827168559,
                32.46336973218154,
                32.314835062098226,
                31.86752382625656,
                31.181968355916577,
                30.328657154816185,
                29.35207088536977,
                28.25187452852189,
                27.052765531386736,
                25.916488442924866,
                25.350122891621282,
                33.27673089219756,
                33.27673089219756,
                33.27673089219756,
                33.27673089219756,
                33.27673089219756,
                33.27673089219756,
                33.27673089219756,
                33.27673089219756,
                33.27673089219756,
                33.27673089219756,
                33.27673089219756,
                33.27673089219756,
                33.27673089219756,
                31.96591772979901,
                31.96591772979901,
                31.96591772979902,
                31.96591772979901,
                31.96591772979902,
                31.96591772979901,
                31.96591772979901,
                31.96591772979901,
                31.96591772979901,
                31.96591772979901,
                31.96591772979901,
                31.96591772979901,
                31.96591772979901
            ],
            "Node_9": [
                38.93565972191974,
                38.733731341033575,
                38.19417064048456,
                37.47097656145879,
                36.71831421970839,
                36.04676133990357,
                35.54361690823267,
                35.309681609922755,
                35.453670168033796,
                35.960565145059,
                36.59225414322726,
                37.06869261575595,
                37.23898136509907,
                37.17624392415252,
                36.99470823151272,
                36.71575565177245,
                36.3763721066064,
                36.02584818971034,
                35.7188881417192,
                35.503871151866726,
                35.40177712407309,
                35.38887138659088,
                35.41936168189767,
                35.36446549775632,
                35.18957311172467,
                35.00338926785876,
                34.99659352095661,
                35.32111301088455,
                35.98583635358985,
                36.882052984931626,
                37.844261896794855,
                38.62705620963392,
                38.93565972191974,
                38.93565972191974,
                38.93565972191974,
                38.93565972191974,
                38.93565972191974,
                38.93565972191974,
                38.93565972191974,
                38.93565972191974,
                38.93565972191974,
                38.93565972191974,
                38.93565972191974,
                38.93565972191974,
                38.93565972191974,
                38.733731341033575,
                38.19417064048456,
                37.47097656145879,
                36.71831421970839,
                36.04676133990357,
                35.54361690823267,
                35.309681609922755,
                35.453670168033796,
                35.960565145059,
                36.59225414322726,
                37.06869261575595,
                37.23898136509907,
                37.17624392415252,
                36.99470823151272,
                36.71575565177245,
                36.3763721066064,
                36.02584818971034,
                35.7188881417192,
                35.503871151866726,
                35.40177712407309,
                35.38887138659088,
                35.41936168189767,
                35.36446549775632,
                35.18957311172467,
                35.00338926785876,
                34.99659352095661,
                35.32111301088455,
                35.98583635358985,
                36.882052984931626,
                37.844261896794855,
                38.62705620963392,
                38.93565972191974,
                37.23898136509907,
                37.23898136509907,
                37.23898136509907,
                37.23898136509907,
                37.23898136509907,
                37.23898136509907,
                37.23898136509907,
                37.23898136509907,
                37.23898136509907,
                37.23898136509907,
                37.23898136509907,
                37.23898136509907,
                37.23898136509907,
                35.38887138659088,
                35.38887138659088,
                35.388871386590885,
                35.38887138659088,
                35.388871386590885,
                35.38887138659088,
                35.38887138659088,
                35.38887138659088,
                35.38887138659088,
                35.38887138659088,
                35.38887138659088,
                35.38887138659088,
                35.38887138659088
            ],
            "Node_10": [
                50.880413788243914,
                50.69217711097462,
                50.254511152540246,
                49.77299819216494,
                49.36745041990765,
                49.089553778747955,
                48.96598569331493,
                49.012706913691424,
                49.22721570688485,
                49.58300418664142,
                50.03184468864015,
                50.48513627863228,
                50.72198061437412,
                50.65592889181559,
                50.4879849810447,
                50.271727096467615,
                50.049037643713525,
                49.85618976205199,
                49.731467294695236,
                49.711173452468834,
                49.82163339846211,
                50.049795672103606,
                49.66880974642273,
                49.32061471122883,
                49.08829289467359,
                48.94711897501311,
                48.88260859330107,
                48.923183743406916,
                49.12198822147731,
                49.51065463746805,
                50.05687412435957,
                50.61756169307974,
                50.880413788243914,
                50.880413788243914,
                50.880413788243914,
                50.880413788243914,
                50.880413788243914,
                50.880413788243914,
                50.880413788243914,
                50.880413788243914,
                50.880413788243914,
                50.880413788243914,
                50.880413788243914,
                50.880413788243914,
                50.880413788243914,
                50.69217711097462,
                50.254511152540246,
                49.77299819216494,
                49.36745041990765,
                49.089553778747955,
                48.96598569331493,
                49.012706913691424,
                49.22721570688485,
                49.58300418664142,
                50.03184468864015,
                50.48513627863228,
                50.72198061437412,
                50.65592889181559,
                50.4879849810447,
                50.271727096467615,
                50.049037643713525,
                49.85618976205199,
                49.731467294695236,
                49.711173452468834,
                49.82163339846211,
                50.049795672103606,
                49.66880974642273,
                49.32061471122883,
                49.08829289467359,
                48.94711897501311,
                48.88260859330107,
                48.923183743406916,
                49.12198822147731,
                49.51065463746805,
                50.05687412435957,
                50.61756169307974,
                50.880413788243914,
                50.72198061437412,
                50.72198061437412,
                50.72198061437412,
                50.72198061437412,
                50.72198061437412,
                50.72198061437412,
                50.72198061437412,
                50.72198061437412,
                50.72198061437412,
                50.72198061437412,
                50.72198061437412,
                50.72198061437412,
                50.72198061437412,
                50.049795672103606,
                50.049795672103606,
                50.049795672103606,
                50.049795672103606,
                50.049795672103606,
                50.049795672103606,
                50.049795672103606,
                50.049795672103606,
                50.049795672103606,
                50.049795672103606,
                50.049795672103606,
                50.049795672103606,
                50.049795672103606
            ],
            "Node_11": [
                56.55522621555886,
                56.60688204282763,
                56.500442702491824,
                56.38431621428572,
                56.29393799024853,
                56.220343968635724,
                56.14442912240804,
                56.04293188465475,
                55.59720918706455,
                54.46302619972908,
                53.35285972510826,
                52.517776002681906,
                52.163531836714405,
                52.13321847990826,
                52.03836766176196,
                51.87745457833504,
                51.65741053877849,
                51.389773114656755,
                51.08832283352764,
                50.76822698137217,
                50.44526682250702,
                50.15630987481354,
                50.759148853515356,
                51.664774018881054,
                52.76982020205396,
                54.116432770870155,
                55.57933909819201,
                56.7349656835497,
                56.451515308728986,
                56.3439519876246,
                56.3894134469435,
                56.51232222284091,
                56.55522621555886,
                56.55522621555886,
                56.55522621555886,
                56.55522621555886,
                56.55522621555886,
                56.55522621555886,
                56.55522621555886,
                56.55522621555886,
                56.55522621555886,
                56.55522621555886,
                56.55522621555886,
                56.55522621555886,
                56.55522621555886,
                56.60688204282763,
                56.500442702491824,
                56.38431621428572,
                56.29393799024853,
                56.220343968635724,
                56.14442912240804,
                56.04293188465475,
                55.59720918706455,
                54.46302619972908,
                53.35285972510826,
                52.517776002681906,
                52.163531836714405,
                52.13321847990826,
                52.03836766176196,
                51.87745457833504,
                51.65741053877849,
                51.389773114656755,
                51.08832283352764,
                50.76822698137217,
                50.44526682250702,
                50.15630987481354,
                50.759148853515356,
                51.664774018881054,
                52.76982020205396,
                54.116432770870155,
                55.57933909819201,
                56.7349656835497,
                56.451515308728986,
                56.3439519876246,
                56.3894134469435,
                56.51232222284091,
                56.55522621555886,
                52.163531836714405,
                52.163531836714405,
                52.163531836714405,
                52.163531836714405,
                52.163531836714405,
                52.163531836714405,
                52.163531836714405,
                52.163531836714405,
                52.163531836714405,
                52.163531836714405,
                52.163531836714405,
                52.163531836714405,
                52.163531836714405,
                50.15630987481354,
                50.15630987481354,
                50.15630987481355,
                50.15630987481354,
                50.15630987481355,
                50.15630987481354,
                50.15630987481354,
                50.15630987481354,
                50.15630987481354,
                50.15630987481354,
                50.15630987481354,
                50.15630987481354,
                50.15630987481354
            ],
            "Node_12": [
                56.72163138141265,
                56.98990235014914,
                57.98036718236761,
                58.03430783862645,
                57.803623021189516,
                57.54734927662392,
                57.259384559872274,
                56.826285589775075,
                56.25327087130762,
                56.13721815721289,
                56.124059271666205,
                56.13578436326252,
                56.14573142090848,
                56.45995583837343,
                57.12010290960218,
                57.70013329727262,
                58.380155861593856,
                59.06997920059258,
                59.68542081078514,
                60.15773618233074,
                60.441885708563404,
                60.522371603682544,
                60.25654261953417,
                59.63954477237313,
                58.845987900583566,
                58.02281898093233,
                57.296482120826184,
                56.83203013699273,
                57.51956761389391,
                57.907932277395034,
                58.16665347055331,
                57.27557627000346,
                56.72163138141265,
                56.72163138141265,
                56.72163138141265,
                56.72163138141265,
                56.72163138141265,
                56.72163138141265,
                56.72163138141265,
                56.72163138141265,
                56.72163138141265,
                56.72163138141265,
                56.72163138141265,
                56.72163138141265,
                56.72163138141265,
                56.98990235014914,
                57.98036718236761,
                58.03430783862645,
                57.803623021189516,
                57.54734927662392,
                57.259384559872274,
                56.826285589775075,
                56.25327087130762,
                56.13721815721289,
                56.124059271666205,
                56.13578436326252,
                56.14573142090848,
                56.45995583837343,
                57.12010290960218,
                57.70013329727262,
                58.380155861593856,
                59.06997920059258,
                59.68542081078514,
                60.15773618233074,
                60.441885708563404,
                60.522371603682544,
                60.25654261953417,
                59.63954477237313,
                58.845987900583566,
                58.02281898093233,
                57.296482120826184,
                56.83203013699273,
                57.51956761389391,
                57.907932277395034,
                58.16665347055331,
                57.27557627000346,
                56.72163138141265,
                56.14573142090848,
                56.14573142090848,
                56.14573142090848,
                56.14573142090848,
                56.14573142090848,
                56.14573142090848,
                56.14573142090848,
                56.14573142090848,
                56.14573142090848,
                56.14573142090848,
                56.14573142090848,
                56.14573142090848,
                56.14573142090848,
                60.522371603682544,
                60.522371603682544,
                60.522371603682565,
                60.522371603682544,
                60.522371603682565,
                60.522371603682544,
                60.522371603682544,
                60.522371603682544,
                60.522371603682544,
                60.522371603682544,
                60.522371603682544,
                60.522371603682544,
                60.522371603682544
            ],
            "Node_13": [
                58.43904058668273,
                58.40501665803907,
                58.355348141532005,
                59.57377476462075,
                60.35278935132787,
                59.88364590748524,
                58.88707467019988,
                57.8619747347134,
                57.269823847132535,
                56.98506088204811,
                56.792214238064865,
                56.65767428255153,
                56.60495912464033,
                56.74238093562571,
                57.35469054685823,
                58.661954906730706,
                60.230607773774416,
                61.90837370210527,
                63.570717233016204,
                65.09061791725352,
                66.26205102995551,
                66.70552908876768,
                65.64947539378625,
                63.84559258034755,
                62.168618449123606,
                60.89279413647233,
                60.120964423742684,
                59.977915517434376,
                60.430714299198584,
                60.4926349335747,
                58.94785658632998,
                58.40553006488615,
                58.43904058668273,
                58.43904058668273,
                58.43904058668273,
                58.43904058668273,
                58.43904058668273,
                58.43904058668273,
                58.43904058668273,
                58.43904058668273,
                58.43904058668273,
                58.43904058668273,
                58.43904058668273,
                58.43904058668273,
                58.43904058668273,
                58.40501665803907,
                58.355348141532005,
                59.57377476462075,
                60.35278935132787,
                59.88364590748524,
                58.88707467019988,
                57.8619747347134,
                57.269823847132535,
                56.98506088204811,
                56.792214238064865,
                56.65767428255153,
                56.60495912464033,
                56.74238093562571,
                57.35469054685823,
                58.661954906730706,
                60.230607773774416,
                61.90837370210527,
                63.570717233016204,
                65.09061791725352,
                66.26205102995551,
                66.70552908876768,
                65.64947539378625,
                63.84559258034755,
                62.168618449123606,
                60.89279413647233,
                60.120964423742684,
                59.977915517434376,
                60.430714299198584,
                60.4926349335747,
                58.94785658632998,
                58.40553006488615,
                58.43904058668273,
                56.60495912464033,
                56.60495912464033,
                56.60495912464033,
                56.60495912464033,
                56.60495912464033,
                56.60495912464033,
                56.60495912464033,
                56.60495912464033,
                56.60495912464033,
                56.60495912464033,
                56.60495912464033,
                56.60495912464033,
                56.60495912464033,
                66.70552908876768,
                66.70552908876768,
                66.70552908876762,
                66.70552908876768,
                66.70552908876762,
                66.70552908876768,
                66.70552908876768,
                66.70552908876768,
                66.70552908876768,
                66.70552908876768,
                66.70552908876768,
                66.70552908876768,
                66.70552908876768
            ],
            "Node_14": [
                58.47319375267461,
                58.83696389515604,
                59.777962227531326,
                61.01146451930338,
                62.52050832867963,
                64.18186074862848,
                65.76694957521097,
                67.25098848737012,
                68.58137031067928,
                69.69360691432611,
                70.53185755003777,
                71.0514806771084,
                71.22703904979295,
                71.21174154452163,
                71.16392297335747,
                71.08304329566653,
                70.97661823291793,
                70.85926126953262,
                70.74878608033106,
                70.66190072235365,
                70.6060291560203,
                70.56934800474664,
                70.56406422116,
                70.37233081101517,
                69.8441749404232,
                68.88483729764535,
                67.50991732346681,
                65.83599886887018,
                64.00943407363887,
                62.10274593900229,
                60.38758219158651,
                59.030835229433585,
                58.47319375267461,
                58.47319375267461,
                58.47319375267461,
                58.47319375267461,
                58.47319375267461,
                58.47319375267461,
                58.47319375267461,
                58.47319375267461,
                58.47319375267461,
                58.47319375267461,
                58.47319375267461,
                58.47319375267461,
                58.47319375267461,
                58.83696389515604,
                59.777962227531326,
                61.01146451930338,
                62.52050832867963,
                64.18186074862848,
                65.76694957521097,
                67.25098848737012,
                68.58137031067928,
                69.69360691432611,
                70.53185755003777,
                71.0514806771084,
                71.22703904979295,
                71.21174154452163,
                71.16392297335747,
                71.08304329566653,
                70.97661823291793,
                70.85926126953262,
                70.74878608033106,
                70.66190072235365,
                70.6060291560203,
                70.56934800474664,
                70.56406422116,
                70.37233081101517,
                69.8441749404232,
                68.88483729764535,
                67.50991732346681,
                65.83599886887018,
                64.00943407363887,
                62.10274593900229,
                60.38758219158651,
                59.030835229433585,
                58.47319375267461,
                71.22703904979295,
                71.22703904979295,
                71.22703904979295,
                71.22703904979295,
                71.22703904979295,
                71.22703904979295,
                71.22703904979295,
                71.22703904979295,
                71.22703904979295,
                71.22703904979295,
                71.22703904979295,
                71.22703904979295,
                71.22703904979295,
                70.56934800474664,
                70.56934800474664,
                70.56934800474664,
                70.56934800474664,
                70.56934800474664,
                70.56934800474664,
                70.56934800474664,
                70.56934800474664,
                70.56934800474664,
                70.56934800474664,
                70.56934800474664,
                70.56934800474664,
                70.56934800474664
            ],
            "Node_15": [
                65.17975503164553,
                65.03766685292567,
                64.67649330690683,
                64.37565037676504,
                64.85482554149546,
                66.40020286533095,
                68.22954259612347,
                69.92153304742752,
                71.4851502565279,
                72.98061169707013,
                74.325414609815,
                75.29672930512712,
                75.6548768445129,
                75.5605432895355,
                75.28041169387352,
                74.82355941682845,
                74.20801911359682,
                73.46252385204065,
                72.6238891091819,
                71.74996948108891,
                70.9893166639995,
                70.68161545034975,
                71.19250648057863,
                71.58529587980492,
                71.27560209616846,
                70.45398491027251,
                69.31347062346069,
                67.8023234245162,
                65.87677303668632,
                64.3374499761606,
                64.39133507490072,
                64.94044849712448,
                65.17975503164553,
                65.17975503164553,
                65.17975503164553,
                65.17975503164553,
                65.17975503164553,
                65.17975503164553,
                65.17975503164553,
                65.17975503164553,
                65.17975503164553,
                65.17975503164553,
                65.17975503164553,
                65.17975503164553,
                65.17975503164553,
                65.03766685292567,
                64.67649330690683,
                64.37565037676504,
                64.85482554149546,
                66.40020286533095,
                68.22954259612347,
                69.92153304742752,
                71.4851502565279,
                72.98061169707013,
                74.325414609815,
                75.29672930512712,
                75.6548768445129,
                75.5605432895355,
                75.28041169387352,
                74.82355941682845,
                74.20801911359682,
                73.46252385204065,
                72.6238891091819,
                71.74996948108891,
                70.9893166639995,
                70.68161545034975,
                71.19250648057863,
                71.58529587980492,
                71.27560209616846,
                70.45398491027251,
                69.31347062346069,
                67.8023234245162,
                65.87677303668632,
                64.3374499761606,
                64.39133507490072,
                64.94044849712448,
                65.17975503164553,
                75.6548768445129,
                75.6548768445129,
                75.6548768445129,
                75.6548768445129,
                75.6548768445129,
                75.6548768445129,
                75.6548768445129,
                75.6548768445129,
                75.6548768445129,
                75.6548768445129,
                75.6548768445129,
                75.6548768445129,
                75.6548768445129,
                70.68161545034975,
                70.68161545034975,
                70.68161545034977,
                70.68161545034975,
                70.68161545034977,
                70.68161545034975,
                70.68161545034975,
                70.68161545034975,
                70.68161545034975,
                70.68161545034975,
                70.68161545034975,
                70.68161545034975,
                70.68161545034975
            ]
        }
    },
    "Phonon_DOS": {
        "DOS": [
            0.0,
            0.002,
            0.0,
            0.0,
            0.004,
            0.0,
            0.0,
            0.0,
            0.004,
            0.004,
            0.0013333333333333333,
            0.0026666666666666666,
            0.005333333333333333,
            0.0026666666666666666,
            0.012,
            0.0,
            0.004,
            0.0013333333333333333,
            0.02,
            0.017333333333333333,
            0.018666666666666668,
            0.022666666666666665,
            0.046,
            0.027333333333333334,
            0.042,
            0.02666666666666667,
            0.029333333333333333,
            0.034,
            0.057999999999999996,
            0.027999999999999997,
            0.02666666666666667,
            0.022666666666666665,
            0.02066666666666667,
            0.012,
            0.027999999999999997,
            0.01,
            0.004,
            0.034666666666666665,
            0.021333333333333333,
            0.006,
            0.0006666666666666666,
            0.0,
            0.0,
            0.0,
            0.0,
            0.0,
            0.0,
            0.0,
            0.0,
            0.0,
            0.012,
            0.037333333333333336,
            0.02066666666666667,
            0.004666666666666667,
            0.018000000000000002,
            0.006666666666666667,
            0.009333333333333334,
            0.006,
            0.04333333333333334,
            0.03333333333333333,
            0.02666666666666667,
            0.014666666666666666,
            0.02,
            0.008,
            0.010666666666666666,
            0.004,
            0.008,
            0.006,
            0.010666666666666666,
            0.006666666666666667,
            0.009333333333333334,
            0.009333333333333334,
            0.034666666666666665,
            0.016666666666666666,
            0.006666666666666667,
            0.006666666666666667,
            0.008,
            0.002,
            0.0
        ],
        "Energy(meV)": [
            -1.5,
            -0.5,
            0.5,
            1.5,
            2.5,
            3.5,
            4.5,
            5.5,
            6.5,
            7.5,
            8.5,
            9.5,
            10.5,
            11.5,
            12.5,
            13.5,
            14.5,
            15.5,
            16.5,
            17.5,
            18.5,
            19.5,
            20.5,
            21.5,
            22.5,
            23.5,
            24.5,
            25.5,
            26.5,
            27.5,
            28.5,
            29.5,
            30.5,
            31.5,
            32.5,
            33.5,
            34.5,
            35.5,
            36.5,
            37.5,
            38.5,
            39.5,
            40.5,
            41.5,
            42.5,
            43.5,
            44.5,
            45.5,
            46.5,
            47.5,
            48.5,
            49.5,
            50.5,
            51.5,
            52.5,
            53.5,
            54.5,
            55.5,
            56.5,
            57.5,
            58.5,
            59.5,
            60.5,
            61.5,
            62.5,
            63.5,
            64.5,
            65.5,
            66.5,
            67.5,
            68.5,
            69.5,
            70.5,
            71.5,
            72.5,
            73.5,
            74.5,
            75.5,
            76.5
        ]
    }
}