{
    "POSCAR": {
        "Atomes": "   Ta    C   Cl\n",
        "coordinate": "Direct\n",
        "unit_cell": {
            "a_vector": "3.2896780707912545   -1.674533375648204e-07   -4.308057058780108e-07\n",
            "b_vector": "-1.644839180362652   2.8489446908601592   3.813426038772609e-07\n",
            "c_vector": "-3.4561494851688167e-06   1.5372017627388498e-06   29.051717324294454\n"
        },
        "positions": {
            "Ta": [
                "0.3333333661746805   0.6666666915947601   0.16261766223504776\n",
                "0.6666666198234832   0.33333332723408216   0.23738233730309216\n"
            ],
            "C": [
                "-7.713447168240001e-10   -1.4545828361683414e-08   0.19999999773043367\n"
            ],
            "Cl": [
                "0.33333335055137875   0.6666666744960245   0.30021707100936074\n",
                "0.6666666639795211   0.3333333213664702   0.09978293172206652\n"
            ]
        }
    },
    "Termo_data": {
        "Temperature (K)": [
            0,
            10,
            20,
            30,
            40,
            50,
            60,
            70,
            80,
            90,
            100,
            110,
            120,
            130,
            140,
            150,
            160,
            170,
            180,
            190,
            200,
            210,
            220,
            230,
            240,
            250,
            260,
            270,
            280,
            290,
            300,
            310,
            320,
            330,
            340,
            350,
            360,
            370,
            380,
            390,
            400,
            410,
            420,
            430,
            440,
            450,
            460,
            470,
            480,
            490,
            500,
            510,
            520,
            530,
            540,
            550,
            560,
            570,
            580,
            590,
            600,
            610,
            620,
            630,
            640,
            650,
            660,
            670,
            680,
            690,
            700,
            710,
            720,
            730,
            740,
            750,
            760,
            770,
            780,
            790,
            800,
            810,
            820,
            830,
            840,
            850,
            860,
            870,
            880,
            890,
            900,
            910,
            920,
            930,
            940,
            950,
            960,
            970,
            980,
            990,
            1000,
            1010,
            1020,
            1030,
            1040,
            1050,
            1060,
            1070,
            1080,
            1090,
            1100,
            1110,
            1120,
            1130,
            1140,
            1150,
            1160,
            1170,
            1180,
            1190,
            1200,
            1210,
            1220,
            1230,
            1240,
            1250,
            1260,
            1270,
            1280,
            1290,
            1300,
            1310,
            1320,
            1330,
            1340,
            1350,
            1360,
            1370,
            1380,
            1390,
            1400,
            1410,
            1420,
            1430,
            1440,
            1450,
            1460,
            1470,
            1480,
            1490,
            1500,
            1510,
            1520,
            1530,
            1540,
            1550,
            1560,
            1570,
            1580,
            1590,
            1600,
            1610,
            1620,
            1630,
            1640,
            1650,
            1660,
            1670,
            1680,
            1690,
            1700,
            1710,
            1720,
            1730,
            1740,
            1750,
            1760,
            1770,
            1780,
            1790,
            1800,
            1810,
            1820,
            1830,
            1840,
            1850,
            1860,
            1870,
            1880,
            1890,
            1900,
            1910,
            1920,
            1930,
            1940,
            1950,
            1960,
            1970
        ],
        "Gibbs_free(J/mole)": [
            -604759.2609500884,
            -604759.4082340118,
            -604760.8423469751,
            -604765.6713483445,
            -604776.8918490625,
            -604797.199812413,
            -604828.5116573629,
            -604872.0156862172,
            -604928.3357485712,
            -604997.6937676151,
            -605080.0444499694,
            -605175.1751352737,
            -605282.7760900948,
            -605402.4861343044,
            -605533.923987165,
            -605676.7050205775,
            -605830.4520773784,
            -605994.8016692193,
            -606169.4064528453,
            -606353.9363811522,
            -606548.078279956,
            -606751.5359248483,
            -606964.0284603287,
            -607185.2901985324,
            -607415.0685643975,
            -607653.1242169855,
            -607899.2297014082,
            -608153.1683865674,
            -608414.7342245092,
            -608683.7305084217,
            -608959.9697688307,
            -609243.2725364406,
            -609533.4674558908,
            -609830.3906674618,
            -610133.8850920872,
            -610443.8001400616,
            -610759.9914346916,
            -611082.3205492181,
            -611410.6542126363,
            -611744.8646741597,
            -612084.8290378759,
            -612430.4288081002,
            -612781.5500618018,
            -613138.0830507168,
            -613499.9222143118,
            -613866.9652832869,
            -614239.11413475,
            -614616.2735613198,
            -614998.3518523261,
            -615385.2605016116,
            -615776.913555044,
            -616173.2283686431,
            -616574.124602879,
            -616979.5247687111,
            -617389.3535641483,
            -617803.5381880823,
            -618222.0079863125,
            -618644.6946587098,
            -619071.5316575443,
            -619502.4545839096,
            -619937.4008941934,
            -620376.3098388105,
            -620819.1224094996,
            -621265.7812107033,
            -621716.2305530633,
            -622170.4161665572,
            -622628.2853257622,
            -623089.7867236037,
            -623554.8703366087,
            -624023.4875206946,
            -624495.5908882298,
            -624971.1342205657,
            -625450.0725529577,
            -625932.361986837,
            -626417.9597122512,
            -626906.8240115541,
            -627398.9141463123,
            -627894.1903242585,
            -628392.6137575395,
            -628894.14654637,
            -629398.7516558913,
            -629906.3929138477,
            -630417.0349643854,
            -630930.6432749485,
            -631447.1840556505,
            -631966.6242521702,
            -632488.9315697956,
            -633014.0743738421,
            -633542.0217278984,
            -634072.7433414421,
            -634606.2095748562,
            -635142.3913795899,
            -635681.2603243691,
            -636222.7885610833,
            -636766.9487895309,
            -637313.7142526814,
            -637863.058747285,
            -638414.9565533013,
            -638969.382501068,
            -639526.3118273848,
            -640085.7203278241,
            -640647.584209626,
            -641211.88011384,
            -641778.5851792434,
            -642347.6768689611,
            -642919.1331174383,
            -643492.932320899,
            -644069.0531687175,
            -644647.474791432,
            -645228.1765465987,
            -645811.1383642508,
            -646396.3404072286,
            -646983.7631506197,
            -647573.3874891612,
            -648165.194664956,
            -648759.1660343992,
            -649355.2835339666,
            -649953.529169105,
            -650553.8854145721,
            -651156.3349159985,
            -651760.8607108779,
            -652367.4459514841,
            -652976.0741767583,
            -653586.7291713187,
            -654199.3949856814,
            -654814.05588084,
            -655430.6962834499,
            -656049.3011479469,
            -656669.855266392,
            -657292.3439278865,
            -657916.7525404744,
            -658543.0668599468,
            -659171.2726348417,
            -659801.3560616532,
            -660433.3032198066,
            -661067.1008410574,
            -661702.7354040394,
            -662340.1938197754,
            -662979.4632172356,
            -663620.5307563978,
            -664263.3839007062,
            -664908.0100993993,
            -665554.3972878667,
            -666202.5332287687,
            -666852.4062542501,
            -667504.0043303394,
            -668157.3161137692,
            -668812.3299931834,
            -669469.034744566,
            -670127.4192776965,
            -670787.4725915836,
            -671449.183774873,
            -672112.5422362484,
            -672777.537330221,
            -673444.1587160892,
            -674112.3959959393,
            -674782.23905319,
            -675453.6778781555,
            -676126.7024926685,
            -676801.3031205832,
            -677477.470222257,
            -678155.1940717032,
            -678834.4652926354,
            -679515.274589979,
            -680197.612802193,
            -680881.4708044762,
            -681566.8396046817,
            -682253.7102886401,
            -682942.0741709333,
            -683631.9224783238,
            -684323.2466834774,
            -685016.0383535612,
            -685710.2890714229,
            -686405.9905882922,
            -687103.1347452904,
            -687801.7133876765,
            -688501.7185511976,
            -689203.1423467405,
            -689905.9768716922,
            -690610.2146201704,
            -691315.847560861,
            -692022.8685497601,
            -692731.2698528625,
            -693441.0442077244,
            -694152.1841036034,
            -694864.6825268334,
            -695578.532290959,
            -696293.7260842972,
            -697010.2572228431,
            -697728.1185153165,
            -698447.3031525211,
            -699167.8044156252,
            -699889.6156121894,
            -700612.729988304,
            -701337.1410806389,
            -702062.8421194545,
            -702789.8270977943,
            -703518.0892099992
        ],
        "Cp(J/mole.K)": [
            -0.0,
            0.1492136621440295,
            0.7234052600339056,
            1.8949012301804034,
            3.557030621299054,
            5.4109262169804415,
            7.230642436182825,
            8.9008863288851,
            10.37692203798797,
            11.65573940865579,
            12.755734681792092,
            13.703148627333576,
            14.524877083429601,
            15.245063353775187,
            15.883067600143836,
            16.454160888242768,
            16.97051410139538,
            17.441176898771644,
            17.87285323970138,
            18.2707950874552,
            18.639176630997092,
            18.981233243740295,
            19.299458032869726,
            19.595853242190778,
            19.872619765112177,
            20.131344455439848,
            20.37320095873437,
            20.599617783894026,
            20.811714854312605,
            21.010431969401555,
            21.196607054007472,
            21.371479826691242,
            21.535959308966994,
            21.690356802431005,
            21.83540044681866,
            21.972069487019326,
            22.100791806285308,
            22.221937101238264,
            22.336444930132657,
            22.444508773949984,
            22.546198686352028,
            22.642361393017985,
            22.733685013256036,
            22.820089199987706,
            22.9017447210383,
            22.979301145693043,
            23.05266670857676,
            23.122428154206236,
            23.188782170182094,
            23.251635256051703,
            23.311681396444328,
            23.3688796215603,
            23.42328746444531,
            23.475050576787908,
            23.524372208170902,
            23.571695477425276,
            23.616948694665837,
            23.659922765477596,
            23.701069855107967,
            23.740611309101265,
            23.778417985537175,
            23.81457841274669,
            23.849273799243427,
            23.882644738705086,
            23.91460661627343,
            23.945351937931356,
            23.97489294352713,
            24.00315207435929,
            24.03041931674811,
            24.056682295782814,
            24.081947936996535,
            24.10639286049419,
            24.129890218097866,
            24.152521663575417,
            24.17445831997881,
            24.19553997613537,
            24.215836615755904,
            24.235575608623858,
            24.254659892781582,
            24.27303709828428,
            24.29082028474653,
            24.308087086727028,
            24.324854680366116,
            24.34102845101425,
            24.35668804810848,
            24.371931956571764,
            24.386684509058128,
            24.40098989359103,
            24.41491548104696,
            24.42843196896998,
            24.441530748823297,
            24.45430111104519,
            24.466745992645286,
            24.47878599354001,
            24.490507591940762,
            24.50194642691356,
            24.513110469002072,
            24.523960648960063,
            24.534478784538805,
            24.54484269047119,
            24.554898149217408,
            24.56468312487094,
            24.57427121832159,
            24.58344408718127,
            24.592611723719386,
            24.601796846298534,
            24.610599277139258,
            24.618898660040273,
            24.626976171357015,
            24.635315490386215,
            24.643337262998024,
            24.65093911516872,
            24.658838308556085,
            24.66638383748068,
            24.673460822092764,
            24.680694720067713,
            24.68773362482898,
            24.69464064903416,
            24.7015763161585,
            24.708233561558966,
            24.714508723584174,
            24.72085765548682,
            24.72739628034161,
            24.733730786896544,
            24.73951542067816,
            24.745492454530726,
            24.751708296930794,
            24.75710324412803,
            24.76253164894888,
            24.768490589474183,
            24.77416592597738,
            24.779533090812038,
            24.78461897199722,
            24.78979584492298,
            24.795357547287413,
            24.80017268426309,
            24.80513847591365,
            24.81055582257143,
            24.815402446343796,
            24.8198621673911,
            24.82446291478098,
            24.829346947142437,
            24.83430624135092,
            24.83900061914755,
            24.84321528850103,
            24.84778461592214,
            24.85201516346403,
            24.85630963411261,
            24.8611000173141,
            24.865167171035953,
            24.86924117663918,
            24.873694597382993,
            24.87797366904539,
            24.882047166121925,
            24.885850450809812,
            24.889963929716252,
            24.894099273265535,
            24.89768883000943,
            24.901945934088705,
            24.906192052178085,
            24.90936315991007,
            24.913007801573258,
            24.917378675955575,
            24.921462102504798,
            24.925101017148933,
            24.928487375248345,
            24.9322196162762,
            24.9360455449901,
            24.939374428312533,
            24.943071464373737,
            24.94697045584374,
            24.950436835426807,
            24.954129464772507,
            24.957692125142785,
            24.96087437255241,
            24.964448598620947,
            24.967864185013127,
            24.971666069533015,
            24.97504059989562,
            24.97791131473179,
            24.982212746807164,
            24.985820895273612,
            24.98841226458265,
            24.991674736879006,
            24.99610842797,
            24.99922739100267,
            25.001862057140997,
            25.005983872167683,
            25.00868963145132,
            25.01164239202626,
            25.016017453657966,
            25.019435567410625,
            25.02244214974371,
            25.025144626240944,
            25.028661223891234,
            25.032927046297395,
            25.03506751463283,
            25.038231701905282
        ],
        "S(J/mole.K)": [
            0,
            0.07460683107201475,
            0.33006497715250593,
            0.8267331638577162,
            1.587178863216832,
            2.572900312577258,
            3.7165464706238707,
            4.954877601892804,
            6.239212824187416,
            7.535311529820319,
            8.82063934216858,
            10.081296468409711,
            11.309370072370804,
            12.500921874710185,
            13.654522879530852,
            14.770247323429796,
            15.849047918706493,
            16.892352275515442,
            17.901796212203045,
            18.8790747547886,
            19.825864567601823,
            20.74377810822771,
            21.63433627928025,
            22.498957135094678,
            23.338966856480695,
            24.15560665736266,
            24.950025872600964,
            25.723292602135917,
            26.476404770796943,
            27.210291363111175,
            27.92581697440328,
            28.623795046164016,
            29.304995697893904,
            29.970136831830317,
            30.619887431664395,
            31.25488296872209,
            31.875725117433472,
            32.482977006501464,
            33.07717404500145,
            33.65882474867394,
            34.22840234473988,
            34.78635618677072,
            35.33312165252282,
            35.86911063424195,
            36.39470760776312,
            36.9102802751513,
            37.41617830766044,
            37.912734050120335,
            38.4002671426293,
            38.87907854114746,
            39.349456939357324,
            39.81168041627824,
            40.26601099716208,
            40.71269765637989,
            41.151978658857104,
            41.58408506074774,
            42.009238814796845,
            42.42764761029539,
            42.83951036016515,
            43.245021549145164,
            43.644366653621546,
            44.03772159923392,
            44.42525591485319,
            44.807133567586426,
            45.1835112312896,
            45.5545391103864,
            45.92036210213847,
            46.28111807953829,
            46.63694033977518,
            46.9879583842092,
            47.33429608279694,
            47.67607332663611,
            48.01340533870971,
            48.346402251352266,
            48.67517141651915,
            48.9998159509545,
            49.32043426537274,
            49.63712284753855,
            49.94997530418331,
            50.25908071031735,
            50.564525154174774,
            50.86639270124288,
            51.1647649061677,
            51.45971989231621,
            51.751332879828986,
            52.03967747145653,
            52.32482482655469,
            52.60684345012706,
            52.88580013491592,
            53.16175962745183,
            53.43478429123788,
            53.70493486499472,
            53.97227060242585,
            54.23684842434741,
            54.4987234580607,
            54.757949728237875,
            55.01457979137049,
            55.26866441002348,
            55.5202524904831,
            55.769392254621195,
            56.016130597339355,
            56.260512430287775,
            56.50258188630541,
            56.74238110734004,
            56.97995192476955,
            57.21533704853354,
            57.44857619452668,
            57.679705509489565,
            57.90876087058422,
            58.13578068351488,
            58.36080188725171,
            58.583857322913516,
            58.804981688789844,
            59.0242090796979,
            59.24156930444441,
            59.45709360622276,
            59.67081361950549,
            59.88275891678639,
            60.092959265387606,
            60.301443069044026,
            60.50823629612714,
            60.71336572017025,
            60.91685981256595,
            61.11874522168509,
            61.31904495333728,
            61.51778303372266,
            61.71498606821114,
            61.91067604329145,
            62.104873592955116,
            62.29760413371842,
            62.48889128878946,
            62.67875491292653,
            62.86721441597183,
            63.054290269663035,
            63.24000498173264,
            63.424377464003925,
            63.60742531747092,
            63.78917015331972,
            63.96963050555351,
            64.1488214637211,
            64.32676033958414,
            64.50346646530815,
            64.6789585351944,
            64.85325292799536,
            65.02636374470603,
            65.19830692481919,
            65.36909858170694,
            65.53875349354203,
            65.70728896716756,
            65.8747193282208,
            66.04105695710167,
            66.20631765483412,
            66.3705163216786,
            66.53366564100725,
            66.69577773638447,
            66.85686615835874,
            67.01694514430565,
            67.17602592667099,
            67.33412155568803,
            67.49124654071638,
            67.64740965924574,
            67.80262100856635,
            67.95689608775282,
            68.11024778026186,
            68.26268514466793,
            68.41421717713965,
            68.56485509501071,
            68.71461096104467,
            68.86349410869734,
            69.01151450677426,
            69.15868401871266,
            69.30501195490069,
            69.45050752259704,
            69.59518065478768,
            69.73903936344868,
            69.88209300994058,
            70.02435143828043,
            70.16582430019916,
            70.30652033820078,
            70.44644564862392,
            70.58561138602818,
            70.72402802611904,
            70.86169911504548,
            70.99863186359725,
            71.13483933559037,
            71.27032902271021,
            71.40510380875057,
            71.53917403480008,
            71.67254742666846,
            71.80522826520901,
            71.93722825620353,
            72.0685557857083,
            72.19921430009998,
            72.32920889076195,
            72.4585477304834,
            72.58724158173428,
            72.71529354231025,
            72.84270732188597
        ]
    },
    "Phonon_data": {
        "Numb_Node": 15,
        "total_n_kpoints": 100,
        "frequency": {
            "Node_1": [
                -0.025834321149188856,
                -0.46693387117459195,
                0.9878399500498577,
                2.634200910052324,
                4.451446529787205,
                6.301018312189586,
                8.030950323571469,
                9.449754880180567,
                10.265004757123982,
                10.367702749451722,
                10.151205867022853,
                9.950740275218646,
                9.877464810433505,
                9.95162779889368,
                10.163450418935629,
                10.48470947837641,
                10.873868022665897,
                11.270162924608012,
                11.542863537898615,
                11.564494014990855,
                11.573515887843934,
                11.624831295518216,
                11.617975746792212,
                11.341296841342293,
                11.127430632663259,
                11.01479150117282,
                10.303751723653603,
                8.47718144225728,
                6.286719540099764,
                3.991693755994293,
                1.805458863184242,
                -0.4234008139921391,
                -0.025834321149188856,
                -0.025834321149188856,
                -0.025834321149188856,
                -0.025834321149188856,
                -0.025834321149188856,
                -0.025834321149188856,
                -0.025834321149188856,
                -0.025834321149188856,
                -0.025834321149188856,
                -0.025834321149188856,
                -0.025834321149188856,
                -0.025834321149188856,
                -0.025834321149188856,
                -0.46693387117459195,
                0.9878399500498577,
                2.634200910052324,
                4.451446529787205,
                6.301018312189586,
                8.030950323571469,
                9.449754880180567,
                10.265004757123982,
                10.367702749451722,
                10.151205867022853,
                9.950740275218646,
                9.877464810433505,
                9.95162779889368,
                10.163450418935629,
                10.48470947837641,
                10.873868022665897,
                11.270162924608012,
                11.542863537898615,
                11.564494014990855,
                11.573515887843934,
                11.624831295518216,
                11.617975746792212,
                11.341296841342293,
                11.127430632663259,
                11.01479150117282,
                10.303751723653603,
                8.47718144225728,
                6.286719540099764,
                3.991693755994293,
                1.805458863184242,
                -0.4234008139921391,
                -0.025834321149188856,
                9.877464810433505,
                9.877464810433505,
                9.877464810433505,
                9.877464810433505,
                9.877464810433505,
                9.877464810433505,
                9.877464810433505,
                9.877464810433505,
                9.877464810433505,
                9.877464810433505,
                9.877464810433505,
                9.877464810433505,
                9.877464810433505,
                11.624831295518216,
                11.624831295518216,
                11.624831295518204,
                11.624831295518216,
                11.624831295518204,
                11.624831295518216,
                11.624831295518216,
                11.624831295518216,
                11.624831295518216,
                11.624831295518216,
                11.624831295518216,
                11.624831295518216,
                11.624831295518216
            ],
            "Node_2": [
                -0.01824722290454876,
                1.795846482909684,
                3.5615076589220585,
                5.264889266919396,
                6.870125181629455,
                8.342755201551215,
                9.656913525047253,
                10.794937004755049,
                11.746219975373641,
                12.513994509634438,
                13.111773647834173,
                13.547224661475125,
                13.748810552380393,
                13.6382327514977,
                13.119945350734284,
                12.647430876523503,
                12.25980238206462,
                11.980526875699013,
                11.887799261186407,
                12.051471354956282,
                12.179562233831728,
                12.18366365421482,
                12.145326409988613,
                12.380798763821804,
                12.659325939341949,
                12.212243159575907,
                11.116587795077669,
                10.066105939958135,
                8.537521825544488,
                6.636573233808464,
                4.505541113515539,
                2.2677936501557436,
                -0.01824722290454876,
                -0.01824722290454876,
                -0.01824722290454876,
                -0.01824722290454876,
                -0.01824722290454876,
                -0.01824722290454876,
                -0.01824722290454876,
                -0.01824722290454876,
                -0.01824722290454876,
                -0.01824722290454876,
                -0.01824722290454876,
                -0.01824722290454876,
                -0.01824722290454876,
                1.795846482909684,
                3.5615076589220585,
                5.264889266919396,
                6.870125181629455,
                8.342755201551215,
                9.656913525047253,
                10.794937004755049,
                11.746219975373641,
                12.513994509634438,
                13.111773647834173,
                13.547224661475125,
                13.748810552380393,
                13.6382327514977,
                13.119945350734284,
                12.647430876523503,
                12.25980238206462,
                11.980526875699013,
                11.887799261186407,
                12.051471354956282,
                12.179562233831728,
                12.18366365421482,
                12.145326409988613,
                12.380798763821804,
                12.659325939341949,
                12.212243159575907,
                11.116587795077669,
                10.066105939958135,
                8.537521825544488,
                6.636573233808464,
                4.505541113515539,
                2.2677936501557436,
                -0.01824722290454876,
                13.748810552380393,
                13.748810552380393,
                13.748810552380393,
                13.748810552380393,
                13.748810552380393,
                13.748810552380393,
                13.748810552380393,
                13.748810552380393,
                13.748810552380393,
                13.748810552380393,
                13.748810552380393,
                13.748810552380393,
                13.748810552380393,
                12.18366365421482,
                12.18366365421482,
                12.18366365421481,
                12.18366365421482,
                12.18366365421481,
                12.18366365421482,
                12.18366365421482,
                12.18366365421482,
                12.18366365421482,
                12.18366365421482,
                12.18366365421482,
                12.18366365421482,
                12.18366365421482
            ],
            "Node_3": [
                -0.015083794353398159,
                2.678604323779075,
                5.109001163530768,
                7.130138201276504,
                8.71969393011897,
                9.955560184987348,
                10.937639823137397,
                11.752329849680054,
                12.462982971173952,
                13.125182116535301,
                13.715778421374031,
                14.131289126913398,
                14.214404182271775,
                13.803570748811083,
                13.828623867206549,
                13.884329967974463,
                13.936642722696906,
                13.970274214726503,
                13.979516293175035,
                13.97352776880379,
                13.971480493346693,
                13.982332874944115,
                13.963262664918744,
                13.747583628612203,
                13.197240234951812,
                12.720915764136688,
                12.2462535705868,
                11.304596860930596,
                10.057779755608951,
                8.411775302795528,
                6.172971119908161,
                3.2947581590747763,
                -0.015083794353398159,
                -0.015083794353398159,
                -0.015083794353398159,
                -0.015083794353398159,
                -0.015083794353398159,
                -0.015083794353398159,
                -0.015083794353398159,
                -0.015083794353398159,
                -0.015083794353398159,
                -0.015083794353398159,
                -0.015083794353398159,
                -0.015083794353398159,
                -0.015083794353398159,
                2.678604323779075,
                5.109001163530768,
                7.130138201276504,
                8.71969393011897,
                9.955560184987348,
                10.937639823137397,
                11.752329849680054,
                12.462982971173952,
                13.125182116535301,
                13.715778421374031,
                14.131289126913398,
                14.214404182271775,
                13.803570748811083,
                13.828623867206549,
                13.884329967974463,
                13.936642722696906,
                13.970274214726503,
                13.979516293175035,
                13.97352776880379,
                13.971480493346693,
                13.982332874944115,
                13.963262664918744,
                13.747583628612203,
                13.197240234951812,
                12.720915764136688,
                12.2462535705868,
                11.304596860930596,
                10.057779755608951,
                8.411775302795528,
                6.172971119908161,
                3.2947581590747763,
                -0.015083794353398159,
                14.214404182271775,
                14.214404182271775,
                14.214404182271775,
                14.214404182271775,
                14.214404182271775,
                14.214404182271775,
                14.214404182271775,
                14.214404182271775,
                14.214404182271775,
                14.214404182271775,
                14.214404182271775,
                14.214404182271775,
                14.214404182271775,
                13.982332874944115,
                13.982332874944115,
                13.982332874944115,
                13.982332874944115,
                13.982332874944115,
                13.982332874944115,
                13.982332874944115,
                13.982332874944115,
                13.982332874944115,
                13.982332874944115,
                13.982332874944115,
                13.982332874944115,
                13.982332874944115
            ],
            "Node_4": [
                14.461699858631766,
                14.524563875963985,
                14.624267118191906,
                14.720466011316567,
                14.784947153053318,
                14.814120513290318,
                14.631088814069196,
                14.320332928907053,
                14.409899932426612,
                14.626722912742979,
                14.493963263559394,
                14.331932648850334,
                14.287606636700188,
                14.83359365964324,
                15.393892011010893,
                15.906230550811017,
                16.35860537859962,
                16.762324047804874,
                17.147087414941137,
                17.54283793167744,
                17.95946491177736,
                18.33355705636751,
                17.727716626066066,
                16.866229583563808,
                15.848299192900638,
                14.898790561895959,
                14.411333169332663,
                14.55767958760103,
                14.905268123097704,
                14.931443377925987,
                14.722959089585396,
                14.537420594187276,
                14.461699858631766,
                14.461699858631766,
                14.461699858631766,
                14.461699858631766,
                14.461699858631766,
                14.461699858631766,
                14.461699858631766,
                14.461699858631766,
                14.461699858631766,
                14.461699858631766,
                14.461699858631766,
                14.461699858631766,
                14.461699858631766,
                14.524563875963985,
                14.624267118191906,
                14.720466011316567,
                14.784947153053318,
                14.814120513290318,
                14.631088814069196,
                14.320332928907053,
                14.409899932426612,
                14.626722912742979,
                14.493963263559394,
                14.331932648850334,
                14.287606636700188,
                14.83359365964324,
                15.393892011010893,
                15.906230550811017,
                16.35860537859962,
                16.762324047804874,
                17.147087414941137,
                17.54283793167744,
                17.95946491177736,
                18.33355705636751,
                17.727716626066066,
                16.866229583563808,
                15.848299192900638,
                14.898790561895959,
                14.411333169332663,
                14.55767958760103,
                14.905268123097704,
                14.931443377925987,
                14.722959089585396,
                14.537420594187276,
                14.461699858631766,
                14.287606636700188,
                14.287606636700188,
                14.287606636700188,
                14.287606636700188,
                14.287606636700188,
                14.287606636700188,
                14.287606636700188,
                14.287606636700188,
                14.287606636700188,
                14.287606636700188,
                14.287606636700188,
                14.287606636700188,
                14.287606636700188,
                18.33355705636751,
                18.33355705636751,
                18.333557056367493,
                18.33355705636751,
                18.333557056367493,
                18.33355705636751,
                18.33355705636751,
                18.33355705636751,
                18.33355705636751,
                18.33355705636751,
                18.33355705636751,
                18.33355705636751,
                18.33355705636751
            ],
            "Node_5": [
                14.489395615321163,
                14.668998412615608,
                14.983647884781384,
                15.166201392000316,
                15.178109632246922,
                14.99387652562999,
                14.835495941641668,
                14.801070788500246,
                14.737541475371254,
                15.129440033656019,
                16.192884253240834,
                17.41366911974437,
                18.594781499338456,
                18.593880074135072,
                18.600567305756577,
                18.628516761203457,
                18.67674366567878,
                18.72680986439565,
                18.748134205937227,
                18.706434675236558,
                18.57464736114588,
                18.352938745774317,
                18.32812703335322,
                17.511079664703406,
                16.49965381394942,
                15.641452082687616,
                15.227704889229589,
                15.13383987933442,
                15.071522370678755,
                15.094997705461887,
                15.061037217267081,
                14.768923052575932,
                14.489395615321163,
                14.489395615321163,
                14.489395615321163,
                14.489395615321163,
                14.489395615321163,
                14.489395615321163,
                14.489395615321163,
                14.489395615321163,
                14.489395615321163,
                14.489395615321163,
                14.489395615321163,
                14.489395615321163,
                14.489395615321163,
                14.668998412615608,
                14.983647884781384,
                15.166201392000316,
                15.178109632246922,
                14.99387652562999,
                14.835495941641668,
                14.801070788500246,
                14.737541475371254,
                15.129440033656019,
                16.192884253240834,
                17.41366911974437,
                18.594781499338456,
                18.593880074135072,
                18.600567305756577,
                18.628516761203457,
                18.67674366567878,
                18.72680986439565,
                18.748134205937227,
                18.706434675236558,
                18.57464736114588,
                18.352938745774317,
                18.32812703335322,
                17.511079664703406,
                16.49965381394942,
                15.641452082687616,
                15.227704889229589,
                15.13383987933442,
                15.071522370678755,
                15.094997705461887,
                15.061037217267081,
                14.768923052575932,
                14.489395615321163,
                18.594781499338456,
                18.594781499338456,
                18.594781499338456,
                18.594781499338456,
                18.594781499338456,
                18.594781499338456,
                18.594781499338456,
                18.594781499338456,
                18.594781499338456,
                18.594781499338456,
                18.594781499338456,
                18.594781499338456,
                18.594781499338456,
                18.352938745774317,
                18.352938745774317,
                18.352938745774303,
                18.352938745774317,
                18.352938745774303,
                18.352938745774317,
                18.352938745774317,
                18.352938745774317,
                18.352938745774317,
                18.352938745774317,
                18.352938745774317,
                18.352938745774317,
                18.352938745774317
            ],
            "Node_6": [
                16.661940630873115,
                16.708306724904293,
                16.87291930054626,
                17.262009080017435,
                17.860982005128317,
                18.59451604495559,
                19.37973384512747,
                20.1459237737825,
                20.829093664758783,
                21.335537288631254,
                21.445495510907715,
                20.150363077934166,
                18.918348563498103,
                18.930021270392775,
                18.97449715150681,
                19.06935016076714,
                19.217497427924727,
                19.391868319914888,
                19.54307935620201,
                19.623471193004086,
                19.61011244894552,
                19.545840297184714,
                19.929117216605064,
                20.93492918366312,
                21.93967194013698,
                22.31489698212174,
                21.458474360893675,
                20.195315048519173,
                18.938621170161557,
                17.86078675601373,
                17.101445747040657,
                16.733952173142924,
                16.661940630873115,
                16.661940630873115,
                16.661940630873115,
                16.661940630873115,
                16.661940630873115,
                16.661940630873115,
                16.661940630873115,
                16.661940630873115,
                16.661940630873115,
                16.661940630873115,
                16.661940630873115,
                16.661940630873115,
                16.661940630873115,
                16.708306724904293,
                16.87291930054626,
                17.262009080017435,
                17.860982005128317,
                18.59451604495559,
                19.37973384512747,
                20.1459237737825,
                20.829093664758783,
                21.335537288631254,
                21.445495510907715,
                20.150363077934166,
                18.918348563498103,
                18.930021270392775,
                18.97449715150681,
                19.06935016076714,
                19.217497427924727,
                19.391868319914888,
                19.54307935620201,
                19.623471193004086,
                19.61011244894552,
                19.545840297184714,
                19.929117216605064,
                20.93492918366312,
                21.93967194013698,
                22.31489698212174,
                21.458474360893675,
                20.195315048519173,
                18.938621170161557,
                17.86078675601373,
                17.101445747040657,
                16.733952173142924,
                16.661940630873115,
                18.918348563498103,
                18.918348563498103,
                18.918348563498103,
                18.918348563498103,
                18.918348563498103,
                18.918348563498103,
                18.918348563498103,
                18.918348563498103,
                18.918348563498103,
                18.918348563498103,
                18.918348563498103,
                18.918348563498103,
                18.918348563498103,
                19.545840297184714,
                19.545840297184714,
                19.545840297184704,
                19.545840297184714,
                19.545840297184704,
                19.545840297184714,
                19.545840297184714,
                19.545840297184714,
                19.545840297184714,
                19.545840297184714,
                19.545840297184714,
                19.545840297184714,
                19.545840297184714
            ],
            "Node_7": [
                16.68953987290207,
                16.921725723304224,
                17.76510319325901,
                18.36739351072144,
                18.870037334439207,
                19.391744862283655,
                19.933548924755602,
                20.476260044299433,
                20.988304324047295,
                21.483306961107274,
                21.689733375500065,
                21.874345054461653,
                21.942644938959813,
                22.086108937890316,
                22.4899681635894,
                23.092158697163363,
                23.82115443649343,
                24.606590636395985,
                25.382562990015916,
                26.08957175641897,
                26.66570463758389,
                26.96669541475855,
                26.4052839404252,
                25.33924433408562,
                24.12583223492777,
                22.858715841036847,
                21.61223669136535,
                20.468173230393724,
                19.49810939905186,
                18.705535031814616,
                18.013517745887185,
                17.09917900599958,
                16.68953987290207,
                16.68953987290207,
                16.68953987290207,
                16.68953987290207,
                16.68953987290207,
                16.68953987290207,
                16.68953987290207,
                16.68953987290207,
                16.68953987290207,
                16.68953987290207,
                16.68953987290207,
                16.68953987290207,
                16.68953987290207,
                16.921725723304224,
                17.76510319325901,
                18.36739351072144,
                18.870037334439207,
                19.391744862283655,
                19.933548924755602,
                20.476260044299433,
                20.988304324047295,
                21.483306961107274,
                21.689733375500065,
                21.874345054461653,
                21.942644938959813,
                22.086108937890316,
                22.4899681635894,
                23.092158697163363,
                23.82115443649343,
                24.606590636395985,
                25.382562990015916,
                26.08957175641897,
                26.66570463758389,
                26.96669541475855,
                26.4052839404252,
                25.33924433408562,
                24.12583223492777,
                22.858715841036847,
                21.61223669136535,
                20.468173230393724,
                19.49810939905186,
                18.705535031814616,
                18.013517745887185,
                17.09917900599958,
                16.68953987290207,
                21.942644938959813,
                21.942644938959813,
                21.942644938959813,
                21.942644938959813,
                21.942644938959813,
                21.942644938959813,
                21.942644938959813,
                21.942644938959813,
                21.942644938959813,
                21.942644938959813,
                21.942644938959813,
                21.942644938959813,
                21.942644938959813,
                26.96669541475855,
                26.96669541475855,
                26.966695414758536,
                26.96669541475855,
                26.966695414758536,
                26.96669541475855,
                26.96669541475855,
                26.96669541475855,
                26.96669541475855,
                26.96669541475855,
                26.96669541475855,
                26.96669541475855,
                26.96669541475855
            ],
            "Node_8": [
                17.365799862631455,
                17.52446373515779,
                17.903094628210212,
                18.65906539337115,
                19.718239302317638,
                20.99378629440738,
                22.23259111730336,
                23.03628447472711,
                23.125395322327247,
                22.534828605058095,
                21.91042575594781,
                22.18266143477153,
                22.275532538466667,
                22.40044895751148,
                22.758607185458448,
                23.30843762225129,
                23.997459200049093,
                24.77001493499505,
                25.566896096870213,
                26.31628473348168,
                26.90599748100205,
                27.13163896647069,
                26.60435884889631,
                25.636407757923216,
                24.56276355788293,
                23.71795557015096,
                23.34592385475264,
                22.43554658219717,
                20.936633202094566,
                19.42403847550271,
                18.302143136371924,
                17.610662513604634,
                17.365799862631455,
                17.365799862631455,
                17.365799862631455,
                17.365799862631455,
                17.365799862631455,
                17.365799862631455,
                17.365799862631455,
                17.365799862631455,
                17.365799862631455,
                17.365799862631455,
                17.365799862631455,
                17.365799862631455,
                17.365799862631455,
                17.52446373515779,
                17.903094628210212,
                18.65906539337115,
                19.718239302317638,
                20.99378629440738,
                22.23259111730336,
                23.03628447472711,
                23.125395322327247,
                22.534828605058095,
                21.91042575594781,
                22.18266143477153,
                22.275532538466667,
                22.40044895751148,
                22.758607185458448,
                23.30843762225129,
                23.997459200049093,
                24.77001493499505,
                25.566896096870213,
                26.31628473348168,
                26.90599748100205,
                27.13163896647069,
                26.60435884889631,
                25.636407757923216,
                24.56276355788293,
                23.71795557015096,
                23.34592385475264,
                22.43554658219717,
                20.936633202094566,
                19.42403847550271,
                18.302143136371924,
                17.610662513604634,
                17.365799862631455,
                22.275532538466667,
                22.275532538466667,
                22.275532538466667,
                22.275532538466667,
                22.275532538466667,
                22.275532538466667,
                22.275532538466667,
                22.275532538466667,
                22.275532538466667,
                22.275532538466667,
                22.275532538466667,
                22.275532538466667,
                22.275532538466667,
                27.13163896647069,
                27.13163896647069,
                27.1316389664707,
                27.13163896647069,
                27.1316389664707,
                27.13163896647069,
                27.13163896647069,
                27.13163896647069,
                27.13163896647069,
                27.13163896647069,
                27.13163896647069,
                27.13163896647069,
                27.13163896647069
            ],
            "Node_9": [
                17.380618892849196,
                17.567252988253912,
                18.17079416871458,
                19.664806901210618,
                21.597244900585984,
                23.57841898173264,
                25.425162754868644,
                27.014047743072346,
                28.228763993705073,
                28.66105070394298,
                28.62449747073655,
                28.567615460739088,
                28.555322830669915,
                28.522129854798425,
                28.42831466755926,
                28.289918308854016,
                28.131034475581274,
                27.981517676567247,
                27.870941085867177,
                27.812078013932787,
                27.765276970871714,
                27.592784678425353,
                27.528624267879145,
                27.631855099413137,
                27.93907664920249,
                28.092642579434372,
                27.149406554846834,
                25.49869423721307,
                23.405063070718448,
                21.045170923362566,
                18.79769016229572,
                17.640046250324364,
                17.380618892849196,
                17.380618892849196,
                17.380618892849196,
                17.380618892849196,
                17.380618892849196,
                17.380618892849196,
                17.380618892849196,
                17.380618892849196,
                17.380618892849196,
                17.380618892849196,
                17.380618892849196,
                17.380618892849196,
                17.380618892849196,
                17.567252988253912,
                18.17079416871458,
                19.664806901210618,
                21.597244900585984,
                23.57841898173264,
                25.425162754868644,
                27.014047743072346,
                28.228763993705073,
                28.66105070394298,
                28.62449747073655,
                28.567615460739088,
                28.555322830669915,
                28.522129854798425,
                28.42831466755926,
                28.289918308854016,
                28.131034475581274,
                27.981517676567247,
                27.870941085867177,
                27.812078013932787,
                27.765276970871714,
                27.592784678425353,
                27.528624267879145,
                27.631855099413137,
                27.93907664920249,
                28.092642579434372,
                27.149406554846834,
                25.49869423721307,
                23.405063070718448,
                21.045170923362566,
                18.79769016229572,
                17.640046250324364,
                17.380618892849196,
                28.555322830669915,
                28.555322830669915,
                28.555322830669915,
                28.555322830669915,
                28.555322830669915,
                28.555322830669915,
                28.555322830669915,
                28.555322830669915,
                28.555322830669915,
                28.555322830669915,
                28.555322830669915,
                28.555322830669915,
                28.555322830669915,
                27.592784678425353,
                27.592784678425353,
                27.59278467842537,
                27.592784678425353,
                27.59278467842537,
                27.592784678425353,
                27.592784678425353,
                27.592784678425353,
                27.592784678425353,
                27.592784678425353,
                27.592784678425353,
                27.592784678425353,
                27.592784678425353
            ],
            "Node_10": [
                20.221548106162224,
                20.46940218067591,
                21.173362757255166,
                22.222670486373325,
                23.46564018692134,
                24.75007085441659,
                25.9890972041944,
                27.192239111213347,
                28.29502571552351,
                29.22745498319092,
                29.628532900329052,
                29.61987198531746,
                29.5760646526129,
                29.53485339658704,
                29.414243365020308,
                29.22336450040039,
                28.97647267085367,
                28.690910528569745,
                28.38673960965706,
                28.087754798035668,
                27.83206781161063,
                27.808586389352325,
                28.215853440969987,
                28.79189120362528,
                28.94194285094247,
                28.309052104383255,
                27.390503807321632,
                26.178223277582973,
                24.742191935257228,
                23.16290176970442,
                21.67673356761652,
                20.610003826655653,
                20.221548106162224,
                20.221548106162224,
                20.221548106162224,
                20.221548106162224,
                20.221548106162224,
                20.221548106162224,
                20.221548106162224,
                20.221548106162224,
                20.221548106162224,
                20.221548106162224,
                20.221548106162224,
                20.221548106162224,
                20.221548106162224,
                20.46940218067591,
                21.173362757255166,
                22.222670486373325,
                23.46564018692134,
                24.75007085441659,
                25.9890972041944,
                27.192239111213347,
                28.29502571552351,
                29.22745498319092,
                29.628532900329052,
                29.61987198531746,
                29.5760646526129,
                29.53485339658704,
                29.414243365020308,
                29.22336450040039,
                28.97647267085367,
                28.690910528569745,
                28.38673960965706,
                28.087754798035668,
                27.83206781161063,
                27.808586389352325,
                28.215853440969987,
                28.79189120362528,
                28.94194285094247,
                28.309052104383255,
                27.390503807321632,
                26.178223277582973,
                24.742191935257228,
                23.16290176970442,
                21.67673356761652,
                20.610003826655653,
                20.221548106162224,
                29.5760646526129,
                29.5760646526129,
                29.5760646526129,
                29.5760646526129,
                29.5760646526129,
                29.5760646526129,
                29.5760646526129,
                29.5760646526129,
                29.5760646526129,
                29.5760646526129,
                29.5760646526129,
                29.5760646526129,
                29.5760646526129,
                27.808586389352325,
                27.808586389352325,
                27.80858638935233,
                27.808586389352325,
                27.80858638935233,
                27.808586389352325,
                27.808586389352325,
                27.808586389352325,
                27.808586389352325,
                27.808586389352325,
                27.808586389352325,
                27.808586389352325,
                27.808586389352325
            ],
            "Node_11": [
                34.74844888912223,
                34.61876753661618,
                34.242765173076556,
                33.666759795953766,
                32.9760728243105,
                32.24650028451186,
                31.418137104667398,
                30.637349543377216,
                30.14503032075811,
                30.243368317476186,
                30.722615843919304,
                31.124581579319305,
                31.269824732567493,
                31.232289129700018,
                31.119641215367437,
                30.929389716501746,
                30.636767366162456,
                30.278267306122213,
                29.878147017500417,
                29.47459739453735,
                29.14397775161324,
                29.001977339729322,
                29.18219975527002,
                29.326932486960725,
                29.518801710253694,
                29.508296720790792,
                30.11396580383921,
                31.166962390482414,
                32.22964222566062,
                33.105956889963295,
                33.93680688133926,
                34.53290532628171,
                34.74844888912223,
                34.74844888912223,
                34.74844888912223,
                34.74844888912223,
                34.74844888912223,
                34.74844888912223,
                34.74844888912223,
                34.74844888912223,
                34.74844888912223,
                34.74844888912223,
                34.74844888912223,
                34.74844888912223,
                34.74844888912223,
                34.61876753661618,
                34.242765173076556,
                33.666759795953766,
                32.9760728243105,
                32.24650028451186,
                31.418137104667398,
                30.637349543377216,
                30.14503032075811,
                30.243368317476186,
                30.722615843919304,
                31.124581579319305,
                31.269824732567493,
                31.232289129700018,
                31.119641215367437,
                30.929389716501746,
                30.636767366162456,
                30.278267306122213,
                29.878147017500417,
                29.47459739453735,
                29.14397775161324,
                29.001977339729322,
                29.18219975527002,
                29.326932486960725,
                29.518801710253694,
                29.508296720790792,
                30.11396580383921,
                31.166962390482414,
                32.22964222566062,
                33.105956889963295,
                33.93680688133926,
                34.53290532628171,
                34.74844888912223,
                31.269824732567493,
                31.269824732567493,
                31.269824732567493,
                31.269824732567493,
                31.269824732567493,
                31.269824732567493,
                31.269824732567493,
                31.269824732567493,
                31.269824732567493,
                31.269824732567493,
                31.269824732567493,
                31.269824732567493,
                31.269824732567493,
                29.001977339729322,
                29.001977339729322,
                29.001977339729333,
                29.001977339729322,
                29.001977339729333,
                29.001977339729322,
                29.001977339729322,
                29.001977339729322,
                29.001977339729322,
                29.001977339729322,
                29.001977339729322,
                29.001977339729322,
                29.001977339729322
            ],
            "Node_12": [
                35.66924255120358,
                35.50529337212389,
                35.032676059529656,
                34.308050602787716,
                33.4215568680594,
                32.51312990809203,
                31.837335250360283,
                31.386171294703768,
                31.067287127362494,
                30.89727968690392,
                31.004289153190843,
                31.238457834586605,
                31.33912014335597,
                31.29269179736876,
                31.155884905241237,
                30.939100251702715,
                30.681268741032472,
                30.36726485130956,
                30.006873505991813,
                29.628030510394716,
                29.302850599947256,
                29.176786050061708,
                29.426523743084847,
                29.681615609231297,
                29.65994265102625,
                30.137158435819234,
                30.75321210213715,
                31.438480642207942,
                32.385172281846046,
                33.61185598978432,
                34.67919039106148,
                35.40960207131958,
                35.66924255120358,
                35.66924255120358,
                35.66924255120358,
                35.66924255120358,
                35.66924255120358,
                35.66924255120358,
                35.66924255120358,
                35.66924255120358,
                35.66924255120358,
                35.66924255120358,
                35.66924255120358,
                35.66924255120358,
                35.66924255120358,
                35.50529337212389,
                35.032676059529656,
                34.308050602787716,
                33.4215568680594,
                32.51312990809203,
                31.837335250360283,
                31.386171294703768,
                31.067287127362494,
                30.89727968690392,
                31.004289153190843,
                31.238457834586605,
                31.33912014335597,
                31.29269179736876,
                31.155884905241237,
                30.939100251702715,
                30.681268741032472,
                30.36726485130956,
                30.006873505991813,
                29.628030510394716,
                29.302850599947256,
                29.176786050061708,
                29.426523743084847,
                29.681615609231297,
                29.65994265102625,
                30.137158435819234,
                30.75321210213715,
                31.438480642207942,
                32.385172281846046,
                33.61185598978432,
                34.67919039106148,
                35.40960207131958,
                35.66924255120358,
                31.33912014335597,
                31.33912014335597,
                31.33912014335597,
                31.33912014335597,
                31.33912014335597,
                31.33912014335597,
                31.33912014335597,
                31.33912014335597,
                31.33912014335597,
                31.33912014335597,
                31.33912014335597,
                31.33912014335597,
                31.33912014335597,
                29.176786050061708,
                29.176786050061708,
                29.176786050061715,
                29.176786050061708,
                29.176786050061715,
                29.176786050061708,
                29.176786050061708,
                29.176786050061708,
                29.176786050061708,
                29.176786050061708,
                29.176786050061708,
                29.176786050061708,
                29.176786050061708
            ],
            "Node_13": [
                72.28002834977639,
                72.16278014259579,
                71.8471699462194,
                71.4232376970339,
                70.99456208385602,
                70.64456041242849,
                70.42463735087335,
                70.35659089939267,
                70.43361536139761,
                70.61632914195424,
                70.83536207970711,
                71.00996878356779,
                71.07621168414113,
                71.07278887307139,
                71.06457889441702,
                71.05604877371421,
                71.05151140137482,
                71.054391728472,
                71.0665931128348,
                71.08664285527088,
                71.10882556959712,
                71.1243080981319,
                71.1077886934831,
                71.00607151619744,
                70.8189968483574,
                70.59941291324002,
                70.4416385497112,
                70.4473759324386,
                70.67856073952613,
                71.11817276791115,
                71.65495762472446,
                72.10391238362143,
                72.28002834977639,
                72.28002834977639,
                72.28002834977639,
                72.28002834977639,
                72.28002834977639,
                72.28002834977639,
                72.28002834977639,
                72.28002834977639,
                72.28002834977639,
                72.28002834977639,
                72.28002834977639,
                72.28002834977639,
                72.28002834977639,
                72.16278014259579,
                71.8471699462194,
                71.4232376970339,
                70.99456208385602,
                70.64456041242849,
                70.42463735087335,
                70.35659089939267,
                70.43361536139761,
                70.61632914195424,
                70.83536207970711,
                71.00996878356779,
                71.07621168414113,
                71.07278887307139,
                71.06457889441702,
                71.05604877371421,
                71.05151140137482,
                71.054391728472,
                71.0665931128348,
                71.08664285527088,
                71.10882556959712,
                71.1243080981319,
                71.1077886934831,
                71.00607151619744,
                70.8189968483574,
                70.59941291324002,
                70.4416385497112,
                70.4473759324386,
                70.67856073952613,
                71.11817276791115,
                71.65495762472446,
                72.10391238362143,
                72.28002834977639,
                71.07621168414113,
                71.07621168414113,
                71.07621168414113,
                71.07621168414113,
                71.07621168414113,
                71.07621168414113,
                71.07621168414113,
                71.07621168414113,
                71.07621168414113,
                71.07621168414113,
                71.07621168414113,
                71.07621168414113,
                71.07621168414113,
                71.1243080981319,
                71.1243080981319,
                71.1243080981319,
                71.1243080981319,
                71.1243080981319,
                71.1243080981319,
                71.1243080981319,
                71.1243080981319,
                71.1243080981319,
                71.1243080981319,
                71.1243080981319,
                71.1243080981319,
                71.1243080981319
            ],
            "Node_14": [
                89.10974007584568,
                88.89971671429906,
                88.33343805990296,
                87.59258183282083,
                86.83258162459623,
                86.13148946708847,
                85.53366719427322,
                85.10180077966984,
                84.89266691599498,
                84.89346691099074,
                85.01213754222243,
                85.13498777253184,
                85.18433602623239,
                85.17401287240618,
                85.14635786170706,
                85.1091304172146,
                85.07280507395579,
                85.05157301867685,
                85.06005219143864,
                85.1065380887308,
                85.19189414552751,
                85.29569692960719,
                85.13053031887003,
                84.8916245224761,
                84.69521268881475,
                84.61663436522804,
                84.76919970629329,
                85.24436799351196,
                86.02598994156484,
                86.99974295486462,
                88.00630841971137,
                88.81050034417429,
                89.10974007584568,
                89.10974007584568,
                89.10974007584568,
                89.10974007584568,
                89.10974007584568,
                89.10974007584568,
                89.10974007584568,
                89.10974007584568,
                89.10974007584568,
                89.10974007584568,
                89.10974007584568,
                89.10974007584568,
                89.10974007584568,
                88.89971671429906,
                88.33343805990296,
                87.59258183282083,
                86.83258162459623,
                86.13148946708847,
                85.53366719427322,
                85.10180077966984,
                84.89266691599498,
                84.89346691099074,
                85.01213754222243,
                85.13498777253184,
                85.18433602623239,
                85.17401287240618,
                85.14635786170706,
                85.1091304172146,
                85.07280507395579,
                85.05157301867685,
                85.06005219143864,
                85.1065380887308,
                85.19189414552751,
                85.29569692960719,
                85.13053031887003,
                84.8916245224761,
                84.69521268881475,
                84.61663436522804,
                84.76919970629329,
                85.24436799351196,
                86.02598994156484,
                86.99974295486462,
                88.00630841971137,
                88.81050034417429,
                89.10974007584568,
                85.18433602623239,
                85.18433602623239,
                85.18433602623239,
                85.18433602623239,
                85.18433602623239,
                85.18433602623239,
                85.18433602623239,
                85.18433602623239,
                85.18433602623239,
                85.18433602623239,
                85.18433602623239,
                85.18433602623239,
                85.18433602623239,
                85.29569692960719,
                85.29569692960719,
                85.29569692960716,
                85.29569692960719,
                85.29569692960716,
                85.29569692960719,
                85.29569692960719,
                85.29569692960719,
                85.29569692960719,
                85.29569692960719,
                85.29569692960719,
                85.29569692960719,
                85.29569692960719
            ],
            "Node_15": [
                89.1324894927104,
                89.04265496217779,
                88.82085788656522,
                88.52710071209249,
                88.20315454368321,
                87.85372058528661,
                87.48123778565765,
                87.1178886002105,
                86.81170025211398,
                86.58882954078412,
                86.4427140254381,
                86.35770280219458,
                86.32900489027038,
                86.32003268434323,
                86.29188314480442,
                86.23962447552896,
                86.15638902642158,
                86.04072852753583,
                85.89955278686342,
                85.74273127144257,
                85.58019137572795,
                85.4407785915086,
                85.63665127027224,
                85.97521407374295,
                86.32974779700898,
                86.68318456543437,
                87.04941797296719,
                87.44965877341153,
                87.87678396424697,
                88.3012536593993,
                88.69369819581853,
                88.99765992178484,
                89.1324894927104,
                89.1324894927104,
                89.1324894927104,
                89.1324894927104,
                89.1324894927104,
                89.1324894927104,
                89.1324894927104,
                89.1324894927104,
                89.1324894927104,
                89.1324894927104,
                89.1324894927104,
                89.1324894927104,
                89.1324894927104,
                89.04265496217779,
                88.82085788656522,
                88.52710071209249,
                88.20315454368321,
                87.85372058528661,
                87.48123778565765,
                87.1178886002105,
                86.81170025211398,
                86.58882954078412,
                86.4427140254381,
                86.35770280219458,
                86.32900489027038,
                86.32003268434323,
                86.29188314480442,
                86.23962447552896,
                86.15638902642158,
                86.04072852753583,
                85.89955278686342,
                85.74273127144257,
                85.58019137572795,
                85.4407785915086,
                85.63665127027224,
                85.97521407374295,
                86.32974779700898,
                86.68318456543437,
                87.04941797296719,
                87.44965877341153,
                87.87678396424697,
                88.3012536593993,
                88.69369819581853,
                88.99765992178484,
                89.1324894927104,
                86.32900489027038,
                86.32900489027038,
                86.32900489027038,
                86.32900489027038,
                86.32900489027038,
                86.32900489027038,
                86.32900489027038,
                86.32900489027038,
                86.32900489027038,
                86.32900489027038,
                86.32900489027038,
                86.32900489027038,
                86.32900489027038,
                85.4407785915086,
                85.4407785915086,
                85.44077859150859,
                85.4407785915086,
                85.44077859150859,
                85.4407785915086,
                85.4407785915086,
                85.4407785915086,
                85.4407785915086,
                85.4407785915086,
                85.4407785915086,
                85.4407785915086,
                85.4407785915086
            ]
        }
    },
    "Phonon_DOS": {
        "DOS": [
            0.0,
            0.002,
            0.0,
            0.004,
            0.0,
            0.0,
            0.008,
            0.006666666666666667,
            0.0013333333333333333,
            0.004,
            0.016,
            0.012,
            0.03266666666666666,
            0.04,
            0.037333333333333336,
            0.034,
            0.04933333333333333,
            0.044000000000000004,
            0.021333333333333333,
            0.017333333333333333,
            0.036000000000000004,
            0.014666666666666666,
            0.038,
            0.04666666666666666,
            0.027999999999999997,
            0.029333333333333333,
            0.025333333333333333,
            0.010666666666666666,
            0.016,
            0.02666666666666667,
            0.04333333333333334,
            0.05533333333333333,
            0.050666666666666665,
            0.024,
            0.012,
            0.004,
            0.008666666666666666,
            0.0006666666666666666,
            0.0,
            0.0,
            0.0,
            0.0,
            0.0,
            0.0,
            0.0,
            0.0,
            0.0,
            0.0,
            0.0,
            0.0,
            0.0,
            0.0,
            0.0,
            0.0,
            0.0,
            0.0,
            0.0,
            0.0,
            0.0,
            0.0,
            0.0,
            0.0,
            0.0,
            0.0,
            0.0,
            0.0,
            0.0,
            0.0,
            0.0,
            0.0,
            0.0,
            0.0,
            0.04933333333333333,
            0.016666666666666666,
            0.0006666666666666666,
            0.0,
            0.0,
            0.0,
            0.0,
            0.0,
            0.0,
            0.0,
            0.0,
            0.0,
            0.0,
            0.0,
            0.024,
            0.04133333333333334,
            0.04,
            0.014666666666666666,
            0.012,
            0.0013333333333333333,
            0.0
        ],
        "Energy(meV)": [
            -1.5,
            -0.5,
            0.5,
            1.5,
            2.5,
            3.5,
            4.5,
            5.5,
            6.5,
            7.5,
            8.5,
            9.5,
            10.5,
            11.5,
            12.5,
            13.5,
            14.5,
            15.5,
            16.5,
            17.5,
            18.5,
            19.5,
            20.5,
            21.5,
            22.5,
            23.5,
            24.5,
            25.5,
            26.5,
            27.5,
            28.5,
            29.5,
            30.5,
            31.5,
            32.5,
            33.5,
            34.5,
            35.5,
            36.5,
            37.5,
            38.5,
            39.5,
            40.5,
            41.5,
            42.5,
            43.5,
            44.5,
            45.5,
            46.5,
            47.5,
            48.5,
            49.5,
            50.5,
            51.5,
            52.5,
            53.5,
            54.5,
            55.5,
            56.5,
            57.5,
            58.5,
            59.5,
            60.5,
            61.5,
            62.5,
            63.5,
            64.5,
            65.5,
            66.5,
            67.5,
            68.5,
            69.5,
            70.5,
            71.5,
            72.5,
            73.5,
            74.5,
            75.5,
            76.5,
            77.5,
            78.5,
            79.5,
            80.5,
            81.5,
            82.5,
            83.5,
            84.5,
            85.5,
            86.5,
            87.5,
            88.5,
            89.5,
            90.5
        ]
    }
}