{
    "POSCAR": {
        "Atomes": "   Ta    N\n",
        "coordinate": "Direct\n",
        "unit_cell": {
            "a_vector": "2.9751987164567826   3.265234487665905e-07   1.6156343387007456e-07\n",
            "b_vector": "-1.4875990754976502   2.576596302945773   2.2089983745602392e-07\n",
            "c_vector": "2.219094430102252e-06   4.784657263249013e-06   45.9931615287328\n"
        },
        "positions": {
            "Ta": [
                "0.666666674006437   0.33333333689342654   0.14117099585538598\n",
                "0.33333336214942927   0.6666666697186173   0.2588293106806159\n",
                "-3.167896614498087e-08   -5.143484013898711e-08   0.19999987643715703\n"
            ],
            "N": [
                "0.333333343725837   0.6666666756145468   0.17015925931750617\n",
                "0.6666666517972616   0.33333336920824974   0.2298405617918335\n"
            ]
        }
    },
    "Termo_data": {
        "Temperature (K)": [
            0,
            10,
            20,
            30,
            40,
            50,
            60,
            70,
            80,
            90,
            100,
            110,
            120,
            130,
            140,
            150,
            160,
            170,
            180,
            190,
            200,
            210,
            220,
            230,
            240,
            250,
            260,
            270,
            280,
            290,
            300,
            310,
            320,
            330,
            340,
            350,
            360,
            370,
            380,
            390,
            400,
            410,
            420,
            430,
            440,
            450,
            460,
            470,
            480,
            490,
            500,
            510,
            520,
            530,
            540,
            550,
            560,
            570,
            580,
            590,
            600,
            610,
            620,
            630,
            640,
            650,
            660,
            670,
            680,
            690,
            700,
            710,
            720,
            730,
            740,
            750,
            760,
            770,
            780,
            790,
            800,
            810,
            820,
            830,
            840,
            850,
            860,
            870,
            880,
            890,
            900,
            910,
            920,
            930,
            940,
            950,
            960,
            970,
            980,
            990,
            1000,
            1010,
            1020,
            1030,
            1040,
            1050,
            1060,
            1070,
            1080,
            1090,
            1100,
            1110,
            1120,
            1130,
            1140,
            1150,
            1160,
            1170,
            1180,
            1190,
            1200,
            1210,
            1220,
            1230,
            1240,
            1250,
            1260,
            1270,
            1280,
            1290,
            1300,
            1310,
            1320,
            1330,
            1340,
            1350,
            1360,
            1370,
            1380,
            1390,
            1400,
            1410,
            1420,
            1430,
            1440,
            1450,
            1460,
            1470,
            1480,
            1490,
            1500,
            1510,
            1520,
            1530,
            1540,
            1550,
            1560,
            1570,
            1580,
            1590,
            1600,
            1610,
            1620,
            1630,
            1640,
            1650,
            1660,
            1670,
            1680,
            1690,
            1700,
            1710,
            1720,
            1730,
            1740,
            1750,
            1760,
            1770,
            1780,
            1790,
            1800,
            1810,
            1820,
            1830,
            1840,
            1850,
            1860,
            1870,
            1880,
            1890,
            1900,
            1910,
            1920,
            1930,
            1940,
            1950,
            1960,
            1970
        ],
        "Gibbs_free(J/mole)": [
            -689682.3243852416,
            -689682.7266713708,
            -689685.6642973707,
            -689694.5944092853,
            -689713.5330101744,
            -689745.1009820417,
            -689790.4196076522,
            -689849.6567273713,
            -689922.4972482751,
            -690008.430081512,
            -690106.8984669349,
            -690217.3685129381,
            -690339.3539901496,
            -690472.4199047001,
            -690616.1773503445,
            -690770.2757053091,
            -690934.3951259737,
            -691108.240106726,
            -691291.5345657638,
            -691484.0181723511,
            -691685.4436057591,
            -691895.5748034064,
            -692114.1854804371,
            -692341.0582807678,
            -692575.9840366554,
            -692818.7613151827,
            -693069.1959932975,
            -693327.1009555474,
            -693592.2957898442,
            -693864.606604482,
            -694143.8657429835,
            -694429.9115819555,
            -694722.5883348632,
            -695021.7457708612,
            -695327.2391578634,
            -695638.9288987822,
            -695956.6804250366,
            -696280.363903356,
            -696609.854193189,
            -696945.0304911027,
            -697285.7763827584,
            -697631.9793154824,
            -697983.5307761227,
            -698340.3259152697,
            -698702.2634479745,
            -699069.2455305262,
            -699441.1775657176,
            -699817.9682087098,
            -700199.528854533,
            -700585.7739714582,
            -700976.620716999,
            -701371.9888982131,
            -701771.8008682684,
            -702175.9812693234,
            -702584.4571230266,
            -702997.1578367689,
            -703414.0146349806,
            -703834.9611207611,
            -704259.9325141142,
            -704688.8661469675,
            -705121.701071818,
            -705558.3780973088,
            -705998.8398549707,
            -706443.030039992,
            -706890.8946034311,
            -707342.380486925,
            -707797.4362679991,
            -708256.0116539097,
            -708718.0579734375,
            -709183.527715861,
            -709652.374445813,
            -710124.5531479793,
            -710600.0197488251,
            -711078.731377356,
            -711560.6461891384,
            -712045.7233529587,
            -712533.9230655581,
            -713025.2062979445,
            -713519.5352676056,
            -714016.8728359806,
            -714517.1826297248,
            -715020.4295210185,
            -715526.5787160068,
            -716035.5963996215,
            -716547.4495879882,
            -717062.1059110791,
            -717579.5338225691,
            -718099.7021827338,
            -718622.5810190416,
            -719148.1404462367,
            -719676.3512273148,
            -720207.185506018,
            -720740.6149124153,
            -721276.6124936162,
            -721815.1514723649,
            -722356.2055846101,
            -722899.7493658676,
            -723445.7573820418,
            -723994.2048593799,
            -724545.0682137245,
            -725098.3230443369,
            -725653.946551453,
            -726211.9155223552,
            -726772.2078672388,
            -727334.8012557825,
            -727899.674388278,
            -728466.8056898216,
            -729036.1748260624,
            -729607.760827363,
            -730181.5441219616,
            -730757.5045463043,
            -731335.6230249791,
            -731915.8798982673,
            -732498.2570765843,
            -733082.7359974537,
            -733669.2984678005,
            -734257.9265861217,
            -734848.603300492,
            -735441.31071757,
            -736036.0323108986,
            -736632.751446962,
            -737231.4515117583,
            -737832.1165859924,
            -738434.7306697875,
            -739039.2781359165,
            -739645.7435988496,
            -740254.1120625387,
            -740864.3683993695,
            -741476.4981807602,
            -742090.4866603883,
            -742706.3199157796,
            -743323.9836116399,
            -743943.4641613493,
            -744564.7477493066,
            -745187.8210723404,
            -745812.6710478439,
            -746439.2845499786,
            -747067.648734813,
            -747697.7504761592,
            -748329.5782163319,
            -748963.1189407663,
            -749598.3606826575,
            -750235.2914970374,
            -750873.8998420394,
            -751514.1738332044,
            -752156.1019967373,
            -752799.6729012826,
            -753444.8758865953,
            -754091.6990098761,
            -754740.1323393611,
            -755390.164605706,
            -756041.7855121385,
            -756694.9843350095,
            -757349.7508561555,
            -758006.0748931,
            -758663.9464980314,
            -759323.3556902867,
            -759984.2925581228,
            -760646.7475521327,
            -761310.710965397,
            -761976.1736341919,
            -762643.1259454859,
            -763311.5589277475,
            -763981.4631241951,
            -764652.8299468849,
            -765325.6504286166,
            -765999.9157309174,
            -766675.6171259044,
            -767352.7462551458,
            -768031.2942845789,
            -768711.2532278018,
            -769392.6145516522,
            -770075.3703675336,
            -770759.5125597814,
            -771445.0328303435,
            -772131.9236042785,
            -772820.1768951066,
            -773509.7851686991,
            -774200.7406332938,
            -774893.035725899,
            -775586.6631322148,
            -776281.615195671,
            -776977.885068117,
            -777675.4651743587,
            -778374.3487155725,
            -779074.5275955558,
            -779775.9969358242,
            -780478.747655178,
            -781182.7740538907,
            -781888.0693741117,
            -782594.6263604405,
            -783302.438470551,
            -784011.5000605474,
            -784721.8035298622,
            -785433.3429041462,
            -786146.1120168706,
            -786860.1042859949,
            -787575.3133566878
        ],
        "Cp(J/mole.K)": [
            -0.0,
            0.27657914140436335,
            1.2264400337298866,
            2.897912613133667,
            4.9017884674132794,
            6.756146571657154,
            8.278656471753495,
            9.488081541942668,
            10.46471560739446,
            11.28714238923567,
            12.013576138706412,
            12.6810640923446,
            13.310351094079678,
            13.91143287527666,
            14.488045402016724,
            15.040725302940704,
            15.56866566431708,
            16.07080728852015,
            16.546320092357934,
            16.994818579344447,
            17.416417341388275,
            17.811594310688058,
            18.181174847116942,
            18.526245305777444,
            18.848040254297658,
            19.147878718649736,
            19.42709593801411,
            19.68705578467052,
            19.92910961478485,
            20.154513190645957,
            20.364479055278935,
            20.560138859960716,
            20.74258489646013,
            20.91287468771621,
            21.07187754698099,
            21.220392071118177,
            21.3592508812901,
            21.489214434951904,
            21.61100034622944,
            21.72518071718234,
            21.832203794852774,
            21.93271979271958,
            22.027192411827855,
            22.115991629436,
            22.199590480525544,
            22.27844579311201,
            22.35274673306852,
            22.422624363470856,
            22.488688380829956,
            22.5512259080715,
            22.6103610040445,
            22.666241553015425,
            22.71893453561941,
            22.769060144224166,
            22.816697214252628,
            22.86173525173213,
            22.904514051461632,
            22.944982655198086,
            22.98348392681813,
            23.02021309896077,
            23.055338173289783,
            23.088488321343902,
            23.119746226991992,
            23.150144193615326,
            23.179065772145805,
            23.20617008386762,
            23.23206743607884,
            23.257199069077615,
            23.28110379319415,
            23.303663538146115,
            23.325453614001113,
            23.346215133558093,
            23.366047142143255,
            23.385086862486784,
            23.403306796785962,
            23.420567593421016,
            23.43711869285913,
            23.45341662168783,
            23.468562140007215,
            23.48304032861779,
            23.497448325390167,
            23.510641969170013,
            23.52331068375497,
            23.535963173516034,
            23.548061458929382,
            23.55936541876872,
            23.57036806708208,
            23.581332269826213,
            23.590625961474018,
            23.60012171940749,
            23.61032286137931,
            23.61888578343813,
            23.627612153044836,
            23.63619039511832,
            23.644133849669082,
            23.651927789600382,
            23.65824002316208,
            23.66565805890693,
            23.673594039329537,
            23.679577463071027,
            23.68573265353895,
            23.692019594865197,
            23.69780129263534,
            23.703403527612462,
            23.708621590863913,
            23.714031455892837,
            23.719364281050943,
            23.724195457133693,
            23.729169779853194,
            23.73367939761673,
            23.736990809498586,
            23.74053733048479,
            23.746092225424945,
            23.750734401331123,
            23.753295022674138,
            23.757394241605816,
            23.761274063028395,
            23.76321981649954,
            23.766963933769148,
            23.770816597712194,
            23.77322891517551,
            23.776370438115727,
            23.77905322570013,
            23.781345926126058,
            23.78436776452017,
            23.78709830554726,
            23.789403537340426,
            23.791737083901715,
            23.79397375360122,
            23.796276001012302,
            23.798159288359244,
            23.8000355092311,
            23.801795890310032,
            23.804209894722142,
            23.806998268066863,
            23.80856095743356,
            23.808325044135277,
            23.80989633314311,
            23.813757571665533,
            23.814122203071115,
            23.81432082370147,
            23.81734302393422,
            23.819718630652847,
            23.82020825418345,
            23.82023487989801,
            23.82253995569752,
            23.823697881371277,
            23.823418685938766,
            23.826102774381127,
            23.827782043218242,
            23.828000525972826,
            23.828446429635886,
            23.829149390617598,
            23.830889310013006,
            23.832420520728263,
            23.832870585247292,
            23.83315217087511,
            23.83396269241348,
            23.835169842088362,
            23.83637693869241,
            23.836845986079425,
            23.83684944660881,
            23.837188605760687,
            23.839262277321772,
            23.840536070021102,
            23.839995573973987,
            23.840671813075204,
            23.841176289036973,
            23.84108339594701,
            23.84213298529479,
            23.843210072489214,
            23.84484301382666,
            23.8448892351349,
            23.8438822908766,
            23.844968496740577,
            23.846024665689747,
            23.84656306603017,
            23.846293048430155,
            23.846485265658956,
            23.846883759717457,
            23.847466414910485,
            23.84905284385048,
            23.849787568055973,
            23.84692448034184,
            23.849034862081112,
            23.854077716197146,
            23.849374839261344,
            23.850257281561397,
            23.853385871171753,
            23.848858713829586,
            23.851619396126438,
            23.85572271294395,
            23.851888761296323,
            23.85203863942297,
            23.854910512076458,
            23.852657442403142,
            23.851469532226304,
            23.85594552458995
        ],
        "S(J/mole.K)": [
            0,
            0.13828957070218167,
            0.583189149836835,
            1.3727845937915846,
            2.4684935877405225,
            3.756831803332898,
            5.122334499811405,
            6.489942649262958,
            7.8217074848638735,
            9.102815676394675,
            10.330557949398644,
            11.507648760531445,
            12.638658726982246,
            13.72831179982313,
            14.780797103339863,
            15.799584806367054,
            16.78746311847499,
            17.746654723088433,
            18.678945528257465,
            19.58579759870045,
            20.46844010011264,
            21.327936112473253,
            22.16523021055182,
            22.981183192973553,
            23.776595161440493,
            24.552220241111357,
            25.308775814292314,
            26.046948920223805,
            26.767400984754204,
            27.47076954889635,
            28.157669139886274,
            28.828692267043515,
            29.4844102989533,
            30.12537492565316,
            30.75211721550731,
            31.36514622582763,
            31.9649509462266,
            32.552001998128254,
            33.12675205550331,
            33.68963528112945,
            34.241065786477705,
            34.78144052650751,
            35.31114120019484,
            35.830532374653565,
            36.339963141661435,
            36.839769501893905,
            37.33027242688696,
            37.81177562234808,
            38.28457135003992,
            38.74894307075593,
            39.20516123087874,
            39.65348289536051,
            40.09415224341356,
            40.52740599121608,
            40.95347416035366,
            41.37257383213437,
            41.784912378713486,
            42.190688746135855,
            42.59009400594077,
            42.98331403975462,
            43.370528409551476,
            43.751906131935534,
            44.127605602555555,
            44.49778647202619,
            44.86260422649502,
            45.22219967848505,
            45.576709190009566,
            45.92627088797162,
            46.271016661768954,
            46.611068375571634,
            46.9465458856168,
            47.27756623430324,
            47.604240416297394,
            47.926676460387526,
            48.24497873954241,
            48.55924630816152,
            48.86957499579875,
            49.17606147927435,
            49.478795893299676,
            49.77786223172006,
            50.07334812127665,
            50.36533459287312,
            50.6538968336783,
            50.93911456560454,
            51.221064508782,
            51.499816043738974,
            51.775437569848144,
            52.04799949159642,
            52.31756203720724,
            52.58418463819543,
            52.84793805201625,
            53.10888061006844,
            53.367065643394014,
            53.62255287145526,
            53.87539583331527,
            54.12564633319998,
            54.3733501637922,
            54.618558092051536,
            54.861329663248036,
            55.10170713187691,
            55.339729620715666,
            55.575445509700515,
            55.80889842802863,
            56.04012918630761,
            56.269178009624014,
            56.49608572658617,
            56.720893479678494,
            56.94363799989224,
            57.16435599382676,
            57.383083350305974,
            57.59984885205631,
            57.81468362217129,
            58.027632319807886,
            58.23873340523859,
            58.44800626889772,
            58.65548040585998,
            58.86119270905618,
            59.06516421524865,
            59.267423910982316,
            59.4680087659406,
            59.66694126708316,
            59.86424585218337,
            60.05995045297459,
            60.254077727056575,
            60.44665457369556,
            60.63770767564566,
            60.82725846385729,
            61.01532911508257,
            61.2019425812934,
            61.387121419179316,
            61.57088642896852,
            61.75325764103473,
            61.93425578898896,
            62.1139036176377,
            62.29222521160992,
            62.46923715009762,
            62.64494761227543,
            62.81937565092812,
            62.992554813133026,
            63.16449885354814,
            63.33521230943006,
            63.50472211843444,
            63.67305303033936,
            63.84021272048704,
            64.00620931082376,
            64.17106514921471,
            64.33479984516016,
            64.49741988794995,
            64.65894551475067,
            64.81939810534968,
            64.97878377391461,
            65.13711258283001,
            65.29440008316305,
            65.45066416623595,
            65.60592087817494,
            65.76017909457295,
            65.91344763050728,
            66.06574027853202,
            66.21707237098161,
            66.36745728383102,
            66.5169045877221,
            66.66542221418203,
            66.81302126670634,
            66.95971940788004,
            67.10553054047196,
            67.25045751249127,
            67.39450917577051,
            67.53769919555198,
            67.6800355682295,
            67.82153002856066,
            67.96219597199524,
            68.10204482364206,
            68.24108312531462,
            68.37931261838676,
            68.51674559740059,
            68.65339712086134,
            68.78927453770737,
            68.92438286524992,
            69.05872978416446,
            69.1923257004877,
            69.32518006990139,
            69.45730439361213,
            69.58870714947697,
            69.71938407526176,
            69.84934676658013,
            69.97862440684548,
            70.1072061098457,
            70.23508807392645,
            70.36229867136134,
            70.48883074622135,
            70.6146903845045,
            70.73990733986574,
            70.86447116941272,
            70.98837830927805,
            71.11165288361808,
            71.23429527185071,
            71.35630151750084,
            71.47769518813001
        ]
    },
    "Phonon_data": {
        "Numb_Node": 15,
        "total_n_kpoints": 100,
        "frequency": {
            "Node_1": [
                -0.13573941645980017,
                0.15542228796475774,
                1.9916525155918166,
                3.9556462087433792,
                5.891026016059035,
                7.4679345379708595,
                7.3889106048332,
                5.621265829027961,
                -2.903646354353218,
                -7.598132162473594,
                -10.292947296018788,
                -11.903977209197118,
                -12.450216600183554,
                -12.229639054345082,
                -11.5832582303911,
                -10.525277705090264,
                -9.018290309048435,
                -6.932005599428941,
                -3.735856627053981,
                4.147463906886775,
                6.272434316428142,
                6.76070880501386,
                6.488932203727598,
                5.510907150429445,
                5.744437279628906,
                7.255646798026012,
                8.369635364644308,
                7.685727671807049,
                6.318245587473774,
                4.664382607794426,
                2.71500671629415,
                0.592647882835324,
                -0.13573941645980017,
                -0.13573941645980017,
                -0.13573941645980017,
                -0.13573941645980017,
                -0.13573941645980017,
                -0.13573941645980017,
                -0.13573941645980017,
                -0.13573941645980017,
                -0.13573941645980017,
                -0.13573941645980017,
                -0.13573941645980017,
                -0.13573941645980017,
                -0.13573941645980017,
                0.15542228796475774,
                1.9916525155918166,
                3.9556462087433792,
                5.891026016059035,
                7.4679345379708595,
                7.3889106048332,
                5.621265829027961,
                -2.903646354353218,
                -7.598132162473594,
                -10.292947296018788,
                -11.903977209197118,
                -12.450216600183554,
                -12.229639054345082,
                -11.5832582303911,
                -10.525277705090264,
                -9.018290309048435,
                -6.932005599428941,
                -3.735856627053981,
                4.147463906886775,
                6.272434316428142,
                6.76070880501386,
                6.488932203727598,
                5.510907150429445,
                5.744437279628906,
                7.255646798026012,
                8.369635364644308,
                7.685727671807049,
                6.318245587473774,
                4.664382607794426,
                2.71500671629415,
                0.592647882835324,
                -0.13573941645980017,
                -12.450216600183554,
                -12.450216600183554,
                -12.450216600183554,
                -12.450216600183554,
                -12.450216600183554,
                -12.450216600183554,
                -12.450216600183554,
                -12.450216600183554,
                -12.450216600183554,
                -12.450216600183554,
                -12.450216600183554,
                -12.450216600183554,
                -12.450216600183554,
                6.76070880501386,
                6.76070880501386,
                6.760708805013846,
                6.76070880501386,
                6.760708805013846,
                6.76070880501386,
                6.76070880501386,
                6.76070880501386,
                6.76070880501386,
                6.76070880501386,
                6.76070880501386,
                6.76070880501386,
                6.76070880501386
            ],
            "Node_2": [
                -0.08186788744260458,
                1.7410098197551598,
                3.48048807412108,
                5.2140937379105665,
                6.886138987393013,
                8.254727414235429,
                9.108617512288173,
                9.775489987269765,
                10.12585872576218,
                10.18307184109094,
                9.996507534945044,
                9.776678838803578,
                9.688115654620631,
                9.6358583177038,
                9.481369141434223,
                9.241375620950265,
                8.946323268507452,
                8.626181521100508,
                8.317823321459121,
                8.092318641298448,
                8.182130935812117,
                8.812221801402421,
                7.713059470980637,
                7.403677639132562,
                7.731148777828436,
                8.354664603882794,
                8.855861329855369,
                9.07084486593075,
                8.70706139664553,
                7.518918384649961,
                4.802293422517941,
                2.3329496088218824,
                -0.08186788744260458,
                -0.08186788744260458,
                -0.08186788744260458,
                -0.08186788744260458,
                -0.08186788744260458,
                -0.08186788744260458,
                -0.08186788744260458,
                -0.08186788744260458,
                -0.08186788744260458,
                -0.08186788744260458,
                -0.08186788744260458,
                -0.08186788744260458,
                -0.08186788744260458,
                1.7410098197551598,
                3.48048807412108,
                5.2140937379105665,
                6.886138987393013,
                8.254727414235429,
                9.108617512288173,
                9.775489987269765,
                10.12585872576218,
                10.18307184109094,
                9.996507534945044,
                9.776678838803578,
                9.688115654620631,
                9.6358583177038,
                9.481369141434223,
                9.241375620950265,
                8.946323268507452,
                8.626181521100508,
                8.317823321459121,
                8.092318641298448,
                8.182130935812117,
                8.812221801402421,
                7.713059470980637,
                7.403677639132562,
                7.731148777828436,
                8.354664603882794,
                8.855861329855369,
                9.07084486593075,
                8.70706139664553,
                7.518918384649961,
                4.802293422517941,
                2.3329496088218824,
                -0.08186788744260458,
                9.688115654620631,
                9.688115654620631,
                9.688115654620631,
                9.688115654620631,
                9.688115654620631,
                9.688115654620631,
                9.688115654620631,
                9.688115654620631,
                9.688115654620631,
                9.688115654620631,
                9.688115654620631,
                9.688115654620631,
                9.688115654620631,
                8.812221801402421,
                8.812221801402421,
                8.812221801402451,
                8.812221801402421,
                8.812221801402451,
                8.812221801402421,
                8.812221801402421,
                8.812221801402421,
                8.812221801402421,
                8.812221801402421,
                8.812221801402421,
                8.812221801402421,
                8.812221801402421
            ],
            "Node_3": [
                -0.0749211657600363,
                2.8017338466229535,
                5.570963919101265,
                7.515330996988228,
                8.128178826762985,
                8.449878865445159,
                9.796115511914195,
                10.94968174439354,
                11.872190187370947,
                12.560013120565454,
                13.024233448404164,
                13.285848476520236,
                13.369568501039085,
                13.172691818672496,
                12.783418155519033,
                12.3677728562084,
                11.952990027706914,
                11.527076302133935,
                11.072892904591878,
                10.558721568051093,
                9.932110989523645,
                9.21176237968586,
                9.930779369827675,
                10.245061215551283,
                10.112491495228493,
                9.678310192475791,
                9.367267634825813,
                9.567716540506803,
                9.622797553037621,
                8.068698706207982,
                6.8195104096130486,
                3.881255280521489,
                -0.0749211657600363,
                -0.0749211657600363,
                -0.0749211657600363,
                -0.0749211657600363,
                -0.0749211657600363,
                -0.0749211657600363,
                -0.0749211657600363,
                -0.0749211657600363,
                -0.0749211657600363,
                -0.0749211657600363,
                -0.0749211657600363,
                -0.0749211657600363,
                -0.0749211657600363,
                2.8017338466229535,
                5.570963919101265,
                7.515330996988228,
                8.128178826762985,
                8.449878865445159,
                9.796115511914195,
                10.94968174439354,
                11.872190187370947,
                12.560013120565454,
                13.024233448404164,
                13.285848476520236,
                13.369568501039085,
                13.172691818672496,
                12.783418155519033,
                12.3677728562084,
                11.952990027706914,
                11.527076302133935,
                11.072892904591878,
                10.558721568051093,
                9.932110989523645,
                9.21176237968586,
                9.930779369827675,
                10.245061215551283,
                10.112491495228493,
                9.678310192475791,
                9.367267634825813,
                9.567716540506803,
                9.622797553037621,
                8.068698706207982,
                6.8195104096130486,
                3.881255280521489,
                -0.0749211657600363,
                13.369568501039085,
                13.369568501039085,
                13.369568501039085,
                13.369568501039085,
                13.369568501039085,
                13.369568501039085,
                13.369568501039085,
                13.369568501039085,
                13.369568501039085,
                13.369568501039085,
                13.369568501039085,
                13.369568501039085,
                13.369568501039085,
                9.21176237968586,
                9.21176237968586,
                9.211762379685847,
                9.21176237968586,
                9.211762379685847,
                9.21176237968586,
                9.21176237968586,
                9.21176237968586,
                9.21176237968586,
                9.21176237968586,
                9.21176237968586,
                9.21176237968586,
                9.21176237968586
            ],
            "Node_4": [
                7.766312714682803,
                7.904203434140408,
                8.250975978588658,
                8.793322214150189,
                9.475043075116195,
                10.233711555150315,
                11.025519579317285,
                11.825709112855856,
                12.554089187779502,
                13.14725495532706,
                13.58197904446279,
                13.848912804206266,
                13.93886282032041,
                13.987043726354493,
                14.125871630857743,
                14.30129154227872,
                14.438601045260226,
                14.503877339759484,
                14.55781263484303,
                14.675831090265126,
                14.895506329448784,
                15.194947672813814,
                14.608988712149682,
                14.071703562844753,
                13.49370674638345,
                12.883407111985177,
                12.217804064101374,
                11.236018978827037,
                10.218083715389941,
                9.477352130357861,
                8.672903257334633,
                7.969152973748471,
                7.766312714682803,
                7.766312714682803,
                7.766312714682803,
                7.766312714682803,
                7.766312714682803,
                7.766312714682803,
                7.766312714682803,
                7.766312714682803,
                7.766312714682803,
                7.766312714682803,
                7.766312714682803,
                7.766312714682803,
                7.766312714682803,
                7.904203434140408,
                8.250975978588658,
                8.793322214150189,
                9.475043075116195,
                10.233711555150315,
                11.025519579317285,
                11.825709112855856,
                12.554089187779502,
                13.14725495532706,
                13.58197904446279,
                13.848912804206266,
                13.93886282032041,
                13.987043726354493,
                14.125871630857743,
                14.30129154227872,
                14.438601045260226,
                14.503877339759484,
                14.55781263484303,
                14.675831090265126,
                14.895506329448784,
                15.194947672813814,
                14.608988712149682,
                14.071703562844753,
                13.49370674638345,
                12.883407111985177,
                12.217804064101374,
                11.236018978827037,
                10.218083715389941,
                9.477352130357861,
                8.672903257334633,
                7.969152973748471,
                7.766312714682803,
                13.93886282032041,
                13.93886282032041,
                13.93886282032041,
                13.93886282032041,
                13.93886282032041,
                13.93886282032041,
                13.93886282032041,
                13.93886282032041,
                13.93886282032041,
                13.93886282032041,
                13.93886282032041,
                13.93886282032041,
                13.93886282032041,
                15.194947672813814,
                15.194947672813814,
                15.194947672813814,
                15.194947672813814,
                15.194947672813814,
                15.194947672813814,
                15.194947672813814,
                15.194947672813814,
                15.194947672813814,
                15.194947672813814,
                15.194947672813814,
                15.194947672813814,
                15.194947672813814
            ],
            "Node_5": [
                7.797220193157469,
                8.037992262425007,
                8.593738614401943,
                9.344586934976936,
                10.132295498144476,
                10.694909189251636,
                11.299749316254461,
                12.180843148657907,
                13.013499937478649,
                13.558996441182902,
                13.90602812486531,
                14.056061051404841,
                14.105064660500789,
                14.067776306149515,
                14.224337540939164,
                14.496810330750185,
                14.826095665927724,
                15.163620068591198,
                15.4552590668021,
                15.620099785603747,
                15.520976980241139,
                15.206917930288615,
                15.678507626405926,
                15.39421322327445,
                14.711025448314869,
                13.757801868415767,
                12.99038776220796,
                12.218794288939563,
                10.326713269366824,
                9.601526910641617,
                8.918978582506584,
                8.200001760060998,
                7.797220193157469,
                7.797220193157469,
                7.797220193157469,
                7.797220193157469,
                7.797220193157469,
                7.797220193157469,
                7.797220193157469,
                7.797220193157469,
                7.797220193157469,
                7.797220193157469,
                7.797220193157469,
                7.797220193157469,
                7.797220193157469,
                8.037992262425007,
                8.593738614401943,
                9.344586934976936,
                10.132295498144476,
                10.694909189251636,
                11.299749316254461,
                12.180843148657907,
                13.013499937478649,
                13.558996441182902,
                13.90602812486531,
                14.056061051404841,
                14.105064660500789,
                14.067776306149515,
                14.224337540939164,
                14.496810330750185,
                14.826095665927724,
                15.163620068591198,
                15.4552590668021,
                15.620099785603747,
                15.520976980241139,
                15.206917930288615,
                15.678507626405926,
                15.39421322327445,
                14.711025448314869,
                13.757801868415767,
                12.99038776220796,
                12.218794288939563,
                10.326713269366824,
                9.601526910641617,
                8.918978582506584,
                8.200001760060998,
                7.797220193157469,
                14.105064660500789,
                14.105064660500789,
                14.105064660500789,
                14.105064660500789,
                14.105064660500789,
                14.105064660500789,
                14.105064660500789,
                14.105064660500789,
                14.105064660500789,
                14.105064660500789,
                14.105064660500789,
                14.105064660500789,
                14.105064660500789,
                15.206917930288615,
                15.206917930288615,
                15.206917930288615,
                15.206917930288615,
                15.206917930288615,
                15.206917930288615,
                15.206917930288615,
                15.206917930288615,
                15.206917930288615,
                15.206917930288615,
                15.206917930288615,
                15.206917930288615,
                15.206917930288615
            ],
            "Node_6": [
                11.865293925050128,
                11.611363320787907,
                11.312771857907086,
                11.405193126517592,
                12.063422352807077,
                12.69179057243479,
                12.9944662749651,
                13.266841350981219,
                13.51424469826339,
                13.738027130430007,
                13.924903755605351,
                14.116162815462632,
                14.184713493895648,
                14.504256775081618,
                14.958181474944924,
                15.216402486698525,
                15.270303855169725,
                15.412625850463376,
                15.613497165446304,
                15.800882080681381,
                15.890807267102836,
                15.91706050323341,
                15.865192318857689,
                15.538325080140105,
                14.854098003124124,
                14.193796768671067,
                13.430899354316974,
                12.86019841442079,
                12.541557480901407,
                11.730046819013458,
                11.203127212438622,
                11.510862404806092,
                11.865293925050128,
                11.865293925050128,
                11.865293925050128,
                11.865293925050128,
                11.865293925050128,
                11.865293925050128,
                11.865293925050128,
                11.865293925050128,
                11.865293925050128,
                11.865293925050128,
                11.865293925050128,
                11.865293925050128,
                11.865293925050128,
                11.611363320787907,
                11.312771857907086,
                11.405193126517592,
                12.063422352807077,
                12.69179057243479,
                12.9944662749651,
                13.266841350981219,
                13.51424469826339,
                13.738027130430007,
                13.924903755605351,
                14.116162815462632,
                14.184713493895648,
                14.504256775081618,
                14.958181474944924,
                15.216402486698525,
                15.270303855169725,
                15.412625850463376,
                15.613497165446304,
                15.800882080681381,
                15.890807267102836,
                15.91706050323341,
                15.865192318857689,
                15.538325080140105,
                14.854098003124124,
                14.193796768671067,
                13.430899354316974,
                12.86019841442079,
                12.541557480901407,
                11.730046819013458,
                11.203127212438622,
                11.510862404806092,
                11.865293925050128,
                14.184713493895648,
                14.184713493895648,
                14.184713493895648,
                14.184713493895648,
                14.184713493895648,
                14.184713493895648,
                14.184713493895648,
                14.184713493895648,
                14.184713493895648,
                14.184713493895648,
                14.184713493895648,
                14.184713493895648,
                14.184713493895648,
                15.91706050323341,
                15.91706050323341,
                15.91706050323339,
                15.91706050323341,
                15.91706050323339,
                15.91706050323341,
                15.91706050323341,
                15.91706050323341,
                15.91706050323341,
                15.91706050323341,
                15.91706050323341,
                15.91706050323341,
                15.91706050323341
            ],
            "Node_7": [
                11.932672930912966,
                11.946975984707988,
                12.043984581579553,
                12.221300607232813,
                12.471560440685694,
                12.931314802886462,
                13.557248434330356,
                13.974877252777649,
                14.264477065571986,
                14.614524862477603,
                14.99401391835295,
                15.266818322472263,
                15.364709386303032,
                15.348871261244776,
                15.319206277376349,
                15.494981969519085,
                15.869328342591672,
                16.12139151734842,
                16.203260930067156,
                16.166703010745568,
                16.204845090235136,
                16.266246959224283,
                16.107144974538997,
                16.178487776861182,
                16.17350796890453,
                15.747783116544502,
                14.944578618786363,
                13.999939607941164,
                13.168560536288409,
                12.51393875621542,
                12.113902732425547,
                11.931608476437392,
                11.932672930912966,
                11.932672930912966,
                11.932672930912966,
                11.932672930912966,
                11.932672930912966,
                11.932672930912966,
                11.932672930912966,
                11.932672930912966,
                11.932672930912966,
                11.932672930912966,
                11.932672930912966,
                11.932672930912966,
                11.932672930912966,
                11.946975984707988,
                12.043984581579553,
                12.221300607232813,
                12.471560440685694,
                12.931314802886462,
                13.557248434330356,
                13.974877252777649,
                14.264477065571986,
                14.614524862477603,
                14.99401391835295,
                15.266818322472263,
                15.364709386303032,
                15.348871261244776,
                15.319206277376349,
                15.494981969519085,
                15.869328342591672,
                16.12139151734842,
                16.203260930067156,
                16.166703010745568,
                16.204845090235136,
                16.266246959224283,
                16.107144974538997,
                16.178487776861182,
                16.17350796890453,
                15.747783116544502,
                14.944578618786363,
                13.999939607941164,
                13.168560536288409,
                12.51393875621542,
                12.113902732425547,
                11.931608476437392,
                11.932672930912966,
                15.364709386303032,
                15.364709386303032,
                15.364709386303032,
                15.364709386303032,
                15.364709386303032,
                15.364709386303032,
                15.364709386303032,
                15.364709386303032,
                15.364709386303032,
                15.364709386303032,
                15.364709386303032,
                15.364709386303032,
                15.364709386303032,
                16.266246959224283,
                16.266246959224283,
                16.26624695922426,
                16.266246959224283,
                16.26624695922426,
                16.266246959224283,
                16.266246959224283,
                16.266246959224283,
                16.266246959224283,
                16.266246959224283,
                16.266246959224283,
                16.266246959224283,
                16.266246959224283
            ],
            "Node_8": [
                13.032908206917217,
                13.492035360729878,
                14.42870670028573,
                15.670039925939548,
                16.978489181562992,
                17.44959412517924,
                17.657767665822345,
                18.046548404633775,
                18.593839143436128,
                19.219571582179643,
                19.821789537856695,
                20.275872058198058,
                20.451447168667084,
                20.452350878407497,
                20.45711938685647,
                20.472189700070434,
                20.506230533331276,
                20.563106419714256,
                20.634147174453933,
                20.700522693271857,
                20.749538906697083,
                20.78412925133962,
                20.659835738538543,
                20.40907520767546,
                19.979900002427588,
                19.323775521756634,
                18.511833504501364,
                17.822121829865715,
                17.5371909117317,
                16.80723400295435,
                15.129262941165345,
                13.724842543763966,
                13.032908206917217,
                13.032908206917217,
                13.032908206917217,
                13.032908206917217,
                13.032908206917217,
                13.032908206917217,
                13.032908206917217,
                13.032908206917217,
                13.032908206917217,
                13.032908206917217,
                13.032908206917217,
                13.032908206917217,
                13.032908206917217,
                13.492035360729878,
                14.42870670028573,
                15.670039925939548,
                16.978489181562992,
                17.44959412517924,
                17.657767665822345,
                18.046548404633775,
                18.593839143436128,
                19.219571582179643,
                19.821789537856695,
                20.275872058198058,
                20.451447168667084,
                20.452350878407497,
                20.45711938685647,
                20.472189700070434,
                20.506230533331276,
                20.563106419714256,
                20.634147174453933,
                20.700522693271857,
                20.749538906697083,
                20.78412925133962,
                20.659835738538543,
                20.40907520767546,
                19.979900002427588,
                19.323775521756634,
                18.511833504501364,
                17.822121829865715,
                17.5371909117317,
                16.80723400295435,
                15.129262941165345,
                13.724842543763966,
                13.032908206917217,
                20.451447168667084,
                20.451447168667084,
                20.451447168667084,
                20.451447168667084,
                20.451447168667084,
                20.451447168667084,
                20.451447168667084,
                20.451447168667084,
                20.451447168667084,
                20.451447168667084,
                20.451447168667084,
                20.451447168667084,
                20.451447168667084,
                20.78412925133962,
                20.78412925133962,
                20.784129251339607,
                20.78412925133962,
                20.784129251339607,
                20.78412925133962,
                20.78412925133962,
                20.78412925133962,
                20.78412925133962,
                20.78412925133962,
                20.78412925133962,
                20.78412925133962,
                20.78412925133962
            ],
            "Node_9": [
                17.651735570142144,
                17.693688901013925,
                17.76169308020073,
                17.76389437751593,
                17.79539308742401,
                18.472904623986945,
                19.165618774047513,
                19.62175716226748,
                19.992401465197712,
                20.30597709747548,
                20.5404418149666,
                20.683265616742652,
                20.72757831201798,
                20.728586404912,
                20.73272238502548,
                20.741610767908018,
                20.755875975268196,
                20.775089389198897,
                20.795882141587235,
                20.811033847290894,
                20.811080550970274,
                20.78541946017012,
                20.824505641064853,
                20.772043945643727,
                20.517368154278927,
                20.073774706458956,
                19.542857806573227,
                18.969575151666213,
                18.174537921956894,
                17.62581478431347,
                17.709445569343316,
                17.689064216411747,
                17.651735570142144,
                17.651735570142144,
                17.651735570142144,
                17.651735570142144,
                17.651735570142144,
                17.651735570142144,
                17.651735570142144,
                17.651735570142144,
                17.651735570142144,
                17.651735570142144,
                17.651735570142144,
                17.651735570142144,
                17.651735570142144,
                17.693688901013925,
                17.76169308020073,
                17.76389437751593,
                17.79539308742401,
                18.472904623986945,
                19.165618774047513,
                19.62175716226748,
                19.992401465197712,
                20.30597709747548,
                20.5404418149666,
                20.683265616742652,
                20.72757831201798,
                20.728586404912,
                20.73272238502548,
                20.741610767908018,
                20.755875975268196,
                20.775089389198897,
                20.795882141587235,
                20.811033847290894,
                20.811080550970274,
                20.78541946017012,
                20.824505641064853,
                20.772043945643727,
                20.517368154278927,
                20.073774706458956,
                19.542857806573227,
                18.969575151666213,
                18.174537921956894,
                17.62581478431347,
                17.709445569343316,
                17.689064216411747,
                17.651735570142144,
                20.72757831201798,
                20.72757831201798,
                20.72757831201798,
                20.72757831201798,
                20.72757831201798,
                20.72757831201798,
                20.72757831201798,
                20.72757831201798,
                20.72757831201798,
                20.72757831201798,
                20.72757831201798,
                20.72757831201798,
                20.72757831201798,
                20.78541946017012,
                20.78541946017012,
                20.785419460170115,
                20.78541946017012,
                20.785419460170115,
                20.78541946017012,
                20.78541946017012,
                20.78541946017012,
                20.78541946017012,
                20.78541946017012,
                20.78541946017012,
                20.78541946017012,
                20.78541946017012
            ],
            "Node_10": [
                51.98083070644504,
                51.86538871683141,
                51.58065429846963,
                51.601511034017,
                52.015604424992425,
                52.57145824140959,
                53.05071226060174,
                53.435749516106405,
                53.777118006194996,
                54.0728256122381,
                54.29552077347329,
                54.43337656675499,
                54.48064414472036,
                54.65604298269618,
                55.144378358336425,
                55.845765772149726,
                56.62886045553671,
                57.35483385618678,
                57.31498217368849,
                56.945228959076005,
                56.72813945619618,
                56.63313847489474,
                56.60561817904989,
                56.562928060589044,
                56.40466031081635,
                56.11892828498758,
                55.7032981334945,
                54.66182067065232,
                53.174443648223324,
                52.155866192020596,
                51.751246641275785,
                51.85558804225644,
                51.98083070644504,
                51.98083070644504,
                51.98083070644504,
                51.98083070644504,
                51.98083070644504,
                51.98083070644504,
                51.98083070644504,
                51.98083070644504,
                51.98083070644504,
                51.98083070644504,
                51.98083070644504,
                51.98083070644504,
                51.98083070644504,
                51.86538871683141,
                51.58065429846963,
                51.601511034017,
                52.015604424992425,
                52.57145824140959,
                53.05071226060174,
                53.435749516106405,
                53.777118006194996,
                54.0728256122381,
                54.29552077347329,
                54.43337656675499,
                54.48064414472036,
                54.65604298269618,
                55.144378358336425,
                55.845765772149726,
                56.62886045553671,
                57.35483385618678,
                57.31498217368849,
                56.945228959076005,
                56.72813945619618,
                56.63313847489474,
                56.60561817904989,
                56.562928060589044,
                56.40466031081635,
                56.11892828498758,
                55.7032981334945,
                54.66182067065232,
                53.174443648223324,
                52.155866192020596,
                51.751246641275785,
                51.85558804225644,
                51.98083070644504,
                54.48064414472036,
                54.48064414472036,
                54.48064414472036,
                54.48064414472036,
                54.48064414472036,
                54.48064414472036,
                54.48064414472036,
                54.48064414472036,
                54.48064414472036,
                54.48064414472036,
                54.48064414472036,
                54.48064414472036,
                54.48064414472036,
                56.63313847489474,
                56.63313847489474,
                56.633138474894764,
                56.63313847489474,
                56.633138474894764,
                56.63313847489474,
                56.63313847489474,
                56.63313847489474,
                56.63313847489474,
                56.63313847489474,
                56.63313847489474,
                56.63313847489474,
                56.63313847489474
            ],
            "Node_11": [
                52.06253249897776,
                52.31106364395491,
                53.24315966401008,
                54.459419201885254,
                54.92404116273966,
                54.98357614350334,
                55.38702269700612,
                56.09800193199306,
                56.74046531235012,
                57.17401226401275,
                57.51166668210629,
                57.765594871015274,
                57.864909999665976,
                57.88823329489105,
                57.95344847750184,
                58.05840052744654,
                58.170387521725594,
                57.860668008101605,
                57.958382726307825,
                58.37776709896542,
                58.71198511310901,
                58.97535712900418,
                58.860114822096776,
                58.089837144183434,
                57.37993843105899,
                56.90310335533508,
                56.577746054080635,
                55.831871372795256,
                55.69671321984884,
                55.71185781827315,
                54.18893085495349,
                52.642252619468366,
                52.06253249897776,
                52.06253249897776,
                52.06253249897776,
                52.06253249897776,
                52.06253249897776,
                52.06253249897776,
                52.06253249897776,
                52.06253249897776,
                52.06253249897776,
                52.06253249897776,
                52.06253249897776,
                52.06253249897776,
                52.06253249897776,
                52.31106364395491,
                53.24315966401008,
                54.459419201885254,
                54.92404116273966,
                54.98357614350334,
                55.38702269700612,
                56.09800193199306,
                56.74046531235012,
                57.17401226401275,
                57.51166668210629,
                57.765594871015274,
                57.864909999665976,
                57.88823329489105,
                57.95344847750184,
                58.05840052744654,
                58.170387521725594,
                57.860668008101605,
                57.958382726307825,
                58.37776709896542,
                58.71198511310901,
                58.97535712900418,
                58.860114822096776,
                58.089837144183434,
                57.37993843105899,
                56.90310335533508,
                56.577746054080635,
                55.831871372795256,
                55.69671321984884,
                55.71185781827315,
                54.18893085495349,
                52.642252619468366,
                52.06253249897776,
                57.864909999665976,
                57.864909999665976,
                57.864909999665976,
                57.864909999665976,
                57.864909999665976,
                57.864909999665976,
                57.864909999665976,
                57.864909999665976,
                57.864909999665976,
                57.864909999665976,
                57.864909999665976,
                57.864909999665976,
                57.864909999665976,
                58.97535712900418,
                58.97535712900418,
                58.97535712900418,
                58.97535712900418,
                58.97535712900418,
                58.97535712900418,
                58.97535712900418,
                58.97535712900418,
                58.97535712900418,
                58.97535712900418,
                58.97535712900418,
                58.97535712900418,
                58.97535712900418
            ],
            "Node_12": [
                59.77741475507995,
                59.27999628904062,
                58.29538346908387,
                57.701255837763064,
                58.42808364185753,
                59.61468415141815,
                60.13685504175321,
                60.25796752911998,
                60.67967666527002,
                61.15439181541418,
                61.42652225893412,
                61.56702190101423,
                61.603862329702565,
                61.23384804481341,
                60.451694554044735,
                59.58371953681751,
                58.81447837194804,
                58.680267459069235,
                59.02971766612109,
                59.48086865566629,
                59.88246640887566,
                60.007784726064465,
                59.83523140251737,
                60.06030195006183,
                59.905066232798625,
                58.9596254800822,
                57.50941275178274,
                57.04911761455194,
                56.740932002197994,
                56.390110689301245,
                57.50242685812361,
                58.97203468378277,
                59.77741475507995,
                59.77741475507995,
                59.77741475507995,
                59.77741475507995,
                59.77741475507995,
                59.77741475507995,
                59.77741475507995,
                59.77741475507995,
                59.77741475507995,
                59.77741475507995,
                59.77741475507995,
                59.77741475507995,
                59.77741475507995,
                59.27999628904062,
                58.29538346908387,
                57.701255837763064,
                58.42808364185753,
                59.61468415141815,
                60.13685504175321,
                60.25796752911998,
                60.67967666527002,
                61.15439181541418,
                61.42652225893412,
                61.56702190101423,
                61.603862329702565,
                61.23384804481341,
                60.451694554044735,
                59.58371953681751,
                58.81447837194804,
                58.680267459069235,
                59.02971766612109,
                59.48086865566629,
                59.88246640887566,
                60.007784726064465,
                59.83523140251737,
                60.06030195006183,
                59.905066232798625,
                58.9596254800822,
                57.50941275178274,
                57.04911761455194,
                56.740932002197994,
                56.390110689301245,
                57.50242685812361,
                58.97203468378277,
                59.77741475507995,
                61.603862329702565,
                61.603862329702565,
                61.603862329702565,
                61.603862329702565,
                61.603862329702565,
                61.603862329702565,
                61.603862329702565,
                61.603862329702565,
                61.603862329702565,
                61.603862329702565,
                61.603862329702565,
                61.603862329702565,
                61.603862329702565,
                60.007784726064465,
                60.007784726064465,
                60.00778472606446,
                60.007784726064465,
                60.00778472606446,
                60.007784726064465,
                60.007784726064465,
                60.007784726064465,
                60.007784726064465,
                60.007784726064465,
                60.007784726064465,
                60.007784726064465,
                60.007784726064465
            ],
            "Node_13": [
                59.79675460263424,
                59.796484225757396,
                59.81078396726391,
                59.830165510036004,
                59.9395015926295,
                60.22528786672851,
                60.53055131056811,
                60.70908909166848,
                61.03359765917279,
                61.87495167295473,
                62.877575387355726,
                63.57697406336902,
                63.82954478708808,
                64.10565341448022,
                64.60485626423748,
                64.63425922047172,
                64.2310836747013,
                63.63044235027907,
                62.89395198994002,
                62.11362317525972,
                61.40151910118595,
                60.995574784851776,
                61.15124637905316,
                61.22784167783591,
                60.9796852026402,
                60.47996063266896,
                60.04433847683099,
                60.16036316172103,
                60.626576891313825,
                60.45726736793572,
                60.022742799877285,
                59.83333692932206,
                59.79675460263424,
                59.79675460263424,
                59.79675460263424,
                59.79675460263424,
                59.79675460263424,
                59.79675460263424,
                59.79675460263424,
                59.79675460263424,
                59.79675460263424,
                59.79675460263424,
                59.79675460263424,
                59.79675460263424,
                59.79675460263424,
                59.796484225757396,
                59.81078396726391,
                59.830165510036004,
                59.9395015926295,
                60.22528786672851,
                60.53055131056811,
                60.70908909166848,
                61.03359765917279,
                61.87495167295473,
                62.877575387355726,
                63.57697406336902,
                63.82954478708808,
                64.10565341448022,
                64.60485626423748,
                64.63425922047172,
                64.2310836747013,
                63.63044235027907,
                62.89395198994002,
                62.11362317525972,
                61.40151910118595,
                60.995574784851776,
                61.15124637905316,
                61.22784167783591,
                60.9796852026402,
                60.47996063266896,
                60.04433847683099,
                60.16036316172103,
                60.626576891313825,
                60.45726736793572,
                60.022742799877285,
                59.83333692932206,
                59.79675460263424,
                63.82954478708808,
                63.82954478708808,
                63.82954478708808,
                63.82954478708808,
                63.82954478708808,
                63.82954478708808,
                63.82954478708808,
                63.82954478708808,
                63.82954478708808,
                63.82954478708808,
                63.82954478708808,
                63.82954478708808,
                63.82954478708808,
                60.995574784851776,
                60.995574784851776,
                60.995574784851776,
                60.995574784851776,
                60.995574784851776,
                60.995574784851776,
                60.995574784851776,
                60.995574784851776,
                60.995574784851776,
                60.995574784851776,
                60.995574784851776,
                60.995574784851776,
                60.995574784851776
            ],
            "Node_14": [
                64.5348155963025,
                65.05606713273674,
                65.97664698531625,
                65.79945040847537,
                64.75696212321456,
                63.76672558140732,
                63.23189620530797,
                63.22143388885844,
                63.45241862340136,
                63.91001489794744,
                64.53339771731858,
                65.02574501819723,
                65.19466521468495,
                65.13979713259921,
                65.01524955165674,
                65.23354542170642,
                65.60119269606048,
                65.79311108873053,
                65.79637305677872,
                65.71399371492305,
                65.63546802842912,
                65.5998631158273,
                65.6418247505726,
                65.7079128261859,
                65.77817533367339,
                65.88096988106663,
                65.73833504408532,
                65.35046357342407,
                65.01368472126325,
                65.43338430340422,
                66.29759372818559,
                65.27109014448772,
                64.5348155963025,
                64.5348155963025,
                64.5348155963025,
                64.5348155963025,
                64.5348155963025,
                64.5348155963025,
                64.5348155963025,
                64.5348155963025,
                64.5348155963025,
                64.5348155963025,
                64.5348155963025,
                64.5348155963025,
                64.5348155963025,
                65.05606713273674,
                65.97664698531625,
                65.79945040847537,
                64.75696212321456,
                63.76672558140732,
                63.23189620530797,
                63.22143388885844,
                63.45241862340136,
                63.91001489794744,
                64.53339771731858,
                65.02574501819723,
                65.19466521468495,
                65.13979713259921,
                65.01524955165674,
                65.23354542170642,
                65.60119269606048,
                65.79311108873053,
                65.79637305677872,
                65.71399371492305,
                65.63546802842912,
                65.5998631158273,
                65.6418247505726,
                65.7079128261859,
                65.77817533367339,
                65.88096988106663,
                65.73833504408532,
                65.35046357342407,
                65.01368472126325,
                65.43338430340422,
                66.29759372818559,
                65.27109014448772,
                64.5348155963025,
                65.19466521468495,
                65.19466521468495,
                65.19466521468495,
                65.19466521468495,
                65.19466521468495,
                65.19466521468495,
                65.19466521468495,
                65.19466521468495,
                65.19466521468495,
                65.19466521468495,
                65.19466521468495,
                65.19466521468495,
                65.19466521468495,
                65.5998631158273,
                65.5998631158273,
                65.5998631158273,
                65.5998631158273,
                65.5998631158273,
                65.5998631158273,
                65.5998631158273,
                65.5998631158273,
                65.5998631158273,
                65.5998631158273,
                65.5998631158273,
                65.5998631158273,
                65.5998631158273
            ],
            "Node_15": [
                68.04286540828059,
                67.81032749577389,
                67.24993723920966,
                67.36644432666783,
                67.9187792374408,
                68.2858886622214,
                68.51079648648209,
                68.5975879937597,
                68.50614969113089,
                68.2683583150828,
                68.01051718285106,
                67.84822934314752,
                67.80033138097862,
                67.72052021280676,
                67.49538871131338,
                67.17840005124961,
                66.8684162166874,
                66.67475494539272,
                66.63510101346698,
                66.66556182299209,
                66.69396997973647,
                66.70524790080667,
                66.69667716548943,
                66.68160549383288,
                66.66807479699902,
                66.77105520890065,
                67.19791460405884,
                67.62072750702801,
                67.72432594864895,
                67.39941357192845,
                66.7960650231294,
                67.63700218867473,
                68.04286540828059,
                68.04286540828059,
                68.04286540828059,
                68.04286540828059,
                68.04286540828059,
                68.04286540828059,
                68.04286540828059,
                68.04286540828059,
                68.04286540828059,
                68.04286540828059,
                68.04286540828059,
                68.04286540828059,
                68.04286540828059,
                67.81032749577389,
                67.24993723920966,
                67.36644432666783,
                67.9187792374408,
                68.2858886622214,
                68.51079648648209,
                68.5975879937597,
                68.50614969113089,
                68.2683583150828,
                68.01051718285106,
                67.84822934314752,
                67.80033138097862,
                67.72052021280676,
                67.49538871131338,
                67.17840005124961,
                66.8684162166874,
                66.67475494539272,
                66.63510101346698,
                66.66556182299209,
                66.69396997973647,
                66.70524790080667,
                66.69667716548943,
                66.68160549383288,
                66.66807479699902,
                66.77105520890065,
                67.19791460405884,
                67.62072750702801,
                67.72432594864895,
                67.39941357192845,
                66.7960650231294,
                67.63700218867473,
                68.04286540828059,
                67.80033138097862,
                67.80033138097862,
                67.80033138097862,
                67.80033138097862,
                67.80033138097862,
                67.80033138097862,
                67.80033138097862,
                67.80033138097862,
                67.80033138097862,
                67.80033138097862,
                67.80033138097862,
                67.80033138097862,
                67.80033138097862,
                66.70524790080667,
                66.70524790080667,
                66.70524790080667,
                66.70524790080667,
                66.70524790080667,
                66.70524790080667,
                66.70524790080667,
                66.70524790080667,
                66.70524790080667,
                66.70524790080667,
                66.70524790080667,
                66.70524790080667,
                66.70524790080667
            ]
        }
    },
    "Phonon_DOS": {
        "DOS": [
            0.0,
            0.0013333333333333333,
            0.0006666666666666666,
            0.005333333333333333,
            0.005333333333333333,
            0.0013333333333333333,
            0.0,
            0.0,
            0.0026666666666666666,
            0.0013333333333333333,
            0.0026666666666666666,
            0.005333333333333333,
            0.0,
            0.002,
            0.0,
            0.0,
            0.009333333333333334,
            0.0026666666666666666,
            0.006666666666666667,
            0.004,
            0.009333333333333334,
            0.018666666666666668,
            0.05333333333333334,
            0.038,
            0.02666666666666667,
            0.042666666666666665,
            0.051333333333333335,
            0.054000000000000006,
            0.062,
            0.048666666666666664,
            0.016,
            0.024666666666666667,
            0.008,
            0.03066666666666667,
            0.06533333333333333,
            0.0,
            0.0,
            0.0,
            0.0,
            0.0,
            0.0,
            0.0,
            0.0,
            0.0,
            0.0,
            0.0,
            0.0,
            0.0,
            0.0,
            0.0,
            0.0,
            0.0,
            0.0,
            0.0,
            0.0,
            0.0,
            0.0,
            0.0,
            0.0,
            0.0,
            0.0,
            0.0,
            0.0,
            0.0,
            0.0,
            0.006,
            0.008666666666666666,
            0.011333333333333332,
            0.02,
            0.021333333333333333,
            0.027999999999999997,
            0.037333333333333336,
            0.03133333333333333,
            0.03066666666666667,
            0.028666666666666667,
            0.021333333333333333,
            0.011333333333333332,
            0.013333333333333334,
            0.02333333333333333,
            0.03266666666666666,
            0.029333333333333333,
            0.03,
            0.015333333333333334,
            0.0
        ],
        "Energy(meV)": [
            -13.5,
            -12.5,
            -11.5,
            -10.5,
            -9.5,
            -8.5,
            -7.5,
            -6.5,
            -5.5,
            -4.5,
            -3.5,
            -2.5,
            -1.5,
            -0.5,
            0.5,
            1.5,
            2.5,
            3.5,
            4.5,
            5.5,
            6.5,
            7.5,
            8.5,
            9.5,
            10.5,
            11.5,
            12.5,
            13.5,
            14.5,
            15.5,
            16.5,
            17.5,
            18.5,
            19.5,
            20.5,
            21.5,
            22.5,
            23.5,
            24.5,
            25.5,
            26.5,
            27.5,
            28.5,
            29.5,
            30.5,
            31.5,
            32.5,
            33.5,
            34.5,
            35.5,
            36.5,
            37.5,
            38.5,
            39.5,
            40.5,
            41.5,
            42.5,
            43.5,
            44.5,
            45.5,
            46.5,
            47.5,
            48.5,
            49.5,
            50.5,
            51.5,
            52.5,
            53.5,
            54.5,
            55.5,
            56.5,
            57.5,
            58.5,
            59.5,
            60.5,
            61.5,
            62.5,
            63.5,
            64.5,
            65.5,
            66.5,
            67.5,
            68.5,
            69.5
        ]
    }
}