{
    "POSCAR": {
        "Atomes": "   Ti    Br   C\n",
        "coordinate": "Direct\n",
        "unit_cell": {
            "a_vector": "1.657586518686896   -2.8710245535829713   6.978113539395581e-08\n",
            "b_vector": "1.657586698944954   2.8710246576550538   -1.674101345062777e-07\n",
            "c_vector": "-1.0923991622770012e-06   -1.532289361193494e-06   29.574247757199185\n"
        },
        "positions": {
            "Ti": [
                "0.6666666412493689   0.33333335836633354   0.2363874779507572\n",
                "0.3333333697570212   0.6666666351285205   0.1636125201509409\n"
            ],
            "Br": [
                "0.3333331259747716   0.6666668611372403   0.29837447550697255\n",
                "0.6666668660568287   0.3333331295868195   0.10162552620876632\n"
            ],
            "C": [
                "-3.0379911759226283e-09   1.5781086385850882e-08   0.2000000001825631\n"
            ]
        }
    },
    "Termo_data": {
        "Temperature (K)": [
            0,
            10,
            20,
            30,
            40,
            50,
            60,
            70,
            80,
            90,
            100,
            110,
            120,
            130,
            140,
            150,
            160,
            170,
            180,
            190,
            200,
            210,
            220,
            230,
            240,
            250,
            260,
            270,
            280,
            290,
            300,
            310,
            320,
            330,
            340,
            350,
            360,
            370,
            380,
            390,
            400,
            410,
            420,
            430,
            440,
            450,
            460,
            470,
            480,
            490,
            500,
            510,
            520,
            530,
            540,
            550,
            560,
            570,
            580,
            590,
            600,
            610,
            620,
            630,
            640,
            650,
            660,
            670,
            680,
            690,
            700,
            710,
            720,
            730,
            740,
            750,
            760,
            770,
            780,
            790,
            800,
            810,
            820,
            830,
            840,
            850,
            860,
            870,
            880,
            890,
            900,
            910,
            920,
            930,
            940,
            950,
            960,
            970,
            980,
            990,
            1000,
            1010,
            1020,
            1030,
            1040,
            1050,
            1060,
            1070,
            1080,
            1090,
            1100,
            1110,
            1120,
            1130,
            1140,
            1150,
            1160,
            1170,
            1180,
            1190,
            1200,
            1210,
            1220,
            1230,
            1240,
            1250,
            1260,
            1270,
            1280,
            1290,
            1300,
            1310,
            1320,
            1330,
            1340,
            1350,
            1360,
            1370,
            1380,
            1390,
            1400,
            1410,
            1420,
            1430,
            1440,
            1450,
            1460,
            1470,
            1480,
            1490,
            1500,
            1510,
            1520,
            1530,
            1540,
            1550,
            1560,
            1570,
            1580,
            1590,
            1600,
            1610,
            1620,
            1630,
            1640,
            1650,
            1660,
            1670,
            1680,
            1690,
            1700,
            1710,
            1720,
            1730,
            1740,
            1750,
            1760,
            1770,
            1780,
            1790,
            1800,
            1810,
            1820,
            1830,
            1840,
            1850,
            1860,
            1870,
            1880,
            1890,
            1900,
            1910,
            1920,
            1930,
            1940,
            1950,
            1960,
            1970
        ],
        "Gibbs_free(J/mole)": [
            -508678.5673507023,
            -508678.72789674497,
            -508679.745145515,
            -508682.5474908555,
            -508689.0182207403,
            -508701.4268330035,
            -508721.72245784185,
            -508751.3277879014,
            -508791.18146019103,
            -508841.84383509576,
            -508903.60107447876,
            -508976.54908335244,
            -509060.65549591987,
            -509155.8032179938,
            -509261.820245188,
            -509378.4998395247,
            -509505.61412058066,
            -509642.92327862646,
            -509790.18184405006,
            -509947.14297012595,
            -510113.5614099816,
            -510289.1955464237,
            -510473.80880698987,
            -510667.1705819881,
            -510869.0568652286,
            -511079.2506065965,
            -511297.5419270498,
            -511523.72817841254,
            -511757.6139211304,
            -511999.01082900306,
            -512247.73754204536,
            -512503.61948319053,
            -512766.48865407676,
            -513036.18340618897,
            -513312.5482154494,
            -513595.43343773903,
            -513884.69507231825,
            -514180.19452635624,
            -514481.79838396853,
            -514789.3781793697,
            -515102.8101656404,
            -515421.97512673825,
            -515746.7581481162,
            -516077.0484366719,
            -516412.7391349029,
            -516753.72712511785,
            -517099.91287728894,
            -517451.20027585694,
            -517807.49647996895,
            -518168.71175403974,
            -518534.7593441484,
            -518905.5553360985,
            -519281.01854673115,
            -519661.07038833015,
            -520045.634755628,
            -520434.6379284885,
            -520828.00846825447,
            -521225.6771006524,
            -521627.576648284,
            -522033.6419672469,
            -522443.8097707904,
            -522858.018679737,
            -523276.2090205016,
            -523698.32286385214,
            -524124.30386921094,
            -524554.0972970107,
            -524987.6498744201,
            -525424.9097905972,
            -525865.8266516374,
            -526310.3513267436,
            -526758.4360288625,
            -527210.0342527179,
            -527665.1005463784,
            -528123.5907449762,
            -528585.4617439447,
            -529050.6714608386,
            -529519.1789269678,
            -529990.944114655,
            -530465.9279907405,
            -530944.0923634365,
            -531425.4001016997,
            -531909.8147590935,
            -532397.3008665568,
            -532887.8236860123,
            -533381.3492749345,
            -533877.8444759096,
            -534377.2768054054,
            -534879.6145962842,
            -535384.826780225,
            -535892.8829785995,
            -536403.7534364051,
            -536917.4090743462,
            -537433.8214082121,
            -537952.962495765,
            -538474.8049974057,
            -538999.322191777,
            -539526.4877730354,
            -540056.2760587477,
            -540588.6618147648,
            -541123.6202696948,
            -541661.1272549931,
            -542201.1589871051,
            -542743.6921067637,
            -543288.7037792804,
            -543836.1714937937,
            -544386.0732586432,
            -544938.387478876,
            -545493.0928902957,
            -546050.1685255072,
            -546609.5940903764,
            -547171.3492960939,
            -547735.4145872254,
            -548301.7703990042,
            -548870.3977498148,
            -549441.2778059624,
            -550014.3921725212,
            -550589.7228969762,
            -551167.2518720059,
            -551746.9618851676,
            -552328.83560333,
            -552912.8560087834,
            -553499.0066411487,
            -554087.2708905919,
            -554677.6328589374,
            -555270.0769632447,
            -555864.5868808116,
            -556461.1476272345,
            -557059.743300542,
            -557660.3603570081,
            -558262.9835521154,
            -558867.5984101177,
            -559474.1907943569,
            -560082.7466991534,
            -560693.2521503782,
            -561305.6938447099,
            -561920.0583045292,
            -562536.3322166178,
            -563154.5027706265,
            -563774.5571036541,
            -564396.4826136671,
            -565020.2667168211,
            -565645.8974823151,
            -566273.3624824487,
            -566902.6499728202,
            -567533.7483099735,
            -568166.6457167496,
            -568801.3309235156,
            -569437.7925605983,
            -570076.0196106661,
            -570716.0010770217,
            -571357.7261437153,
            -572001.1841503358,
            -572646.364442099,
            -573293.256885029,
            -573941.8511096583,
            -574592.1370792894,
            -575244.1046777734,
            -575897.7441547791,
            -576553.0458065392,
            -577209.9999603241,
            -577868.5972200788,
            -578528.8279836212,
            -579190.6836135234,
            -579854.154353933,
            -580519.231481052,
            -581185.9061823458,
            -581854.1695570142,
            -582524.0129433066,
            -583195.4278764428,
            -583868.4056909536,
            -584542.9381022333,
            -585219.0169845242,
            -585896.6341112269,
            -586575.7814003628,
            -587256.4508421014,
            -587938.6346042238,
            -588622.3249552755,
            -589307.5143288925,
            -589994.1947944508,
            -590682.3590014194,
            -591371.999827216,
            -592063.109327764,
            -592755.6807317608,
            -593449.7070323832,
            -594145.1805050162,
            -594842.0945432361,
            -595540.442155294,
            -596240.2166837138,
            -596941.4111883979,
            -597644.018789968,
            -598348.0331176618,
            -599053.4475189821,
            -599760.2557872374,
            -600468.4510824304,
            -601178.027385999,
            -601888.9781267364,
            -602601.2976906701,
            -603314.9793406297
        ],
        "Cp(J/mole.K)": [
            -0.0,
            0.0874625506301527,
            0.4047640206292272,
            1.1294811028114053,
            2.3431161876244,
            3.877701593730307,
            5.513214787145262,
            7.1076411518879485,
            8.592122387711424,
            9.942570239020275,
            11.158701788343025,
            12.250943755792107,
            13.23309834811371,
            14.118808239082869,
            14.920194143571997,
            15.647556589094163,
            16.30953923070338,
            16.91340726902417,
            17.465329107947756,
            17.970620279188733,
            18.433915538393215,
            18.859291114972454,
            19.250363676727268,
            19.610368700310914,
            19.942202149517826,
            20.248467004748825,
            20.53150596859632,
            20.793428172798315,
            21.036138784023933,
            21.26135260778392,
            21.470618337349183,
            21.665333328500843,
            21.846759472973645,
            22.01603955509348,
            22.17420117181609,
            22.322174933746236,
            22.460809303267148,
            22.590872066564096,
            22.71304652048275,
            22.827961996159853,
            22.936200803960674,
            23.03827162925298,
            23.134654526459023,
            23.225781900715052,
            23.312031159264734,
            23.393770079797864,
            23.47133933805754,
            23.54503474635269,
            23.615113799320397,
            23.681827248015907,
            23.745423004147703,
            23.806124470493632,
            23.86410820832232,
            23.919546502843037,
            23.972630034966393,
            24.023494007684505,
            24.072254364274016,
            24.119114563516632,
            24.164166591502685,
            24.207472696063633,
            24.249190807167906,
            24.289394228180754,
            24.32817844715614,
            24.365642243399634,
            24.401850399747445,
            24.436848195298758,
            24.470773813375807,
            24.503646288003125,
            24.535420013160962,
            24.56639745295979,
            24.59649550903123,
            24.625580154236953,
            24.65402409061789,
            24.681708077524824,
            24.708573095162812,
            24.73488366362284,
            24.760573424282484,
            24.78552030775156,
            24.80994201368314,
            24.833940079171082,
            24.857307795667793,
            24.880225805280382,
            24.90266921725712,
            24.92461568029551,
            24.946156395727243,
            24.96732726431219,
            24.98825534983189,
            25.008719720947433,
            25.02869899291545,
            25.04841238481161,
            25.067960160551657,
            25.08716590402195,
            25.105919989396483,
            25.124588429520372,
            25.143088124639853,
            25.161156026442768,
            25.179038639366695,
            25.196584143148947,
            25.21392632208881,
            25.231403496244386,
            25.24852885602762,
            25.26533878162161,
            25.282064911373674,
            25.2985695076672,
            25.315154936025067,
            25.331649760657307,
            25.347413104428917,
            25.363195545494243,
            25.379254679975872,
            25.395083693574765,
            25.410913889878195,
            25.42639742948247,
            25.441651333961715,
            25.45680983067998,
            25.472399558604067,
            25.487670737420558,
            25.502301815256942,
            25.517793130595237,
            25.53264950180892,
            25.547236821064228,
            25.562274577911097,
            25.57691940928917,
            25.59313207528347,
            25.607997563114623,
            25.62023314454092,
            25.632493300509207,
            25.647507219115774,
            25.666166101488855,
            25.681034675240426,
            25.69354490460255,
            25.70826676001907,
            25.722222628994775,
            25.736226518230975,
            25.75145378111028,
            25.765608277270708,
            25.779302818758687,
            25.79415143688675,
            25.808666031196484,
            25.82230515061519,
            25.836713985144552,
            25.851533612061957,
            25.865117046556733,
            25.87971973523341,
            25.89463099186562,
            25.9084296621852,
            25.922737207613157,
            25.937168670620096,
            25.951646711683033,
            25.96602982537567,
            25.980224418162308,
            25.99412000417942,
            26.008471705884713,
            26.023802867159244,
            26.038532844570003,
            26.05256714032774,
            26.066664763609,
            26.081486537481684,
            26.09626546710206,
            26.11062485631018,
            26.124565564172322,
            26.139919620006825,
            26.155846734452872,
            26.168970040453132,
            26.183741761941697,
            26.19985457782238,
            26.214096760071932,
            26.229010385128664,
            26.24399441505886,
            26.258006720454432,
            26.273356527174954,
            26.28957861271992,
            26.304597695849466,
            26.31910408799206,
            26.33400819639259,
            26.34961300361344,
            26.366028533956687,
            26.381194404839107,
            26.394894272727385,
            26.411611475521426,
            26.4278008341874,
            26.441423007810698,
            26.459386692304072,
            26.475852633501248,
            26.488363519263345,
            26.5046343027376,
            26.522662015036218,
            26.53933014152598,
            26.553840004628924,
            26.568611952126957,
            26.585792540857533,
            26.603516480419245,
            26.61983442330147,
            26.634860092588042,
            26.650795137948897,
            26.668723661499925,
            26.686576738415724,
            26.702008520147672,
            26.71763936802426
        ],
        "S(J/mole.K)": [
            0,
            0.04373127531507635,
            0.1886535557874595,
            0.4780914114133338,
            0.9592277853349513,
            1.639887468161032,
            2.4870921931295014,
            3.454215412431222,
            4.498911715369468,
            5.588284377880337,
            6.698584480576392,
            7.8133806498022755,
            8.921620827449079,
            10.016031011405722,
            11.091926174080438,
            12.146375470273053,
            13.177633790869004,
            14.184760046799784,
            15.16736123254741,
            16.12542032330239,
            17.05917927174087,
            17.969057901033377,
            18.85559690724622,
            19.719417535676623,
            20.56119244350848,
            21.38162432838508,
            22.181430321722292,
            22.96133045964598,
            23.722039279756427,
            24.464259660147217,
            25.18867834406483,
            25.895962843157758,
            26.586759320060082,
            27.261691293720652,
            27.921358844319187,
            28.566338251361596,
            29.19718214946843,
            29.814419889189598,
            30.418557819412676,
            31.010079874120134,
            31.589448563607583,
            32.15710560572115,
            32.713472691671626,
            33.25895247696171,
            33.79392915335702,
            34.31876937701308,
            34.83382340935204,
            35.339425756072885,
            35.83589561786212,
            36.323537685054184,
            36.802643213544805,
            37.27349082074798,
            37.73634677683586,
            38.191465454845456,
            38.63909035054894,
            39.07945454723886,
            39.51278078984688,
            39.93928281276676,
            40.35916577410972,
            40.772625628766406,
            41.17985029252159,
            41.58102027789428,
            41.9763086606843,
            42.36588176120422,
            42.7498993304951,
            43.12851454209157,
            43.50187494754135,
            43.87012262964271,
            44.2333931617395,
            44.591818034683804,
            44.945524661167276,
            45.294633493354176,
            45.63926157253445,
            45.979522868215284,
            46.31552548147738,
            46.64737452411209,
            46.97517225790652,
            47.29901570434012,
            47.61899873123475,
            47.935213657010166,
            48.247748666677225,
            48.55668848117348,
            48.862115665954484,
            49.16410949719285,
            49.462746810588584,
            49.75810246772017,
            50.0502496530462,
            50.339258481664004,
            50.62519527292752,
            50.908125207824924,
            51.18811307105352,
            51.46522108729114,
            51.73950787552604,
            52.01103152527649,
            52.27984978814348,
            52.54601675557497,
            52.809584718802945,
            53.0706048447566,
            53.329126625698706,
            53.58520043772297,
            53.83887441279222,
            54.090192991634844,
            54.33920061693936,
            54.58594089752443,
            54.830456963021426,
            55.07279134229757,
            55.31298151528026,
            55.551064389993556,
            55.78708054479067,
            56.021068303838554,
            56.25306366748701,
            56.48310114328634,
            56.7112132656388,
            56.93743281770003,
            57.161794619858846,
            57.38433163028239,
            57.60507130473124,
            57.82404541744617,
            58.041285008244444,
            58.25681553222966,
            58.47066634081857,
            58.68286556785169,
            58.89344520303129,
            59.102432639655305,
            59.309837582436735,
            59.51567494735063,
            59.71998074285075,
            59.92280446318619,
            60.1241689029237,
            60.32407282797503,
            60.522538160403194,
            60.71959253172826,
            60.91525466048478,
            61.10955034361395,
            61.30250064962746,
            61.494119878349,
            61.684430216783944,
            61.873453867682834,
            62.06120515610819,
            62.2477020528313,
            62.432966778679116,
            62.61701395765122,
            62.79986000458157,
            62.9815264461009,
            63.16202693912055,
            63.341375513328245,
            63.51959018242488,
            63.696687009712335,
            63.872680990629306,
            64.04758602549846,
            64.22141505331383,
            64.39418288723246,
            64.56590826916508,
            64.73660612844978,
            64.906285629989,
            65.07495790230459,
            65.24263842580403,
            65.40934205962839,
            65.57507974499167,
            65.73986102656345,
            65.90370099727589,
            66.06661758377305,
            66.22861534750847,
            66.38970199982288,
            66.54989783150668,
            66.70921209377558,
            66.86765179395299,
            67.0252296708597,
            67.1819533339629,
            67.33783398753295,
            67.49288810161525,
            67.64712442000311,
            67.80054747186514,
            67.95316634565535,
            68.10499347467994,
            68.25604226352299,
            68.40632034863374,
            68.55582877187553,
            68.70458053997864,
            68.85259113257489,
            68.99986020254,
            69.1464008282157,
            69.29222891553073,
            69.43733735233545,
            69.58173339303612,
            69.72543972612621,
            69.8684648817638,
            70.01080673929536,
            70.1524675135006,
            70.29346150000056,
            70.43380353839602,
            70.57349822271935,
            70.7125452679713,
            70.85095039351582,
            70.98872772810574,
            71.12588867181768,
            71.26243316033361,
            71.39836179643899
        ]
    },
    "Phonon_data": {
        "Numb_Node": 15,
        "total_n_kpoints": 100,
        "frequency": {
            "Node_1": [
                -0.0357988965064703,
                0.32781714481177404,
                2.0907770858316335,
                4.241140519655461,
                6.532329800185429,
                8.795417127079164,
                10.886577697514896,
                12.646922571046176,
                13.93920575932721,
                14.783972822127526,
                15.347618966314696,
                15.732232489049627,
                15.911790526287847,
                15.895738239491742,
                15.903915839328178,
                15.940802413202043,
                15.987905358060635,
                15.969311818977735,
                15.958371055170048,
                15.972312608944922,
                16.001232374342113,
                16.025973908056258,
                15.968362806535724,
                15.835808985830667,
                15.475220430530152,
                14.61911068024747,
                13.143469743355029,
                11.128161374873093,
                8.67594606191862,
                5.938106390495286,
                3.155691747896633,
                0.7421240257475038,
                -0.0357988965064703,
                -0.0357988965064703,
                -0.0357988965064703,
                -0.0357988965064703,
                -0.0357988965064703,
                -0.0357988965064703,
                -0.0357988965064703,
                -0.0357988965064703,
                -0.0357988965064703,
                -0.0357988965064703,
                -0.0357988965064703,
                -0.0357988965064703,
                -0.0357988965064703,
                0.32781714481177404,
                2.0907770858316335,
                4.241140519655461,
                6.532329800185429,
                8.795417127079164,
                10.886577697514896,
                12.646922571046176,
                13.93920575932721,
                14.783972822127526,
                15.347618966314696,
                15.732232489049627,
                15.911790526287847,
                15.895738239491742,
                15.903915839328178,
                15.940802413202043,
                15.987905358060635,
                15.969311818977735,
                15.958371055170048,
                15.972312608944922,
                16.001232374342113,
                16.025973908056258,
                15.968362806535724,
                15.835808985830667,
                15.475220430530152,
                14.61911068024747,
                13.143469743355029,
                11.128161374873093,
                8.67594606191862,
                5.938106390495286,
                3.155691747896633,
                0.7421240257475038,
                -0.0357988965064703,
                15.911790526287847,
                15.911790526287847,
                15.911790526287847,
                15.911790526287847,
                15.911790526287847,
                15.911790526287847,
                15.911790526287847,
                15.911790526287847,
                15.911790526287847,
                15.911790526287847,
                15.911790526287847,
                15.911790526287847,
                15.911790526287847,
                16.025973908056258,
                16.025973908056258,
                16.025973908056265,
                16.025973908056258,
                16.025973908056265,
                16.025973908056258,
                16.025973908056258,
                16.025973908056258,
                16.025973908056258,
                16.025973908056258,
                16.025973908056258,
                16.025973908056258,
                16.025973908056258
            ],
            "Node_2": [
                -0.03003323716725548,
                2.3599945133795712,
                4.6725767072204825,
                6.874342948636421,
                8.894185305244822,
                10.682385098327115,
                12.21671892008871,
                13.484382365456371,
                14.480830385965293,
                15.219874121605576,
                15.727939461538774,
                16.018603484907054,
                16.078465344880474,
                16.13316140899533,
                16.109956894965983,
                16.057929256344853,
                16.009186448118694,
                16.03963938082053,
                16.07471615965553,
                16.091263041289917,
                16.08866447995612,
                16.073650611278303,
                16.083387966629132,
                15.97142471761949,
                15.718012769019081,
                15.36467292372578,
                14.985019539251892,
                13.56993776238598,
                11.207257802764698,
                8.621669733365374,
                5.847138663256012,
                2.946576963308579,
                -0.03003323716725548,
                -0.03003323716725548,
                -0.03003323716725548,
                -0.03003323716725548,
                -0.03003323716725548,
                -0.03003323716725548,
                -0.03003323716725548,
                -0.03003323716725548,
                -0.03003323716725548,
                -0.03003323716725548,
                -0.03003323716725548,
                -0.03003323716725548,
                -0.03003323716725548,
                2.3599945133795712,
                4.6725767072204825,
                6.874342948636421,
                8.894185305244822,
                10.682385098327115,
                12.21671892008871,
                13.484382365456371,
                14.480830385965293,
                15.219874121605576,
                15.727939461538774,
                16.018603484907054,
                16.078465344880474,
                16.13316140899533,
                16.109956894965983,
                16.057929256344853,
                16.009186448118694,
                16.03963938082053,
                16.07471615965553,
                16.091263041289917,
                16.08866447995612,
                16.073650611278303,
                16.083387966629132,
                15.97142471761949,
                15.718012769019081,
                15.36467292372578,
                14.985019539251892,
                13.56993776238598,
                11.207257802764698,
                8.621669733365374,
                5.847138663256012,
                2.946576963308579,
                -0.03003323716725548,
                16.078465344880474,
                16.078465344880474,
                16.078465344880474,
                16.078465344880474,
                16.078465344880474,
                16.078465344880474,
                16.078465344880474,
                16.078465344880474,
                16.078465344880474,
                16.078465344880474,
                16.078465344880474,
                16.078465344880474,
                16.078465344880474,
                16.073650611278303,
                16.073650611278303,
                16.07365061127832,
                16.073650611278303,
                16.07365061127832,
                16.073650611278303,
                16.073650611278303,
                16.073650611278303,
                16.073650611278303,
                16.073650611278303,
                16.073650611278303,
                16.073650611278303,
                16.073650611278303
            ],
            "Node_3": [
                -0.026828733901144063,
                3.82359945840263,
                7.491835959715098,
                10.842891427581762,
                12.932614909565137,
                13.671943931317651,
                14.385995849707488,
                14.964441713740735,
                15.445707999897557,
                15.889741042605317,
                16.162221512356663,
                16.240894832926088,
                16.242606272499263,
                16.314444033272665,
                16.666442904251138,
                17.21853051533649,
                17.903746743729297,
                18.65883340483142,
                19.41564170242746,
                20.100178180349758,
                20.566779966281775,
                20.78782308987925,
                20.236392643425717,
                19.330169847401525,
                18.29907999148707,
                17.140455098509438,
                15.600054985036383,
                14.6176644143069,
                13.765196188214418,
                12.445799164250158,
                9.217669699196877,
                4.771678064074318,
                -0.026828733901144063,
                -0.026828733901144063,
                -0.026828733901144063,
                -0.026828733901144063,
                -0.026828733901144063,
                -0.026828733901144063,
                -0.026828733901144063,
                -0.026828733901144063,
                -0.026828733901144063,
                -0.026828733901144063,
                -0.026828733901144063,
                -0.026828733901144063,
                -0.026828733901144063,
                3.82359945840263,
                7.491835959715098,
                10.842891427581762,
                12.932614909565137,
                13.671943931317651,
                14.385995849707488,
                14.964441713740735,
                15.445707999897557,
                15.889741042605317,
                16.162221512356663,
                16.240894832926088,
                16.242606272499263,
                16.314444033272665,
                16.666442904251138,
                17.21853051533649,
                17.903746743729297,
                18.65883340483142,
                19.41564170242746,
                20.100178180349758,
                20.566779966281775,
                20.78782308987925,
                20.236392643425717,
                19.330169847401525,
                18.29907999148707,
                17.140455098509438,
                15.600054985036383,
                14.6176644143069,
                13.765196188214418,
                12.445799164250158,
                9.217669699196877,
                4.771678064074318,
                -0.026828733901144063,
                16.242606272499263,
                16.242606272499263,
                16.242606272499263,
                16.242606272499263,
                16.242606272499263,
                16.242606272499263,
                16.242606272499263,
                16.242606272499263,
                16.242606272499263,
                16.242606272499263,
                16.242606272499263,
                16.242606272499263,
                16.242606272499263,
                20.78782308987925,
                20.78782308987925,
                20.78782308987927,
                20.78782308987925,
                20.78782308987927,
                20.78782308987925,
                20.78782308987925,
                20.78782308987925,
                20.78782308987925,
                20.78782308987925,
                20.78782308987925,
                20.78782308987925,
                20.78782308987925
            ],
            "Node_4": [
                11.132094602300429,
                11.277767168870039,
                11.662071514763982,
                12.238961539345176,
                13.474930304271911,
                14.366789030401995,
                14.668474918630206,
                15.104955041233307,
                15.645949568818034,
                16.08384151073635,
                16.3741803947539,
                16.532380461852107,
                16.582721675501983,
                16.707008997820907,
                17.048134144170273,
                17.558887352981802,
                18.18438075044191,
                18.86121878655688,
                19.52523247313676,
                20.115753007217215,
                20.61557293767243,
                20.788034841179734,
                20.493944594356815,
                19.740727986283535,
                18.75047735673948,
                17.605753061077316,
                16.37450206420432,
                15.152170577945052,
                14.496147829194785,
                13.396307911365538,
                11.987398371416997,
                11.347760353406237,
                11.132094602300429,
                11.132094602300429,
                11.132094602300429,
                11.132094602300429,
                11.132094602300429,
                11.132094602300429,
                11.132094602300429,
                11.132094602300429,
                11.132094602300429,
                11.132094602300429,
                11.132094602300429,
                11.132094602300429,
                11.132094602300429,
                11.277767168870039,
                11.662071514763982,
                12.238961539345176,
                13.474930304271911,
                14.366789030401995,
                14.668474918630206,
                15.104955041233307,
                15.645949568818034,
                16.08384151073635,
                16.3741803947539,
                16.532380461852107,
                16.582721675501983,
                16.707008997820907,
                17.048134144170273,
                17.558887352981802,
                18.18438075044191,
                18.86121878655688,
                19.52523247313676,
                20.115753007217215,
                20.61557293767243,
                20.788034841179734,
                20.493944594356815,
                19.740727986283535,
                18.75047735673948,
                17.605753061077316,
                16.37450206420432,
                15.152170577945052,
                14.496147829194785,
                13.396307911365538,
                11.987398371416997,
                11.347760353406237,
                11.132094602300429,
                16.582721675501983,
                16.582721675501983,
                16.582721675501983,
                16.582721675501983,
                16.582721675501983,
                16.582721675501983,
                16.582721675501983,
                16.582721675501983,
                16.582721675501983,
                16.582721675501983,
                16.582721675501983,
                16.582721675501983,
                16.582721675501983,
                20.788034841179734,
                20.788034841179734,
                20.78803484117973,
                20.788034841179734,
                20.78803484117973,
                20.788034841179734,
                20.788034841179734,
                20.788034841179734,
                20.788034841179734,
                20.788034841179734,
                20.788034841179734,
                20.788034841179734,
                20.788034841179734
            ],
            "Node_5": [
                11.177896875051328,
                11.796739131562527,
                13.30362274308528,
                15.098344742667454,
                15.542362203048302,
                17.286583558414208,
                19.36922564528595,
                20.257913906032368,
                20.821384445332917,
                21.37622287481504,
                21.96213119419037,
                22.477516451618783,
                22.7181960724446,
                22.710402168108914,
                22.686049640918515,
                22.6422479742228,
                22.57452508460106,
                22.478284506115678,
                22.35179715427629,
                22.201178051182385,
                21.960483405582817,
                21.837161529740136,
                21.93944397707197,
                21.73040132821727,
                21.135349629432348,
                20.397822760423338,
                19.80717642507378,
                19.2176551139393,
                17.26645374865616,
                15.373496830334034,
                14.230120803603471,
                12.142831260531363,
                11.177896875051328,
                11.177896875051328,
                11.177896875051328,
                11.177896875051328,
                11.177896875051328,
                11.177896875051328,
                11.177896875051328,
                11.177896875051328,
                11.177896875051328,
                11.177896875051328,
                11.177896875051328,
                11.177896875051328,
                11.177896875051328,
                11.796739131562527,
                13.30362274308528,
                15.098344742667454,
                15.542362203048302,
                17.286583558414208,
                19.36922564528595,
                20.257913906032368,
                20.821384445332917,
                21.37622287481504,
                21.96213119419037,
                22.477516451618783,
                22.7181960724446,
                22.710402168108914,
                22.686049640918515,
                22.6422479742228,
                22.57452508460106,
                22.478284506115678,
                22.35179715427629,
                22.201178051182385,
                21.960483405582817,
                21.837161529740136,
                21.93944397707197,
                21.73040132821727,
                21.135349629432348,
                20.397822760423338,
                19.80717642507378,
                19.2176551139393,
                17.26645374865616,
                15.373496830334034,
                14.230120803603471,
                12.142831260531363,
                11.177896875051328,
                22.7181960724446,
                22.7181960724446,
                22.7181960724446,
                22.7181960724446,
                22.7181960724446,
                22.7181960724446,
                22.7181960724446,
                22.7181960724446,
                22.7181960724446,
                22.7181960724446,
                22.7181960724446,
                22.7181960724446,
                22.7181960724446,
                21.837161529740136,
                21.837161529740136,
                21.837161529740126,
                21.837161529740136,
                21.837161529740126,
                21.837161529740136,
                21.837161529740136,
                21.837161529740136,
                21.837161529740136,
                21.837161529740136,
                21.837161529740136,
                21.837161529740136,
                21.837161529740136
            ],
            "Node_6": [
                17.06059746665171,
                16.593165043204184,
                15.868105074134682,
                15.403993387099975,
                16.88366890033237,
                18.381720410614662,
                19.50204745254436,
                21.058760736897693,
                22.266775378159448,
                23.01983037784045,
                23.384609918173222,
                23.455908896513147,
                23.413181049600684,
                23.38144785984738,
                23.290421623509022,
                23.149071920592043,
                22.965760705686904,
                22.74617806967802,
                22.494574385639126,
                22.22015609263007,
                22.052525322684662,
                21.976191544902317,
                22.166329673411155,
                22.379260927708724,
                22.39344734466788,
                22.06324987624137,
                21.19719370997671,
                19.606816011507323,
                18.16229053283917,
                16.421543492094838,
                15.57277652689269,
                16.39880625788097,
                17.06059746665171,
                17.06059746665171,
                17.06059746665171,
                17.06059746665171,
                17.06059746665171,
                17.06059746665171,
                17.06059746665171,
                17.06059746665171,
                17.06059746665171,
                17.06059746665171,
                17.06059746665171,
                17.06059746665171,
                17.06059746665171,
                16.593165043204184,
                15.868105074134682,
                15.403993387099975,
                16.88366890033237,
                18.381720410614662,
                19.50204745254436,
                21.058760736897693,
                22.266775378159448,
                23.01983037784045,
                23.384609918173222,
                23.455908896513147,
                23.413181049600684,
                23.38144785984738,
                23.290421623509022,
                23.149071920592043,
                22.965760705686904,
                22.74617806967802,
                22.494574385639126,
                22.22015609263007,
                22.052525322684662,
                21.976191544902317,
                22.166329673411155,
                22.379260927708724,
                22.39344734466788,
                22.06324987624137,
                21.19719370997671,
                19.606816011507323,
                18.16229053283917,
                16.421543492094838,
                15.57277652689269,
                16.39880625788097,
                17.06059746665171,
                23.413181049600684,
                23.413181049600684,
                23.413181049600684,
                23.413181049600684,
                23.413181049600684,
                23.413181049600684,
                23.413181049600684,
                23.413181049600684,
                23.413181049600684,
                23.413181049600684,
                23.413181049600684,
                23.413181049600684,
                23.413181049600684,
                21.976191544902317,
                21.976191544902317,
                21.97619154490232,
                21.976191544902317,
                21.97619154490232,
                21.976191544902317,
                21.976191544902317,
                21.976191544902317,
                21.976191544902317,
                21.976191544902317,
                21.976191544902317,
                21.976191544902317,
                21.976191544902317
            ],
            "Node_7": [
                19.68654760465983,
                19.78184114564584,
                20.044210784031943,
                20.468144618226454,
                21.034632329331007,
                21.72100047337121,
                22.503820425218343,
                23.35009175531066,
                24.204343806825158,
                24.994326046642257,
                25.648274273469124,
                26.094200978196866,
                26.255816495641195,
                26.34178465392737,
                26.585006474941437,
                26.948554894760342,
                27.384883381003583,
                27.84252992687732,
                28.26887629583178,
                28.603090371546198,
                28.80029763036739,
                28.905671458340173,
                28.521142595950757,
                27.881739470237576,
                26.946028956348997,
                25.755378164367862,
                24.411683692807284,
                23.043923049201066,
                21.824709325630877,
                20.884665023224635,
                20.221874795254575,
                19.82112111292419,
                19.68654760465983,
                19.68654760465983,
                19.68654760465983,
                19.68654760465983,
                19.68654760465983,
                19.68654760465983,
                19.68654760465983,
                19.68654760465983,
                19.68654760465983,
                19.68654760465983,
                19.68654760465983,
                19.68654760465983,
                19.68654760465983,
                19.78184114564584,
                20.044210784031943,
                20.468144618226454,
                21.034632329331007,
                21.72100047337121,
                22.503820425218343,
                23.35009175531066,
                24.204343806825158,
                24.994326046642257,
                25.648274273469124,
                26.094200978196866,
                26.255816495641195,
                26.34178465392737,
                26.585006474941437,
                26.948554894760342,
                27.384883381003583,
                27.84252992687732,
                28.26887629583178,
                28.603090371546198,
                28.80029763036739,
                28.905671458340173,
                28.521142595950757,
                27.881739470237576,
                26.946028956348997,
                25.755378164367862,
                24.411683692807284,
                23.043923049201066,
                21.824709325630877,
                20.884665023224635,
                20.221874795254575,
                19.82112111292419,
                19.68654760465983,
                26.255816495641195,
                26.255816495641195,
                26.255816495641195,
                26.255816495641195,
                26.255816495641195,
                26.255816495641195,
                26.255816495641195,
                26.255816495641195,
                26.255816495641195,
                26.255816495641195,
                26.255816495641195,
                26.255816495641195,
                26.255816495641195,
                28.905671458340173,
                28.905671458340173,
                28.90567145834014,
                28.905671458340173,
                28.90567145834014,
                28.905671458340173,
                28.905671458340173,
                28.905671458340173,
                28.905671458340173,
                28.905671458340173,
                28.905671458340173,
                28.905671458340173,
                28.905671458340173
            ],
            "Node_8": [
                19.713849531126826,
                20.416163376408694,
                21.851131374993503,
                23.48953923965214,
                25.135041350616003,
                26.565521763793438,
                27.259328641136303,
                27.69960922024972,
                28.313727327086085,
                29.001381923024486,
                29.350151288255148,
                29.308450998279785,
                29.28801859378316,
                29.15586605028156,
                28.94146846244943,
                28.78177144175988,
                28.704006578473095,
                28.704752651725062,
                28.773364420501633,
                28.913344022428436,
                29.121700597727166,
                29.295249292572734,
                29.381856109296017,
                29.255687481770885,
                28.895729520704325,
                28.371547670305375,
                27.83433846170974,
                27.49767992077935,
                26.808154953659788,
                24.814598657066906,
                22.700136198389313,
                20.757187970892904,
                19.713849531126826,
                19.713849531126826,
                19.713849531126826,
                19.713849531126826,
                19.713849531126826,
                19.713849531126826,
                19.713849531126826,
                19.713849531126826,
                19.713849531126826,
                19.713849531126826,
                19.713849531126826,
                19.713849531126826,
                19.713849531126826,
                20.416163376408694,
                21.851131374993503,
                23.48953923965214,
                25.135041350616003,
                26.565521763793438,
                27.259328641136303,
                27.69960922024972,
                28.313727327086085,
                29.001381923024486,
                29.350151288255148,
                29.308450998279785,
                29.28801859378316,
                29.15586605028156,
                28.94146846244943,
                28.78177144175988,
                28.704006578473095,
                28.704752651725062,
                28.773364420501633,
                28.913344022428436,
                29.121700597727166,
                29.295249292572734,
                29.381856109296017,
                29.255687481770885,
                28.895729520704325,
                28.371547670305375,
                27.83433846170974,
                27.49767992077935,
                26.808154953659788,
                24.814598657066906,
                22.700136198389313,
                20.757187970892904,
                19.713849531126826,
                29.28801859378316,
                29.28801859378316,
                29.28801859378316,
                29.28801859378316,
                29.28801859378316,
                29.28801859378316,
                29.28801859378316,
                29.28801859378316,
                29.28801859378316,
                29.28801859378316,
                29.28801859378316,
                29.28801859378316,
                29.28801859378316,
                29.295249292572734,
                29.295249292572734,
                29.295249292572738,
                29.295249292572734,
                29.295249292572738,
                29.295249292572734,
                29.295249292572734,
                29.295249292572734,
                29.295249292572734,
                29.295249292572734,
                29.295249292572734,
                29.295249292572734,
                29.295249292572734
            ],
            "Node_9": [
                29.461573984111737,
                29.369663307048288,
                28.954253847031204,
                28.433401743845096,
                27.97657683801297,
                27.812116296818417,
                28.47257251139941,
                29.38668333021515,
                29.401393371624717,
                29.38443909747954,
                29.626177027942607,
                30.072609422881552,
                30.238389977545353,
                30.463785133483004,
                30.937110463433935,
                30.783185817316784,
                30.561209309916677,
                30.309219253582537,
                30.045815178937605,
                29.787704193294392,
                29.544014244199296,
                29.32769666695774,
                29.417128476882844,
                29.442078043816213,
                29.42580847339842,
                29.354440855921197,
                29.102015819204457,
                28.3411148799937,
                27.553707777226656,
                28.01005782939325,
                28.68763204866632,
                29.34990464562195,
                29.461573984111737,
                29.461573984111737,
                29.461573984111737,
                29.461573984111737,
                29.461573984111737,
                29.461573984111737,
                29.461573984111737,
                29.461573984111737,
                29.461573984111737,
                29.461573984111737,
                29.461573984111737,
                29.461573984111737,
                29.461573984111737,
                29.369663307048288,
                28.954253847031204,
                28.433401743845096,
                27.97657683801297,
                27.812116296818417,
                28.47257251139941,
                29.38668333021515,
                29.401393371624717,
                29.38443909747954,
                29.626177027942607,
                30.072609422881552,
                30.238389977545353,
                30.463785133483004,
                30.937110463433935,
                30.783185817316784,
                30.561209309916677,
                30.309219253582537,
                30.045815178937605,
                29.787704193294392,
                29.544014244199296,
                29.32769666695774,
                29.417128476882844,
                29.442078043816213,
                29.42580847339842,
                29.354440855921197,
                29.102015819204457,
                28.3411148799937,
                27.553707777226656,
                28.01005782939325,
                28.68763204866632,
                29.34990464562195,
                29.461573984111737,
                30.238389977545353,
                30.238389977545353,
                30.238389977545353,
                30.238389977545353,
                30.238389977545353,
                30.238389977545353,
                30.238389977545353,
                30.238389977545353,
                30.238389977545353,
                30.238389977545353,
                30.238389977545353,
                30.238389977545353,
                30.238389977545353,
                29.32769666695774,
                29.32769666695774,
                29.32769666695774,
                29.32769666695774,
                29.32769666695774,
                29.32769666695774,
                29.32769666695774,
                29.32769666695774,
                29.32769666695774,
                29.32769666695774,
                29.32769666695774,
                29.32769666695774,
                29.32769666695774
            ],
            "Node_10": [
                29.66205886365248,
                29.551277466167566,
                29.492935705587136,
                29.46259440723812,
                29.436823551292196,
                29.41846344711486,
                29.410403581551943,
                29.44978799450182,
                30.138831379919687,
                30.60077745477906,
                30.89249066605753,
                31.056448733325414,
                31.107883391067897,
                31.069781531210136,
                30.972033661632786,
                31.541204561838047,
                32.171717271724496,
                32.80042309952626,
                33.385315901413904,
                33.87898580916004,
                34.22166395841616,
                34.35423656182201,
                34.08394557758943,
                33.5597537735835,
                32.879595447379664,
                32.047593766828825,
                31.08640868375345,
                30.22164634637217,
                29.75427499237335,
                29.55107000916185,
                29.47636825707217,
                29.461256967093313,
                29.66205886365248,
                29.66205886365248,
                29.66205886365248,
                29.66205886365248,
                29.66205886365248,
                29.66205886365248,
                29.66205886365248,
                29.66205886365248,
                29.66205886365248,
                29.66205886365248,
                29.66205886365248,
                29.66205886365248,
                29.66205886365248,
                29.551277466167566,
                29.492935705587136,
                29.46259440723812,
                29.436823551292196,
                29.41846344711486,
                29.410403581551943,
                29.44978799450182,
                30.138831379919687,
                30.60077745477906,
                30.89249066605753,
                31.056448733325414,
                31.107883391067897,
                31.069781531210136,
                30.972033661632786,
                31.541204561838047,
                32.171717271724496,
                32.80042309952626,
                33.385315901413904,
                33.87898580916004,
                34.22166395841616,
                34.35423656182201,
                34.08394557758943,
                33.5597537735835,
                32.879595447379664,
                32.047593766828825,
                31.08640868375345,
                30.22164634637217,
                29.75427499237335,
                29.55107000916185,
                29.47636825707217,
                29.461256967093313,
                29.66205886365248,
                31.107883391067897,
                31.107883391067897,
                31.107883391067897,
                31.107883391067897,
                31.107883391067897,
                31.107883391067897,
                31.107883391067897,
                31.107883391067897,
                31.107883391067897,
                31.107883391067897,
                31.107883391067897,
                31.107883391067897,
                31.107883391067897,
                34.35423656182201,
                34.35423656182201,
                34.354236561822,
                34.35423656182201,
                34.354236561822,
                34.35423656182201,
                34.35423656182201,
                34.35423656182201,
                34.35423656182201,
                34.35423656182201,
                34.35423656182201,
                34.35423656182201,
                34.35423656182201
            ],
            "Node_11": [
                32.76527671580854,
                32.984026596252434,
                33.493125509388015,
                34.08591826267265,
                34.6620841415847,
                35.19368493730942,
                35.68175021912931,
                36.13111759026754,
                36.53989315032776,
                36.90606476843117,
                37.2262765974724,
                37.470890834621784,
                37.568968669393065,
                37.56340861767024,
                37.54663300192661,
                37.51848209861347,
                37.47903085876693,
                37.42800303260761,
                37.361973533864074,
                37.25201021250928,
                37.076369643613035,
                37.050556018105695,
                36.882845304289624,
                36.6887728825532,
                36.46313418611023,
                36.202814710510296,
                35.90669106647524,
                35.55306006788609,
                35.09596701671483,
                34.50136844445392,
                33.79087070930273,
                33.09717838845366,
                32.76527671580854,
                32.76527671580854,
                32.76527671580854,
                32.76527671580854,
                32.76527671580854,
                32.76527671580854,
                32.76527671580854,
                32.76527671580854,
                32.76527671580854,
                32.76527671580854,
                32.76527671580854,
                32.76527671580854,
                32.76527671580854,
                32.984026596252434,
                33.493125509388015,
                34.08591826267265,
                34.6620841415847,
                35.19368493730942,
                35.68175021912931,
                36.13111759026754,
                36.53989315032776,
                36.90606476843117,
                37.2262765974724,
                37.470890834621784,
                37.568968669393065,
                37.56340861767024,
                37.54663300192661,
                37.51848209861347,
                37.47903085876693,
                37.42800303260761,
                37.361973533864074,
                37.25201021250928,
                37.076369643613035,
                37.050556018105695,
                36.882845304289624,
                36.6887728825532,
                36.46313418611023,
                36.202814710510296,
                35.90669106647524,
                35.55306006788609,
                35.09596701671483,
                34.50136844445392,
                33.79087070930273,
                33.09717838845366,
                32.76527671580854,
                37.568968669393065,
                37.568968669393065,
                37.568968669393065,
                37.568968669393065,
                37.568968669393065,
                37.568968669393065,
                37.568968669393065,
                37.568968669393065,
                37.568968669393065,
                37.568968669393065,
                37.568968669393065,
                37.568968669393065,
                37.568968669393065,
                37.050556018105695,
                37.050556018105695,
                37.050556018105716,
                37.050556018105695,
                37.050556018105716,
                37.050556018105695,
                37.050556018105695,
                37.050556018105695,
                37.050556018105695,
                37.050556018105695,
                37.050556018105695,
                37.050556018105695,
                37.050556018105695
            ],
            "Node_12": [
                46.79417829238099,
                46.56125900703302,
                45.91043187445999,
                44.9681966778133,
                43.89710006107602,
                42.84925917166129,
                41.9327836131236,
                41.193831950006285,
                40.61567003009028,
                40.14819361498669,
                39.76056050448942,
                39.475062271768664,
                39.36333810725101,
                39.298233471369485,
                39.109780928339624,
                38.817606197765656,
                38.451329076641166,
                38.04785117969027,
                37.652719101218516,
                37.346210449590586,
                37.21688585836416,
                37.11614946409109,
                37.55120191884012,
                38.2005055180495,
                38.931115830469224,
                39.71211110658688,
                40.56789252448983,
                41.56828544261931,
                42.77160731693639,
                44.13032298314892,
                45.44885273556419,
                46.42930418239928,
                46.79417829238099,
                46.79417829238099,
                46.79417829238099,
                46.79417829238099,
                46.79417829238099,
                46.79417829238099,
                46.79417829238099,
                46.79417829238099,
                46.79417829238099,
                46.79417829238099,
                46.79417829238099,
                46.79417829238099,
                46.79417829238099,
                46.56125900703302,
                45.91043187445999,
                44.9681966778133,
                43.89710006107602,
                42.84925917166129,
                41.9327836131236,
                41.193831950006285,
                40.61567003009028,
                40.14819361498669,
                39.76056050448942,
                39.475062271768664,
                39.36333810725101,
                39.298233471369485,
                39.109780928339624,
                38.817606197765656,
                38.451329076641166,
                38.04785117969027,
                37.652719101218516,
                37.346210449590586,
                37.21688585836416,
                37.11614946409109,
                37.55120191884012,
                38.2005055180495,
                38.931115830469224,
                39.71211110658688,
                40.56789252448983,
                41.56828544261931,
                42.77160731693639,
                44.13032298314892,
                45.44885273556419,
                46.42930418239928,
                46.79417829238099,
                39.36333810725101,
                39.36333810725101,
                39.36333810725101,
                39.36333810725101,
                39.36333810725101,
                39.36333810725101,
                39.36333810725101,
                39.36333810725101,
                39.36333810725101,
                39.36333810725101,
                39.36333810725101,
                39.36333810725101,
                39.36333810725101,
                37.11614946409109,
                37.11614946409109,
                37.116149464091095,
                37.11614946409109,
                37.116149464091095,
                37.11614946409109,
                37.11614946409109,
                37.11614946409109,
                37.11614946409109,
                37.11614946409109,
                37.11614946409109,
                37.11614946409109,
                37.11614946409109
            ],
            "Node_13": [
                66.37454795453858,
                66.3002939863286,
                66.10357518393168,
                65.8430744823928,
                65.57264531748098,
                65.32134342062766,
                65.09880365401489,
                64.9075965247614,
                64.75037137253224,
                64.63079732076591,
                64.54934931331324,
                64.50264315766475,
                64.48743593496728,
                64.4811560329861,
                64.46350148147948,
                64.4369966603553,
                64.40444659248799,
                64.36946650182016,
                64.3365611891947,
                64.30993809713164,
                64.29300675178536,
                64.28879605848834,
                64.30467394926572,
                64.37246113418365,
                64.4862322493245,
                64.6363209678262,
                64.81977165261036,
                65.0449969365789,
                65.32192555350976,
                65.64701974664104,
                65.98753217199541,
                66.26485633560245,
                66.37454795453858,
                66.37454795453858,
                66.37454795453858,
                66.37454795453858,
                66.37454795453858,
                66.37454795453858,
                66.37454795453858,
                66.37454795453858,
                66.37454795453858,
                66.37454795453858,
                66.37454795453858,
                66.37454795453858,
                66.37454795453858,
                66.3002939863286,
                66.10357518393168,
                65.8430744823928,
                65.57264531748098,
                65.32134342062766,
                65.09880365401489,
                64.9075965247614,
                64.75037137253224,
                64.63079732076591,
                64.54934931331324,
                64.50264315766475,
                64.48743593496728,
                64.4811560329861,
                64.46350148147948,
                64.4369966603553,
                64.40444659248799,
                64.36946650182016,
                64.3365611891947,
                64.30993809713164,
                64.29300675178536,
                64.28879605848834,
                64.30467394926572,
                64.37246113418365,
                64.4862322493245,
                64.6363209678262,
                64.81977165261036,
                65.0449969365789,
                65.32192555350976,
                65.64701974664104,
                65.98753217199541,
                66.26485633560245,
                66.37454795453858,
                64.48743593496728,
                64.48743593496728,
                64.48743593496728,
                64.48743593496728,
                64.48743593496728,
                64.48743593496728,
                64.48743593496728,
                64.48743593496728,
                64.48743593496728,
                64.48743593496728,
                64.48743593496728,
                64.48743593496728,
                64.48743593496728,
                64.28879605848834,
                64.28879605848834,
                64.28879605848834,
                64.28879605848834,
                64.28879605848834,
                64.28879605848834,
                64.28879605848834,
                64.28879605848834,
                64.28879605848834,
                64.28879605848834,
                64.28879605848834,
                64.28879605848834,
                64.28879605848834
            ],
            "Node_14": [
                72.38041606084867,
                72.25052486579256,
                71.84841756501527,
                71.24341780276187,
                70.53797023903473,
                69.82750757241433,
                69.21874911310553,
                68.82667710332652,
                68.71781548503019,
                68.85024302253993,
                69.09126798321942,
                69.29746522660633,
                69.37605727680268,
                69.35500521553615,
                69.29891442105993,
                69.22336398938006,
                69.14464367563605,
                69.07923926113018,
                69.04378735716492,
                69.04944447088002,
                69.09678527734837,
                69.16037826552629,
                69.06312018457292,
                68.97503462520092,
                68.84629740190768,
                68.73379291438393,
                68.79717577067674,
                69.18968973234448,
                69.90821875953685,
                70.78266125325797,
                71.5974104035949,
                72.17238046319984,
                72.38041606084867,
                72.38041606084867,
                72.38041606084867,
                72.38041606084867,
                72.38041606084867,
                72.38041606084867,
                72.38041606084867,
                72.38041606084867,
                72.38041606084867,
                72.38041606084867,
                72.38041606084867,
                72.38041606084867,
                72.38041606084867,
                72.25052486579256,
                71.84841756501527,
                71.24341780276187,
                70.53797023903473,
                69.82750757241433,
                69.21874911310553,
                68.82667710332652,
                68.71781548503019,
                68.85024302253993,
                69.09126798321942,
                69.29746522660633,
                69.37605727680268,
                69.35500521553615,
                69.29891442105993,
                69.22336398938006,
                69.14464367563605,
                69.07923926113018,
                69.04378735716492,
                69.04944447088002,
                69.09678527734837,
                69.16037826552629,
                69.06312018457292,
                68.97503462520092,
                68.84629740190768,
                68.73379291438393,
                68.79717577067674,
                69.18968973234448,
                69.90821875953685,
                70.78266125325797,
                71.5974104035949,
                72.17238046319984,
                72.38041606084867,
                69.37605727680268,
                69.37605727680268,
                69.37605727680268,
                69.37605727680268,
                69.37605727680268,
                69.37605727680268,
                69.37605727680268,
                69.37605727680268,
                69.37605727680268,
                69.37605727680268,
                69.37605727680268,
                69.37605727680268,
                69.37605727680268,
                69.16037826552629,
                69.16037826552629,
                69.16037826552632,
                69.16037826552629,
                69.16037826552632,
                69.16037826552629,
                69.16037826552629,
                69.16037826552629,
                69.16037826552629,
                69.16037826552629,
                69.16037826552629,
                69.16037826552629,
                69.16037826552629
            ],
            "Node_15": [
                72.57859907522862,
                72.50580116958919,
                72.36881748646722,
                72.24721446639641,
                72.16238759856923,
                72.08439175992098,
                71.97307820870459,
                71.82797906616365,
                71.68366776928784,
                71.56633662858468,
                71.47636144028982,
                71.4123620515149,
                71.38772583895754,
                71.34244081424204,
                71.20963875718945,
                70.9977133218106,
                70.72171169768157,
                70.40716492457169,
                70.08785470366198,
                69.79623508262046,
                69.55813847193026,
                69.40890196361397,
                69.7072409885289,
                70.09049315924614,
                70.5211666830336,
                70.95617637579063,
                71.36027499365943,
                71.70942791648247,
                71.9811461218036,
                72.1811324321759,
                72.3545264121101,
                72.51010145899464,
                72.57859907522862,
                72.57859907522862,
                72.57859907522862,
                72.57859907522862,
                72.57859907522862,
                72.57859907522862,
                72.57859907522862,
                72.57859907522862,
                72.57859907522862,
                72.57859907522862,
                72.57859907522862,
                72.57859907522862,
                72.57859907522862,
                72.50580116958919,
                72.36881748646722,
                72.24721446639641,
                72.16238759856923,
                72.08439175992098,
                71.97307820870459,
                71.82797906616365,
                71.68366776928784,
                71.56633662858468,
                71.47636144028982,
                71.4123620515149,
                71.38772583895754,
                71.34244081424204,
                71.20963875718945,
                70.9977133218106,
                70.72171169768157,
                70.40716492457169,
                70.08785470366198,
                69.79623508262046,
                69.55813847193026,
                69.40890196361397,
                69.7072409885289,
                70.09049315924614,
                70.5211666830336,
                70.95617637579063,
                71.36027499365943,
                71.70942791648247,
                71.9811461218036,
                72.1811324321759,
                72.3545264121101,
                72.51010145899464,
                72.57859907522862,
                71.38772583895754,
                71.38772583895754,
                71.38772583895754,
                71.38772583895754,
                71.38772583895754,
                71.38772583895754,
                71.38772583895754,
                71.38772583895754,
                71.38772583895754,
                71.38772583895754,
                71.38772583895754,
                71.38772583895754,
                71.38772583895754,
                69.40890196361397,
                69.40890196361397,
                69.40890196361396,
                69.40890196361397,
                69.40890196361396,
                69.40890196361397,
                69.40890196361397,
                69.40890196361397,
                69.40890196361397,
                69.40890196361397,
                69.40890196361397,
                69.40890196361397,
                69.40890196361397
            ]
        }
    },
    "Phonon_DOS": {
        "DOS": [
            0.0,
            0.002,
            0.0,
            0.0,
            0.004,
            0.0,
            0.0,
            0.004,
            0.004,
            0.0,
            0.008,
            0.004,
            0.004,
            0.013333333333333334,
            0.008,
            0.021333333333333333,
            0.02666666666666667,
            0.08666666666666668,
            0.055999999999999994,
            0.013999999999999999,
            0.024,
            0.021333333333333333,
            0.027999999999999997,
            0.032,
            0.042,
            0.026000000000000002,
            0.0,
            0.02,
            0.013999999999999999,
            0.029333333333333333,
            0.04666666666666666,
            0.06733333333333333,
            0.027999999999999997,
            0.016,
            0.008666666666666666,
            0.008,
            0.009333333333333334,
            0.012,
            0.027999999999999997,
            0.024666666666666667,
            0.010666666666666666,
            0.016666666666666666,
            0.006666666666666667,
            0.012,
            0.0,
            0.008,
            0.0,
            0.004,
            0.0006666666666666666,
            0.0,
            0.0,
            0.0,
            0.0,
            0.0,
            0.0,
            0.0,
            0.0,
            0.0,
            0.0,
            0.0,
            0.0,
            0.0,
            0.0,
            0.0,
            0.0,
            0.0,
            0.051333333333333335,
            0.012,
            0.0033333333333333335,
            0.0,
            0.03066666666666667,
            0.03133333333333333,
            0.026000000000000002,
            0.03333333333333333,
            0.012,
            0.0
        ],
        "Energy(meV)": [
            -1.5,
            -0.5,
            0.5,
            1.5,
            2.5,
            3.5,
            4.5,
            5.5,
            6.5,
            7.5,
            8.5,
            9.5,
            10.5,
            11.5,
            12.5,
            13.5,
            14.5,
            15.5,
            16.5,
            17.5,
            18.5,
            19.5,
            20.5,
            21.5,
            22.5,
            23.5,
            24.5,
            25.5,
            26.5,
            27.5,
            28.5,
            29.5,
            30.5,
            31.5,
            32.5,
            33.5,
            34.5,
            35.5,
            36.5,
            37.5,
            38.5,
            39.5,
            40.5,
            41.5,
            42.5,
            43.5,
            44.5,
            45.5,
            46.5,
            47.5,
            48.5,
            49.5,
            50.5,
            51.5,
            52.5,
            53.5,
            54.5,
            55.5,
            56.5,
            57.5,
            58.5,
            59.5,
            60.5,
            61.5,
            62.5,
            63.5,
            64.5,
            65.5,
            66.5,
            67.5,
            68.5,
            69.5,
            70.5,
            71.5,
            72.5,
            73.5
        ]
    }
}