{
    "POSCAR": {
        "Atomes": "   Ti    I   N\n",
        "coordinate": "Direct\n",
        "unit_cell": {
            "a_vector": "1.740802658494935   -3.0151578646674895   7.052207908230906e-07\n",
            "b_vector": "1.7408027738469776   3.0151579312660517   -7.462622015744612e-07\n",
            "c_vector": "-4.592242379930487e-07   -9.376786709621606e-06   29.95728468391194\n"
        },
        "positions": {
            "Ti": [
                "0.6666667468432997   0.33333324302374645   0.2324190026119525\n",
                "0.3333332473671715   0.6666667491767775   0.1675809972994227\n"
            ],
            "I": [
                "0.3333330959172773   0.6666669174181468   0.2997813537243644\n",
                "0.666666912338115   0.33333310392673887   0.10021864609080025\n"
            ],
            "N": [
                "-2.4658632746891983e-09   -1.3545409904650682e-08   0.20000000027345968\n"
            ]
        }
    },
    "Termo_data": {
        "Temperature (K)": [
            0,
            10,
            20,
            30,
            40,
            50,
            60,
            70,
            80,
            90,
            100,
            110,
            120,
            130,
            140,
            150,
            160,
            170,
            180,
            190,
            200,
            210,
            220,
            230,
            240,
            250,
            260,
            270,
            280,
            290,
            300,
            310,
            320,
            330,
            340,
            350,
            360,
            370,
            380,
            390,
            400,
            410,
            420,
            430,
            440,
            450,
            460,
            470,
            480,
            490,
            500,
            510,
            520,
            530,
            540,
            550,
            560,
            570,
            580,
            590,
            600,
            610,
            620,
            630,
            640,
            650,
            660,
            670,
            680,
            690,
            700,
            710,
            720,
            730,
            740,
            750,
            760,
            770,
            780,
            790,
            800,
            810,
            820,
            830,
            840,
            850,
            860,
            870,
            880,
            890,
            900,
            910,
            920,
            930,
            940,
            950,
            960,
            970,
            980,
            990,
            1000,
            1010,
            1020,
            1030,
            1040,
            1050,
            1060,
            1070,
            1080,
            1090,
            1100,
            1110,
            1120,
            1130,
            1140,
            1150,
            1160,
            1170,
            1180,
            1190,
            1200,
            1210,
            1220,
            1230,
            1240,
            1250,
            1260,
            1270,
            1280,
            1290,
            1300,
            1310,
            1320,
            1330,
            1340,
            1350,
            1360,
            1370,
            1380,
            1390,
            1400,
            1410,
            1420,
            1430,
            1440,
            1450,
            1460,
            1470,
            1480,
            1490,
            1500,
            1510,
            1520,
            1530,
            1540,
            1550,
            1560,
            1570,
            1580,
            1590,
            1600,
            1610,
            1620,
            1630,
            1640,
            1650,
            1660,
            1670,
            1680,
            1690,
            1700,
            1710,
            1720,
            1730,
            1740,
            1750,
            1760,
            1770,
            1780,
            1790,
            1800,
            1810,
            1820,
            1830,
            1840,
            1850,
            1860,
            1870,
            1880,
            1890,
            1900,
            1910,
            1920,
            1930,
            1940,
            1950,
            1960,
            1970
        ],
        "Gibbs_free(J/mole)": [
            -436061.96955417603,
            -436062.5174158884,
            -436065.59698953154,
            -436074.21102246875,
            -436092.2743316745,
            -436122.69714638824,
            -436167.23379045463,
            -436226.79034080857,
            -436301.72491700813,
            -436392.05775472557,
            -436497.6038903664,
            -436618.0546409164,
            -436753.028481985,
            -436902.10332787165,
            -437064.8376537198,
            -437240.7843434236,
            -437429.5000029462,
            -437630.5508641124,
            -437843.51672499976,
            -438067.99316182884,
            -438303.5928753019,
            -438549.9461176927,
            -438806.7008261525,
            -439073.52224486455,
            -439350.0923784573,
            -439636.1093373312,
            -439931.286575935,
            -440235.35211696377,
            -440548.0476977002,
            -440869.12808183924,
            -441198.36010255676,
            -441535.522222716,
            -441880.4034745879,
            -442232.80300100485,
            -442592.5296536622,
            -442959.40079475386,
            -443333.24230183824,
            -443713.8878864415,
            -444101.17848555127,
            -444494.962078673,
            -444895.09304975584,
            -445301.4318327284,
            -445713.8447132352,
            -446132.20340684714,
            -446556.3845414939,
            -446986.269823432,
            -447421.74531408236,
            -447862.70140810934,
            -448309.0322186675,
            -448760.63696284685,
            -449217.4167401481,
            -449679.27751033555,
            -450146.12767118815,
            -450617.87903283845,
            -451094.4467560066,
            -451575.7480349369,
            -452061.7037090118,
            -452552.23618443776,
            -453047.26994849386,
            -453546.7339172332,
            -454050.55717305414,
            -454558.67168891866,
            -455071.0116955328,
            -455587.512540448,
            -456108.11210661056,
            -456632.7505736662,
            -457161.3673639118,
            -457693.90709492954,
            -458230.3129007127,
            -458770.5309745199,
            -459314.5086235501,
            -459862.1945559955,
            -460413.539267778,
            -460968.4926650085,
            -461527.00890166557,
            -462089.0396808648,
            -462654.5403527986,
            -463223.4672168736,
            -463795.77798194357,
            -464371.43055532506,
            -464950.38263096695,
            -465532.5934135998,
            -466118.0257986214,
            -466706.6404867422,
            -467298.39961299795,
            -467893.2674063465,
            -468491.2073709253,
            -469092.1853478503,
            -469696.1652851952,
            -470303.11661480577,
            -470913.00349714805,
            -471525.7942420849,
            -472141.4588241103,
            -472759.9644870649,
            -473381.28271655383,
            -474005.3822061783,
            -474632.23501004925,
            -475261.8127482537,
            -475894.08703411225,
            -476529.0309985455,
            -477166.6152144094,
            -477806.8169433662,
            -478449.6079066279,
            -479094.96440600464,
            -479742.858205187,
            -480393.26946572005,
            -481046.17027721414,
            -481701.5401470066,
            -482359.32569274504,
            -483019.5540806631,
            -483682.18598121736,
            -484347.20833308663,
            -485014.6079680175,
            -485681.029194182,
            -486347.34349692543,
            -487015.8617751424,
            -487686.5655546555,
            -488359.4366680665,
            -489034.4561967336,
            -489711.6058403068,
            -490390.8677588038,
            -491072.22428621503,
            -491755.6581256191,
            -492441.15226773644,
            -493128.6898892367,
            -493818.25444014126,
            -494509.8297945187,
            -495203.3997961142,
            -495898.94874332694,
            -496596.4612124774,
            -497295.92181507626,
            -497997.3155981694,
            -498700.6276238543,
            -499405.8434416758,
            -500112.9486609582,
            -500821.9290494502,
            -501532.77076070535,
            -502245.4599383183,
            -502959.98303600296,
            -503676.3268226015,
            -504394.4779721434,
            -505114.42357311764,
            -505836.1508299036,
            -506559.6471665702,
            -507284.90000063926,
            -508011.89720616495,
            -508740.6266734053,
            -509471.07636994123,
            -510203.23454849725,
            -510937.08967280894,
            -511672.6301525029,
            -512409.84475462727,
            -513148.7222722224,
            -513889.2517183632,
            -514631.42220614315,
            -515375.2229884591,
            -516120.6435503094,
            -516867.67333626025,
            -517616.30200513697,
            -518366.5194181038,
            -519118.31555019354,
            -519871.68030186323,
            -520626.6039675,
            -521383.0768143129,
            -522141.0893257047,
            -522900.6319371471,
            -523661.69537110196,
            -524424.2702673058,
            -525188.3476643255,
            -525953.918479784,
            -526720.9737430888,
            -527489.504720239,
            -528259.5026432081,
            -529030.9588901907,
            -529803.8650431876,
            -530578.212685679,
            -531353.9934175935,
            -532131.199162345,
            -532909.821654126,
            -533689.852970507,
            -534471.2850225464,
            -535254.110129202,
            -536038.3204215523,
            -536823.9082205996,
            -537610.866023318,
            -538399.1861365326,
            -539188.8612450035,
            -539979.8839629615,
            -540772.2471170514,
            -541565.9434111903,
            -542360.9656816021,
            -543157.3069399579,
            -543954.9602746043,
            -544753.9186435774,
            -545554.1753045246,
            -546355.7235521127,
            -547158.5565310117,
            -547962.6678056231
        ],
        "Cp(J/mole.K)": [
            -0.0,
            0.26494707889214625,
            1.1524953393731268,
            2.759438800433418,
            4.828211663715774,
            6.950883812605753,
            8.929750166006851,
            10.705488411916305,
            12.277569360949563,
            13.664131261614965,
            14.886404565084382,
            15.964245210209626,
            16.915374034875995,
            17.755506793934902,
            18.498612122031055,
            19.157064426304718,
            19.74174913088791,
            20.262205236761652,
            20.72674271184951,
            21.14256262001293,
            21.515900274243904,
            21.852164936710324,
            22.155980799792427,
            22.43130504450236,
            22.681587103754282,
            22.90980447869515,
            23.118500786856785,
            23.30990003896295,
            23.485898163955426,
            23.648177600941533,
            23.798225380931335,
            23.93714399435414,
            24.066245634527945,
            24.18653775463904,
            24.298498736511025,
            24.40313569628774,
            24.501181983266775,
            24.59306800310447,
            24.679461466972107,
            24.760672778257753,
            24.837099274795094,
            24.90936556496611,
            24.97757301827651,
            25.041955651089665,
            25.10303876276018,
            25.160814103975913,
            25.21505179617664,
            25.267164820742686,
            25.317140274541487,
            25.363616120199627,
            25.408011949330067,
            25.450243143101506,
            25.49059991194521,
            25.529410464108476,
            25.566122052018258,
            25.60132767831245,
            25.633001067698814,
            25.663656194756832,
            25.695428363382234,
            25.724057362829626,
            25.750946877611653,
            25.777196761866712,
            25.801127328517076,
            25.825561159964217,
            25.84775395765905,
            25.867543073392927,
            25.88896117438553,
            25.907825197733477,
            25.92531626207628,
            25.943485752060955,
            25.961112433302386,
            25.976286378866593,
            25.99018138748366,
            26.004254988927222,
            26.01436190406686,
            26.025975286065606,
            26.041738222713832,
            26.056419702079438,
            26.06568876289832,
            26.0690516510281,
            26.077037262148224,
            26.0905351068998,
            26.097825780257757,
            26.103181408533533,
            26.11128145668178,
            26.118421536426588,
            26.122836136588134,
            26.128982857317773,
            26.136654902354223,
            26.13565172019431,
            26.13850877115322,
            26.145705269523088,
            26.147700607060884,
            26.150377360123027,
            26.151742471865212,
            26.15545453465172,
            26.159353362210027,
            26.160192424923505,
            26.156582773718192,
            26.15504395888704,
            26.161279803200443,
            26.162832489873036,
            26.15689616875592,
            26.155812473179104,
            26.160611016757173,
            26.15975662432902,
            26.084860284999465,
            26.063200089392346,
            26.203156941843304,
            26.26986864037255,
            26.294670401534574,
            17.112339064334968,
            0.8779179017292336,
            2.8581086185340396,
            18.48660714316324,
            25.134146895790437,
            25.13889460918128,
            25.138266999873075,
            25.136713976934473,
            25.13658916211716,
            25.13641423510819,
            25.136345229830305,
            25.13626024702424,
            25.135636966480874,
            25.135239159688354,
            25.134948650338274,
            25.13398710761085,
            25.133491739202512,
            25.133193411491447,
            25.13232608524759,
            25.131395343400623,
            25.130574342287044,
            25.13025347522907,
            25.12956619095437,
            25.128559854882198,
            25.12782369126274,
            25.126596871624542,
            25.125784296748265,
            25.125179907710788,
            25.123785159521503,
            25.122725669265694,
            25.122121350755737,
            25.120911062791734,
            25.119544958486628,
            25.119007309362818,
            25.118075157966402,
            25.116388489619883,
            25.115461160999466,
            25.11459698072952,
            25.11312659103839,
            25.111933926818253,
            25.110854238988097,
            25.109693964826874,
            25.10847182688842,
            25.107429445200903,
            25.106426107806104,
            25.104731579054853,
            25.10325611639978,
            25.10260640460989,
            25.101337615695176,
            25.099488999462665,
            25.098405478140464,
            25.097610638168177,
            25.09633731709083,
            25.09481748916977,
            25.093230213307365,
            25.091928479174385,
            25.091258684339593,
            25.089899266907253,
            25.08816820140055,
            25.086990763345725,
            25.08539859883046,
            25.08404939858059,
            25.0833804455496,
            25.0819887548799,
            25.08048015282789,
            25.079393357085564,
            25.077941869377312,
            25.07633690097086,
            25.074993635425926,
            25.074137634713622,
            25.072720479260383,
            25.071422557440172,
            25.070197249070823,
            25.06825163089644,
            25.067086043927702,
            25.06652418496722,
            25.065581914432215,
            25.063654763542047,
            25.06178054583514,
            25.061135144118722,
            25.060034917711164,
            25.058097207359424,
            25.0572137189738,
            25.05605334885213,
            25.054306753707074,
            25.053902136581854,
            25.052648803743068
        ],
        "S(J/mole.K)": [
            0,
            0.13247353944607312,
            0.5530709137354279,
            1.3011012153176127,
            2.3645341400209876,
            3.663148979246035,
            5.102383207673848,
            6.611206798549393,
            8.143232627317047,
            9.66969911579945,
            11.173137747476723,
            12.643105485285925,
            14.073560246294075,
            15.461271605206276,
            16.804840431309277,
            18.1040739641634,
            19.359572438713805,
            20.572449311899984,
            21.744139377852846,
            22.876265457802223,
            23.970546191500766,
            25.02873333970711,
            26.052567999234455,
            27.04375008359639,
            28.003920214442772,
            28.934649368678222,
            29.837432011845525,
            30.713683380975276,
            31.564739235153688,
            32.39185747381198,
            33.1962217635104,
            33.97894182084347,
            34.74105987653384,
            35.48355765782544,
            36.20735121484977,
            36.91329830285468,
            37.6022087212994,
            38.274841672310146,
            38.93191018525322,
            39.57408446419577,
            40.20199272792888,
            40.816229219656094,
            41.41735403018975,
            42.00589162075776,
            42.58233895570666,
            43.147165360984225,
            43.700806612097956,
            44.24368288780898,
            44.77620272475469,
            45.29873534533762,
            45.81162787422071,
            46.31522018139148,
            46.80983429129919,
            47.29577970847385,
            47.77334655575177,
            48.24280925061539,
            48.7044146741071,
            49.158400546250775,
            49.60503265091029,
            50.0445454505134,
            50.477137160619165,
            50.90301688264735,
            51.32237898818348,
            51.73541736678235,
            52.14231771568738,
            52.54323439404615,
            52.93834398835606,
            53.32781446118897,
            53.71178376573298,
            54.09040736475509,
            54.463840155701476,
            54.83220826729958,
            55.195627232263355,
            55.55422593855037,
            55.90810998965898,
            56.2573892071341,
            56.60222293419064,
            56.94274768987306,
            57.279032968886156,
            57.61111471515759,
            57.93909019583734,
            58.26312436457083,
            58.58331013444185,
            58.899691299242114,
            59.21236367440142,
            59.52142574253012,
            59.826940470556295,
            60.12898399298429,
            60.42765428216589,
            60.72298750724803,
            61.01503094891158,
            61.303902607790214,
            61.589667397567965,
            61.872367892751925,
            62.15206633256747,
            62.42883163274017,
            62.70273855185951,
            62.97383153666014,
            63.24212984229307,
            63.50767797683074,
            63.770580557457286,
            64.03090592919543,
            64.28864498117618,
            64.54383502389682,
            64.79657715570866,
            65.04691959369812,
            65.29453165713495,
            65.53936410555545,
            65.78246567194657,
            66.02428056830323,
            66.26430578198998,
            66.46090961948576,
            66.54191150423067,
            66.55847727888977,
            66.6522053874789,
            66.84256589730285,
            67.06020210119968,
            67.27598789700204,
            67.48992788835676,
            67.70205530910826,
            67.91240628927045,
            68.12101054374799,
            68.32789719894136,
            68.53309204501275,
            68.73662120186054,
            68.9385127672671,
            69.13879060594627,
            69.33747940490284,
            69.53460669654524,
            69.73019534991835,
            69.92426667938707,
            70.11684411492679,
            70.30795269168011,
            70.4976150991024,
            70.68585043549245,
            70.8726797322044,
            71.05812294025672,
            71.24220007732656,
            71.4249332805506,
            71.60633986899774,
            71.78643721715706,
            71.96524677410925,
            72.14278622300698,
            72.31907071197784,
            72.4941200641355,
            72.66795289178407,
            72.84058197312697,
            73.01202374084386,
            73.1822970909081,
            73.35141593921216,
            73.51939462251757,
            73.68624959291046,
            73.85199579439649,
            74.01664730141201,
            74.18021875898047,
            74.34272485836482,
            74.50417721294652,
            74.66458777174266,
            74.82397307513529,
            74.9823467269467,
            75.13971765401874,
            75.29609891576983,
            75.45150603562651,
            75.60595042666245,
            75.75944164637548,
            75.91199032783697,
            76.06360851722128,
            76.21431014404516,
            76.36410599228692,
            76.51300366124195,
            76.66101427790126,
            76.8081486635623,
            76.95441653052403,
            77.0998305979825,
            77.24440059751942,
            77.38813379257189,
            77.53104058387689,
            77.67313050415832,
            77.81441129645536,
            77.95489232671679,
            78.09458459069864,
            78.23349663179978,
            78.37163582508073,
            78.50901116627064,
            78.6456292219591,
            78.7814983521559,
            78.91663036288519,
            79.05103376491314,
            79.18471269369765,
            79.31767235671867,
            79.4499237190961,
            79.58147626038698,
            79.71233390751294,
            79.84250443043857,
            79.97199694897135,
            80.10081621824501,
            80.22897104608856,
            80.3564694647983
        ]
    },
    "Phonon_data": {
        "Numb_Node": 15,
        "total_n_kpoints": 100,
        "frequency": {
            "Node_1": [
                -0.0798236441604646,
                -0.32080465952272985,
                1.5358291415670757,
                3.2930438766138717,
                5.081538465332489,
                6.732957939588359,
                8.050053970087763,
                8.918607397927218,
                9.560519143309136,
                9.997891388878006,
                10.192340306235419,
                10.289970936679993,
                10.332865068630552,
                10.139818299362858,
                9.89541685492711,
                9.628560261093803,
                9.354938329387904,
                9.113277039179719,
                8.948364727135013,
                8.89331498229684,
                8.937869730048629,
                8.911700911185171,
                8.995225297421882,
                8.914672444735963,
                9.039958484079119,
                9.270099797830566,
                9.550294404267754,
                8.501054384349164,
                6.757318547594122,
                4.669124815836251,
                2.432371362090432,
                0.314895235651818,
                -0.0798236441604646,
                -0.0798236441604646,
                -0.0798236441604646,
                -0.0798236441604646,
                -0.0798236441604646,
                -0.0798236441604646,
                -0.0798236441604646,
                -0.0798236441604646,
                -0.0798236441604646,
                -0.0798236441604646,
                -0.0798236441604646,
                -0.0798236441604646,
                -0.0798236441604646,
                -0.32080465952272985,
                1.5358291415670757,
                3.2930438766138717,
                5.081538465332489,
                6.732957939588359,
                8.050053970087763,
                8.918607397927218,
                9.560519143309136,
                9.997891388878006,
                10.192340306235419,
                10.289970936679993,
                10.332865068630552,
                10.139818299362858,
                9.89541685492711,
                9.628560261093803,
                9.354938329387904,
                9.113277039179719,
                8.948364727135013,
                8.89331498229684,
                8.937869730048629,
                8.911700911185171,
                8.995225297421882,
                8.914672444735963,
                9.039958484079119,
                9.270099797830566,
                9.550294404267754,
                8.501054384349164,
                6.757318547594122,
                4.669124815836251,
                2.432371362090432,
                0.314895235651818,
                -0.0798236441604646,
                10.332865068630552,
                10.332865068630552,
                10.332865068630552,
                10.332865068630552,
                10.332865068630552,
                10.332865068630552,
                10.332865068630552,
                10.332865068630552,
                10.332865068630552,
                10.332865068630552,
                10.332865068630552,
                10.332865068630552,
                10.332865068630552,
                8.911700911185171,
                8.911700911185171,
                8.911700911185156,
                8.911700911185171,
                8.911700911185156,
                8.911700911185171,
                8.911700911185171,
                8.911700911185171,
                8.911700911185171,
                8.911700911185171,
                8.911700911185171,
                8.911700911185171,
                8.911700911185171
            ],
            "Node_2": [
                -0.04440477866082016,
                1.5693159741299814,
                3.1167260635462575,
                4.600070077453909,
                5.957299496185116,
                7.152503383446662,
                8.300928734064593,
                9.426430861735911,
                10.020349101167715,
                10.11203552568202,
                10.292624539622025,
                10.437796586746154,
                10.480017059180296,
                10.672891199669905,
                10.666202145255584,
                10.549368887276048,
                10.380457117618649,
                10.167006279006598,
                9.913340823235362,
                9.631368579941334,
                9.362633684192813,
                9.293042137059269,
                9.445434380476758,
                9.963727503122877,
                10.304916666233513,
                10.298143420914343,
                9.724231237250875,
                9.34799431463262,
                7.557186916158134,
                5.717586738285101,
                3.826895062576052,
                1.911826862959759,
                -0.04440477866082016,
                -0.04440477866082016,
                -0.04440477866082016,
                -0.04440477866082016,
                -0.04440477866082016,
                -0.04440477866082016,
                -0.04440477866082016,
                -0.04440477866082016,
                -0.04440477866082016,
                -0.04440477866082016,
                -0.04440477866082016,
                -0.04440477866082016,
                -0.04440477866082016,
                1.5693159741299814,
                3.1167260635462575,
                4.600070077453909,
                5.957299496185116,
                7.152503383446662,
                8.300928734064593,
                9.426430861735911,
                10.020349101167715,
                10.11203552568202,
                10.292624539622025,
                10.437796586746154,
                10.480017059180296,
                10.672891199669905,
                10.666202145255584,
                10.549368887276048,
                10.380457117618649,
                10.167006279006598,
                9.913340823235362,
                9.631368579941334,
                9.362633684192813,
                9.293042137059269,
                9.445434380476758,
                9.963727503122877,
                10.304916666233513,
                10.298143420914343,
                9.724231237250875,
                9.34799431463262,
                7.557186916158134,
                5.717586738285101,
                3.826895062576052,
                1.911826862959759,
                -0.04440477866082016,
                10.480017059180296,
                10.480017059180296,
                10.480017059180296,
                10.480017059180296,
                10.480017059180296,
                10.480017059180296,
                10.480017059180296,
                10.480017059180296,
                10.480017059180296,
                10.480017059180296,
                10.480017059180296,
                10.480017059180296,
                10.480017059180296,
                9.293042137059269,
                9.293042137059269,
                9.293042137059258,
                9.293042137059269,
                9.293042137059258,
                9.293042137059269,
                9.293042137059269,
                9.293042137059269,
                9.293042137059269,
                9.293042137059269,
                9.293042137059269,
                9.293042137059269,
                9.293042137059269
            ],
            "Node_3": [
                -0.043925707973048886,
                2.8853325860796293,
                5.655727597448371,
                8.194152388645998,
                9.758887470962762,
                10.345236118636759,
                10.227740526551562,
                10.125328001153639,
                10.29613511867884,
                10.675020293083406,
                10.819051103485826,
                10.841129537776228,
                10.838795645584797,
                10.900799560011938,
                11.324063196559838,
                11.964576003601435,
                12.725490397072944,
                13.52967389742538,
                14.26498549566176,
                14.771566766964714,
                14.96118894315569,
                14.940757628764091,
                15.10414600546992,
                14.979232386805663,
                14.05306821328915,
                12.665079899982493,
                11.06965005361644,
                9.880985371227576,
                10.206443383349706,
                9.67421544108674,
                6.983999382104557,
                3.604718896887237,
                -0.043925707973048886,
                -0.043925707973048886,
                -0.043925707973048886,
                -0.043925707973048886,
                -0.043925707973048886,
                -0.043925707973048886,
                -0.043925707973048886,
                -0.043925707973048886,
                -0.043925707973048886,
                -0.043925707973048886,
                -0.043925707973048886,
                -0.043925707973048886,
                -0.043925707973048886,
                2.8853325860796293,
                5.655727597448371,
                8.194152388645998,
                9.758887470962762,
                10.345236118636759,
                10.227740526551562,
                10.125328001153639,
                10.29613511867884,
                10.675020293083406,
                10.819051103485826,
                10.841129537776228,
                10.838795645584797,
                10.900799560011938,
                11.324063196559838,
                11.964576003601435,
                12.725490397072944,
                13.52967389742538,
                14.26498549566176,
                14.771566766964714,
                14.96118894315569,
                14.940757628764091,
                15.10414600546992,
                14.979232386805663,
                14.05306821328915,
                12.665079899982493,
                11.06965005361644,
                9.880985371227576,
                10.206443383349706,
                9.67421544108674,
                6.983999382104557,
                3.604718896887237,
                -0.043925707973048886,
                10.838795645584797,
                10.838795645584797,
                10.838795645584797,
                10.838795645584797,
                10.838795645584797,
                10.838795645584797,
                10.838795645584797,
                10.838795645584797,
                10.838795645584797,
                10.838795645584797,
                10.838795645584797,
                10.838795645584797,
                10.838795645584797,
                14.940757628764091,
                14.940757628764091,
                14.940757628764091,
                14.940757628764091,
                14.940757628764091,
                14.940757628764091,
                14.940757628764091,
                14.940757628764091,
                14.940757628764091,
                14.940757628764091,
                14.940757628764091,
                14.940757628764091,
                14.940757628764091
            ],
            "Node_4": [
                7.913302413703275,
                8.089340724716159,
                8.490128972896889,
                9.07599364841387,
                10.070269506045024,
                10.502511233182835,
                11.134503275238274,
                11.703622557587712,
                12.162541595090941,
                12.504511648126687,
                12.735494641781536,
                12.867032026638224,
                12.909505649924341,
                13.005512018770217,
                13.280027274173309,
                13.695585961578997,
                14.196280350411381,
                14.709329022323177,
                15.14135907776453,
                15.393812698427721,
                15.465332304490165,
                15.50333175865859,
                15.376429549762626,
                15.401012374317864,
                14.988914705297573,
                14.12193764991677,
                13.08663425999881,
                11.959213823770254,
                10.806923569945972,
                9.71354832290156,
                8.800195785604336,
                8.18009855685377,
                7.913302413703275,
                7.913302413703275,
                7.913302413703275,
                7.913302413703275,
                7.913302413703275,
                7.913302413703275,
                7.913302413703275,
                7.913302413703275,
                7.913302413703275,
                7.913302413703275,
                7.913302413703275,
                7.913302413703275,
                7.913302413703275,
                8.089340724716159,
                8.490128972896889,
                9.07599364841387,
                10.070269506045024,
                10.502511233182835,
                11.134503275238274,
                11.703622557587712,
                12.162541595090941,
                12.504511648126687,
                12.735494641781536,
                12.867032026638224,
                12.909505649924341,
                13.005512018770217,
                13.280027274173309,
                13.695585961578997,
                14.196280350411381,
                14.709329022323177,
                15.14135907776453,
                15.393812698427721,
                15.465332304490165,
                15.50333175865859,
                15.376429549762626,
                15.401012374317864,
                14.988914705297573,
                14.12193764991677,
                13.08663425999881,
                11.959213823770254,
                10.806923569945972,
                9.71354832290156,
                8.800195785604336,
                8.18009855685377,
                7.913302413703275,
                12.909505649924341,
                12.909505649924341,
                12.909505649924341,
                12.909505649924341,
                12.909505649924341,
                12.909505649924341,
                12.909505649924341,
                12.909505649924341,
                12.909505649924341,
                12.909505649924341,
                12.909505649924341,
                12.909505649924341,
                12.909505649924341,
                15.50333175865859,
                15.50333175865859,
                15.503331758658595,
                15.50333175865859,
                15.503331758658595,
                15.50333175865859,
                15.50333175865859,
                15.50333175865859,
                15.50333175865859,
                15.50333175865859,
                15.50333175865859,
                15.50333175865859,
                15.50333175865859
            ],
            "Node_5": [
                7.958468789823275,
                8.494444363851594,
                9.837915610106446,
                11.447472377618329,
                12.03850094025446,
                13.643064071172962,
                15.525935916451756,
                16.253099936990427,
                16.31836068853154,
                16.381584153717128,
                16.43911726521559,
                16.480531122779496,
                16.495897703269122,
                16.480610648238954,
                16.435648972171432,
                16.36733692022033,
                16.292983144329057,
                16.247303785993818,
                16.297152401388242,
                16.544994077946146,
                16.988324960308237,
                17.253889382897103,
                16.695272228834803,
                15.929251672450613,
                15.56603203867749,
                15.332257728615694,
                15.172217988194456,
                14.97673279011912,
                13.448878080077762,
                11.864110930744381,
                10.649543196546245,
                8.786252549692913,
                7.958468789823275,
                7.958468789823275,
                7.958468789823275,
                7.958468789823275,
                7.958468789823275,
                7.958468789823275,
                7.958468789823275,
                7.958468789823275,
                7.958468789823275,
                7.958468789823275,
                7.958468789823275,
                7.958468789823275,
                7.958468789823275,
                8.494444363851594,
                9.837915610106446,
                11.447472377618329,
                12.03850094025446,
                13.643064071172962,
                15.525935916451756,
                16.253099936990427,
                16.31836068853154,
                16.381584153717128,
                16.43911726521559,
                16.480531122779496,
                16.495897703269122,
                16.480610648238954,
                16.435648972171432,
                16.36733692022033,
                16.292983144329057,
                16.247303785993818,
                16.297152401388242,
                16.544994077946146,
                16.988324960308237,
                17.253889382897103,
                16.695272228834803,
                15.929251672450613,
                15.56603203867749,
                15.332257728615694,
                15.172217988194456,
                14.97673279011912,
                13.448878080077762,
                11.864110930744381,
                10.649543196546245,
                8.786252549692913,
                7.958468789823275,
                16.495897703269122,
                16.495897703269122,
                16.495897703269122,
                16.495897703269122,
                16.495897703269122,
                16.495897703269122,
                16.495897703269122,
                16.495897703269122,
                16.495897703269122,
                16.495897703269122,
                16.495897703269122,
                16.495897703269122,
                16.495897703269122,
                17.253889382897103,
                17.253889382897103,
                17.253889382897107,
                17.253889382897103,
                17.253889382897107,
                17.253889382897103,
                17.253889382897103,
                17.253889382897103,
                17.253889382897103,
                17.253889382897103,
                17.253889382897103,
                17.253889382897103,
                17.253889382897103
            ],
            "Node_6": [
                13.092054025508011,
                12.865826753488118,
                12.378329188306491,
                11.924887565252918,
                13.034394510055614,
                14.439966362323299,
                15.595883861600838,
                16.459194076642508,
                17.125899376807713,
                17.682357613306557,
                18.107750673836968,
                18.362214246434856,
                18.443533021174627,
                18.408677672433612,
                18.305204654589396,
                18.13943974481865,
                17.923915182356666,
                17.67754096366531,
                17.452223696015928,
                17.358405533004156,
                17.455633214281463,
                17.638229026472633,
                17.162474002554273,
                16.645883097527317,
                16.879498378551062,
                17.454722016175694,
                16.88542969347945,
                15.455142211122569,
                14.201122556652956,
                12.621734233879312,
                12.115721346687662,
                12.749505714130585,
                13.092054025508011,
                13.092054025508011,
                13.092054025508011,
                13.092054025508011,
                13.092054025508011,
                13.092054025508011,
                13.092054025508011,
                13.092054025508011,
                13.092054025508011,
                13.092054025508011,
                13.092054025508011,
                13.092054025508011,
                13.092054025508011,
                12.865826753488118,
                12.378329188306491,
                11.924887565252918,
                13.034394510055614,
                14.439966362323299,
                15.595883861600838,
                16.459194076642508,
                17.125899376807713,
                17.682357613306557,
                18.107750673836968,
                18.362214246434856,
                18.443533021174627,
                18.408677672433612,
                18.305204654589396,
                18.13943974481865,
                17.923915182356666,
                17.67754096366531,
                17.452223696015928,
                17.358405533004156,
                17.455633214281463,
                17.638229026472633,
                17.162474002554273,
                16.645883097527317,
                16.879498378551062,
                17.454722016175694,
                16.88542969347945,
                15.455142211122569,
                14.201122556652956,
                12.621734233879312,
                12.115721346687662,
                12.749505714130585,
                13.092054025508011,
                18.443533021174627,
                18.443533021174627,
                18.443533021174627,
                18.443533021174627,
                18.443533021174627,
                18.443533021174627,
                18.443533021174627,
                18.443533021174627,
                18.443533021174627,
                18.443533021174627,
                18.443533021174627,
                18.443533021174627,
                18.443533021174627,
                17.638229026472633,
                17.638229026472633,
                17.638229026472647,
                17.638229026472633,
                17.638229026472647,
                17.638229026472633,
                17.638229026472633,
                17.638229026472633,
                17.638229026472633,
                17.638229026472633,
                17.638229026472633,
                17.638229026472633,
                17.638229026472633
            ],
            "Node_7": [
                16.309415737852415,
                16.314877256993206,
                16.26375831703418,
                16.22703232871517,
                16.217492626729676,
                16.222676335696967,
                16.241870850366606,
                17.097442815686644,
                18.15729698753513,
                18.827086655406003,
                19.245839514281133,
                19.493363948587238,
                19.578774525153968,
                19.58991903239705,
                19.611776869522277,
                19.61141226729345,
                19.538453306935093,
                19.227150478157814,
                18.867758023375448,
                18.546419271892148,
                18.27551338914048,
                18.126786615037627,
                18.398167602130876,
                18.600260998437925,
                18.526716961398076,
                18.32636834240092,
                18.02188861317062,
                17.093667287606785,
                16.460363649022735,
                16.261092769691572,
                16.245267030941093,
                16.308685263968407,
                16.309415737852415,
                16.309415737852415,
                16.309415737852415,
                16.309415737852415,
                16.309415737852415,
                16.309415737852415,
                16.309415737852415,
                16.309415737852415,
                16.309415737852415,
                16.309415737852415,
                16.309415737852415,
                16.309415737852415,
                16.309415737852415,
                16.314877256993206,
                16.26375831703418,
                16.22703232871517,
                16.217492626729676,
                16.222676335696967,
                16.241870850366606,
                17.097442815686644,
                18.15729698753513,
                18.827086655406003,
                19.245839514281133,
                19.493363948587238,
                19.578774525153968,
                19.58991903239705,
                19.611776869522277,
                19.61141226729345,
                19.538453306935093,
                19.227150478157814,
                18.867758023375448,
                18.546419271892148,
                18.27551338914048,
                18.126786615037627,
                18.398167602130876,
                18.600260998437925,
                18.526716961398076,
                18.32636834240092,
                18.02188861317062,
                17.093667287606785,
                16.460363649022735,
                16.261092769691572,
                16.245267030941093,
                16.308685263968407,
                16.309415737852415,
                19.578774525153968,
                19.578774525153968,
                19.578774525153968,
                19.578774525153968,
                19.578774525153968,
                19.578774525153968,
                19.578774525153968,
                19.578774525153968,
                19.578774525153968,
                19.578774525153968,
                19.578774525153968,
                19.578774525153968,
                19.578774525153968,
                18.126786615037627,
                18.126786615037627,
                18.126786615037627,
                18.126786615037627,
                18.126786615037627,
                18.126786615037627,
                18.126786615037627,
                18.126786615037627,
                18.126786615037627,
                18.126786615037627,
                18.126786615037627,
                18.126786615037627,
                18.126786615037627
            ],
            "Node_8": [
                16.351069078187777,
                16.58023170432792,
                17.179636253330546,
                17.90459469475798,
                18.679319894246515,
                19.45941528790573,
                20.17859733751075,
                20.80081294653711,
                21.30426754947744,
                21.629060921016077,
                21.761800019664136,
                21.789787952056916,
                21.788215534898786,
                21.262324483576638,
                20.663152174408776,
                20.12792041860995,
                19.668255369189005,
                19.414516581670117,
                19.16465173142277,
                18.835947327315377,
                18.450085886092527,
                18.176265267672914,
                18.75730626072408,
                19.315959524831886,
                19.352490335299834,
                18.84990090095591,
                18.7729935572266,
                19.118914787836715,
                18.953533799179827,
                18.334048543641476,
                17.500360068475747,
                16.697195150078574,
                16.351069078187777,
                16.351069078187777,
                16.351069078187777,
                16.351069078187777,
                16.351069078187777,
                16.351069078187777,
                16.351069078187777,
                16.351069078187777,
                16.351069078187777,
                16.351069078187777,
                16.351069078187777,
                16.351069078187777,
                16.351069078187777,
                16.58023170432792,
                17.179636253330546,
                17.90459469475798,
                18.679319894246515,
                19.45941528790573,
                20.17859733751075,
                20.80081294653711,
                21.30426754947744,
                21.629060921016077,
                21.761800019664136,
                21.789787952056916,
                21.788215534898786,
                21.262324483576638,
                20.663152174408776,
                20.12792041860995,
                19.668255369189005,
                19.414516581670117,
                19.16465173142277,
                18.835947327315377,
                18.450085886092527,
                18.176265267672914,
                18.75730626072408,
                19.315959524831886,
                19.352490335299834,
                18.84990090095591,
                18.7729935572266,
                19.118914787836715,
                18.953533799179827,
                18.334048543641476,
                17.500360068475747,
                16.697195150078574,
                16.351069078187777,
                21.788215534898786,
                21.788215534898786,
                21.788215534898786,
                21.788215534898786,
                21.788215534898786,
                21.788215534898786,
                21.788215534898786,
                21.788215534898786,
                21.788215534898786,
                21.788215534898786,
                21.788215534898786,
                21.788215534898786,
                21.788215534898786,
                18.176265267672914,
                18.176265267672914,
                18.17626526767292,
                18.176265267672914,
                18.17626526767292,
                18.176265267672914,
                18.176265267672914,
                18.176265267672914,
                18.176265267672914,
                18.176265267672914,
                18.176265267672914,
                18.176265267672914,
                18.176265267672914
            ],
            "Node_9": [
                21.39472612083986,
                21.433449437670564,
                21.489348860475385,
                21.563107725874854,
                21.64589564223629,
                21.72783333851146,
                21.795659487162194,
                21.84179033401321,
                21.875897725978966,
                21.920483379673126,
                21.980497032580406,
                22.00300322645157,
                21.987853519385553,
                21.946721654687188,
                21.944564102873933,
                21.968906275985372,
                22.041588855926786,
                22.165234807425346,
                22.315456594622294,
                22.45353897790776,
                22.543827103946303,
                22.563950404197083,
                22.534564790424227,
                22.436514389131144,
                22.4748465390167,
                22.620435847193892,
                22.649354222124064,
                22.519531658479053,
                22.339643084718016,
                21.98575906026949,
                21.632607260471723,
                21.470651927599437,
                21.39472612083986,
                21.39472612083986,
                21.39472612083986,
                21.39472612083986,
                21.39472612083986,
                21.39472612083986,
                21.39472612083986,
                21.39472612083986,
                21.39472612083986,
                21.39472612083986,
                21.39472612083986,
                21.39472612083986,
                21.39472612083986,
                21.433449437670564,
                21.489348860475385,
                21.563107725874854,
                21.64589564223629,
                21.72783333851146,
                21.795659487162194,
                21.84179033401321,
                21.875897725978966,
                21.920483379673126,
                21.980497032580406,
                22.00300322645157,
                21.987853519385553,
                21.946721654687188,
                21.944564102873933,
                21.968906275985372,
                22.041588855926786,
                22.165234807425346,
                22.315456594622294,
                22.45353897790776,
                22.543827103946303,
                22.563950404197083,
                22.534564790424227,
                22.436514389131144,
                22.4748465390167,
                22.620435847193892,
                22.649354222124064,
                22.519531658479053,
                22.339643084718016,
                21.98575906026949,
                21.632607260471723,
                21.470651927599437,
                21.39472612083986,
                21.987853519385553,
                21.987853519385553,
                21.987853519385553,
                21.987853519385553,
                21.987853519385553,
                21.987853519385553,
                21.987853519385553,
                21.987853519385553,
                21.987853519385553,
                21.987853519385553,
                21.987853519385553,
                21.987853519385553,
                21.987853519385553,
                22.563950404197083,
                22.563950404197083,
                22.56395040419709,
                22.563950404197083,
                22.56395040419709,
                22.563950404197083,
                22.563950404197083,
                22.563950404197083,
                22.563950404197083,
                22.563950404197083,
                22.563950404197083,
                22.563950404197083,
                22.563950404197083
            ],
            "Node_10": [
                21.425226125281885,
                21.49513619562402,
                21.730423816462967,
                22.036405275806114,
                22.301322304868634,
                22.465774213600767,
                22.57894954666819,
                22.66867343546363,
                22.657455653833537,
                22.5033767975318,
                22.274363956857677,
                22.10083048262908,
                22.057711369285034,
                22.665410691045967,
                23.396555699112184,
                24.13827845252709,
                24.859610632502342,
                25.529794853568262,
                26.118553823484007,
                26.591144962257456,
                26.90281964545377,
                27.01758600075373,
                26.78960174299091,
                26.382399738393005,
                25.913937272379712,
                25.328334960861667,
                24.52271563644782,
                23.539431995393965,
                22.62244771705249,
                22.118409123916738,
                21.81675198778763,
                21.52118354427504,
                21.425226125281885,
                21.425226125281885,
                21.425226125281885,
                21.425226125281885,
                21.425226125281885,
                21.425226125281885,
                21.425226125281885,
                21.425226125281885,
                21.425226125281885,
                21.425226125281885,
                21.425226125281885,
                21.425226125281885,
                21.425226125281885,
                21.49513619562402,
                21.730423816462967,
                22.036405275806114,
                22.301322304868634,
                22.465774213600767,
                22.57894954666819,
                22.66867343546363,
                22.657455653833537,
                22.5033767975318,
                22.274363956857677,
                22.10083048262908,
                22.057711369285034,
                22.665410691045967,
                23.396555699112184,
                24.13827845252709,
                24.859610632502342,
                25.529794853568262,
                26.118553823484007,
                26.591144962257456,
                26.90281964545377,
                27.01758600075373,
                26.78960174299091,
                26.382399738393005,
                25.913937272379712,
                25.328334960861667,
                24.52271563644782,
                23.539431995393965,
                22.62244771705249,
                22.118409123916738,
                21.81675198778763,
                21.52118354427504,
                21.425226125281885,
                22.057711369285034,
                22.057711369285034,
                22.057711369285034,
                22.057711369285034,
                22.057711369285034,
                22.057711369285034,
                22.057711369285034,
                22.057711369285034,
                22.057711369285034,
                22.057711369285034,
                22.057711369285034,
                22.057711369285034,
                22.057711369285034,
                27.01758600075373,
                27.01758600075373,
                27.01758600075374,
                27.01758600075373,
                27.01758600075374,
                27.01758600075373,
                27.01758600075373,
                27.01758600075373,
                27.01758600075373,
                27.01758600075373,
                27.01758600075373,
                27.01758600075373,
                27.01758600075373
            ],
            "Node_11": [
                26.79309570105164,
                26.74773009651785,
                26.623111034761127,
                26.464282826017037,
                26.361137490767728,
                26.40822075144808,
                26.636655695067102,
                27.046493643387745,
                27.65733224369274,
                28.47862023476066,
                29.490061778503904,
                30.641400931555257,
                31.606900024933527,
                31.55765597644173,
                31.41880577775634,
                31.2144248270929,
                30.97763259967028,
                30.745353012713675,
                30.560199200716347,
                30.476831403742576,
                30.557664466474527,
                30.780537089649616,
                30.080035834674028,
                29.14174403128831,
                28.147482814059074,
                27.255950956517836,
                26.629087416477844,
                26.30786825671678,
                26.22067887672182,
                26.316784184609137,
                26.526264289843883,
                26.71857282162784,
                26.79309570105164,
                26.79309570105164,
                26.79309570105164,
                26.79309570105164,
                26.79309570105164,
                26.79309570105164,
                26.79309570105164,
                26.79309570105164,
                26.79309570105164,
                26.79309570105164,
                26.79309570105164,
                26.79309570105164,
                26.79309570105164,
                26.74773009651785,
                26.623111034761127,
                26.464282826017037,
                26.361137490767728,
                26.40822075144808,
                26.636655695067102,
                27.046493643387745,
                27.65733224369274,
                28.47862023476066,
                29.490061778503904,
                30.641400931555257,
                31.606900024933527,
                31.55765597644173,
                31.41880577775634,
                31.2144248270929,
                30.97763259967028,
                30.745353012713675,
                30.560199200716347,
                30.476831403742576,
                30.557664466474527,
                30.780537089649616,
                30.080035834674028,
                29.14174403128831,
                28.147482814059074,
                27.255950956517836,
                26.629087416477844,
                26.30786825671678,
                26.22067887672182,
                26.316784184609137,
                26.526264289843883,
                26.71857282162784,
                26.79309570105164,
                31.606900024933527,
                31.606900024933527,
                31.606900024933527,
                31.606900024933527,
                31.606900024933527,
                31.606900024933527,
                31.606900024933527,
                31.606900024933527,
                31.606900024933527,
                31.606900024933527,
                31.606900024933527,
                31.606900024933527,
                31.606900024933527,
                30.780537089649616,
                30.780537089649616,
                30.780537089649624,
                30.780537089649616,
                30.780537089649624,
                30.780537089649616,
                30.780537089649616,
                30.780537089649616,
                30.780537089649616,
                30.780537089649616,
                30.780537089649616,
                30.780537089649616,
                30.780537089649616
            ],
            "Node_12": [
                40.6790753825075,
                40.4823197588365,
                39.940005270643724,
                39.17533629229314,
                38.338219242083085,
                37.560126750937314,
                36.92229553810433,
                36.421373126027845,
                35.95162877943526,
                35.343162593144235,
                34.45827235235491,
                33.31484617146709,
                32.331656840125305,
                32.32206460897538,
                32.289405959335426,
                32.224850040789356,
                32.120555975377364,
                31.97226788134625,
                31.775024573325524,
                31.519669992598082,
                31.197302422368164,
                30.8690314784411,
                31.80310714788276,
                33.05967272630486,
                34.298033097695175,
                35.29867112810304,
                36.030629055588975,
                36.695286310378016,
                37.5102523984604,
                38.5188185951128,
                39.56466296955519,
                40.372876141494,
                40.6790753825075,
                40.6790753825075,
                40.6790753825075,
                40.6790753825075,
                40.6790753825075,
                40.6790753825075,
                40.6790753825075,
                40.6790753825075,
                40.6790753825075,
                40.6790753825075,
                40.6790753825075,
                40.6790753825075,
                40.6790753825075,
                40.4823197588365,
                39.940005270643724,
                39.17533629229314,
                38.338219242083085,
                37.560126750937314,
                36.92229553810433,
                36.421373126027845,
                35.95162877943526,
                35.343162593144235,
                34.45827235235491,
                33.31484617146709,
                32.331656840125305,
                32.32206460897538,
                32.289405959335426,
                32.224850040789356,
                32.120555975377364,
                31.97226788134625,
                31.775024573325524,
                31.519669992598082,
                31.197302422368164,
                30.8690314784411,
                31.80310714788276,
                33.05967272630486,
                34.298033097695175,
                35.29867112810304,
                36.030629055588975,
                36.695286310378016,
                37.5102523984604,
                38.5188185951128,
                39.56466296955519,
                40.372876141494,
                40.6790753825075,
                32.331656840125305,
                32.331656840125305,
                32.331656840125305,
                32.331656840125305,
                32.331656840125305,
                32.331656840125305,
                32.331656840125305,
                32.331656840125305,
                32.331656840125305,
                32.331656840125305,
                32.331656840125305,
                32.331656840125305,
                32.331656840125305,
                30.8690314784411,
                30.8690314784411,
                30.869031478441105,
                30.8690314784411,
                30.869031478441105,
                30.8690314784411,
                30.8690314784411,
                30.8690314784411,
                30.8690314784411,
                30.8690314784411,
                30.8690314784411,
                30.8690314784411,
                30.8690314784411
            ],
            "Node_13": [
                45.267219066407094,
                45.10563269015412,
                44.73810094135077,
                44.40238564370844,
                44.24231317436323,
                44.21353609772301,
                44.13413575066542,
                43.35683235157686,
                42.00321309481175,
                40.69801643193874,
                39.673364820909285,
                39.0459504924112,
                38.8380948529273,
                38.89723496231271,
                39.073853845632584,
                39.361678561222746,
                39.748475071412805,
                40.22299628436586,
                40.77192431520874,
                41.36997347111248,
                41.98349346238666,
                42.53151303494285,
                41.699152263989156,
                41.29645545619989,
                41.463235653901656,
                42.244911848119905,
                43.492028486730256,
                44.28123937142899,
                44.261981406396536,
                44.37919802376858,
                44.68299733383464,
                45.07719432107436,
                45.267219066407094,
                45.267219066407094,
                45.267219066407094,
                45.267219066407094,
                45.267219066407094,
                45.267219066407094,
                45.267219066407094,
                45.267219066407094,
                45.267219066407094,
                45.267219066407094,
                45.267219066407094,
                45.267219066407094,
                45.267219066407094,
                45.10563269015412,
                44.73810094135077,
                44.40238564370844,
                44.24231317436323,
                44.21353609772301,
                44.13413575066542,
                43.35683235157686,
                42.00321309481175,
                40.69801643193874,
                39.673364820909285,
                39.0459504924112,
                38.8380948529273,
                38.89723496231271,
                39.073853845632584,
                39.361678561222746,
                39.748475071412805,
                40.22299628436586,
                40.77192431520874,
                41.36997347111248,
                41.98349346238666,
                42.53151303494285,
                41.699152263989156,
                41.29645545619989,
                41.463235653901656,
                42.244911848119905,
                43.492028486730256,
                44.28123937142899,
                44.261981406396536,
                44.37919802376858,
                44.68299733383464,
                45.07719432107436,
                45.267219066407094,
                38.8380948529273,
                38.8380948529273,
                38.8380948529273,
                38.8380948529273,
                38.8380948529273,
                38.8380948529273,
                38.8380948529273,
                38.8380948529273,
                38.8380948529273,
                38.8380948529273,
                38.8380948529273,
                38.8380948529273,
                38.8380948529273,
                42.53151303494285,
                42.53151303494285,
                42.53151303494284,
                42.53151303494285,
                42.53151303494284,
                42.53151303494285,
                42.53151303494285,
                42.53151303494285,
                42.53151303494285,
                42.53151303494285,
                42.53151303494285,
                42.53151303494285,
                42.53151303494285
            ],
            "Node_14": [
                48.72356878537348,
                48.59239191294829,
                48.13614712909473,
                47.53550674266909,
                46.86308451566845,
                46.04626435481604,
                45.064835201612084,
                44.5704088811415,
                44.648696517334606,
                44.87992078576162,
                45.129014892926776,
                45.29598937005048,
                45.350704339895046,
                45.336670731632005,
                45.298814193062405,
                45.23994096953522,
                45.14889029068337,
                44.98842605236167,
                44.65719232948318,
                44.103820445286246,
                43.44873797436849,
                42.85268342782551,
                43.947586121297554,
                44.95619559841812,
                44.897965656479286,
                44.649397002360466,
                44.41826910188499,
                44.90272575899169,
                46.184594950766176,
                47.20289546101997,
                48.00203335807216,
                48.59408392591505,
                48.72356878537348,
                48.72356878537348,
                48.72356878537348,
                48.72356878537348,
                48.72356878537348,
                48.72356878537348,
                48.72356878537348,
                48.72356878537348,
                48.72356878537348,
                48.72356878537348,
                48.72356878537348,
                48.72356878537348,
                48.72356878537348,
                48.59239191294829,
                48.13614712909473,
                47.53550674266909,
                46.86308451566845,
                46.04626435481604,
                45.064835201612084,
                44.5704088811415,
                44.648696517334606,
                44.87992078576162,
                45.129014892926776,
                45.29598937005048,
                45.350704339895046,
                45.336670731632005,
                45.298814193062405,
                45.23994096953522,
                45.14889029068337,
                44.98842605236167,
                44.65719232948318,
                44.103820445286246,
                43.44873797436849,
                42.85268342782551,
                43.947586121297554,
                44.95619559841812,
                44.897965656479286,
                44.649397002360466,
                44.41826910188499,
                44.90272575899169,
                46.184594950766176,
                47.20289546101997,
                48.00203335807216,
                48.59408392591505,
                48.72356878537348,
                45.350704339895046,
                45.350704339895046,
                45.350704339895046,
                45.350704339895046,
                45.350704339895046,
                45.350704339895046,
                45.350704339895046,
                45.350704339895046,
                45.350704339895046,
                45.350704339895046,
                45.350704339895046,
                45.350704339895046,
                45.350704339895046,
                42.85268342782551,
                42.85268342782551,
                42.852683427825546,
                42.85268342782551,
                42.852683427825546,
                42.85268342782551,
                42.85268342782551,
                42.85268342782551,
                42.85268342782551,
                42.85268342782551,
                42.85268342782551,
                42.85268342782551,
                42.85268342782551
            ],
            "Node_15": [
                48.82803721331534,
                48.71286650700417,
                48.558875328989124,
                48.42673082412782,
                48.340073874216436,
                48.25922231960905,
                48.13102716786532,
                47.95590180094975,
                47.78150792515225,
                47.64408910575142,
                47.5434641754992,
                47.473597866938476,
                47.44674259364666,
                47.380073384927286,
                47.18387872289455,
                46.86679950927295,
                46.44697872827684,
                45.98286713573236,
                45.61749676592049,
                45.44425667906281,
                45.38445279794191,
                45.38677145151173,
                45.273838047483935,
                45.13008382218748,
                45.87788416128098,
                46.6236100144051,
                47.21177889391559,
                47.66142262206336,
                47.990693745560904,
                48.2319935430548,
                48.44466956471633,
                48.63777717291082,
                48.82803721331534,
                48.82803721331534,
                48.82803721331534,
                48.82803721331534,
                48.82803721331534,
                48.82803721331534,
                48.82803721331534,
                48.82803721331534,
                48.82803721331534,
                48.82803721331534,
                48.82803721331534,
                48.82803721331534,
                48.82803721331534,
                48.71286650700417,
                48.558875328989124,
                48.42673082412782,
                48.340073874216436,
                48.25922231960905,
                48.13102716786532,
                47.95590180094975,
                47.78150792515225,
                47.64408910575142,
                47.5434641754992,
                47.473597866938476,
                47.44674259364666,
                47.380073384927286,
                47.18387872289455,
                46.86679950927295,
                46.44697872827684,
                45.98286713573236,
                45.61749676592049,
                45.44425667906281,
                45.38445279794191,
                45.38677145151173,
                45.273838047483935,
                45.13008382218748,
                45.87788416128098,
                46.6236100144051,
                47.21177889391559,
                47.66142262206336,
                47.990693745560904,
                48.2319935430548,
                48.44466956471633,
                48.63777717291082,
                48.82803721331534,
                47.44674259364666,
                47.44674259364666,
                47.44674259364666,
                47.44674259364666,
                47.44674259364666,
                47.44674259364666,
                47.44674259364666,
                47.44674259364666,
                47.44674259364666,
                47.44674259364666,
                47.44674259364666,
                47.44674259364666,
                47.44674259364666,
                45.38677145151173,
                45.38677145151173,
                45.38677145151173,
                45.38677145151173,
                45.38677145151173,
                45.38677145151173,
                45.38677145151173,
                45.38677145151173,
                45.38677145151173,
                45.38677145151173,
                45.38677145151173,
                45.38677145151173,
                45.38677145151173
            ]
        }
    },
    "Phonon_DOS": {
        "DOS": [
            0.0,
            0.002,
            0.0,
            0.0,
            0.004,
            0.004,
            0.0,
            0.004,
            0.016,
            0.0013333333333333333,
            0.018666666666666668,
            0.05733333333333333,
            0.07400000000000001,
            0.027999999999999997,
            0.02066666666666667,
            0.035333333333333335,
            0.021333333333333333,
            0.03333333333333333,
            0.06466666666666666,
            0.034666666666666665,
            0.046,
            0.05,
            0.010666666666666666,
            0.03333333333333333,
            0.066,
            0.018666666666666668,
            0.005333333333333333,
            0.013333333333333334,
            0.03,
            0.010666666666666666,
            0.009333333333333334,
            0.009333333333333334,
            0.009333333333333334,
            0.01,
            0.002,
            0.016,
            0.004,
            0.012,
            0.012,
            0.004,
            0.005333333333333333,
            0.013999999999999999,
            0.012666666666666666,
            0.014666666666666666,
            0.005333333333333333,
            0.009333333333333334,
            0.044000000000000004,
            0.034666666666666665,
            0.02066666666666667,
            0.032,
            0.016,
            0.0
        ],
        "Energy(meV)": [
            -1.5,
            -0.5,
            0.5,
            1.5,
            2.5,
            3.5,
            4.5,
            5.5,
            6.5,
            7.5,
            8.5,
            9.5,
            10.5,
            11.5,
            12.5,
            13.5,
            14.5,
            15.5,
            16.5,
            17.5,
            18.5,
            19.5,
            20.5,
            21.5,
            22.5,
            23.5,
            24.5,
            25.5,
            26.5,
            27.5,
            28.5,
            29.5,
            30.5,
            31.5,
            32.5,
            33.5,
            34.5,
            35.5,
            36.5,
            37.5,
            38.5,
            39.5,
            40.5,
            41.5,
            42.5,
            43.5,
            44.5,
            45.5,
            46.5,
            47.5,
            48.5,
            49.5
        ]
    }
}