{
    "POSCAR": {
        "Atomes": "   Ti      N\n",
        "coordinate": "Direct\n",
        "unit_cell": {
            "a_vector": "1.4925297273347529   -2.5851374210977944   -1.7951515549971075e-06\n",
            "b_vector": "1.4925297611937005   2.5851374406462755   1.7958045610596658e-06\n",
            "c_vector": "7.306674060760124e-09   2.3198087583554708e-05   34.02942419217804\n"
        },
        "positions": {
            "Ti": [
                "0.6666669378576531   0.3333330538419997   0.23328180695585035\n",
                "0.3333330463943602   0.6666669423633448   0.16671819272689908\n"
            ],
            "N": [
                "1.5747987017151347e-08   3.794655888901335e-09   0.2000000003172508\n"
            ]
        }
    },
    "Termo_data": {
        "Temperature (K)": [
            0,
            10,
            20,
            30,
            40,
            50,
            60,
            70,
            80,
            90,
            100,
            110,
            120,
            130,
            140,
            150,
            160,
            170,
            180,
            190,
            200,
            210,
            220,
            230,
            240,
            250,
            260,
            270,
            280,
            290,
            300,
            310,
            320,
            330,
            340,
            350,
            360,
            370,
            380,
            390,
            400,
            410,
            420,
            430,
            440,
            450,
            460,
            470,
            480,
            490,
            500,
            510,
            520,
            530,
            540,
            550,
            560,
            570,
            580,
            590,
            600,
            610,
            620,
            630,
            640,
            650,
            660,
            670,
            680,
            690,
            700,
            710,
            720,
            730,
            740,
            750,
            760,
            770,
            780,
            790,
            800,
            810,
            820,
            830,
            840,
            850,
            860,
            870,
            880,
            890,
            900,
            910,
            920,
            930,
            940,
            950,
            960,
            970,
            980,
            990,
            1000,
            1010,
            1020,
            1030,
            1040,
            1050,
            1060,
            1070,
            1080,
            1090,
            1100,
            1110,
            1120,
            1130,
            1140,
            1150,
            1160,
            1170,
            1180,
            1190,
            1200,
            1210,
            1220,
            1230,
            1240,
            1250,
            1260,
            1270,
            1280,
            1290,
            1300,
            1310,
            1320,
            1330,
            1340,
            1350,
            1360,
            1370,
            1380,
            1390,
            1400,
            1410,
            1420,
            1430,
            1440,
            1450,
            1460,
            1470,
            1480,
            1490,
            1500,
            1510,
            1520,
            1530,
            1540,
            1550,
            1560,
            1570,
            1580,
            1590,
            1600,
            1610,
            1620,
            1630,
            1640,
            1650,
            1660,
            1670,
            1680,
            1690,
            1700,
            1710,
            1720,
            1730,
            1740,
            1750,
            1760,
            1770,
            1780,
            1790,
            1800,
            1810,
            1820,
            1830,
            1840,
            1850,
            1860,
            1870,
            1880,
            1890,
            1900,
            1910,
            1920,
            1930,
            1940,
            1950,
            1960,
            1970
        ],
        "Gibbs_free(J/mole)": [
            -555148.864696942,
            -555149.0963553634,
            -555150.5013870093,
            -555153.5814581404,
            -555159.0620809746,
            -555168.0330455254,
            -555181.7615402007,
            -555201.4379458957,
            -555228.0341004471,
            -555262.275231156,
            -555304.6699846841,
            -555355.5561571047,
            -555415.1433379243,
            -555483.546453087,
            -555560.8106876226,
            -555646.929389721,
            -555741.857062159,
            -555845.5189242898,
            -555957.8180050219,
            -556078.6407069932,
            -556207.8609870543,
            -556345.34378346,
            -556490.9477287105,
            -556644.5272822385,
            -556805.9344845145,
            -556975.020327743,
            -557151.6359333539,
            -557335.6333404259,
            -557526.8663191498,
            -557725.1908279923,
            -557930.4654240088,
            -558142.5516602012,
            -558361.3142329984,
            -558586.6211458292,
            -558818.343854934,
            -559056.357311211,
            -559300.539938677,
            -559550.7736575359,
            -559806.943842837,
            -560068.9393294461,
            -560336.6522600002,
            -560609.9780501367,
            -560888.8153031378,
            -561173.0657651275,
            -561462.6341352817,
            -561757.4281176862,
            -562057.3581946917,
            -562362.337567353,
            -562672.2820725568,
            -562987.1101704441,
            -563306.742706083,
            -563631.10297309,
            -563960.1164209945,
            -564293.7108061987,
            -564631.8160323789,
            -564974.3638949941,
            -565321.2883821587,
            -565672.5251243808,
            -566028.0116621641,
            -566387.6875678477,
            -566751.4936147893,
            -567119.3726029265,
            -567491.2688534503,
            -567867.1278686812,
            -568246.897135911,
            -568630.524972983,
            -569017.9616054439,
            -569409.1582035987,
            -569804.0673573195,
            -570202.6426922734,
            -570604.8393474492,
            -571010.6133747739,
            -571419.9215399204,
            -571832.7227553094,
            -572248.9757107048,
            -572668.6407130342,
            -573091.679260776,
            -573518.0531223667,
            -573947.7253962927,
            -574380.6601310837,
            -574816.8217475165,
            -575256.1759491956,
            -575698.689007871,
            -576144.3277837605,
            -576593.0600944477,
            -577044.8549191295,
            -577499.6806741024,
            -577957.5076978276,
            -578418.3063423026,
            -578882.0477389276,
            -579348.7039165447,
            -579818.2465310956,
            -580290.6489738693,
            -580765.8845361089,
            -581243.9274263507,
            -581724.7517165125,
            -582208.3327575236,
            -582694.6461305658,
            -583183.6676601688,
            -583675.3737302157,
            -584169.7413981752,
            -584666.7483656107,
            -585166.3716814445,
            -585668.5902618116,
            -586173.3821989008,
            -586680.7268311189,
            -587190.603374794,
            -587702.9916835092,
            -588217.8718810704,
            -588735.2242250193,
            -589255.0304354304,
            -589777.2707995061,
            -590301.9269109779,
            -590828.9810412236,
            -591358.4147230953,
            -591890.2111547022,
            -592424.3523134298,
            -592960.8218165305,
            -593499.6027514505,
            -594040.6784284792,
            -594584.0332902513,
            -595129.6511134114,
            -595677.5160215007,
            -596227.6132860496,
            -596779.9269390908,
            -597334.4425574951,
            -597891.1461031577,
            -598450.0217814859,
            -599011.0562190086,
            -599574.2360485522,
            -600139.5461869886,
            -600706.9739565094,
            -601276.504964557,
            -601848.1272541562,
            -602421.8268758818,
            -602997.5917963727,
            -603575.4085218742,
            -604155.2656076383,
            -604737.150482006,
            -605321.0506742398,
            -605906.9546731411,
            -606494.8505688177,
            -607084.7267999366,
            -607676.571993563,
            -608270.374652224,
            -608866.1230087789,
            -609463.8080441554,
            -610063.4165191608,
            -610664.9401232314,
            -611268.3664825119,
            -611873.6864978212,
            -612480.8885014121,
            -613089.9633564809,
            -613700.9004615521,
            -614313.6905922365,
            -614928.3231987794,
            -615544.7891691546,
            -616163.079272454,
            -616783.1825353538,
            -617405.0917649677,
            -618028.7959077732,
            -618654.2870566203,
            -619281.5552422857,
            -619910.5929185295,
            -620541.3898355874,
            -621173.9389661528,
            -621808.2296894803,
            -622444.2547247899,
            -623082.0062335333,
            -623721.4750357114,
            -624362.6526927833,
            -625005.5310333648,
            -625650.1028663033,
            -626296.3602052489,
            -626944.294446128,
            -627593.8980437128,
            -628245.1636491267,
            -628898.0829311227,
            -629552.6487608851,
            -630208.8538121658,
            -630866.6907876867,
            -631526.1518878615,
            -632187.2294799645,
            -632849.9179069,
            -633514.2084699685,
            -634180.0951490325,
            -634847.5707824904,
            -635516.6271316189,
            -636187.2593021981,
            -636859.458366209,
            -637533.2210272321,
            -638208.5368140806,
            -638885.4008223612,
            -639563.8069303567,
            -640243.7467597442,
            -640925.2170623902,
            -641608.2078976416,
            -642292.7156843343
        ],
        "Cp(J/mole.K)": [
            -0.0,
            0.10054464835848194,
            0.3462001949024852,
            0.7474863456009188,
            1.4138765260810033,
            2.3691641231562244,
            3.535965153045254,
            4.800667355756741,
            6.072664798120968,
            7.299819154871512,
            8.45936725079082,
            9.545076759267248,
            10.558198937459382,
            11.502608211792541,
            12.382658693293347,
            13.20247422555986,
            13.965827330620954,
            14.676205457159085,
            15.336917626275689,
            15.951114537651295,
            16.52187981188762,
            17.052221713640023,
            17.545007781323505,
            18.002989367482957,
            18.428815821209,
            18.82497948645323,
            19.19380902175325,
            19.537520546358447,
            19.858103344100527,
            20.157424865820204,
            20.437278098019327,
            20.69920639985064,
            20.944650356750913,
            21.175010796793494,
            21.391492536326393,
            21.595158325319098,
            21.787038375309216,
            21.968126166312114,
            22.139287353050936,
            22.301222560973866,
            22.45462597429281,
            22.600219157693193,
            22.73857845670433,
            22.870235385396487,
            22.995749992749126,
            23.11548424673674,
            23.229791223286917,
            23.339205273470725,
            23.444106793357093,
            23.544744454641442,
            23.64135173163948,
            23.734163839989996,
            23.82366541477397,
            23.909963785082763,
            23.993196833756443,
            24.07369331290825,
            24.151302315830293,
            24.2267300642009,
            24.300075298739912,
            24.370822627629884,
            24.43992905365299,
            24.507101780865924,
            24.572217889619104,
            24.635895711643478,
            24.697899315319773,
            24.758705259926458,
            24.818115865724394,
            24.87585724887899,
            24.932605031889494,
            24.98868434957423,
            25.04285409746803,
            25.09618901218918,
            25.149560963921402,
            25.200653370330162,
            25.2513516805775,
            25.3020967644261,
            25.350912346446425,
            25.39960381527484,
            25.447920628736025,
            25.494898554976793,
            25.541818261379206,
            25.58793331715837,
            25.632843755645503,
            25.67874916861771,
            25.72393546375679,
            25.7669920743648,
            25.81094037282152,
            25.854795724066207,
            25.89819329215692,
            25.94072112616249,
            25.981836935650726,
            26.024209223297916,
            26.06680886058622,
            26.107832782237992,
            26.14816492526998,
            26.18967991814154,
            26.23097153333947,
            26.270475071813937,
            26.31014663495028,
            26.351413469095203,
            26.391363157017622,
            26.42983353487216,
            26.469597177154938,
            26.508783248980762,
            26.547711935872286,
            26.586743092804905,
            26.625425515510067,
            26.66356839562918,
            26.70312982545009,
            26.743239861322373,
            26.779283266048957,
            26.816676565332376,
            26.855742395296772,
            26.893637725082066,
            26.931867919134675,
            26.96907650538229,
            27.007258289737763,
            27.044404102125554,
            27.08129730128575,
            27.120317125855607,
            27.15657734591531,
            27.19320031060488,
            27.230968339205546,
            27.2663288326239,
            27.305564077745657,
            27.343601703978315,
            27.37649812004547,
            27.416261764842965,
            27.45552681274694,
            27.488741872954144,
            27.523631162505172,
            27.560401233495213,
            27.59834139588047,
            27.63488819431542,
            27.67011113686575,
            27.706283040752165,
            27.745068073715373,
            27.78104952530082,
            27.81469696140858,
            27.851527218229702,
            27.887774811359023,
            27.923393839871178,
            27.958825496258214,
            27.990785932561266,
            28.027942718239498,
            28.06654497682757,
            28.100208078051008,
            28.13746466131748,
            28.172893401188986,
            28.20590692093538,
            28.239315261889608,
            28.274528179890844,
            28.311432964191884,
            28.346222359011772,
            28.379663475986813,
            28.416678733541737,
            28.449678196257775,
            28.481443942998993,
            28.519024569628527,
            28.55162657776359,
            28.583848372567218,
            28.62004528233956,
            28.65479809592944,
            28.688756785122678,
            28.72156842424313,
            28.750057931596768,
            28.78726416430436,
            28.826505787836382,
            28.85364382748898,
            28.880776442069564,
            28.915785647522227,
            28.955319836275642,
            28.988047109975014,
            29.014982957625765,
            29.047660807060314,
            29.080839138769576,
            29.109998542954145,
            29.143021826643714,
            29.178271942039064,
            29.20919607086031,
            29.234994642553428,
            29.267443625952776,
            29.30335465470536,
            29.331345654953946,
            29.363283582125124,
            29.39067459921379,
            29.416863413718897,
            29.449003117129905,
            29.48406503410132,
            29.51808275543946,
            29.53583295151475,
            29.565216631483054,
            29.597482818736808,
            29.625576029502554,
            29.65872249446693,
            29.681388314115438,
            29.713694964955465,
            29.744205377955502
        ],
        "S(J/mole.K)": [
            0,
            0.05027232417924097,
            0.18709469708410326,
            0.39822580340987773,
            0.6995414267701563,
            1.113192404845904,
            1.6447725799152977,
            2.28234115379455,
            3.004787514802593,
            3.789874573289126,
            4.6183884444326395,
            5.475223932393419,
            6.349016013542132,
            7.231348977415473,
            8.115994796036102,
            8.998315080696193,
            9.874829658963428,
            10.742914864726483,
            11.600593456026402,
            12.446385117688626,
            13.279198285029272,
            14.098250559222654,
            14.903006014967106,
            15.693125525891084,
            16.468428522908653,
            17.22886177557957,
            17.97447307726543,
            18.705390725265897,
            19.421805649597083,
            20.123956445915976,
            20.812119555581013,
            21.486599024954195,
            22.147717354517955,
            22.7958110132633,
            23.431225282777447,
            24.054308317160753,
            24.665408334163654,
            25.26487265919131,
            25.853045641546483,
            26.4302651638427,
            26.996861098277442,
            27.55315635170846,
            28.09946614304063,
            28.636096475218075,
            29.1633447856424,
            29.681498840321726,
            30.19083528486226,
            30.69162243335304,
            31.18412129692006,
            31.668583237119314,
            32.145249248870826,
            32.61435064697144,
            33.07611223366694,
            33.53075163566392,
            33.97847656169179,
            34.419487549024055,
            34.85397593423404,
            35.28212773805572,
            35.70412632180524,
            36.120142124702404,
            36.53034059529892,
            36.93488455419575,
            37.333925485142395,
            37.727611514477765,
            38.11608683471714,
            38.499490752040586,
            38.87795836024889,
            39.251615115272585,
            39.620583819186145,
            39.9849892201848,
            40.34494417227543,
            40.70055542698101,
            41.05193888133508,
            41.39919582511648,
            41.742420281066735,
            42.08171816724789,
            42.41718113041279,
            42.7488959407885,
            43.07695612943353,
            43.40144394320815,
            43.72244042477833,
            44.04002699457342,
            44.35427502801321,
            44.665264115843456,
            44.97307403937011,
            45.27776324445877,
            45.57939739289141,
            45.87805177973351,
            46.173791385280495,
            46.46667459915334,
            46.756752526033964,
            47.04408622513293,
            47.32874382516021,
            47.61077595699754,
            47.89022663302022,
            48.16715303728707,
            48.44161310131167,
            48.71364756467228,
            48.983297826645135,
            49.2506212154738,
            49.5156659780725,
            49.77846355393121,
            50.039057241343826,
            50.29749358251283,
            50.55381022680376,
            50.80804699580185,
            51.060242164129164,
            51.31042990791757,
            51.55865162295959,
            51.80495263621124,
            52.04935206326482,
            52.29187191849488,
            52.53255946600112,
            52.77144957013662,
            53.008570194865754,
            53.243949276952485,
            53.47761672740017,
            53.709601699981434,
            53.93992733623745,
            54.16862950828217,
            54.39573282618366,
            54.62125382811645,
            54.84522475370031,
            55.06766581805131,
            55.28860763410193,
            55.50808512187649,
            55.72609642599417,
            55.9426713617402,
            56.157857551796766,
            56.37165121454455,
            56.58405684553582,
            56.79510933651182,
            57.004840879586126,
            57.2132706086617,
            57.4204078491297,
            57.62627039559012,
            57.83089018544561,
            58.03428480388539,
            58.2364533831249,
            58.437416620372105,
            58.63720116583282,
            58.83581948867941,
            59.03328518441995,
            59.22960163395183,
            59.42479076038435,
            59.61889119550906,
            59.811905974392715,
            60.00384522581444,
            60.194729581850694,
            60.38455897013919,
            60.57334071537771,
            60.761096031747,
            60.94785001094133,
            61.13361443823087,
            61.318390916354836,
            61.50219938647933,
            61.68505095808505,
            61.866941059585955,
            62.0478963728252,
            62.227931439815436,
            62.407040955217965,
            62.585247609588265,
            62.76257047265827,
            62.939013528949005,
            63.114581607766745,
            63.28926875282924,
            63.46309876750166,
            63.63611429805897,
            63.80829514157813,
            63.979615165689026,
            64.15010767821222,
            64.31981878447114,
            64.48875104116306,
            64.6568769522186,
            64.82420557414153,
            64.99076397564204,
            65.15655094696413,
            65.32157472687541,
            65.48586108532909,
            65.64941245652736,
            65.81221070813771,
            65.97426831837366,
            66.13562133173691,
            66.29626534199052,
            66.45619716213842,
            66.61542294928513,
            66.77393479478052,
            66.93175303464814,
            67.088908751274,
            67.24541398387373,
            67.4012300260816,
            67.55635175732604,
            67.71082439055607,
            67.8646513656975,
            68.01784156909416,
            68.17038769940554,
            68.32229406554544,
            68.47358721485361
        ]
    },
    "Phonon_data": {
        "Numb_Node": 9,
        "total_n_kpoints": 100,
        "frequency": {
            "Node_1": [
                -0.07444620879589549,
                -1.1335951861245805,
                -1.7651245531453692,
                0.0658231703559955,
                3.951428459624983,
                7.116209210303585,
                10.384018377122773,
                13.563155421559248,
                16.466275242042187,
                18.945075066051658,
                20.877925161033772,
                22.154680930380778,
                22.62149696767733,
                22.625558879549327,
                22.641377451462816,
                22.682603978141106,
                22.77406916757749,
                22.943834696957552,
                23.211210456359577,
                23.57608345507353,
                23.98798557539884,
                23.975521125432603,
                23.94559583102961,
                22.863482971155246,
                20.97379046032464,
                18.33868629732775,
                15.066516852423584,
                11.286315478200683,
                7.2365271646210285,
                3.2518029397464683,
                -1.6442967113897513,
                -1.374763184601856,
                -0.07444620879589549,
                -0.07444620879589549,
                -0.07444620879589549,
                -0.07444620879589549,
                -0.07444620879589549,
                -0.07444620879589549,
                -0.07444620879589549,
                -0.07444620879589549,
                -0.07444620879589549,
                -0.07444620879589549,
                -0.07444620879589549,
                -0.07444620879589549,
                -0.07444620879589549,
                -1.1335951861245805,
                -1.7651245531453692,
                0.0658231703559955,
                3.951428459624983,
                7.116209210303585,
                10.384018377122773,
                13.563155421559248,
                16.466275242042187,
                18.945075066051658,
                20.877925161033772,
                22.154680930380778,
                22.62149696767733,
                22.625558879549327,
                22.641377451462816,
                22.682603978141106,
                22.77406916757749,
                22.943834696957552,
                23.211210456359577,
                23.57608345507353,
                23.98798557539884,
                23.975521125432603,
                23.94559583102961,
                22.863482971155246,
                20.97379046032464,
                18.33868629732775,
                15.066516852423584,
                11.286315478200683,
                7.2365271646210285,
                3.2518029397464683,
                -1.6442967113897513,
                -1.374763184601856,
                -0.07444620879589549,
                22.62149696767733,
                22.62149696767733,
                22.62149696767733,
                22.62149696767733,
                22.62149696767733,
                22.62149696767733,
                22.62149696767733,
                22.62149696767733,
                22.62149696767733,
                22.62149696767733,
                22.62149696767733,
                22.62149696767733,
                22.62149696767733,
                23.975521125432603,
                23.975521125432603,
                23.97552112543259,
                23.975521125432603,
                23.97552112543259,
                23.975521125432603,
                23.975521125432603,
                23.975521125432603,
                23.975521125432603,
                23.975521125432603,
                23.975521125432603,
                23.975521125432603,
                23.975521125432603
            ],
            "Node_2": [
                -0.07080229396767933,
                3.2663628049461777,
                6.517995554819613,
                9.721906328568446,
                12.819234687695841,
                15.759181669095588,
                18.519870136496667,
                21.06662893462191,
                23.312378285326442,
                24.78458382634741,
                25.144247118784474,
                25.20641144037266,
                25.179635004834076,
                25.186274374043137,
                25.197631419895238,
                25.18957568906941,
                25.126344218617444,
                24.96890970759899,
                24.718811942783844,
                24.459765066755757,
                24.26300190067486,
                24.442891119831703,
                24.28255926059973,
                24.153422140850978,
                24.255454660951543,
                23.4970142781463,
                21.49170031653041,
                18.715851374464204,
                15.42465526833727,
                11.805659474374297,
                7.959998157827061,
                3.994995643418547,
                -0.07080229396767933,
                -0.07080229396767933,
                -0.07080229396767933,
                -0.07080229396767933,
                -0.07080229396767933,
                -0.07080229396767933,
                -0.07080229396767933,
                -0.07080229396767933,
                -0.07080229396767933,
                -0.07080229396767933,
                -0.07080229396767933,
                -0.07080229396767933,
                -0.07080229396767933,
                3.2663628049461777,
                6.517995554819613,
                9.721906328568446,
                12.819234687695841,
                15.759181669095588,
                18.519870136496667,
                21.06662893462191,
                23.312378285326442,
                24.78458382634741,
                25.144247118784474,
                25.20641144037266,
                25.179635004834076,
                25.186274374043137,
                25.197631419895238,
                25.18957568906941,
                25.126344218617444,
                24.96890970759899,
                24.718811942783844,
                24.459765066755757,
                24.26300190067486,
                24.442891119831703,
                24.28255926059973,
                24.153422140850978,
                24.255454660951543,
                23.4970142781463,
                21.49170031653041,
                18.715851374464204,
                15.42465526833727,
                11.805659474374297,
                7.959998157827061,
                3.994995643418547,
                -0.07080229396767933,
                25.179635004834076,
                25.179635004834076,
                25.179635004834076,
                25.179635004834076,
                25.179635004834076,
                25.179635004834076,
                25.179635004834076,
                25.179635004834076,
                25.179635004834076,
                25.179635004834076,
                25.179635004834076,
                25.179635004834076,
                25.179635004834076,
                24.442891119831703,
                24.442891119831703,
                24.442891119831696,
                24.442891119831703,
                24.442891119831696,
                24.442891119831703,
                24.442891119831703,
                24.442891119831703,
                24.442891119831703,
                24.442891119831703,
                24.442891119831703,
                24.442891119831703,
                24.442891119831703
            ],
            "Node_3": [
                -0.02596623809395754,
                5.032671594517889,
                9.823433123908703,
                14.144029433992234,
                17.793614714942528,
                20.593968887400052,
                22.439437215970724,
                23.588525178862657,
                24.41265934751176,
                25.40601335263787,
                26.842425549675514,
                27.871818883974115,
                28.270071363625814,
                28.106122288969022,
                27.654726544722784,
                27.023391791496007,
                26.355140575727155,
                25.786526698795576,
                25.379131362704975,
                25.07424804830824,
                24.81538087040778,
                24.66752695988767,
                24.645037239826554,
                24.92284377806315,
                24.609681056111235,
                24.369454297244285,
                24.17136535172089,
                23.19814510128551,
                20.91337752542739,
                17.201783323299132,
                12.250079616796203,
                6.367527692218761,
                -0.02596623809395754,
                -0.02596623809395754,
                -0.02596623809395754,
                -0.02596623809395754,
                -0.02596623809395754,
                -0.02596623809395754,
                -0.02596623809395754,
                -0.02596623809395754,
                -0.02596623809395754,
                -0.02596623809395754,
                -0.02596623809395754,
                -0.02596623809395754,
                -0.02596623809395754,
                5.032671594517889,
                9.823433123908703,
                14.144029433992234,
                17.793614714942528,
                20.593968887400052,
                22.439437215970724,
                23.588525178862657,
                24.41265934751176,
                25.40601335263787,
                26.842425549675514,
                27.871818883974115,
                28.270071363625814,
                28.106122288969022,
                27.654726544722784,
                27.023391791496007,
                26.355140575727155,
                25.786526698795576,
                25.379131362704975,
                25.07424804830824,
                24.81538087040778,
                24.66752695988767,
                24.645037239826554,
                24.92284377806315,
                24.609681056111235,
                24.369454297244285,
                24.17136535172089,
                23.19814510128551,
                20.91337752542739,
                17.201783323299132,
                12.250079616796203,
                6.367527692218761,
                -0.02596623809395754,
                28.270071363625814,
                28.270071363625814,
                28.270071363625814,
                28.270071363625814,
                28.270071363625814,
                28.270071363625814,
                28.270071363625814,
                28.270071363625814,
                28.270071363625814,
                28.270071363625814,
                28.270071363625814,
                28.270071363625814,
                28.270071363625814,
                24.66752695988767,
                24.66752695988767,
                24.667526959887653,
                24.66752695988767,
                24.667526959887653,
                24.66752695988767,
                24.66752695988767,
                24.66752695988767,
                24.66752695988767,
                24.66752695988767,
                24.66752695988767,
                24.66752695988767,
                24.66752695988767
            ],
            "Node_4": [
                25.850680293524718,
                25.653079341392026,
                25.175854757738183,
                24.728260571517378,
                24.62473702402081,
                25.102809010481437,
                26.25313754265535,
                27.729074951174354,
                29.035002951992315,
                29.63867290763805,
                29.92386431474717,
                30.01015334132156,
                29.995839274084805,
                30.003884697963063,
                30.0326105915346,
                30.090078330292286,
                30.18194527789144,
                30.312804406156204,
                30.483219793035936,
                30.683129659096362,
                30.892098532893172,
                31.07583530869922,
                30.672253924206448,
                30.112076689932213,
                29.326798812629903,
                28.273373786509193,
                27.048322265968842,
                25.84213821958805,
                24.917144424446484,
                24.56277530970981,
                24.87850206663699,
                25.522600877890802,
                25.850680293524718,
                25.850680293524718,
                25.850680293524718,
                25.850680293524718,
                25.850680293524718,
                25.850680293524718,
                25.850680293524718,
                25.850680293524718,
                25.850680293524718,
                25.850680293524718,
                25.850680293524718,
                25.850680293524718,
                25.850680293524718,
                25.653079341392026,
                25.175854757738183,
                24.728260571517378,
                24.62473702402081,
                25.102809010481437,
                26.25313754265535,
                27.729074951174354,
                29.035002951992315,
                29.63867290763805,
                29.92386431474717,
                30.01015334132156,
                29.995839274084805,
                30.003884697963063,
                30.0326105915346,
                30.090078330292286,
                30.18194527789144,
                30.312804406156204,
                30.483219793035936,
                30.683129659096362,
                30.892098532893172,
                31.07583530869922,
                30.672253924206448,
                30.112076689932213,
                29.326798812629903,
                28.273373786509193,
                27.048322265968842,
                25.84213821958805,
                24.917144424446484,
                24.56277530970981,
                24.87850206663699,
                25.522600877890802,
                25.850680293524718,
                29.995839274084805,
                29.995839274084805,
                29.995839274084805,
                29.995839274084805,
                29.995839274084805,
                29.995839274084805,
                29.995839274084805,
                29.995839274084805,
                29.995839274084805,
                29.995839274084805,
                29.995839274084805,
                29.995839274084805,
                29.995839274084805,
                31.07583530869922,
                31.07583530869922,
                31.07583530869922,
                31.07583530869922,
                31.07583530869922,
                31.07583530869922,
                31.07583530869922,
                31.07583530869922,
                31.07583530869922,
                31.07583530869922,
                31.07583530869922,
                31.07583530869922,
                31.07583530869922
            ],
            "Node_5": [
                25.874236857711804,
                25.928705894608164,
                26.11187718048791,
                26.423696525043002,
                26.853385427161804,
                27.38237581647515,
                27.985407845277226,
                28.615043608543495,
                29.21606245771036,
                30.050398948982153,
                30.665262159178837,
                30.98458341325556,
                31.080103406934793,
                31.098599452145002,
                31.147501703066478,
                31.21189999785317,
                31.275728999730074,
                31.325822205276328,
                31.349678052259833,
                31.331018092887636,
                31.25516709260062,
                31.12655284043438,
                31.34553830964337,
                31.33176421216418,
                31.029838053821475,
                30.399904819551335,
                29.4110062016963,
                28.245558140130473,
                27.322734247283364,
                26.716074079076883,
                26.276407052538836,
                25.980560698552715,
                25.874236857711804,
                25.874236857711804,
                25.874236857711804,
                25.874236857711804,
                25.874236857711804,
                25.874236857711804,
                25.874236857711804,
                25.874236857711804,
                25.874236857711804,
                25.874236857711804,
                25.874236857711804,
                25.874236857711804,
                25.874236857711804,
                25.928705894608164,
                26.11187718048791,
                26.423696525043002,
                26.853385427161804,
                27.38237581647515,
                27.985407845277226,
                28.615043608543495,
                29.21606245771036,
                30.050398948982153,
                30.665262159178837,
                30.98458341325556,
                31.080103406934793,
                31.098599452145002,
                31.147501703066478,
                31.21189999785317,
                31.275728999730074,
                31.325822205276328,
                31.349678052259833,
                31.331018092887636,
                31.25516709260062,
                31.12655284043438,
                31.34553830964337,
                31.33176421216418,
                31.029838053821475,
                30.399904819551335,
                29.4110062016963,
                28.245558140130473,
                27.322734247283364,
                26.716074079076883,
                26.276407052538836,
                25.980560698552715,
                25.874236857711804,
                31.080103406934793,
                31.080103406934793,
                31.080103406934793,
                31.080103406934793,
                31.080103406934793,
                31.080103406934793,
                31.080103406934793,
                31.080103406934793,
                31.080103406934793,
                31.080103406934793,
                31.080103406934793,
                31.080103406934793,
                31.080103406934793,
                31.12655284043438,
                31.12655284043438,
                31.126552840434364,
                31.12655284043438,
                31.126552840434364,
                31.12655284043438,
                31.12655284043438,
                31.12655284043438,
                31.12655284043438,
                31.12655284043438,
                31.12655284043438,
                31.12655284043438,
                31.12655284043438
            ],
            "Node_6": [
                36.803730600837994,
                36.82364078694422,
                36.90802375961822,
                37.09542607629629,
                37.378972863439536,
                37.703425855177116,
                38.01524082183281,
                38.28500222601316,
                38.489958380032505,
                38.61702234132118,
                38.681918737529664,
                38.713348256159016,
                38.723792243963295,
                38.7416250391097,
                38.795058289941444,
                38.88333478760018,
                39.00061690773535,
                39.131695247739074,
                39.25630459579266,
                39.356083334143364,
                39.41589135695909,
                39.425744688935076,
                39.42286545994387,
                39.34290304328425,
                39.197859981279734,
                38.956660247182384,
                38.60992794364968,
                38.19244719696533,
                37.74403727703197,
                37.3183498531821,
                37.00280958017135,
                36.84435859132219,
                36.803730600837994,
                36.803730600837994,
                36.803730600837994,
                36.803730600837994,
                36.803730600837994,
                36.803730600837994,
                36.803730600837994,
                36.803730600837994,
                36.803730600837994,
                36.803730600837994,
                36.803730600837994,
                36.803730600837994,
                36.803730600837994,
                36.82364078694422,
                36.90802375961822,
                37.09542607629629,
                37.378972863439536,
                37.703425855177116,
                38.01524082183281,
                38.28500222601316,
                38.489958380032505,
                38.61702234132118,
                38.681918737529664,
                38.713348256159016,
                38.723792243963295,
                38.7416250391097,
                38.795058289941444,
                38.88333478760018,
                39.00061690773535,
                39.131695247739074,
                39.25630459579266,
                39.356083334143364,
                39.41589135695909,
                39.425744688935076,
                39.42286545994387,
                39.34290304328425,
                39.197859981279734,
                38.956660247182384,
                38.60992794364968,
                38.19244719696533,
                37.74403727703197,
                37.3183498531821,
                37.00280958017135,
                36.84435859132219,
                36.803730600837994,
                38.723792243963295,
                38.723792243963295,
                38.723792243963295,
                38.723792243963295,
                38.723792243963295,
                38.723792243963295,
                38.723792243963295,
                38.723792243963295,
                38.723792243963295,
                38.723792243963295,
                38.723792243963295,
                38.723792243963295,
                38.723792243963295,
                39.425744688935076,
                39.425744688935076,
                39.42574468893505,
                39.425744688935076,
                39.42574468893505,
                39.425744688935076,
                39.425744688935076,
                39.425744688935076,
                39.425744688935076,
                39.425744688935076,
                39.425744688935076,
                39.425744688935076,
                39.425744688935076
            ],
            "Node_7": [
                55.33734384619461,
                55.58760199473965,
                56.23020219978768,
                57.02637686448889,
                57.76151244924952,
                58.32448911826652,
                58.69398330415059,
                58.89631118664299,
                58.98117523675731,
                59.00975559419961,
                59.03241072795778,
                59.06178467234798,
                59.07669457190894,
                59.16527650252959,
                59.41096175301637,
                59.76291643423436,
                60.15901143948216,
                60.541709532612465,
                60.86677699829401,
                61.10659697128466,
                61.24766764892279,
                61.285480983159935,
                61.18751143099774,
                60.85545831321204,
                60.39472310015741,
                59.92769548097745,
                59.5163514786676,
                59.09671455454987,
                58.52578011907699,
                57.700704901610514,
                56.67139944419144,
                55.73125392120661,
                55.33734384619461,
                55.33734384619461,
                55.33734384619461,
                55.33734384619461,
                55.33734384619461,
                55.33734384619461,
                55.33734384619461,
                55.33734384619461,
                55.33734384619461,
                55.33734384619461,
                55.33734384619461,
                55.33734384619461,
                55.33734384619461,
                55.58760199473965,
                56.23020219978768,
                57.02637686448889,
                57.76151244924952,
                58.32448911826652,
                58.69398330415059,
                58.89631118664299,
                58.98117523675731,
                59.00975559419961,
                59.03241072795778,
                59.06178467234798,
                59.07669457190894,
                59.16527650252959,
                59.41096175301637,
                59.76291643423436,
                60.15901143948216,
                60.541709532612465,
                60.86677699829401,
                61.10659697128466,
                61.24766764892279,
                61.285480983159935,
                61.18751143099774,
                60.85545831321204,
                60.39472310015741,
                59.92769548097745,
                59.5163514786676,
                59.09671455454987,
                58.52578011907699,
                57.700704901610514,
                56.67139944419144,
                55.73125392120661,
                55.33734384619461,
                59.07669457190894,
                59.07669457190894,
                59.07669457190894,
                59.07669457190894,
                59.07669457190894,
                59.07669457190894,
                59.07669457190894,
                59.07669457190894,
                59.07669457190894,
                59.07669457190894,
                59.07669457190894,
                59.07669457190894,
                59.07669457190894,
                61.285480983159935,
                61.285480983159935,
                61.285480983159935,
                61.285480983159935,
                61.285480983159935,
                61.285480983159935,
                61.285480983159935,
                61.285480983159935,
                61.285480983159935,
                61.285480983159935,
                61.285480983159935,
                61.285480983159935,
                61.285480983159935
            ],
            "Node_8": [
                64.53453265681446,
                64.50944286830926,
                64.51759641426764,
                64.74729426730028,
                65.18110432871411,
                65.64810595892604,
                66.07559786725362,
                66.42608127134275,
                66.73135911336797,
                67.00822106233677,
                67.22359391062336,
                67.34561917216304,
                67.3818504686023,
                67.45404650695423,
                67.66893211087867,
                68.01731144960857,
                68.47896470256336,
                69.02566297606826,
                69.62027350714897,
                70.2112882197348,
                70.73219797599084,
                70.9051529811275,
                70.48916337261352,
                69.59612438892873,
                68.65121988672402,
                67.71427921912208,
                66.85105302159512,
                66.11476283429252,
                65.50389149636148,
                65.01944805621703,
                64.72841401460174,
                64.5597272773397,
                64.53453265681446,
                64.53453265681446,
                64.53453265681446,
                64.53453265681446,
                64.53453265681446,
                64.53453265681446,
                64.53453265681446,
                64.53453265681446,
                64.53453265681446,
                64.53453265681446,
                64.53453265681446,
                64.53453265681446,
                64.53453265681446,
                64.50944286830926,
                64.51759641426764,
                64.74729426730028,
                65.18110432871411,
                65.64810595892604,
                66.07559786725362,
                66.42608127134275,
                66.73135911336797,
                67.00822106233677,
                67.22359391062336,
                67.34561917216304,
                67.3818504686023,
                67.45404650695423,
                67.66893211087867,
                68.01731144960857,
                68.47896470256336,
                69.02566297606826,
                69.62027350714897,
                70.2112882197348,
                70.73219797599084,
                70.9051529811275,
                70.48916337261352,
                69.59612438892873,
                68.65121988672402,
                67.71427921912208,
                66.85105302159512,
                66.11476283429252,
                65.50389149636148,
                65.01944805621703,
                64.72841401460174,
                64.5597272773397,
                64.53453265681446,
                67.3818504686023,
                67.3818504686023,
                67.3818504686023,
                67.3818504686023,
                67.3818504686023,
                67.3818504686023,
                67.3818504686023,
                67.3818504686023,
                67.3818504686023,
                67.3818504686023,
                67.3818504686023,
                67.3818504686023,
                67.3818504686023,
                70.9051529811275,
                70.9051529811275,
                70.9051529811275,
                70.9051529811275,
                70.9051529811275,
                70.9051529811275,
                70.9051529811275,
                70.9051529811275,
                70.9051529811275,
                70.9051529811275,
                70.9051529811275,
                70.9051529811275,
                70.9051529811275
            ],
            "Node_9": [
                64.6494247622598,
                64.62936228002296,
                64.65020394166663,
                64.84650322974862,
                65.39683741062859,
                66.33776369235304,
                67.47536030584413,
                68.67758890934242,
                69.85411725225399,
                70.89972244118209,
                71.69598126638284,
                72.17318037390423,
                72.3284403787579,
                72.32371166665484,
                72.30950274045696,
                72.27961013867002,
                72.21810411041388,
                72.10914290264323,
                71.94214933159817,
                71.70700003544638,
                71.4047896415395,
                71.26986109492981,
                71.58938455781835,
                71.77569539790464,
                71.44967904769968,
                70.64585862857913,
                69.44940260073882,
                68.0261644502464,
                66.60501594787632,
                65.45409330772989,
                64.78361169509972,
                64.64634489809669,
                64.6494247622598,
                64.6494247622598,
                64.6494247622598,
                64.6494247622598,
                64.6494247622598,
                64.6494247622598,
                64.6494247622598,
                64.6494247622598,
                64.6494247622598,
                64.6494247622598,
                64.6494247622598,
                64.6494247622598,
                64.6494247622598,
                64.62936228002296,
                64.65020394166663,
                64.84650322974862,
                65.39683741062859,
                66.33776369235304,
                67.47536030584413,
                68.67758890934242,
                69.85411725225399,
                70.89972244118209,
                71.69598126638284,
                72.17318037390423,
                72.3284403787579,
                72.32371166665484,
                72.30950274045696,
                72.27961013867002,
                72.21810411041388,
                72.10914290264323,
                71.94214933159817,
                71.70700003544638,
                71.4047896415395,
                71.26986109492981,
                71.58938455781835,
                71.77569539790464,
                71.44967904769968,
                70.64585862857913,
                69.44940260073882,
                68.0261644502464,
                66.60501594787632,
                65.45409330772989,
                64.78361169509972,
                64.64634489809669,
                64.6494247622598,
                72.3284403787579,
                72.3284403787579,
                72.3284403787579,
                72.3284403787579,
                72.3284403787579,
                72.3284403787579,
                72.3284403787579,
                72.3284403787579,
                72.3284403787579,
                72.3284403787579,
                72.3284403787579,
                72.3284403787579,
                72.3284403787579,
                71.26986109492981,
                71.26986109492981,
                71.26986109492981,
                71.26986109492981,
                71.26986109492981,
                71.26986109492981,
                71.26986109492981,
                71.26986109492981,
                71.26986109492981,
                71.26986109492981,
                71.26986109492981,
                71.26986109492981,
                71.26986109492981
            ]
        }
    },
    "Phonon_DOS": {
        "DOS": [
            0.0,
            0.006666666666666666,
            0.003333333333333333,
            0.0,
            0.0,
            0.0,
            0.0,
            0.006666666666666666,
            0.0,
            0.006666666666666666,
            0.006666666666666666,
            0.0,
            0.0,
            0.0,
            0.02,
            0.0022222222222222222,
            0.0044444444444444444,
            0.008888888888888889,
            0.0044444444444444444,
            0.0044444444444444444,
            0.006666666666666666,
            0.02,
            0.008888888888888889,
            0.013333333333333332,
            0.02,
            0.021111111111111112,
            0.042222222222222223,
            0.07555555555555556,
            0.05,
            0.042222222222222223,
            0.017777777777777778,
            0.04333333333333333,
            0.04111111111111112,
            0.035555555555555556,
            0.04333333333333333,
            0.0,
            0.0,
            0.0,
            0.0,
            0.0077777777777777776,
            0.013333333333333332,
            0.06777777777777777,
            0.022222222222222223,
            0.0,
            0.0,
            0.0,
            0.0,
            0.0,
            0.0,
            0.0,
            0.0,
            0.0,
            0.0,
            0.0,
            0.0,
            0.0,
            0.0,
            0.0,
            0.0011111111111111111,
            0.006666666666666666,
            0.008888888888888889,
            0.02777777777777778,
            0.04,
            0.02,
            0.006666666666666666,
            0.0,
            0.0,
            0.017777777777777778,
            0.02777777777777778,
            0.028888888888888888,
            0.035555555555555556,
            0.028888888888888888,
            0.011111111111111112,
            0.022222222222222223,
            0.03111111111111111,
            0.01888888888888889,
            0.0
        ],
        "Energy(meV)": [
            -2.5,
            -1.5,
            -0.5,
            0.5,
            1.5,
            2.5,
            3.5,
            4.5,
            5.5,
            6.5,
            7.5,
            8.5,
            9.5,
            10.5,
            11.5,
            12.5,
            13.5,
            14.5,
            15.5,
            16.5,
            17.5,
            18.5,
            19.5,
            20.5,
            21.5,
            22.5,
            23.5,
            24.5,
            25.5,
            26.5,
            27.5,
            28.5,
            29.5,
            30.5,
            31.5,
            32.5,
            33.5,
            34.5,
            35.5,
            36.5,
            37.5,
            38.5,
            39.5,
            40.5,
            41.5,
            42.5,
            43.5,
            44.5,
            45.5,
            46.5,
            47.5,
            48.5,
            49.5,
            50.5,
            51.5,
            52.5,
            53.5,
            54.5,
            55.5,
            56.5,
            57.5,
            58.5,
            59.5,
            60.5,
            61.5,
            62.5,
            63.5,
            64.5,
            65.5,
            66.5,
            67.5,
            68.5,
            69.5,
            70.5,
            71.5,
            72.5,
            73.5
        ]
    }
}