{
    "POSCAR": {
        "Atomes": "   Ti    O   C\n",
        "coordinate": "Direct\n",
        "unit_cell": {
            "a_vector": "1.5176226252408138   -2.6285970757918533   1.5833230205776782e-06\n",
            "b_vector": "1.51762185939536   2.6285966336305826   -1.1833079206028055e-06\n",
            "c_vector": "4.475884870572986e-06   -1.7872829634640437e-05   24.203951880690923\n"
        },
        "positions": {
            "Ti": [
                "0.6666663607390788   0.33333365932956033   0.2529096528949542\n",
                "0.3333336152922306   0.6666663733766869   0.14709034925142875\n"
            ],
            "O": [
                "0.33333313642213414   0.6666668843118001   0.2907388507080646\n",
                "0.6666668582662568   0.3333330917801227   0.10926114888764105\n"
            ],
            "C": [
                "2.928030323516467e-08   -8.798168803094362e-09   0.19999999825791218\n"
            ]
        }
    },
    "Termo_data": {
        "Temperature (K)": [
            0,
            10,
            20,
            30,
            40,
            50,
            60,
            70,
            80,
            90,
            100,
            110,
            120,
            130,
            140,
            150,
            160,
            170,
            180,
            190,
            200,
            210,
            220,
            230,
            240,
            250,
            260,
            270,
            280,
            290,
            300,
            310,
            320,
            330,
            340,
            350,
            360,
            370,
            380,
            390,
            400,
            410,
            420,
            430,
            440,
            450,
            460,
            470,
            480,
            490,
            500,
            510,
            520,
            530,
            540,
            550,
            560,
            570,
            580,
            590,
            600,
            610,
            620,
            630,
            640,
            650,
            660,
            670,
            680,
            690,
            700,
            710,
            720,
            730,
            740,
            750,
            760,
            770,
            780,
            790,
            800,
            810,
            820,
            830,
            840,
            850,
            860,
            870,
            880,
            890,
            900,
            910,
            920,
            930,
            940,
            950,
            960,
            970,
            980,
            990,
            1000,
            1010,
            1020,
            1030,
            1040,
            1050,
            1060,
            1070,
            1080,
            1090,
            1100,
            1110,
            1120,
            1130,
            1140,
            1150,
            1160,
            1170,
            1180,
            1190,
            1200,
            1210,
            1220,
            1230,
            1240,
            1250,
            1260,
            1270,
            1280,
            1290,
            1300,
            1310,
            1320,
            1330,
            1340,
            1350,
            1360,
            1370,
            1380,
            1390,
            1400,
            1410,
            1420,
            1430,
            1440,
            1450,
            1460,
            1470,
            1480,
            1490,
            1500,
            1510,
            1520,
            1530,
            1540,
            1550,
            1560,
            1570,
            1580,
            1590,
            1600,
            1610,
            1620,
            1630,
            1640,
            1650,
            1660,
            1670,
            1680,
            1690,
            1700,
            1710,
            1720,
            1730,
            1740,
            1750,
            1760,
            1770,
            1780,
            1790,
            1800,
            1810,
            1820,
            1830,
            1840,
            1850,
            1860,
            1870,
            1880,
            1890,
            1900,
            1910,
            1920,
            1930,
            1940,
            1950,
            1960,
            1970
        ],
        "Gibbs_free(J/mole)": [
            -662997.7223678785,
            -662997.7577791035,
            -662997.9749975434,
            -662998.5343226298,
            -662999.8777705702,
            -663002.7004272919,
            -663007.8014942296,
            -663015.959603611,
            -663027.8760864043,
            -663044.1612537977,
            -663065.3378533535,
            -663091.848659254,
            -663124.064504571,
            -663162.2913803838,
            -663206.7771808207,
            -663257.717853563,
            -663315.2633165438,
            -663379.5230561787,
            -663450.5714271929,
            -663528.4523243208,
            -663613.1837730691,
            -663704.7617459917,
            -663803.1637313495,
            -663908.3518523739,
            -664020.2754929047,
            -664138.8736934927,
            -664264.0770999825,
            -664395.8097633799,
            -664533.9904989667,
            -664678.5341879589,
            -664829.3528136067,
            -664986.3563160857,
            -665149.4533421887,
            -665318.5518527795,
            -665493.5596413834,
            -665674.3847336676,
            -665860.9357424241,
            -666053.1221451232,
            -666250.854504895,
            -666454.0446603604,
            -666662.6058549646,
            -666876.4528592511,
            -667095.502044204,
            -667319.6714467155,
            -667548.8808075688,
            -667783.0515981212,
            -668022.1070355707,
            -668265.9720781508,
            -668514.5734278559,
            -668767.839503896,
            -669025.7004373339,
            -669288.0880270879,
            -669554.9357323538,
            -669826.1786281954,
            -670101.7533722784,
            -670381.5981773915,
            -670665.6527564492,
            -670953.8583145996,
            -671246.1574902434,
            -671542.4943059728,
            -671842.8141772049,
            -672147.0638173921,
            -672455.191228346,
            -672767.1456812207,
            -673082.877649384,
            -673402.3387823976,
            -673725.4819029421,
            -674052.2608637986,
            -674382.6307093786,
            -674716.5474602641,
            -675053.9681603633,
            -675394.8508329575,
            -675739.1545164809,
            -676086.8390385954,
            -676437.8652977871,
            -676792.1949472629,
            -677149.7905321278,
            -677510.6153410539,
            -677874.633678316,
            -678241.8103496401,
            -678612.1110339621,
            -678985.502228718,
            -679361.950996911,
            -679741.4251285397,
            -680123.8931028538,
            -680509.3240864039,
            -680897.6877430793,
            -681288.9545006759,
            -681683.0953661699,
            -682080.0817490983,
            -682479.8858776706,
            -682882.4803197627,
            -683287.8384021084,
            -683695.9335878921,
            -684106.7402277103,
            -684520.2330067403,
            -684936.386917629,
            -685355.1779744625,
            -685776.5819127621,
            -686200.5754556687,
            -686627.1353153725,
            -687056.2390520899,
            -687487.8646091657,
            -687921.9897179576,
            -688358.5932814613,
            -688797.6541854785,
            -689239.1515162169,
            -689683.0651363406,
            -690129.37481442,
            -690578.0613135155,
            -691029.1049022896,
            -691482.4868395689,
            -691938.1882507098,
            -692396.1908010665,
            -692856.4765569256,
            -693319.027422407,
            -693783.826367919,
            -694250.8557412848,
            -694720.0988068766,
            -695191.5388549606,
            -695665.1592754765,
            -696140.9442869845,
            -696618.8775161296,
            -697098.9434651608,
            -697581.1270202484,
            -698065.4128144468,
            -698551.785550086,
            -699040.2307231217,
            -699530.7335335122,
            -700023.2802611435,
            -700517.8561117639,
            -701014.4481451769,
            -701513.041155883,
            -702013.6227698256,
            -702516.1795739647,
            -703020.6983166395,
            -703527.1654219219,
            -704035.5686279862,
            -704545.8956904891,
            -705058.1336634163,
            -705572.2701310195,
            -706088.2934300521,
            -706606.1914203059,
            -707125.9524097936,
            -707647.5648495533,
            -708171.016964144,
            -708696.2980170818,
            -709223.3960114272,
            -709752.3003193553,
            -710283.0000019337,
            -710815.4847673641,
            -711349.7430331702,
            -711885.7651212382,
            -712423.5401994112,
            -712963.05912712,
            -713504.3099014299,
            -714047.2835265679,
            -714591.9706681735,
            -715138.3607124169,
            -715686.4445999406,
            -716236.2121689612,
            -716787.654972769,
            -717340.76299897,
            -717895.5279164386,
            -718451.9384719501,
            -719009.9884814437,
            -719569.6675407878,
            -720130.9657812648,
            -720693.877894746,
            -721258.3914759752,
            -721824.499905786,
            -722392.1960547947,
            -722961.4697684986,
            -723532.3126785068,
            -724104.7174980626,
            -724678.6768951169,
            -725254.1816958976,
            -725831.2247980168,
            -726409.7966586743,
            -726989.8906687625,
            -727571.5013559137,
            -728154.6176698542,
            -728739.2347645828,
            -729325.3433005104,
            -729912.9379279567,
            -730502.0097456864,
            -731092.5532641568,
            -731684.5594548187,
            -732278.0226093867,
            -732872.9349414003,
            -733469.2905876556,
            -734067.0815317769,
            -734666.301631011,
            -735266.9447178149,
            -735869.0029153976,
            -736472.4706327436,
            -737077.3416624223,
            -737683.6090422464
        ],
        "Cp(J/mole.K)": [
            -0.0,
            0.01764302691153716,
            0.08250716809998267,
            0.2542170851840637,
            0.6020950632519089,
            1.1366339571250137,
            1.8226302773051433,
            2.614932926822803,
            3.4774349548853936,
            4.384294935670913,
            5.316221067099831,
            6.257711810190813,
            7.195807509636505,
            8.119719416089357,
            9.0207108156872,
            9.892023538661304,
            10.72878997041844,
            11.527727848725048,
            12.286905852175543,
            13.005572926162861,
            13.683806202141573,
            14.32235947349109,
            14.922491801105199,
            15.485747473512296,
            16.013907313579693,
            16.508892980200486,
            16.97266473909258,
            17.407139417054708,
            17.814240959170284,
            18.195835072069887,
            18.553660456440433,
            18.88939163945909,
            19.204616490099568,
            19.50080896033322,
            19.779331569204817,
            20.041464246532996,
            20.28839528717799,
            20.52122099801488,
            20.740958218660644,
            20.948541562052576,
            21.144839169923202,
            21.330648288139475,
            21.506702831550516,
            21.673681236873364,
            21.832211100845598,
            21.98286970195482,
            22.12618892581084,
            22.262661215668725,
            22.39274063142946,
            22.51684437230289,
            22.635356927348838,
            22.748649342483315,
            22.8570483760559,
            22.96085621720411,
            23.060354732349438,
            23.15580851667619,
            23.24748947287452,
            23.335592185211095,
            23.4203320923901,
            23.501942067942643,
            23.5805462695426,
            23.656337424192976,
            23.729523340176026,
            23.800198823557068,
            23.868532032147073,
            23.934592864185014,
            23.998512249486478,
            24.060562733066035,
            24.120695731707524,
            24.178938993255773,
            24.235583982692184,
            24.29057847634249,
            24.3439653395908,
            24.396058028904424,
            24.446738113736497,
            24.49590960677597,
            24.54403251019539,
            24.591133480588738,
            24.63670844290755,
            24.681319221245996,
            24.725214605685437,
            24.76781700604496,
            24.80939313734416,
            24.85032043841196,
            24.890321993711225,
            24.92934486635198,
            24.967913160158787,
            25.00561427711788,
            25.04235450201668,
            25.07869198867411,
            25.11452910854132,
            25.149436732690212,
            25.183392677502837,
            25.217300421354594,
            25.250431144417895,
            25.28317857558445,
            25.315932514518636,
            25.34734519882477,
            25.37809831930194,
            25.408635156898526,
            25.439727957127545,
            25.469850352589784,
            25.498415181041054,
            25.528039256975244,
            25.55686239618808,
            25.584518770672506,
            25.6124181357037,
            25.640480386905484,
            25.668332099507097,
            25.694975693765368,
            25.721466514281772,
            25.747658357405374,
            25.773881827574144,
            25.799764056358093,
            25.825288616266334,
            25.851130419920327,
            25.875621096103316,
            25.900274784013163,
            25.92468744481448,
            25.94889708567344,
            25.973316159797832,
            25.99608211088061,
            26.0203535702136,
            26.04577616255256,
            26.067979727941477,
            26.08924808991997,
            26.11177880464229,
            26.135423176607944,
            26.158703441173202,
            26.18166588745953,
            26.203014069353046,
            26.222075515283993,
            26.24613407640727,
            26.27056619907671,
            26.28889008298274,
            26.307330298280966,
            26.33103007406481,
            26.354429985288977,
            26.372393273084498,
            26.391690940299107,
            26.413970645691837,
            26.434726197415248,
            26.45509686178983,
            26.47492922655646,
            26.495057812007243,
            26.51503688165425,
            26.532341819256544,
            26.551666345601657,
            26.57393922042091,
            26.59292671954307,
            26.609646994911706,
            26.62935964163906,
            26.651877629175175,
            26.669949349781273,
            26.682015229656823,
            26.702875808928983,
            26.72586696456375,
            26.741672717070188,
            26.75836924591567,
            26.77735321893124,
            26.79749385826312,
            26.816847636076158,
            26.829804033850202,
            26.84455694177852,
            26.86974301607127,
            26.881531116072672,
            26.897333249979187,
            26.922048662596843,
            26.928959743562274,
            26.95078536138195,
            26.978369608375697,
            26.983991915764758,
            26.99482746161557,
            27.02083928371709,
            27.041636978276074,
            27.053627517961765,
            27.063365743495524,
            27.072007717469162,
            27.099318359407683,
            27.123558298492444,
            27.12920143356314,
            27.143798779524385,
            27.162383906566667,
            27.179226427932996,
            27.19599500070339,
            27.210095797839777,
            27.221141988591725,
            27.23550957545786,
            27.253575283289223,
            27.26846543154415,
            27.279559160524514,
            27.29674428299768,
            27.313156950473513,
            27.32266689743583,
            27.34169379415107,
            27.360911049036076,
            27.36682459677104,
            27.37367331686255
        ],
        "S(J/mole.K)": [
            0,
            0.00882151345576858,
            0.03826981893653282,
            0.10126612515887243,
            0.21889752226270498,
            0.4078228008816949,
            0.6733720530362916,
            1.0120388328228729,
            1.4161594408476958,
            1.8770710663986392,
            2.386454060624237,
            2.936706559896993,
            3.520973318716278,
            4.13309553223662,
            4.767560676272842,
            5.4194630376456185,
            6.084471842176573,
            6.758797347832298,
            7.439151107250655,
            8.122705966698414,
            8.807053040861502,
            9.490156754807687,
            10.170312854634542,
            10.84610707977554,
            11.516376833015238,
            12.180177761652159,
            12.836753020084872,
            13.485504852562737,
            14.125970731911368,
            14.75780347195687,
            15.38075244057691,
            15.994647721938966,
            16.59938746168482,
            17.19492639677192,
            17.78126572227775,
            18.35844487744762,
            18.92653477741842,
            19.485631842566363,
            20.03585298481921,
            20.57733137546893,
            21.11021291076031,
            21.634653257556785,
            22.150815291295295,
            22.658867017127342,
            23.158979874357467,
            23.65132729012112,
            24.136083451462042,
            24.61342232644675,
            25.08351686280075,
            25.546538295796196,
            26.002655583154407,
            26.45203512637381,
            26.894840411627957,
            27.331231574041887,
            27.761365228224896,
            28.185394381453808,
            28.603468601898932,
            29.015733649255708,
            29.422331240908534,
            29.82339965607389,
            30.219073208895864,
            30.60948216625839,
            30.99475369508582,
            31.375011285650544,
            31.750374659005317,
            32.12095981830789,
            32.48687898209027,
            32.84824233137769,
            33.205156826534946,
            33.557724586235416,
            33.90604560324718,
            34.25021732921449,
            34.590333055878,
            34.926484658605474,
            35.25876160940533,
            35.58724833638116,
            35.91202829851972,
            36.233184881552,
            36.55079518471465,
            36.86493368408554,
            37.17567715651821,
            37.48309750710032,
            37.787262053819724,
            38.08823956677516,
            38.386096970841756,
            38.68089685447194,
            38.972702345383006,
            39.26157505807787,
            39.54757159008295,
            39.83074922323431,
            40.111165912974684,
            40.388874793000284,
            40.663924775863414,
            40.93636792440084,
            41.20625561234629,
            41.473635777230086,
            41.73855895333399,
            42.00106918706442,
            42.26120569908089,
            42.519012232733076,
            42.77453731270507,
            43.02782432057283,
            43.278904919934575,
            43.527819671879115,
            43.77461172329495,
            44.01931229581096,
            44.26195663066901,
            44.50258525267273,
            44.74123545241456,
            44.977937184226185,
            45.21271980208986,
            45.44561600202433,
            45.67665841752023,
            45.90587863800174,
            46.13330569575919,
            46.358970724696704,
            46.58289979346592,
            46.805117577992505,
            47.025652883495795,
            47.24453223337624,
            47.46178336339362,
            47.67742734096391,
            47.891489961188924,
            48.104007893381635,
            48.31499785373744,
            48.52446766758075,
            48.73244282980012,
            48.93895636649685,
            49.144034168650975,
            49.34769592911325,
            49.549956077602104,
            49.7508211586377,
            49.95032259086147,
            50.14850129245751,
            50.345355692965676,
            50.54088312306994,
            50.73512293735548,
            50.92811224602192,
            51.11984844660328,
            51.31033473621646,
            51.499604485738374,
            51.68768025900789,
            51.87457217234186,
            52.06029360446554,
            52.2448600155898,
            52.42828790576459,
            52.61058325173799,
            52.791759226341675,
            52.97184783832345,
            53.15086266914004,
            53.328799501582395,
            53.505675012453864,
            53.681522350104935,
            53.85634969742242,
            54.03013631422073,
            54.2029045428586,
            54.37470268193429,
            54.54552707474213,
            54.715370021224956,
            54.88425391818164,
            55.05220159975579,
            55.219225903578625,
            55.3853160762359,
            55.550469380069984,
            55.71473459498229,
            55.87811372840224,
            56.04058897760842,
            56.20220997772994,
            56.36296062736801,
            56.522842392255555,
            56.68192658952758,
            56.84017529659177,
            56.997549193393205,
            57.154117440262056,
            57.30991820487252,
            57.46492013688112,
            57.619100777275165,
            57.772459937118406,
            57.925056215975204,
            58.076942026085455,
            58.22806504828186,
            58.37840681070957,
            58.52801161407552,
            58.67689372938185,
            58.82505607120693,
            58.97249903098855,
            59.11921494331473,
            59.26521227430349,
            59.410517405407155,
            59.555139115832574,
            59.699066226850846,
            59.84231198619818,
            59.98489744485705,
            60.12680956888216,
            60.26806196299003,
            60.408686428141664,
            60.54865593837167,
            60.68794559464004
        ]
    },
    "Phonon_data": {
        "Numb_Node": 15,
        "total_n_kpoints": 100,
        "frequency": {
            "Node_1": [
                -0.2932379554830893,
                -1.0136615269417693,
                2.056938559196295,
                5.521831299196243,
                9.260660294660708,
                12.82826164297003,
                15.950393142559323,
                18.442802444125128,
                20.152074447696894,
                21.18026963513287,
                21.87485502189088,
                22.467210149307203,
                22.765306560088934,
                22.764350870912633,
                22.756004061806905,
                22.745453364803396,
                22.762017017900153,
                22.83071300221612,
                22.965717681879486,
                23.195512730293572,
                23.55196443229319,
                24.021203401624202,
                23.041021002544795,
                22.094954039852404,
                21.228003085377857,
                20.305056669466918,
                18.902713450906077,
                16.445399545297583,
                12.759880520645238,
                8.268474529908714,
                3.7104561638405746,
                -1.0239668013751528,
                -0.2932379554830893,
                -0.2932379554830893,
                -0.2932379554830893,
                -0.2932379554830893,
                -0.2932379554830893,
                -0.2932379554830893,
                -0.2932379554830893,
                -0.2932379554830893,
                -0.2932379554830893,
                -0.2932379554830893,
                -0.2932379554830893,
                -0.2932379554830893,
                -0.2932379554830893,
                -1.0136615269417693,
                2.056938559196295,
                5.521831299196243,
                9.260660294660708,
                12.82826164297003,
                15.950393142559323,
                18.442802444125128,
                20.152074447696894,
                21.18026963513287,
                21.87485502189088,
                22.467210149307203,
                22.765306560088934,
                22.764350870912633,
                22.756004061806905,
                22.745453364803396,
                22.762017017900153,
                22.83071300221612,
                22.965717681879486,
                23.195512730293572,
                23.55196443229319,
                24.021203401624202,
                23.041021002544795,
                22.094954039852404,
                21.228003085377857,
                20.305056669466918,
                18.902713450906077,
                16.445399545297583,
                12.759880520645238,
                8.268474529908714,
                3.7104561638405746,
                -1.0239668013751528,
                -0.2932379554830893,
                22.765306560088934,
                22.765306560088934,
                22.765306560088934,
                22.765306560088934,
                22.765306560088934,
                22.765306560088934,
                22.765306560088934,
                22.765306560088934,
                22.765306560088934,
                22.765306560088934,
                22.765306560088934,
                22.765306560088934,
                22.765306560088934,
                24.021203401624202,
                24.021203401624202,
                24.021203401624174,
                24.021203401624202,
                24.021203401624174,
                24.021203401624202,
                24.021203401624202,
                24.021203401624202,
                24.021203401624202,
                24.021203401624202,
                24.021203401624202,
                24.021203401624202,
                24.021203401624202
            ],
            "Node_2": [
                -0.28883857166721133,
                3.708869253525136,
                7.467057116628532,
                11.175744714170214,
                14.48654435029853,
                17.21452485163852,
                19.539137374511693,
                21.568385556191355,
                23.195166735809536,
                24.359395094985086,
                25.150217494485428,
                25.650895777628595,
                25.869858315698817,
                25.869957805451435,
                25.870335225232644,
                25.8296568980834,
                25.73154124062806,
                25.564732093844363,
                25.319351462993286,
                24.986784931250387,
                24.57053502850418,
                24.109309584100274,
                25.06714832367266,
                26.28650077452933,
                27.548773544095535,
                26.923006994167366,
                24.30788651777857,
                21.265167506313087,
                17.835559277561465,
                13.914804618978257,
                9.41438236682428,
                4.671574262071411,
                -0.28883857166721133,
                -0.28883857166721133,
                -0.28883857166721133,
                -0.28883857166721133,
                -0.28883857166721133,
                -0.28883857166721133,
                -0.28883857166721133,
                -0.28883857166721133,
                -0.28883857166721133,
                -0.28883857166721133,
                -0.28883857166721133,
                -0.28883857166721133,
                -0.28883857166721133,
                3.708869253525136,
                7.467057116628532,
                11.175744714170214,
                14.48654435029853,
                17.21452485163852,
                19.539137374511693,
                21.568385556191355,
                23.195166735809536,
                24.359395094985086,
                25.150217494485428,
                25.650895777628595,
                25.869858315698817,
                25.869957805451435,
                25.870335225232644,
                25.8296568980834,
                25.73154124062806,
                25.564732093844363,
                25.319351462993286,
                24.986784931250387,
                24.57053502850418,
                24.109309584100274,
                25.06714832367266,
                26.28650077452933,
                27.548773544095535,
                26.923006994167366,
                24.30788651777857,
                21.265167506313087,
                17.835559277561465,
                13.914804618978257,
                9.41438236682428,
                4.671574262071411,
                -0.28883857166721133,
                25.869858315698817,
                25.869858315698817,
                25.869858315698817,
                25.869858315698817,
                25.869858315698817,
                25.869858315698817,
                25.869858315698817,
                25.869858315698817,
                25.869858315698817,
                25.869858315698817,
                25.869858315698817,
                25.869858315698817,
                25.869858315698817,
                24.109309584100274,
                24.109309584100274,
                24.109309584100227,
                24.109309584100274,
                24.109309584100227,
                24.109309584100274,
                24.109309584100274,
                24.109309584100274,
                24.109309584100274,
                24.109309584100274,
                24.109309584100274,
                24.109309584100274,
                24.109309584100274
            ],
            "Node_3": [
                -0.22634491730026496,
                6.325121212166669,
                12.675607671763915,
                18.731097668455305,
                21.137419569785102,
                22.126317627998244,
                23.19423142711955,
                24.266566948868896,
                25.26459907154852,
                26.104044893854105,
                26.675916331312965,
                26.35981316738915,
                25.888562802408916,
                26.092673028088043,
                26.651594066536756,
                27.516625334860226,
                28.601796467119033,
                29.785371912021155,
                30.921315006007354,
                31.862902138031433,
                32.475108731253144,
                32.664238390195706,
                32.214940420124435,
                30.935635573416242,
                29.130988979994253,
                27.84738571765414,
                25.941445498054893,
                23.787399405463987,
                21.975438911290965,
                20.406685740763468,
                15.841416331067288,
                8.104812006866458,
                -0.22634491730026496,
                -0.22634491730026496,
                -0.22634491730026496,
                -0.22634491730026496,
                -0.22634491730026496,
                -0.22634491730026496,
                -0.22634491730026496,
                -0.22634491730026496,
                -0.22634491730026496,
                -0.22634491730026496,
                -0.22634491730026496,
                -0.22634491730026496,
                -0.22634491730026496,
                6.325121212166669,
                12.675607671763915,
                18.731097668455305,
                21.137419569785102,
                22.126317627998244,
                23.19423142711955,
                24.266566948868896,
                25.26459907154852,
                26.104044893854105,
                26.675916331312965,
                26.35981316738915,
                25.888562802408916,
                26.092673028088043,
                26.651594066536756,
                27.516625334860226,
                28.601796467119033,
                29.785371912021155,
                30.921315006007354,
                31.862902138031433,
                32.475108731253144,
                32.664238390195706,
                32.214940420124435,
                30.935635573416242,
                29.130988979994253,
                27.84738571765414,
                25.941445498054893,
                23.787399405463987,
                21.975438911290965,
                20.406685740763468,
                15.841416331067288,
                8.104812006866458,
                -0.22634491730026496,
                25.888562802408916,
                25.888562802408916,
                25.888562802408916,
                25.888562802408916,
                25.888562802408916,
                25.888562802408916,
                25.888562802408916,
                25.888562802408916,
                25.888562802408916,
                25.888562802408916,
                25.888562802408916,
                25.888562802408916,
                25.888562802408916,
                32.664238390195706,
                32.664238390195706,
                32.664238390195706,
                32.664238390195706,
                32.664238390195706,
                32.664238390195706,
                32.664238390195706,
                32.664238390195706,
                32.664238390195706,
                32.664238390195706,
                32.664238390195706,
                32.664238390195706,
                32.664238390195706
            ],
            "Node_4": [
                19.10154492639962,
                19.262983294239152,
                19.66156839755698,
                20.29881385776287,
                24.013680828042872,
                28.225309117425187,
                31.52269972654824,
                31.48256387595919,
                30.266885430232357,
                28.950297790189854,
                27.701439058259293,
                27.316114490577146,
                27.403439045820356,
                27.72831134170234,
                28.687054325340167,
                30.183408072916496,
                32.05443919877444,
                34.11540270765367,
                36.17208459399253,
                38.007393733505445,
                39.32634179370535,
                39.64445709435833,
                38.12692281393177,
                35.426067987616776,
                32.57801207925977,
                30.812374458505627,
                31.447538204114565,
                32.420572876983776,
                29.47118527142144,
                23.634489259148822,
                20.091354323870455,
                19.35164063462617,
                19.10154492639962,
                19.10154492639962,
                19.10154492639962,
                19.10154492639962,
                19.10154492639962,
                19.10154492639962,
                19.10154492639962,
                19.10154492639962,
                19.10154492639962,
                19.10154492639962,
                19.10154492639962,
                19.10154492639962,
                19.10154492639962,
                19.262983294239152,
                19.66156839755698,
                20.29881385776287,
                24.013680828042872,
                28.225309117425187,
                31.52269972654824,
                31.48256387595919,
                30.266885430232357,
                28.950297790189854,
                27.701439058259293,
                27.316114490577146,
                27.403439045820356,
                27.72831134170234,
                28.687054325340167,
                30.183408072916496,
                32.05443919877444,
                34.11540270765367,
                36.17208459399253,
                38.007393733505445,
                39.32634179370535,
                39.64445709435833,
                38.12692281393177,
                35.426067987616776,
                32.57801207925977,
                30.812374458505627,
                31.447538204114565,
                32.420572876983776,
                29.47118527142144,
                23.634489259148822,
                20.091354323870455,
                19.35164063462617,
                19.10154492639962,
                27.403439045820356,
                27.403439045820356,
                27.403439045820356,
                27.403439045820356,
                27.403439045820356,
                27.403439045820356,
                27.403439045820356,
                27.403439045820356,
                27.403439045820356,
                27.403439045820356,
                27.403439045820356,
                27.403439045820356,
                27.403439045820356,
                39.64445709435833,
                39.64445709435833,
                39.64445709435836,
                39.64445709435833,
                39.64445709435836,
                39.64445709435833,
                39.64445709435833,
                39.64445709435833,
                39.64445709435833,
                39.64445709435833,
                39.64445709435833,
                39.64445709435833,
                39.64445709435833
            ],
            "Node_5": [
                19.136167413080816,
                19.8718741092843,
                21.826744277854353,
                24.501150625437788,
                27.675203456789895,
                31.104000269200863,
                32.434406220891006,
                34.25193812923753,
                36.40883507913267,
                37.99306697762275,
                39.00772430297697,
                39.54644881832024,
                39.71260781696178,
                39.696571118429766,
                39.65435476460737,
                39.596939658074255,
                39.53261891003364,
                39.47010856110763,
                39.42443039946287,
                39.42095168582565,
                39.497186300637644,
                39.725630753108874,
                40.036459959492156,
                40.11522030465951,
                39.60033951823063,
                38.304444765283314,
                36.20535546053783,
                33.44037521192849,
                30.173649308945382,
                26.618496104203945,
                23.14328639588546,
                20.305764205034052,
                19.136167413080816,
                19.136167413080816,
                19.136167413080816,
                19.136167413080816,
                19.136167413080816,
                19.136167413080816,
                19.136167413080816,
                19.136167413080816,
                19.136167413080816,
                19.136167413080816,
                19.136167413080816,
                19.136167413080816,
                19.136167413080816,
                19.8718741092843,
                21.826744277854353,
                24.501150625437788,
                27.675203456789895,
                31.104000269200863,
                32.434406220891006,
                34.25193812923753,
                36.40883507913267,
                37.99306697762275,
                39.00772430297697,
                39.54644881832024,
                39.71260781696178,
                39.696571118429766,
                39.65435476460737,
                39.596939658074255,
                39.53261891003364,
                39.47010856110763,
                39.42443039946287,
                39.42095168582565,
                39.497186300637644,
                39.725630753108874,
                40.036459959492156,
                40.11522030465951,
                39.60033951823063,
                38.304444765283314,
                36.20535546053783,
                33.44037521192849,
                30.173649308945382,
                26.618496104203945,
                23.14328639588546,
                20.305764205034052,
                19.136167413080816,
                39.71260781696178,
                39.71260781696178,
                39.71260781696178,
                39.71260781696178,
                39.71260781696178,
                39.71260781696178,
                39.71260781696178,
                39.71260781696178,
                39.71260781696178,
                39.71260781696178,
                39.71260781696178,
                39.71260781696178,
                39.71260781696178,
                39.725630753108874,
                39.725630753108874,
                39.725630753108874,
                39.725630753108874,
                39.725630753108874,
                39.725630753108874,
                39.725630753108874,
                39.725630753108874,
                39.725630753108874,
                39.725630753108874,
                39.725630753108874,
                39.725630753108874,
                39.725630753108874
            ],
            "Node_6": [
                36.430650173628884,
                36.23706036670013,
                35.881601759454135,
                35.43583670396895,
                34.86151209722647,
                34.29580326604715,
                35.78437263364341,
                39.02206560928333,
                41.81535693063846,
                43.94950782143312,
                45.45327725873059,
                46.36106627289537,
                46.668346545432215,
                46.61766130258838,
                46.473870680795784,
                46.245282728461625,
                45.9279511698811,
                45.5174801983065,
                45.01250959640914,
                44.42621802111589,
                43.86558653925533,
                43.634081415237574,
                43.956438692189586,
                44.06689203972359,
                43.424543371501194,
                41.812236579531024,
                39.00415669777103,
                35.15925178819644,
                34.14394084927022,
                34.997247199871204,
                35.67251211236228,
                36.15564965734152,
                36.430650173628884,
                36.430650173628884,
                36.430650173628884,
                36.430650173628884,
                36.430650173628884,
                36.430650173628884,
                36.430650173628884,
                36.430650173628884,
                36.430650173628884,
                36.430650173628884,
                36.430650173628884,
                36.430650173628884,
                36.430650173628884,
                36.23706036670013,
                35.881601759454135,
                35.43583670396895,
                34.86151209722647,
                34.29580326604715,
                35.78437263364341,
                39.02206560928333,
                41.81535693063846,
                43.94950782143312,
                45.45327725873059,
                46.36106627289537,
                46.668346545432215,
                46.61766130258838,
                46.473870680795784,
                46.245282728461625,
                45.9279511698811,
                45.5174801983065,
                45.01250959640914,
                44.42621802111589,
                43.86558653925533,
                43.634081415237574,
                43.956438692189586,
                44.06689203972359,
                43.424543371501194,
                41.812236579531024,
                39.00415669777103,
                35.15925178819644,
                34.14394084927022,
                34.997247199871204,
                35.67251211236228,
                36.15564965734152,
                36.430650173628884,
                46.668346545432215,
                46.668346545432215,
                46.668346545432215,
                46.668346545432215,
                46.668346545432215,
                46.668346545432215,
                46.668346545432215,
                46.668346545432215,
                46.668346545432215,
                46.668346545432215,
                46.668346545432215,
                46.668346545432215,
                46.668346545432215,
                43.634081415237574,
                43.634081415237574,
                43.63408141523758,
                43.634081415237574,
                43.63408141523758,
                43.634081415237574,
                43.634081415237574,
                43.634081415237574,
                43.634081415237574,
                43.634081415237574,
                43.634081415237574,
                43.634081415237574,
                43.634081415237574
            ],
            "Node_7": [
                43.20331501829725,
                43.11295696438726,
                43.02503364050385,
                43.39550087388329,
                44.335719376570225,
                45.474359521744255,
                46.42699134898104,
                47.59024896508819,
                48.95947331954905,
                50.011358738798485,
                50.67796891212411,
                51.020302662669216,
                51.123852203828505,
                51.327346434005875,
                51.86319629271914,
                52.216038747517885,
                52.49795502869098,
                52.829638347515214,
                53.199209065599504,
                53.5653779681602,
                53.85008016634957,
                53.97183762232911,
                53.70634257819382,
                53.07915215454497,
                52.098050506598874,
                50.62002172814946,
                48.28518141771661,
                46.44772380968039,
                45.24327628991197,
                44.15407817905637,
                43.36211722043989,
                43.17879794986681,
                43.20331501829725,
                43.20331501829725,
                43.20331501829725,
                43.20331501829725,
                43.20331501829725,
                43.20331501829725,
                43.20331501829725,
                43.20331501829725,
                43.20331501829725,
                43.20331501829725,
                43.20331501829725,
                43.20331501829725,
                43.20331501829725,
                43.11295696438726,
                43.02503364050385,
                43.39550087388329,
                44.335719376570225,
                45.474359521744255,
                46.42699134898104,
                47.59024896508819,
                48.95947331954905,
                50.011358738798485,
                50.67796891212411,
                51.020302662669216,
                51.123852203828505,
                51.327346434005875,
                51.86319629271914,
                52.216038747517885,
                52.49795502869098,
                52.829638347515214,
                53.199209065599504,
                53.5653779681602,
                53.85008016634957,
                53.97183762232911,
                53.70634257819382,
                53.07915215454497,
                52.098050506598874,
                50.62002172814946,
                48.28518141771661,
                46.44772380968039,
                45.24327628991197,
                44.15407817905637,
                43.36211722043989,
                43.17879794986681,
                43.20331501829725,
                51.123852203828505,
                51.123852203828505,
                51.123852203828505,
                51.123852203828505,
                51.123852203828505,
                51.123852203828505,
                51.123852203828505,
                51.123852203828505,
                51.123852203828505,
                51.123852203828505,
                51.123852203828505,
                51.123852203828505,
                51.123852203828505,
                53.97183762232911,
                53.97183762232911,
                53.971837622329105,
                53.97183762232911,
                53.971837622329105,
                53.97183762232911,
                53.97183762232911,
                53.97183762232911,
                53.97183762232911,
                53.97183762232911,
                53.97183762232911,
                53.97183762232911,
                53.97183762232911
            ],
            "Node_8": [
                43.23195258946188,
                45.44674566308492,
                48.120217890638756,
                47.47388294565773,
                46.930010501853076,
                46.85151782744659,
                47.52165422254526,
                48.57795589971505,
                49.89733955897894,
                51.085925650507214,
                51.480859464572426,
                51.76152176720924,
                51.86284757007488,
                51.90698896957644,
                52.06238906773156,
                52.71011269246304,
                53.536677581824186,
                53.98572275438374,
                54.2568351191508,
                54.495747116593655,
                54.68906538336873,
                54.60915735841837,
                54.91037813732263,
                54.83665212749499,
                53.15411918745935,
                50.96434924318666,
                49.47493004165042,
                48.09486150658494,
                47.12240282539878,
                47.12923549914802,
                47.827318418915496,
                46.63811959749444,
                43.23195258946188,
                43.23195258946188,
                43.23195258946188,
                43.23195258946188,
                43.23195258946188,
                43.23195258946188,
                43.23195258946188,
                43.23195258946188,
                43.23195258946188,
                43.23195258946188,
                43.23195258946188,
                43.23195258946188,
                43.23195258946188,
                45.44674566308492,
                48.120217890638756,
                47.47388294565773,
                46.930010501853076,
                46.85151782744659,
                47.52165422254526,
                48.57795589971505,
                49.89733955897894,
                51.085925650507214,
                51.480859464572426,
                51.76152176720924,
                51.86284757007488,
                51.90698896957644,
                52.06238906773156,
                52.71011269246304,
                53.536677581824186,
                53.98572275438374,
                54.2568351191508,
                54.495747116593655,
                54.68906538336873,
                54.60915735841837,
                54.91037813732263,
                54.83665212749499,
                53.15411918745935,
                50.96434924318666,
                49.47493004165042,
                48.09486150658494,
                47.12240282539878,
                47.12923549914802,
                47.827318418915496,
                46.63811959749444,
                43.23195258946188,
                51.86284757007488,
                51.86284757007488,
                51.86284757007488,
                51.86284757007488,
                51.86284757007488,
                51.86284757007488,
                51.86284757007488,
                51.86284757007488,
                51.86284757007488,
                51.86284757007488,
                51.86284757007488,
                51.86284757007488,
                51.86284757007488,
                54.60915735841837,
                54.60915735841837,
                54.60915735841835,
                54.60915735841837,
                54.60915735841835,
                54.60915735841837,
                54.60915735841837,
                54.60915735841837,
                54.60915735841837,
                54.60915735841837,
                54.60915735841837,
                54.60915735841837,
                54.60915735841837
            ],
            "Node_9": [
                48.787070652884786,
                48.62377840851224,
                48.94425703252212,
                49.09499233618988,
                49.2998152697537,
                49.57814995869291,
                49.92378192120075,
                50.3147450276385,
                50.72624746340614,
                51.44446719073225,
                52.52487600496481,
                53.05865568247689,
                53.19967611119242,
                53.24307414397347,
                53.369498866210414,
                53.56910993922085,
                53.865093589678466,
                54.529159521116135,
                55.210626386801856,
                55.518757024173446,
                55.285444565495084,
                55.189816116177035,
                55.23554991328878,
                54.87881135683211,
                54.21756663355985,
                52.87282925901409,
                51.67208573591906,
                50.70406349545772,
                49.93392791164961,
                49.37861701409305,
                49.05629406413822,
                48.51643885139166,
                48.787070652884786,
                48.787070652884786,
                48.787070652884786,
                48.787070652884786,
                48.787070652884786,
                48.787070652884786,
                48.787070652884786,
                48.787070652884786,
                48.787070652884786,
                48.787070652884786,
                48.787070652884786,
                48.787070652884786,
                48.787070652884786,
                48.62377840851224,
                48.94425703252212,
                49.09499233618988,
                49.2998152697537,
                49.57814995869291,
                49.92378192120075,
                50.3147450276385,
                50.72624746340614,
                51.44446719073225,
                52.52487600496481,
                53.05865568247689,
                53.19967611119242,
                53.24307414397347,
                53.369498866210414,
                53.56910993922085,
                53.865093589678466,
                54.529159521116135,
                55.210626386801856,
                55.518757024173446,
                55.285444565495084,
                55.189816116177035,
                55.23554991328878,
                54.87881135683211,
                54.21756663355985,
                52.87282925901409,
                51.67208573591906,
                50.70406349545772,
                49.93392791164961,
                49.37861701409305,
                49.05629406413822,
                48.51643885139166,
                48.787070652884786,
                53.19967611119242,
                53.19967611119242,
                53.19967611119242,
                53.19967611119242,
                53.19967611119242,
                53.19967611119242,
                53.19967611119242,
                53.19967611119242,
                53.19967611119242,
                53.19967611119242,
                53.19967611119242,
                53.19967611119242,
                53.19967611119242,
                55.189816116177035,
                55.189816116177035,
                55.189816116177035,
                55.189816116177035,
                55.189816116177035,
                55.189816116177035,
                55.189816116177035,
                55.189816116177035,
                55.189816116177035,
                55.189816116177035,
                55.189816116177035,
                55.189816116177035,
                55.189816116177035
            ],
            "Node_10": [
                48.91165419312842,
                48.9146630258487,
                50.495028233211855,
                55.10712860647277,
                57.365125827463345,
                57.70041872825217,
                57.273752912896704,
                56.832627524271125,
                56.87569756384656,
                57.70239359733899,
                59.23391850481348,
                61.00320828245857,
                62.494338832122594,
                62.12549147128596,
                61.2765203796357,
                60.261393710053795,
                59.22072805009188,
                58.22362601482892,
                57.35566246069779,
                56.835659739267875,
                56.855111936296254,
                56.96193275875022,
                56.58107411684339,
                55.689101455330714,
                55.31119753907443,
                55.73998046109032,
                56.41859267590996,
                57.28611293662235,
                57.972213394038505,
                57.31848308811913,
                53.244929668170286,
                48.95203225007214,
                48.91165419312842,
                48.91165419312842,
                48.91165419312842,
                48.91165419312842,
                48.91165419312842,
                48.91165419312842,
                48.91165419312842,
                48.91165419312842,
                48.91165419312842,
                48.91165419312842,
                48.91165419312842,
                48.91165419312842,
                48.91165419312842,
                48.9146630258487,
                50.495028233211855,
                55.10712860647277,
                57.365125827463345,
                57.70041872825217,
                57.273752912896704,
                56.832627524271125,
                56.87569756384656,
                57.70239359733899,
                59.23391850481348,
                61.00320828245857,
                62.494338832122594,
                62.12549147128596,
                61.2765203796357,
                60.261393710053795,
                59.22072805009188,
                58.22362601482892,
                57.35566246069779,
                56.835659739267875,
                56.855111936296254,
                56.96193275875022,
                56.58107411684339,
                55.689101455330714,
                55.31119753907443,
                55.73998046109032,
                56.41859267590996,
                57.28611293662235,
                57.972213394038505,
                57.31848308811913,
                53.244929668170286,
                48.95203225007214,
                48.91165419312842,
                62.494338832122594,
                62.494338832122594,
                62.494338832122594,
                62.494338832122594,
                62.494338832122594,
                62.494338832122594,
                62.494338832122594,
                62.494338832122594,
                62.494338832122594,
                62.494338832122594,
                62.494338832122594,
                62.494338832122594,
                62.494338832122594,
                56.96193275875022,
                56.96193275875022,
                56.96193275875024,
                56.96193275875022,
                56.96193275875024,
                56.96193275875022,
                56.96193275875022,
                56.96193275875022,
                56.96193275875022,
                56.96193275875022,
                56.96193275875022,
                56.96193275875022,
                56.96193275875022
            ],
            "Node_11": [
                66.49280886315424,
                66.57665994664755,
                66.58562471007436,
                66.62584616798213,
                66.47329503528647,
                66.12643837141962,
                65.7518429801617,
                65.29537282583492,
                64.85992963351978,
                64.5015543854898,
                64.13826466338017,
                63.56411039661785,
                62.56979558836554,
                62.54261148051667,
                62.457101739651655,
                62.33047170305006,
                62.18603024603952,
                62.04528085206789,
                61.91636119855447,
                61.77748798516429,
                61.593555877243105,
                61.44015216175904,
                61.76124083206463,
                61.83966690914393,
                62.547941043489864,
                63.54037599249234,
                64.50057066523904,
                65.33461749735524,
                66.04172563847341,
                66.67458723695869,
                66.76813776707753,
                66.65868134985394,
                66.49280886315424,
                66.49280886315424,
                66.49280886315424,
                66.49280886315424,
                66.49280886315424,
                66.49280886315424,
                66.49280886315424,
                66.49280886315424,
                66.49280886315424,
                66.49280886315424,
                66.49280886315424,
                66.49280886315424,
                66.49280886315424,
                66.57665994664755,
                66.58562471007436,
                66.62584616798213,
                66.47329503528647,
                66.12643837141962,
                65.7518429801617,
                65.29537282583492,
                64.85992963351978,
                64.5015543854898,
                64.13826466338017,
                63.56411039661785,
                62.56979558836554,
                62.54261148051667,
                62.457101739651655,
                62.33047170305006,
                62.18603024603952,
                62.04528085206789,
                61.91636119855447,
                61.77748798516429,
                61.593555877243105,
                61.44015216175904,
                61.76124083206463,
                61.83966690914393,
                62.547941043489864,
                63.54037599249234,
                64.50057066523904,
                65.33461749735524,
                66.04172563847341,
                66.67458723695869,
                66.76813776707753,
                66.65868134985394,
                66.49280886315424,
                62.56979558836554,
                62.56979558836554,
                62.56979558836554,
                62.56979558836554,
                62.56979558836554,
                62.56979558836554,
                62.56979558836554,
                62.56979558836554,
                62.56979558836554,
                62.56979558836554,
                62.56979558836554,
                62.56979558836554,
                62.56979558836554,
                61.44015216175904,
                61.44015216175904,
                61.44015216175904,
                61.44015216175904,
                61.44015216175904,
                61.44015216175904,
                61.44015216175904,
                61.44015216175904,
                61.44015216175904,
                61.44015216175904,
                61.44015216175904,
                61.44015216175904,
                61.44015216175904
            ],
            "Node_12": [
                66.63623263215909,
                66.85769368488663,
                67.59713210188465,
                67.01577280201916,
                66.56709971722489,
                66.32735884090316,
                66.2349041006244,
                66.26606206090435,
                66.36271024043802,
                66.42861623579041,
                66.37315445369619,
                66.2253995501853,
                66.14659333179421,
                65.98229092202578,
                65.58973088670487,
                65.03238169786266,
                64.35157975293266,
                63.6091740942896,
                62.89976430925504,
                62.34887477780591,
                62.06830513933301,
                62.03211069881525,
                62.21282662320057,
                63.393392212914854,
                64.46228010050885,
                65.15466384341346,
                65.54216331713292,
                65.83708487800895,
                66.16330925878923,
                66.69174283522777,
                67.41848347893533,
                67.0294760905159,
                66.63623263215909,
                66.63623263215909,
                66.63623263215909,
                66.63623263215909,
                66.63623263215909,
                66.63623263215909,
                66.63623263215909,
                66.63623263215909,
                66.63623263215909,
                66.63623263215909,
                66.63623263215909,
                66.63623263215909,
                66.63623263215909,
                66.85769368488663,
                67.59713210188465,
                67.01577280201916,
                66.56709971722489,
                66.32735884090316,
                66.2349041006244,
                66.26606206090435,
                66.36271024043802,
                66.42861623579041,
                66.37315445369619,
                66.2253995501853,
                66.14659333179421,
                65.98229092202578,
                65.58973088670487,
                65.03238169786266,
                64.35157975293266,
                63.6091740942896,
                62.89976430925504,
                62.34887477780591,
                62.06830513933301,
                62.03211069881525,
                62.21282662320057,
                63.393392212914854,
                64.46228010050885,
                65.15466384341346,
                65.54216331713292,
                65.83708487800895,
                66.16330925878923,
                66.69174283522777,
                67.41848347893533,
                67.0294760905159,
                66.63623263215909,
                66.14659333179421,
                66.14659333179421,
                66.14659333179421,
                66.14659333179421,
                66.14659333179421,
                66.14659333179421,
                66.14659333179421,
                66.14659333179421,
                66.14659333179421,
                66.14659333179421,
                66.14659333179421,
                66.14659333179421,
                66.14659333179421,
                62.03211069881525,
                62.03211069881525,
                62.03211069881528,
                62.03211069881525,
                62.03211069881528,
                62.03211069881525,
                62.03211069881525,
                62.03211069881525,
                62.03211069881525,
                62.03211069881525,
                62.03211069881525,
                62.03211069881525,
                62.03211069881525
            ],
            "Node_13": [
                68.46168231731636,
                68.20196376803138,
                67.90544877425582,
                67.15688517791573,
                66.8987222980273,
                67.11832914151817,
                67.3124056207052,
                67.40019335778055,
                67.44693406552753,
                67.52511267092994,
                67.60046352886825,
                67.61845538749515,
                67.61092603175908,
                68.1227730630175,
                69.31744783891268,
                70.81358746710198,
                72.40357037661336,
                73.9683256241777,
                75.44840004428278,
                76.8140636083124,
                78.04795387634816,
                79.0316810184136,
                77.21008644628864,
                75.22307858538299,
                73.33914228062966,
                71.58840503754033,
                70.02185101316813,
                68.72750399804215,
                67.74444026091811,
                67.09527616279364,
                67.61895892455507,
                68.13744859243441,
                68.46168231731636,
                68.46168231731636,
                68.46168231731636,
                68.46168231731636,
                68.46168231731636,
                68.46168231731636,
                68.46168231731636,
                68.46168231731636,
                68.46168231731636,
                68.46168231731636,
                68.46168231731636,
                68.46168231731636,
                68.46168231731636,
                68.20196376803138,
                67.90544877425582,
                67.15688517791573,
                66.8987222980273,
                67.11832914151817,
                67.3124056207052,
                67.40019335778055,
                67.44693406552753,
                67.52511267092994,
                67.60046352886825,
                67.61845538749515,
                67.61092603175908,
                68.1227730630175,
                69.31744783891268,
                70.81358746710198,
                72.40357037661336,
                73.9683256241777,
                75.44840004428278,
                76.8140636083124,
                78.04795387634816,
                79.0316810184136,
                77.21008644628864,
                75.22307858538299,
                73.33914228062966,
                71.58840503754033,
                70.02185101316813,
                68.72750399804215,
                67.74444026091811,
                67.09527616279364,
                67.61895892455507,
                68.13744859243441,
                68.46168231731636,
                67.61092603175908,
                67.61092603175908,
                67.61092603175908,
                67.61092603175908,
                67.61092603175908,
                67.61092603175908,
                67.61092603175908,
                67.61092603175908,
                67.61092603175908,
                67.61092603175908,
                67.61092603175908,
                67.61092603175908,
                67.61092603175908,
                79.0316810184136,
                79.0316810184136,
                79.03168101841358,
                79.0316810184136,
                79.03168101841358,
                79.0316810184136,
                79.0316810184136,
                79.0316810184136,
                79.0316810184136,
                79.0316810184136,
                79.0316810184136,
                79.0316810184136,
                79.0316810184136
            ],
            "Node_14": [
                69.16775589142941,
                68.84430270283403,
                68.04501499900653,
                70.14259361917617,
                73.60119701509906,
                77.04916198368828,
                79.42706755727959,
                80.63084485365746,
                81.06487727311598,
                81.1389110619414,
                81.05630217439102,
                80.92282739752791,
                80.85726673026663,
                80.83861963979524,
                80.78718559998794,
                80.70657313034225,
                80.59401077117198,
                80.45577175346442,
                80.30860027602274,
                80.14273293275241,
                79.82873003946673,
                79.18015807341149,
                80.5944058936073,
                81.59530718859018,
                81.97537402612525,
                81.83203172547015,
                81.2040264509581,
                79.78782080725654,
                76.97155718587035,
                72.72795932455641,
                68.92023489486807,
                68.6941338830661,
                69.16775589142941,
                69.16775589142941,
                69.16775589142941,
                69.16775589142941,
                69.16775589142941,
                69.16775589142941,
                69.16775589142941,
                69.16775589142941,
                69.16775589142941,
                69.16775589142941,
                69.16775589142941,
                69.16775589142941,
                69.16775589142941,
                68.84430270283403,
                68.04501499900653,
                70.14259361917617,
                73.60119701509906,
                77.04916198368828,
                79.42706755727959,
                80.63084485365746,
                81.06487727311598,
                81.1389110619414,
                81.05630217439102,
                80.92282739752791,
                80.85726673026663,
                80.83861963979524,
                80.78718559998794,
                80.70657313034225,
                80.59401077117198,
                80.45577175346442,
                80.30860027602274,
                80.14273293275241,
                79.82873003946673,
                79.18015807341149,
                80.5944058936073,
                81.59530718859018,
                81.97537402612525,
                81.83203172547015,
                81.2040264509581,
                79.78782080725654,
                76.97155718587035,
                72.72795932455641,
                68.92023489486807,
                68.6941338830661,
                69.16775589142941,
                80.85726673026663,
                80.85726673026663,
                80.85726673026663,
                80.85726673026663,
                80.85726673026663,
                80.85726673026663,
                80.85726673026663,
                80.85726673026663,
                80.85726673026663,
                80.85726673026663,
                80.85726673026663,
                80.85726673026663,
                80.85726673026663,
                79.18015807341149,
                79.18015807341149,
                79.18015807341152,
                79.18015807341149,
                79.18015807341152,
                79.18015807341149,
                79.18015807341149,
                79.18015807341149,
                79.18015807341149,
                79.18015807341149,
                79.18015807341149,
                79.18015807341149,
                79.18015807341149
            ],
            "Node_15": [
                90.75047198533524,
                90.49522602091598,
                89.87051352639288,
                89.14587020415696,
                88.4904112074988,
                87.92666821306806,
                87.43284065555699,
                87.03587842415348,
                86.78704423393869,
                86.70554973803937,
                86.74775815916752,
                86.81932518076066,
                86.84940932760277,
                86.7493092061731,
                86.45222898376933,
                85.96440727146256,
                85.29430649166908,
                84.46173044409447,
                83.50496307644806,
                82.49332961684715,
                81.61761389262509,
                81.25542263013938,
                81.74685758456248,
                82.62990190912735,
                83.70174666752276,
                84.79873867906078,
                85.8405530182477,
                86.82382444816862,
                87.75799164862377,
                88.669760228394,
                89.59368384577158,
                90.40520584423507,
                90.75047198533524,
                90.75047198533524,
                90.75047198533524,
                90.75047198533524,
                90.75047198533524,
                90.75047198533524,
                90.75047198533524,
                90.75047198533524,
                90.75047198533524,
                90.75047198533524,
                90.75047198533524,
                90.75047198533524,
                90.75047198533524,
                90.49522602091598,
                89.87051352639288,
                89.14587020415696,
                88.4904112074988,
                87.92666821306806,
                87.43284065555699,
                87.03587842415348,
                86.78704423393869,
                86.70554973803937,
                86.74775815916752,
                86.81932518076066,
                86.84940932760277,
                86.7493092061731,
                86.45222898376933,
                85.96440727146256,
                85.29430649166908,
                84.46173044409447,
                83.50496307644806,
                82.49332961684715,
                81.61761389262509,
                81.25542263013938,
                81.74685758456248,
                82.62990190912735,
                83.70174666752276,
                84.79873867906078,
                85.8405530182477,
                86.82382444816862,
                87.75799164862377,
                88.669760228394,
                89.59368384577158,
                90.40520584423507,
                90.75047198533524,
                86.84940932760277,
                86.84940932760277,
                86.84940932760277,
                86.84940932760277,
                86.84940932760277,
                86.84940932760277,
                86.84940932760277,
                86.84940932760277,
                86.84940932760277,
                86.84940932760277,
                86.84940932760277,
                86.84940932760277,
                86.84940932760277,
                81.25542263013938,
                81.25542263013938,
                81.25542263013938,
                81.25542263013938,
                81.25542263013938,
                81.25542263013938,
                81.25542263013938,
                81.25542263013938,
                81.25542263013938,
                81.25542263013938,
                81.25542263013938,
                81.25542263013938,
                81.25542263013938
            ]
        }
    },
    "Phonon_DOS": {
        "DOS": [
            0.0,
            0.002,
            0.0,
            0.0,
            0.0,
            0.004,
            0.0,
            0.0,
            0.0,
            0.0,
            0.004,
            0.004,
            0.0,
            0.0,
            0.004,
            0.0,
            0.0,
            0.008,
            0.012,
            0.0,
            0.004,
            0.006666666666666667,
            0.017333333333333333,
            0.025333333333333333,
            0.017333333333333333,
            0.011333333333333332,
            0.012666666666666666,
            0.025333333333333333,
            0.02,
            0.029333333333333333,
            0.009333333333333334,
            0.02,
            0.010666666666666666,
            0.006666666666666667,
            0.02,
            0.005333333333333333,
            0.016,
            0.009333333333333334,
            0.0033333333333333335,
            0.016,
            0.0026666666666666666,
            0.02666666666666667,
            0.008666666666666666,
            0.0,
            0.009333333333333334,
            0.005333333333333333,
            0.017333333333333333,
            0.014666666666666666,
            0.01933333333333333,
            0.014666666666666666,
            0.009333333333333334,
            0.02,
            0.03133333333333333,
            0.024666666666666667,
            0.03666666666666667,
            0.022666666666666665,
            0.013333333333333334,
            0.013333333333333334,
            0.024,
            0.013333333333333334,
            0.005333333333333333,
            0.008,
            0.0,
            0.006666666666666667,
            0.024,
            0.012,
            0.02,
            0.04066666666666666,
            0.029333333333333333,
            0.024666666666666667,
            0.012666666666666666,
            0.011333333333333332,
            0.009333333333333334,
            0.0,
            0.0,
            0.008,
            0.008,
            0.0,
            0.006666666666666667,
            0.0013333333333333333,
            0.0,
            0.008,
            0.017333333333333333,
            0.03266666666666666,
            0.0,
            0.004,
            0.008,
            0.009333333333333334,
            0.028666666666666667,
            0.0013333333333333333,
            0.006666666666666667,
            0.004,
            0.0006666666666666666,
            0.0
        ],
        "Energy(meV)": [
            -1.5,
            -0.5,
            0.5,
            1.5,
            2.5,
            3.5,
            4.5,
            5.5,
            6.5,
            7.5,
            8.5,
            9.5,
            10.5,
            11.5,
            12.5,
            13.5,
            14.5,
            15.5,
            16.5,
            17.5,
            18.5,
            19.5,
            20.5,
            21.5,
            22.5,
            23.5,
            24.5,
            25.5,
            26.5,
            27.5,
            28.5,
            29.5,
            30.5,
            31.5,
            32.5,
            33.5,
            34.5,
            35.5,
            36.5,
            37.5,
            38.5,
            39.5,
            40.5,
            41.5,
            42.5,
            43.5,
            44.5,
            45.5,
            46.5,
            47.5,
            48.5,
            49.5,
            50.5,
            51.5,
            52.5,
            53.5,
            54.5,
            55.5,
            56.5,
            57.5,
            58.5,
            59.5,
            60.5,
            61.5,
            62.5,
            63.5,
            64.5,
            65.5,
            66.5,
            67.5,
            68.5,
            69.5,
            70.5,
            71.5,
            72.5,
            73.5,
            74.5,
            75.5,
            76.5,
            77.5,
            78.5,
            79.5,
            80.5,
            81.5,
            82.5,
            83.5,
            84.5,
            85.5,
            86.5,
            87.5,
            88.5,
            89.5,
            90.5,
            91.5
        ]
    }
}