{
    "POSCAR": {
        "Atomes": "   Ti      N\n",
        "coordinate": "Direct\n",
        "unit_cell": {
            "a_vector": "1.5036919164112088   -2.604471915927305   4.55680455442711e-10\n",
            "b_vector": "1.5036918929656846   2.604471902391034   5.277094203231341e-08\n",
            "c_vector": "8.066293315427945e-07   4.577335432491117e-07   46.0904651297564\n"
        },
        "positions": {
            "Ti": [
                "0.6666667600213174   0.3333332177698701   0.14921923932445966\n",
                "0.3333332231239833   0.6666667607192392   0.2507807637138205\n",
                "-2.1125439479337996e-08   -1.7007212289024545e-08   0.1999999984955724\n"
            ],
            "N": [
                "0.333333441876705   0.6666665980088723   0.17254380021083116\n",
                "0.6666665961034317   0.33333344050922536   0.22745619825531596\n"
            ]
        }
    },
    "Termo_data": {
        "Temperature (K)": [
            0,
            10,
            20,
            30,
            40,
            50,
            60,
            70,
            80,
            90,
            100,
            110,
            120,
            130,
            140,
            150,
            160,
            170,
            180,
            190,
            200,
            210,
            220,
            230,
            240,
            250,
            260,
            270,
            280,
            290,
            300,
            310,
            320,
            330,
            340,
            350,
            360,
            370,
            380,
            390,
            400,
            410,
            420,
            430,
            440,
            450,
            460,
            470,
            480,
            490,
            500,
            510,
            520,
            530,
            540,
            550,
            560,
            570,
            580,
            590,
            600,
            610,
            620,
            630,
            640,
            650,
            660,
            670,
            680,
            690,
            700,
            710,
            720,
            730,
            740,
            750,
            760,
            770,
            780,
            790,
            800,
            810,
            820,
            830,
            840,
            850,
            860,
            870,
            880,
            890,
            900,
            910,
            920,
            930,
            940,
            950,
            960,
            970,
            980,
            990,
            1000,
            1010,
            1020,
            1030,
            1040,
            1050,
            1060,
            1070,
            1080,
            1090,
            1100,
            1110,
            1120,
            1130,
            1140,
            1150,
            1160,
            1170,
            1180,
            1190,
            1200,
            1210,
            1220,
            1230,
            1240,
            1250,
            1260,
            1270,
            1280,
            1290,
            1300,
            1310,
            1320,
            1330,
            1340,
            1350,
            1360,
            1370,
            1380,
            1390,
            1400,
            1410,
            1420,
            1430,
            1440,
            1450,
            1460,
            1470,
            1480,
            1490,
            1500,
            1510,
            1520,
            1530,
            1540,
            1550,
            1560,
            1570,
            1580,
            1590,
            1600,
            1610,
            1620,
            1630,
            1640,
            1650,
            1660,
            1670,
            1680,
            1690,
            1700,
            1710,
            1720,
            1730,
            1740,
            1750,
            1760,
            1770,
            1780,
            1790,
            1800,
            1810,
            1820,
            1830,
            1840,
            1850,
            1860,
            1870,
            1880,
            1890,
            1900,
            1910,
            1920,
            1930,
            1940,
            1950,
            1960,
            1970
        ],
        "Gibbs_free(J/mole)": [
            -598410.0871025546,
            -598410.1500545706,
            -598410.5495283037,
            -598411.6420079346,
            -598414.1310739765,
            -598419.2121745172,
            -598428.298146002,
            -598442.6837876221,
            -598463.3959014486,
            -598491.1858359204,
            -598526.5784490871,
            -598569.9286411208,
            -598621.467772224,
            -598681.337457281,
            -598749.6128784462,
            -598826.3190662729,
            -598911.4421969944,
            -599004.9380680925,
            -599106.7385022001,
            -599216.756342283,
            -599334.88963813,
            -599461.0249679155,
            -599595.0401898848,
            -599736.8068502619,
            -599886.1920604025,
            -600043.060086331,
            -600207.2736094706,
            -600378.6949130438,
            -600557.1866040807,
            -600742.6124202927,
            -600934.8377185273,
            -601133.7299309886,
            -601339.1588742106,
            -601550.9970276144,
            -601769.1197047785,
            -601993.4051669019,
            -602223.7347355505,
            -602459.9928062048,
            -602702.0668852556,
            -602949.8475820416,
            -603203.228548435,
            -603462.1064887507,
            -603726.3810676362,
            -603995.9548590897,
            -604270.7332787195,
            -604550.624511601,
            -604835.539427574,
            -605125.3915139042,
            -605420.0967775064,
            -605719.57368411,
            -606023.7430704829,
            -606332.5280572784,
            -606645.8539858473,
            -606963.6483310049,
            -607285.8406215301,
            -607612.3624061246,
            -607943.1471171288,
            -608278.1300508523,
            -608617.2483322739,
            -608960.4407173679,
            -609307.6477325492,
            -609658.8114323805,
            -610013.875440851,
            -610372.784860156,
            -610735.4862630705,
            -611101.9275909279,
            -611472.0581235692,
            -611845.828411532,
            -612223.1903146472,
            -612604.0968212759,
            -612988.5021597128,
            -613376.3616064669,
            -613767.6316025035,
            -614162.2696401393,
            -614560.2340538194,
            -614961.4844301204,
            -615365.981080267,
            -615773.6853669081,
            -616184.5594625102,
            -616598.5664489613,
            -617015.670224006,
            -617435.8354986317,
            -617859.0277552634,
            -618285.2131742055,
            -618714.3588575918,
            -619146.4323438768,
            -619581.4020743459,
            -620019.2371207536,
            -620459.9070838235,
            -620903.3823049176,
            -621349.6337516727,
            -621798.6328737529,
            -622250.3518405254,
            -622704.7631997505,
            -623161.8402901338,
            -623621.556650067,
            -624083.8866513947,
            -624548.8050009079,
            -625016.286878016,
            -625486.3079295048,
            -625958.8443372813,
            -626433.8727756597,
            -626911.3700999598,
            -627391.313840421,
            -627873.6818751905,
            -628358.4524725245,
            -628845.6041208226,
            -629335.1159191749,
            -629826.967402377,
            -630321.1381598687,
            -630817.6083763296,
            -631316.3583725092,
            -631817.3690640198,
            -632320.6214814389,
            -632826.0971445304,
            -633333.7776257979,
            -633843.6451028752,
            -634355.6818594795,
            -634869.8704391097,
            -635386.1938738843,
            -635904.6351493364,
            -636425.178054628,
            -636947.8059235638,
            -637472.5028927575,
            -637999.2531692152,
            -638528.0413622876,
            -639058.8518020756,
            -639591.6695535608,
            -640126.4800057008,
            -640663.2682361265,
            -641202.0201002094,
            -641742.7210850619,
            -642285.3576233849,
            -642829.9156244069,
            -643376.3818031768,
            -643924.7424791523,
            -644474.9847105179,
            -645027.0952424735,
            -645581.0614829349,
            -646136.8707380563,
            -646694.5106367449,
            -647253.9688242025,
            -647815.2330691417,
            -648378.2917310427,
            -648943.1326713056,
            -649509.744473756,
            -650078.1156308185,
            -650648.235095693,
            -651220.0912626141,
            -651793.6733503721,
            -652368.9704328323,
            -652945.9717786994,
            -653524.6670627748,
            -654105.045405906,
            -654687.0966842831,
            -655270.8107721827,
            -655856.1777554926,
            -656443.1873259111,
            -657031.8298159465,
            -657622.0958345336,
            -658213.9755161459,
            -658807.4594247638,
            -659402.5383069196,
            -659999.202992003,
            -660597.4444253863,
            -661197.253527535,
            -661798.6212530374,
            -662401.5389684754,
            -663005.9982013894,
            -663611.9901852555,
            -664219.5063138789,
            -664828.5387309014,
            -665439.0787041124,
            -666051.1177493789,
            -666664.6487885774,
            -667279.662898371,
            -667896.1523982743,
            -668514.110077755,
            -669133.5272091626,
            -669754.3970937058,
            -670376.7118632492,
            -671000.4634422679,
            -671625.6454763805,
            -672252.249829979,
            -672880.2698198505,
            -673509.6981527815,
            -674140.5274533012,
            -674772.7511245516,
            -675406.3623344165,
            -676041.353869654,
            -676677.7188901451,
            -677315.4511308095,
            -677954.5440046296,
            -678594.9902553913,
            -679236.7842463207,
            -679879.9188327492,
            -680524.3878121226,
            -681170.1859165832
        ],
        "Cp(J/mole.K)": [
            -0.0,
            0.03415123329905327,
            0.1559559961897321,
            0.4558659913949668,
            1.0585526352631858,
            1.9876808152912417,
            3.1396025131631182,
            4.380326158832759,
            5.616958438395522,
            6.804170302982674,
            7.926693874585908,
            8.983153013937411,
            9.976734925608614,
            10.911157670337703,
            11.789474314084517,
            12.614022310328433,
            13.38679466298781,
            14.109690757680813,
            14.784673825884228,
            15.41391693493933,
            15.999707912502359,
            16.5444597747788,
            17.050725319527547,
            17.52102839057335,
            17.957807130273423,
            18.363494152290503,
            18.740439602331044,
            19.0908093619044,
            19.416683885501698,
            19.72000249908307,
            20.002530927507873,
            20.265929095607135,
            20.51173990778625,
            20.74136019593276,
            20.956070173357148,
            21.15706251352094,
            21.345407039893338,
            21.522101293821496,
            21.688037800538627,
            21.844027600417014,
            21.990856021759058,
            22.12920022074248,
            22.259676476230364,
            22.382878335268483,
            22.49933154839094,
            22.609518515761042,
            22.71388123950457,
            22.812822285550613,
            22.906731652887487,
            22.9959486292588,
            23.080777985014755,
            23.161523211598926,
            23.238436413777563,
            23.31178684595518,
            23.381810886593264,
            23.44865821102564,
            23.512607364868785,
            23.573806047742377,
            23.632368438836338,
            23.68857153297564,
            23.742462039634162,
            23.79413696358692,
            23.84382657255628,
            23.891652219273965,
            23.93766124676904,
            23.981895977238263,
            24.024545455636783,
            24.0657118092407,
            24.105411779181935,
            24.14374764631497,
            24.180796018685413,
            24.21676605435511,
            24.251415345584977,
            24.28483026350129,
            24.317463993444107,
            24.349025262199575,
            24.379576011665577,
            24.409279636154057,
            24.438139542803235,
            24.466236044070683,
            24.493539522867707,
            24.519967454337223,
            24.5458206956567,
            24.57110025229346,
            24.595440294023078,
            24.619415311724637,
            24.642854355543264,
            24.66538584948588,
            24.687648417568084,
            24.709480893780647,
            24.73069725782242,
            24.751447544232295,
            24.7718297381886,
            24.791764041519755,
            24.81109238307677,
            24.830388745322125,
            24.849276865180855,
            24.867351058407596,
            24.885219977889,
            24.903245955958987,
            24.92075853282607,
            24.93745198137469,
            24.954332008142956,
            24.97123590586125,
            24.987223043828124,
            25.00263818567335,
            25.018745194008957,
            25.034774066155432,
            25.04976947506657,
            25.064473555010277,
            25.079212778160347,
            25.094037202055915,
            25.108699897443955,
            25.1228250880927,
            25.136651827400783,
            25.150756802439318,
            25.164395880268586,
            25.17775861516678,
            25.191153276775395,
            25.20469485833318,
            25.218192002037796,
            25.23048859229029,
            25.24323784330045,
            25.256916556504613,
            25.269300348125398,
            25.280380447293194,
            25.293147908948505,
            25.30630985380567,
            25.31805082671326,
            25.32968654212891,
            25.341643167630536,
            25.354036091448506,
            25.365966834104995,
            25.37744870634924,
            25.3887372897353,
            25.399941443523666,
            25.411141257895995,
            25.42285799555248,
            25.43471580619235,
            25.446002208380378,
            25.456475053797472,
            25.467492945780492,
            25.478952672763363,
            25.489163246904777,
            25.50008645695624,
            25.512312185499777,
            25.523253831564112,
            25.532550327270393,
            25.54309216340792,
            25.554146839631404,
            25.565473966416796,
            25.576375769366752,
            25.585367950168546,
            25.59590194273645,
            25.60808134949184,
            25.618351375989512,
            25.62685805310041,
            25.637922958788447,
            25.649876994790638,
            25.658949390993577,
            25.668362297117824,
            25.679407460862418,
            25.69047715641814,
            25.70089579364867,
            25.709907656302676,
            25.71898480942764,
            25.73050090910413,
            25.742114130768815,
            25.7508893770395,
            25.76121445793797,
            25.773180412157792,
            25.780271354952493,
            25.79008519524929,
            25.803514475770857,
            25.810834758764038,
            25.821382964349926,
            25.833285242365548,
            25.841276808717772,
            25.853802232344954,
            25.86251343479671,
            25.870315701119182,
            25.883177149968105,
            25.89282304100925,
            25.903353042475906,
            25.91313391176479,
            25.92150147579325,
            25.934201639686812,
            25.945190328022132,
            25.95187068275449,
            25.961588350994727,
            25.975654090696345,
            25.984897860853195,
            25.992610591649736,
            26.00410964447392,
            26.012121937115168,
            26.02521907060762,
            26.038656829088552,
            26.043431354832137
        ],
        "S(J/mole.K)": [
            0,
            0.017075616649526636,
            0.07314023234648628,
            0.18810689662641378,
            0.3964036412668065,
            0.7274908022038289,
            1.1878924264965462,
            1.762406409176765,
            2.426346751493111,
            3.155416115169646,
            3.9297602701757564,
            4.734420100902207,
            5.558442526466387,
            6.393799725431017,
            7.234512289903068,
            8.076032354321796,
            8.914837097884448,
            9.748165335740488,
            10.573841624430498,
            11.390156401507557,
            12.195778492344836,
            12.989686899080699,
            13.77111909253872,
            14.53952749860764,
            15.29454040202254,
            16.035931266949046,
            16.763594219270452,
            17.477520795247983,
            18.177780799905303,
            18.86450734094833,
            19.537882899494434,
            20.198128239075594,
            20.84549399925745,
            21.480252968588317,
            22.102693504409395,
            22.71311475715192,
            23.31182249401026,
            23.89912568734871,
            24.475333812450113,
            25.040754366781037,
            25.59569170295581,
            26.140445698602708,
            26.675310142504166,
            27.200572318185003,
            27.716512567480095,
            28.223403662018246,
            28.721510547888467,
            29.211090160143797,
            29.692391546977163,
            30.16565587206133,
            30.63111618894473,
            31.08899772577134,
            31.53951798672643,
            31.982887008119732,
            32.41930777448434,
            32.84897564353451,
            33.272079257963924,
            33.68880102464173,
            34.09931611111824,
            34.5037940314578,
            34.90239848799975,
            35.29528624786763,
            35.68260908137746,
            36.06451429280424,
            36.441143558749175,
            36.81263266014139,
            37.17911291528289,
            37.54071191177063,
            37.89755245086562,
            38.24975281880178,
            38.59742748345306,
            38.940688061031686,
            39.27964127361484,
            39.614388334041,
            39.94502997704549,
            40.271664001271716,
            40.59438278379822,
            40.913276547062566,
            41.228433103540745,
            41.539937439415375,
            41.84787165664893,
            42.15231410245906,
            42.453341564639416,
            42.751029879246204,
            43.045449985786405,
            43.33667150617694,
            43.62476400528976,
            43.90979150542262,
            44.191817326156894,
            44.470905364194195,
            44.74711543512968,
            45.020505162201886,
            45.29113163617731,
            45.55905019961065,
            45.82431314925198,
            46.08697330146097,
            46.34708287502144,
            46.604688413978145,
            46.85983604397916,
            47.112575421504154,
            47.36295318364282,
            47.61100970888801,
            47.85678759837174,
            48.100332347050426,
            48.34168281884486,
            48.580873880699805,
            48.81794701156469,
            49.05294488613582,
            49.28590096665576,
            49.51684677096783,
            49.74581784202165,
            49.972850467353425,
            50.19797908122273,
            50.42123443434684,
            50.642645850141704,
            50.862245439601246,
            51.080063779755434,
            51.29612826241646,
            51.510467696357225,
            51.72311195049551,
            51.9340898297407,
            52.143423847072704,
            52.35113795719663,
            52.55726424250315,
            52.76182697512267,
            52.96484083702526,
            53.166331993373745,
            53.36633276908978,
            53.56486254628835,
            53.76193826195086,
            53.957583199908555,
            54.15182218836563,
            54.3446765261906,
            54.53616367640062,
            54.726301713270374,
            54.915109664833295,
            55.102606835479676,
            55.288814302196265,
            55.47375322287844,
            55.65744037233672,
            55.83988873671625,
            56.02111497772422,
            56.201139858484396,
            56.37997742898734,
            56.55764234426752,
            56.734157801426775,
            56.90953969525436,
            57.08379350806354,
            57.25693314762175,
            57.42897954850633,
            57.59994996566384,
            57.769858198209846,
            57.93871057877405,
            58.10651971172193,
            58.273309571361466,
            58.43909253577441,
            58.603869744477564,
            58.76765654620686,
            58.9304764792003,
            59.092335496116725,
            59.25323764839267,
            59.41320099318254,
            59.5722423019557,
            59.730371001778984,
            59.887591970246284,
            60.04391215265641,
            60.1993499790231,
            60.35392368578177,
            60.507635435495466,
            60.66049159803515,
            60.81251168065791,
            60.963696062852975,
            61.114048151140736,
            61.26359596046677,
            61.412341657298384,
            61.56028610259527,
            61.70745149738651,
            61.85383946936636,
            61.999460466431636,
            62.14432516404923,
            62.28842880974699,
            62.431791287170206,
            62.5744259057683,
            62.71633422364249,
            62.85752453704336,
            62.99799877390033,
            63.13777248180268,
            63.27686024426075,
            63.41525334358012,
            63.55295572691102,
            63.689994162024234,
            63.826374439302896,
            63.96208682221477,
            64.0971440719979,
            64.23155378308293,
            64.36532666541751,
            64.49848314133996,
            64.63100836589291
        ]
    },
    "Phonon_data": {
        "Numb_Node": 15,
        "total_n_kpoints": 100,
        "frequency": {
            "Node_1": [
                -0.24902444723964778,
                1.1377303533854686,
                2.880213201119493,
                5.632291046046826,
                9.016517527539834,
                12.390559559937644,
                15.33686878300173,
                17.6238862209433,
                19.163883377932823,
                19.90663977628966,
                19.87440419009613,
                19.471757059878644,
                19.25435699060429,
                19.374663596804197,
                19.719924571865207,
                20.232376118124662,
                20.79656104586182,
                21.233400734433207,
                21.364346278869682,
                21.220698449467275,
                21.021824366574904,
                20.92762955853182,
                21.19576146535747,
                21.76265709037712,
                22.20815449599193,
                21.041658338787084,
                18.66774975218227,
                15.73221342714131,
                12.199786018660664,
                8.21636280765017,
                4.436304460292538,
                1.711383724140058,
                -0.24902444723964778,
                -0.24902444723964778,
                -0.24902444723964778,
                -0.24902444723964778,
                -0.24902444723964778,
                -0.24902444723964778,
                -0.24902444723964778,
                -0.24902444723964778,
                -0.24902444723964778,
                -0.24902444723964778,
                -0.24902444723964778,
                -0.24902444723964778,
                -0.24902444723964778,
                1.1377303533854686,
                2.880213201119493,
                5.632291046046826,
                9.016517527539834,
                12.390559559937644,
                15.33686878300173,
                17.6238862209433,
                19.163883377932823,
                19.90663977628966,
                19.87440419009613,
                19.471757059878644,
                19.25435699060429,
                19.374663596804197,
                19.719924571865207,
                20.232376118124662,
                20.79656104586182,
                21.233400734433207,
                21.364346278869682,
                21.220698449467275,
                21.021824366574904,
                20.92762955853182,
                21.19576146535747,
                21.76265709037712,
                22.20815449599193,
                21.041658338787084,
                18.66774975218227,
                15.73221342714131,
                12.199786018660664,
                8.21636280765017,
                4.436304460292538,
                1.711383724140058,
                -0.24902444723964778,
                19.25435699060429,
                19.25435699060429,
                19.25435699060429,
                19.25435699060429,
                19.25435699060429,
                19.25435699060429,
                19.25435699060429,
                19.25435699060429,
                19.25435699060429,
                19.25435699060429,
                19.25435699060429,
                19.25435699060429,
                19.25435699060429,
                20.92762955853182,
                20.92762955853182,
                20.927629558531837,
                20.92762955853182,
                20.927629558531837,
                20.92762955853182,
                20.92762955853182,
                20.92762955853182,
                20.92762955853182,
                20.92762955853182,
                20.92762955853182,
                20.92762955853182,
                20.92762955853182
            ],
            "Node_2": [
                -0.1064561247016687,
                3.5274574914912833,
                6.952056813610882,
                10.233313722550406,
                13.34685827651411,
                16.240391442268496,
                18.85976824972986,
                20.027305388299972,
                20.900820741560146,
                21.659416463100563,
                22.234148440821194,
                22.564617772174717,
                22.666684592185195,
                22.730938444992674,
                22.916650799135734,
                23.21143056794004,
                23.612807245485307,
                24.121181224091078,
                24.450244982804133,
                24.48023038699743,
                24.621293769490542,
                24.7372379381139,
                24.368393563492763,
                23.884367471298912,
                23.20602742028568,
                22.221374260808187,
                20.933158621943193,
                19.122521270260673,
                16.300283024570362,
                12.632478717708429,
                8.542714525182495,
                4.300031112319821,
                -0.1064561247016687,
                -0.1064561247016687,
                -0.1064561247016687,
                -0.1064561247016687,
                -0.1064561247016687,
                -0.1064561247016687,
                -0.1064561247016687,
                -0.1064561247016687,
                -0.1064561247016687,
                -0.1064561247016687,
                -0.1064561247016687,
                -0.1064561247016687,
                -0.1064561247016687,
                3.5274574914912833,
                6.952056813610882,
                10.233313722550406,
                13.34685827651411,
                16.240391442268496,
                18.85976824972986,
                20.027305388299972,
                20.900820741560146,
                21.659416463100563,
                22.234148440821194,
                22.564617772174717,
                22.666684592185195,
                22.730938444992674,
                22.916650799135734,
                23.21143056794004,
                23.612807245485307,
                24.121181224091078,
                24.450244982804133,
                24.48023038699743,
                24.621293769490542,
                24.7372379381139,
                24.368393563492763,
                23.884367471298912,
                23.20602742028568,
                22.221374260808187,
                20.933158621943193,
                19.122521270260673,
                16.300283024570362,
                12.632478717708429,
                8.542714525182495,
                4.300031112319821,
                -0.1064561247016687,
                22.666684592185195,
                22.666684592185195,
                22.666684592185195,
                22.666684592185195,
                22.666684592185195,
                22.666684592185195,
                22.666684592185195,
                22.666684592185195,
                22.666684592185195,
                22.666684592185195,
                22.666684592185195,
                22.666684592185195,
                22.666684592185195,
                24.7372379381139,
                24.7372379381139,
                24.737237938113914,
                24.7372379381139,
                24.737237938113914,
                24.7372379381139,
                24.7372379381139,
                24.7372379381139,
                24.7372379381139,
                24.7372379381139,
                24.7372379381139,
                24.7372379381139,
                24.7372379381139
            ],
            "Node_3": [
                -0.07310410111389669,
                5.205269726411936,
                9.558573482976323,
                12.838084273565324,
                15.39624750894481,
                17.454435322444894,
                18.959280006314362,
                21.189742198539385,
                23.179909789517225,
                24.034961626584277,
                24.660938959262424,
                25.295443004134402,
                25.576348717769182,
                25.54651151913002,
                25.456605776244007,
                25.298539473011314,
                25.067180006120953,
                24.75171332289966,
                24.693475108915024,
                24.84252100984469,
                24.981546452407752,
                25.158461901815276,
                25.046565895244708,
                24.371682684309423,
                23.217124081854372,
                22.329672087745134,
                21.03633381979685,
                19.42709785169032,
                17.544877941738907,
                14.857428910196669,
                11.092881920303538,
                6.066637457466988,
                -0.07310410111389669,
                -0.07310410111389669,
                -0.07310410111389669,
                -0.07310410111389669,
                -0.07310410111389669,
                -0.07310410111389669,
                -0.07310410111389669,
                -0.07310410111389669,
                -0.07310410111389669,
                -0.07310410111389669,
                -0.07310410111389669,
                -0.07310410111389669,
                -0.07310410111389669,
                5.205269726411936,
                9.558573482976323,
                12.838084273565324,
                15.39624750894481,
                17.454435322444894,
                18.959280006314362,
                21.189742198539385,
                23.179909789517225,
                24.034961626584277,
                24.660938959262424,
                25.295443004134402,
                25.576348717769182,
                25.54651151913002,
                25.456605776244007,
                25.298539473011314,
                25.067180006120953,
                24.75171332289966,
                24.693475108915024,
                24.84252100984469,
                24.981546452407752,
                25.158461901815276,
                25.046565895244708,
                24.371682684309423,
                23.217124081854372,
                22.329672087745134,
                21.03633381979685,
                19.42709785169032,
                17.544877941738907,
                14.857428910196669,
                11.092881920303538,
                6.066637457466988,
                -0.07310410111389669,
                25.576348717769182,
                25.576348717769182,
                25.576348717769182,
                25.576348717769182,
                25.576348717769182,
                25.576348717769182,
                25.576348717769182,
                25.576348717769182,
                25.576348717769182,
                25.576348717769182,
                25.576348717769182,
                25.576348717769182,
                25.576348717769182,
                25.158461901815276,
                25.158461901815276,
                25.158461901815294,
                25.158461901815276,
                25.158461901815294,
                25.158461901815276,
                25.158461901815276,
                25.158461901815276,
                25.158461901815276,
                25.158461901815276,
                25.158461901815276,
                25.158461901815276,
                25.158461901815276
            ],
            "Node_4": [
                17.59132285612979,
                17.749088197595764,
                18.200051809367046,
                18.845109805955943,
                19.602136896425215,
                20.53711062862344,
                21.76692039896448,
                23.178127642652797,
                23.720481490459207,
                24.88005790090389,
                25.952906328185534,
                26.465344236245944,
                26.602888098647085,
                26.603390734363334,
                26.557967672904827,
                26.414411660743426,
                25.74313892632015,
                25.153013815011093,
                25.069791221474112,
                25.57444417596557,
                25.45334259462323,
                25.20270371384317,
                25.522216454578516,
                25.27572515019587,
                24.461651624331566,
                23.56824924435779,
                22.690376411002617,
                21.848104678003168,
                20.648355807805498,
                19.446281111554825,
                18.504307902850723,
                17.835588283891486,
                17.59132285612979,
                17.59132285612979,
                17.59132285612979,
                17.59132285612979,
                17.59132285612979,
                17.59132285612979,
                17.59132285612979,
                17.59132285612979,
                17.59132285612979,
                17.59132285612979,
                17.59132285612979,
                17.59132285612979,
                17.59132285612979,
                17.749088197595764,
                18.200051809367046,
                18.845109805955943,
                19.602136896425215,
                20.53711062862344,
                21.76692039896448,
                23.178127642652797,
                23.720481490459207,
                24.88005790090389,
                25.952906328185534,
                26.465344236245944,
                26.602888098647085,
                26.603390734363334,
                26.557967672904827,
                26.414411660743426,
                25.74313892632015,
                25.153013815011093,
                25.069791221474112,
                25.57444417596557,
                25.45334259462323,
                25.20270371384317,
                25.522216454578516,
                25.27572515019587,
                24.461651624331566,
                23.56824924435779,
                22.690376411002617,
                21.848104678003168,
                20.648355807805498,
                19.446281111554825,
                18.504307902850723,
                17.835588283891486,
                17.59132285612979,
                26.602888098647085,
                26.602888098647085,
                26.602888098647085,
                26.602888098647085,
                26.602888098647085,
                26.602888098647085,
                26.602888098647085,
                26.602888098647085,
                26.602888098647085,
                26.602888098647085,
                26.602888098647085,
                26.602888098647085,
                26.602888098647085,
                25.20270371384317,
                25.20270371384317,
                25.202703713843167,
                25.20270371384317,
                25.202703713843167,
                25.20270371384317,
                25.20270371384317,
                25.20270371384317,
                25.20270371384317,
                25.20270371384317,
                25.20270371384317,
                25.20270371384317,
                25.20270371384317
            ],
            "Node_5": [
                17.592752987080154,
                17.76878065462362,
                18.278341294633506,
                19.077856941843,
                20.110144612039342,
                21.297148161055187,
                22.551306173999958,
                23.701123554026854,
                24.82000456987169,
                25.885620358040065,
                26.882940995395842,
                27.421496757519392,
                27.478629044816053,
                27.49208689482573,
                27.408504344961464,
                26.647370809744494,
                26.237583091936305,
                26.075101852687684,
                25.90840070002759,
                25.73398450003563,
                26.237186944337704,
                26.686479654710396,
                26.085395348988563,
                26.13438536536779,
                24.9268081519317,
                24.03590935997354,
                23.41831914937304,
                22.144371578137765,
                20.901751536497475,
                19.770877391431817,
                18.66009766769749,
                17.871834913470725,
                17.592752987080154,
                17.592752987080154,
                17.592752987080154,
                17.592752987080154,
                17.592752987080154,
                17.592752987080154,
                17.592752987080154,
                17.592752987080154,
                17.592752987080154,
                17.592752987080154,
                17.592752987080154,
                17.592752987080154,
                17.592752987080154,
                17.76878065462362,
                18.278341294633506,
                19.077856941843,
                20.110144612039342,
                21.297148161055187,
                22.551306173999958,
                23.701123554026854,
                24.82000456987169,
                25.885620358040065,
                26.882940995395842,
                27.421496757519392,
                27.478629044816053,
                27.49208689482573,
                27.408504344961464,
                26.647370809744494,
                26.237583091936305,
                26.075101852687684,
                25.90840070002759,
                25.73398450003563,
                26.237186944337704,
                26.686479654710396,
                26.085395348988563,
                26.13438536536779,
                24.9268081519317,
                24.03590935997354,
                23.41831914937304,
                22.144371578137765,
                20.901751536497475,
                19.770877391431817,
                18.66009766769749,
                17.871834913470725,
                17.592752987080154,
                27.478629044816053,
                27.478629044816053,
                27.478629044816053,
                27.478629044816053,
                27.478629044816053,
                27.478629044816053,
                27.478629044816053,
                27.478629044816053,
                27.478629044816053,
                27.478629044816053,
                27.478629044816053,
                27.478629044816053,
                27.478629044816053,
                26.686479654710396,
                26.686479654710396,
                26.686479654710396,
                26.686479654710396,
                26.686479654710396,
                26.686479654710396,
                26.686479654710396,
                26.686479654710396,
                26.686479654710396,
                26.686479654710396,
                26.686479654710396,
                26.686479654710396,
                26.686479654710396
            ],
            "Node_6": [
                25.653835649036655,
                25.260023686934627,
                24.652946044205525,
                24.109231463929365,
                23.737404815403274,
                23.55829539195966,
                23.539461026637575,
                23.81594600534283,
                25.08068644696656,
                26.343573054806225,
                27.16546919282249,
                27.875831389910594,
                28.4830332181549,
                28.315248707926568,
                27.819525965715247,
                27.70951856753836,
                27.7472957321948,
                27.72197262947312,
                27.598772923449527,
                27.38665123009125,
                27.097015309661344,
                26.763008669601835,
                26.93655025055288,
                26.145110250728777,
                26.512119458354654,
                26.416640382252115,
                25.718524806247473,
                24.717908946717138,
                23.99036513980659,
                23.919214844336558,
                24.395176291997892,
                25.113517042925952,
                25.653835649036655,
                25.653835649036655,
                25.653835649036655,
                25.653835649036655,
                25.653835649036655,
                25.653835649036655,
                25.653835649036655,
                25.653835649036655,
                25.653835649036655,
                25.653835649036655,
                25.653835649036655,
                25.653835649036655,
                25.653835649036655,
                25.260023686934627,
                24.652946044205525,
                24.109231463929365,
                23.737404815403274,
                23.55829539195966,
                23.539461026637575,
                23.81594600534283,
                25.08068644696656,
                26.343573054806225,
                27.16546919282249,
                27.875831389910594,
                28.4830332181549,
                28.315248707926568,
                27.819525965715247,
                27.70951856753836,
                27.7472957321948,
                27.72197262947312,
                27.598772923449527,
                27.38665123009125,
                27.097015309661344,
                26.763008669601835,
                26.93655025055288,
                26.145110250728777,
                26.512119458354654,
                26.416640382252115,
                25.718524806247473,
                24.717908946717138,
                23.99036513980659,
                23.919214844336558,
                24.395176291997892,
                25.113517042925952,
                25.653835649036655,
                28.4830332181549,
                28.4830332181549,
                28.4830332181549,
                28.4830332181549,
                28.4830332181549,
                28.4830332181549,
                28.4830332181549,
                28.4830332181549,
                28.4830332181549,
                28.4830332181549,
                28.4830332181549,
                28.4830332181549,
                28.4830332181549,
                26.763008669601835,
                26.763008669601835,
                26.763008669601827,
                26.763008669601835,
                26.763008669601827,
                26.763008669601835,
                26.763008669601835,
                26.763008669601835,
                26.763008669601835,
                26.763008669601835,
                26.763008669601835,
                26.763008669601835,
                26.763008669601835
            ],
            "Node_7": [
                26.34771719707756,
                26.509407621839394,
                26.695184627753996,
                26.96288535246581,
                27.289719210051388,
                27.66040689760801,
                28.053944916373364,
                28.436319882063877,
                28.768078581417814,
                29.004386024211676,
                29.089929189312798,
                28.96395164428865,
                28.64245383623094,
                28.402161197928088,
                28.08602040224169,
                27.9951862550541,
                28.052537764654,
                28.197733289144914,
                28.36901981314242,
                28.508778293993327,
                28.588610411946714,
                28.617130494076203,
                28.648509289652697,
                28.943944894003963,
                29.198579203514573,
                29.110331006663237,
                28.562387365759868,
                27.97253650990496,
                27.549436120165737,
                27.181039701210775,
                26.84174419003496,
                26.587984520921186,
                26.34771719707756,
                26.34771719707756,
                26.34771719707756,
                26.34771719707756,
                26.34771719707756,
                26.34771719707756,
                26.34771719707756,
                26.34771719707756,
                26.34771719707756,
                26.34771719707756,
                26.34771719707756,
                26.34771719707756,
                26.34771719707756,
                26.509407621839394,
                26.695184627753996,
                26.96288535246581,
                27.289719210051388,
                27.66040689760801,
                28.053944916373364,
                28.436319882063877,
                28.768078581417814,
                29.004386024211676,
                29.089929189312798,
                28.96395164428865,
                28.64245383623094,
                28.402161197928088,
                28.08602040224169,
                27.9951862550541,
                28.052537764654,
                28.197733289144914,
                28.36901981314242,
                28.508778293993327,
                28.588610411946714,
                28.617130494076203,
                28.648509289652697,
                28.943944894003963,
                29.198579203514573,
                29.110331006663237,
                28.562387365759868,
                27.97253650990496,
                27.549436120165737,
                27.181039701210775,
                26.84174419003496,
                26.587984520921186,
                26.34771719707756,
                28.64245383623094,
                28.64245383623094,
                28.64245383623094,
                28.64245383623094,
                28.64245383623094,
                28.64245383623094,
                28.64245383623094,
                28.64245383623094,
                28.64245383623094,
                28.64245383623094,
                28.64245383623094,
                28.64245383623094,
                28.64245383623094,
                28.617130494076203,
                28.617130494076203,
                28.617130494076203,
                28.617130494076203,
                28.617130494076203,
                28.617130494076203,
                28.617130494076203,
                28.617130494076203,
                28.617130494076203,
                28.617130494076203,
                28.617130494076203,
                28.617130494076203,
                28.617130494076203
            ],
            "Node_8": [
                26.492638503914723,
                26.839147318922745,
                27.674371471610787,
                28.812557723912963,
                30.334654266079855,
                32.30103438328841,
                34.14235962335386,
                34.18464544680863,
                33.20748373597199,
                32.25177100758245,
                31.58571902220853,
                31.281702797354185,
                31.213070759918754,
                31.506750582896487,
                32.21777811349317,
                33.12615995203375,
                34.10227898616581,
                35.05378058620218,
                35.90484027839805,
                36.59463283777091,
                37.081063553459344,
                37.257458161923175,
                37.03806561015127,
                36.4713387056658,
                35.78955496684362,
                35.32986216701899,
                35.55521470284382,
                34.94567832198556,
                32.397976072379706,
                29.88719067286416,
                28.131430772108338,
                26.979890953491637,
                26.492638503914723,
                26.492638503914723,
                26.492638503914723,
                26.492638503914723,
                26.492638503914723,
                26.492638503914723,
                26.492638503914723,
                26.492638503914723,
                26.492638503914723,
                26.492638503914723,
                26.492638503914723,
                26.492638503914723,
                26.492638503914723,
                26.839147318922745,
                27.674371471610787,
                28.812557723912963,
                30.334654266079855,
                32.30103438328841,
                34.14235962335386,
                34.18464544680863,
                33.20748373597199,
                32.25177100758245,
                31.58571902220853,
                31.281702797354185,
                31.213070759918754,
                31.506750582896487,
                32.21777811349317,
                33.12615995203375,
                34.10227898616581,
                35.05378058620218,
                35.90484027839805,
                36.59463283777091,
                37.081063553459344,
                37.257458161923175,
                37.03806561015127,
                36.4713387056658,
                35.78955496684362,
                35.32986216701899,
                35.55521470284382,
                34.94567832198556,
                32.397976072379706,
                29.88719067286416,
                28.131430772108338,
                26.979890953491637,
                26.492638503914723,
                31.213070759918754,
                31.213070759918754,
                31.213070759918754,
                31.213070759918754,
                31.213070759918754,
                31.213070759918754,
                31.213070759918754,
                31.213070759918754,
                31.213070759918754,
                31.213070759918754,
                31.213070759918754,
                31.213070759918754,
                31.213070759918754,
                37.257458161923175,
                37.257458161923175,
                37.25745816192319,
                37.257458161923175,
                37.25745816192319,
                37.257458161923175,
                37.257458161923175,
                37.257458161923175,
                37.257458161923175,
                37.257458161923175,
                37.257458161923175,
                37.257458161923175,
                37.257458161923175
            ],
            "Node_9": [
                40.02226375743179,
                40.03054326061143,
                39.948484524280836,
                39.55987670764201,
                38.77367595782654,
                37.732414935456994,
                36.90783017976998,
                37.45024828365562,
                38.25952226328013,
                38.485646109406936,
                38.33864323292762,
                38.12314605511717,
                38.031304271725396,
                38.06399072695355,
                38.12454132366108,
                38.14747224936475,
                38.09995668742006,
                37.987086167899776,
                37.833369976479716,
                37.66579935045501,
                37.49970840023153,
                37.42290996923688,
                37.40366292814058,
                37.29685782004702,
                37.18286691131363,
                37.082463300762754,
                36.53610372043507,
                36.49188355016441,
                37.786386222849174,
                39.01013321992314,
                39.78295695982869,
                40.01786463996651,
                40.02226375743179,
                40.02226375743179,
                40.02226375743179,
                40.02226375743179,
                40.02226375743179,
                40.02226375743179,
                40.02226375743179,
                40.02226375743179,
                40.02226375743179,
                40.02226375743179,
                40.02226375743179,
                40.02226375743179,
                40.02226375743179,
                40.03054326061143,
                39.948484524280836,
                39.55987670764201,
                38.77367595782654,
                37.732414935456994,
                36.90783017976998,
                37.45024828365562,
                38.25952226328013,
                38.485646109406936,
                38.33864323292762,
                38.12314605511717,
                38.031304271725396,
                38.06399072695355,
                38.12454132366108,
                38.14747224936475,
                38.09995668742006,
                37.987086167899776,
                37.833369976479716,
                37.66579935045501,
                37.49970840023153,
                37.42290996923688,
                37.40366292814058,
                37.29685782004702,
                37.18286691131363,
                37.082463300762754,
                36.53610372043507,
                36.49188355016441,
                37.786386222849174,
                39.01013321992314,
                39.78295695982869,
                40.01786463996651,
                40.02226375743179,
                38.031304271725396,
                38.031304271725396,
                38.031304271725396,
                38.031304271725396,
                38.031304271725396,
                38.031304271725396,
                38.031304271725396,
                38.031304271725396,
                38.031304271725396,
                38.031304271725396,
                38.031304271725396,
                38.031304271725396,
                38.031304271725396,
                37.42290996923688,
                37.42290996923688,
                37.42290996923688,
                37.42290996923688,
                37.42290996923688,
                37.42290996923688,
                37.42290996923688,
                37.42290996923688,
                37.42290996923688,
                37.42290996923688,
                37.42290996923688,
                37.42290996923688,
                37.42290996923688
            ],
            "Node_10": [
                54.56864653723994,
                54.45505832233777,
                54.36806723544739,
                54.71847323093039,
                55.50475675654561,
                56.31442000423845,
                56.854879322729346,
                57.142382027829875,
                57.18898713672962,
                56.9695925171388,
                56.63484291648989,
                56.36719457043495,
                56.26830455947169,
                56.38156666669298,
                56.69344978680023,
                57.13682002915356,
                57.636100040005125,
                58.12904811397412,
                58.57802512735424,
                58.968906603646126,
                59.295005512830926,
                59.529866961298424,
                58.98221039387057,
                58.54331775856604,
                58.36306399216957,
                58.479224518848945,
                58.763442604490635,
                57.72287910079182,
                56.676267559371176,
                55.60910695330645,
                54.79403793513917,
                54.54319057846201,
                54.56864653723994,
                54.56864653723994,
                54.56864653723994,
                54.56864653723994,
                54.56864653723994,
                54.56864653723994,
                54.56864653723994,
                54.56864653723994,
                54.56864653723994,
                54.56864653723994,
                54.56864653723994,
                54.56864653723994,
                54.56864653723994,
                54.45505832233777,
                54.36806723544739,
                54.71847323093039,
                55.50475675654561,
                56.31442000423845,
                56.854879322729346,
                57.142382027829875,
                57.18898713672962,
                56.9695925171388,
                56.63484291648989,
                56.36719457043495,
                56.26830455947169,
                56.38156666669298,
                56.69344978680023,
                57.13682002915356,
                57.636100040005125,
                58.12904811397412,
                58.57802512735424,
                58.968906603646126,
                59.295005512830926,
                59.529866961298424,
                58.98221039387057,
                58.54331775856604,
                58.36306399216957,
                58.479224518848945,
                58.763442604490635,
                57.72287910079182,
                56.676267559371176,
                55.60910695330645,
                54.79403793513917,
                54.54319057846201,
                54.56864653723994,
                56.26830455947169,
                56.26830455947169,
                56.26830455947169,
                56.26830455947169,
                56.26830455947169,
                56.26830455947169,
                56.26830455947169,
                56.26830455947169,
                56.26830455947169,
                56.26830455947169,
                56.26830455947169,
                56.26830455947169,
                56.26830455947169,
                59.529866961298424,
                59.529866961298424,
                59.529866961298424,
                59.529866961298424,
                59.529866961298424,
                59.529866961298424,
                59.529866961298424,
                59.529866961298424,
                59.529866961298424,
                59.529866961298424,
                59.529866961298424,
                59.529866961298424,
                59.529866961298424
            ],
            "Node_11": [
                59.32977827168091,
                59.0995863794198,
                58.708819206043785,
                58.49734919227989,
                58.58149263537163,
                58.90065003425058,
                59.23093227115272,
                59.43521704902932,
                59.73495516038315,
                60.3700519699607,
                61.2085539167201,
                61.947530261105776,
                62.257845841500064,
                62.07451992383943,
                61.73145020384829,
                61.406097951923975,
                61.13754440048567,
                60.91969750798664,
                60.731571855172795,
                60.540080062179044,
                60.31830177449767,
                60.08377376383534,
                60.65167150678086,
                60.79480873473746,
                60.464776968756006,
                59.74880514057219,
                58.77011536191442,
                58.94180813194681,
                58.80941287185235,
                58.54437441271549,
                58.55970373363593,
                58.98213102985131,
                59.32977827168091,
                59.32977827168091,
                59.32977827168091,
                59.32977827168091,
                59.32977827168091,
                59.32977827168091,
                59.32977827168091,
                59.32977827168091,
                59.32977827168091,
                59.32977827168091,
                59.32977827168091,
                59.32977827168091,
                59.32977827168091,
                59.0995863794198,
                58.708819206043785,
                58.49734919227989,
                58.58149263537163,
                58.90065003425058,
                59.23093227115272,
                59.43521704902932,
                59.73495516038315,
                60.3700519699607,
                61.2085539167201,
                61.947530261105776,
                62.257845841500064,
                62.07451992383943,
                61.73145020384829,
                61.406097951923975,
                61.13754440048567,
                60.91969750798664,
                60.731571855172795,
                60.540080062179044,
                60.31830177449767,
                60.08377376383534,
                60.65167150678086,
                60.79480873473746,
                60.464776968756006,
                59.74880514057219,
                58.77011536191442,
                58.94180813194681,
                58.80941287185235,
                58.54437441271549,
                58.55970373363593,
                58.98213102985131,
                59.32977827168091,
                62.257845841500064,
                62.257845841500064,
                62.257845841500064,
                62.257845841500064,
                62.257845841500064,
                62.257845841500064,
                62.257845841500064,
                62.257845841500064,
                62.257845841500064,
                62.257845841500064,
                62.257845841500064,
                62.257845841500064,
                62.257845841500064,
                60.08377376383534,
                60.08377376383534,
                60.08377376383532,
                60.08377376383534,
                60.08377376383532,
                60.08377376383534,
                60.08377376383534,
                60.08377376383534,
                60.08377376383534,
                60.08377376383534,
                60.08377376383534,
                60.08377376383534,
                60.08377376383534
            ],
            "Node_12": [
                61.4909877110741,
                61.674209410613194,
                61.87876138788551,
                62.10072904363136,
                62.35122306221702,
                62.616523776540596,
                62.87651939582215,
                63.104511845109364,
                63.28132385068535,
                63.40314745275056,
                63.47761631876117,
                63.51553907403885,
                63.52641909482789,
                63.74502961291036,
                64.1906430360565,
                64.65315722170067,
                64.89443529052882,
                64.70878272698246,
                64.44908990949067,
                64.22266365391538,
                64.07062506463468,
                64.03086897146108,
                64.11334653203352,
                64.61292702203605,
                65.3282076407415,
                64.80588359198948,
                63.73109060782505,
                62.93664461496197,
                62.42820904747279,
                62.12940600770961,
                61.92392309144383,
                61.774884187226085,
                61.4909877110741,
                61.4909877110741,
                61.4909877110741,
                61.4909877110741,
                61.4909877110741,
                61.4909877110741,
                61.4909877110741,
                61.4909877110741,
                61.4909877110741,
                61.4909877110741,
                61.4909877110741,
                61.4909877110741,
                61.4909877110741,
                61.674209410613194,
                61.87876138788551,
                62.10072904363136,
                62.35122306221702,
                62.616523776540596,
                62.87651939582215,
                63.104511845109364,
                63.28132385068535,
                63.40314745275056,
                63.47761631876117,
                63.51553907403885,
                63.52641909482789,
                63.74502961291036,
                64.1906430360565,
                64.65315722170067,
                64.89443529052882,
                64.70878272698246,
                64.44908990949067,
                64.22266365391538,
                64.07062506463468,
                64.03086897146108,
                64.11334653203352,
                64.61292702203605,
                65.3282076407415,
                64.80588359198948,
                63.73109060782505,
                62.93664461496197,
                62.42820904747279,
                62.12940600770961,
                61.92392309144383,
                61.774884187226085,
                61.4909877110741,
                63.52641909482789,
                63.52641909482789,
                63.52641909482789,
                63.52641909482789,
                63.52641909482789,
                63.52641909482789,
                63.52641909482789,
                63.52641909482789,
                63.52641909482789,
                63.52641909482789,
                63.52641909482789,
                63.52641909482789,
                63.52641909482789,
                64.03086897146108,
                64.03086897146108,
                64.0308689714611,
                64.03086897146108,
                64.0308689714611,
                64.03086897146108,
                64.03086897146108,
                64.03086897146108,
                64.03086897146108,
                64.03086897146108,
                64.03086897146108,
                64.03086897146108,
                64.03086897146108
            ],
            "Node_13": [
                61.72043687238633,
                61.83314414767795,
                62.24731159534787,
                62.69114854665985,
                63.10108002389809,
                63.60776085079739,
                64.38695140779193,
                65.36196395827305,
                65.72926116619804,
                65.95633246914463,
                66.14303434318606,
                66.25870417989242,
                66.2612214228881,
                66.03767227367835,
                65.75795803546309,
                65.49051455719376,
                65.41637932863884,
                65.74162110599963,
                66.13181128801602,
                66.48264740214815,
                66.7220146010712,
                66.75623382294567,
                66.76831836484347,
                66.4643537667675,
                66.07246414631938,
                65.66795502128959,
                65.27942574256308,
                64.91557891551767,
                64.11102342092565,
                63.19445485800559,
                62.503382727617975,
                61.86301074799278,
                61.72043687238633,
                61.72043687238633,
                61.72043687238633,
                61.72043687238633,
                61.72043687238633,
                61.72043687238633,
                61.72043687238633,
                61.72043687238633,
                61.72043687238633,
                61.72043687238633,
                61.72043687238633,
                61.72043687238633,
                61.72043687238633,
                61.83314414767795,
                62.24731159534787,
                62.69114854665985,
                63.10108002389809,
                63.60776085079739,
                64.38695140779193,
                65.36196395827305,
                65.72926116619804,
                65.95633246914463,
                66.14303434318606,
                66.25870417989242,
                66.2612214228881,
                66.03767227367835,
                65.75795803546309,
                65.49051455719376,
                65.41637932863884,
                65.74162110599963,
                66.13181128801602,
                66.48264740214815,
                66.7220146010712,
                66.75623382294567,
                66.76831836484347,
                66.4643537667675,
                66.07246414631938,
                65.66795502128959,
                65.27942574256308,
                64.91557891551767,
                64.11102342092565,
                63.19445485800559,
                62.503382727617975,
                61.86301074799278,
                61.72043687238633,
                66.2612214228881,
                66.2612214228881,
                66.2612214228881,
                66.2612214228881,
                66.2612214228881,
                66.2612214228881,
                66.2612214228881,
                66.2612214228881,
                66.2612214228881,
                66.2612214228881,
                66.2612214228881,
                66.2612214228881,
                66.2612214228881,
                66.75623382294567,
                66.75623382294567,
                66.7562338229457,
                66.75623382294567,
                66.7562338229457,
                66.75623382294567,
                66.75623382294567,
                66.75623382294567,
                66.75623382294567,
                66.75623382294567,
                66.75623382294567,
                66.75623382294567,
                66.75623382294567
            ],
            "Node_14": [
                64.31582805153107,
                64.30619118155384,
                64.3022646376865,
                64.42316090387988,
                64.79152434497871,
                65.06589574525422,
                65.27189740518381,
                65.51254196277266,
                66.20984706272787,
                66.63357363218788,
                66.6746987274939,
                66.4854214378106,
                66.39109580102384,
                66.61693333672068,
                66.90491599401844,
                67.21028189482028,
                67.53913167894551,
                67.88746822235673,
                68.22546358697753,
                68.47897786860099,
                68.45845114885888,
                68.42019609343811,
                68.13149876257461,
                67.33935379717285,
                66.21754572238598,
                66.13988374884967,
                66.40808021787926,
                65.64047677255691,
                64.85767950461401,
                64.69225439741423,
                64.38842224235115,
                64.3054120894134,
                64.31582805153107,
                64.31582805153107,
                64.31582805153107,
                64.31582805153107,
                64.31582805153107,
                64.31582805153107,
                64.31582805153107,
                64.31582805153107,
                64.31582805153107,
                64.31582805153107,
                64.31582805153107,
                64.31582805153107,
                64.31582805153107,
                64.30619118155384,
                64.3022646376865,
                64.42316090387988,
                64.79152434497871,
                65.06589574525422,
                65.27189740518381,
                65.51254196277266,
                66.20984706272787,
                66.63357363218788,
                66.6746987274939,
                66.4854214378106,
                66.39109580102384,
                66.61693333672068,
                66.90491599401844,
                67.21028189482028,
                67.53913167894551,
                67.88746822235673,
                68.22546358697753,
                68.47897786860099,
                68.45845114885888,
                68.42019609343811,
                68.13149876257461,
                67.33935379717285,
                66.21754572238598,
                66.13988374884967,
                66.40808021787926,
                65.64047677255691,
                64.85767950461401,
                64.69225439741423,
                64.38842224235115,
                64.3054120894134,
                64.31582805153107,
                66.39109580102384,
                66.39109580102384,
                66.39109580102384,
                66.39109580102384,
                66.39109580102384,
                66.39109580102384,
                66.39109580102384,
                66.39109580102384,
                66.39109580102384,
                66.39109580102384,
                66.39109580102384,
                66.39109580102384,
                66.39109580102384,
                68.42019609343811,
                68.42019609343811,
                68.42019609343812,
                68.42019609343811,
                68.42019609343812,
                68.42019609343811,
                68.42019609343811,
                68.42019609343811,
                68.42019609343811,
                68.42019609343811,
                68.42019609343811,
                68.42019609343811,
                68.42019609343811
            ],
            "Node_15": [
                64.55870564368178,
                64.56997810594844,
                64.63100516077961,
                64.75027502203938,
                64.92366272654506,
                65.48898319344033,
                66.29517932823077,
                67.13298547796788,
                67.964186938454,
                68.7228006607219,
                69.35230597487615,
                69.81367394900401,
                69.99179958628905,
                69.9589694184437,
                69.8620781200114,
                69.70867233129121,
                69.50862830006888,
                69.2665216765784,
                68.996254523312,
                68.76638361126216,
                68.78756627454047,
                68.83632451428858,
                69.0062636318257,
                69.19819856926529,
                69.03297090762021,
                68.34271222052938,
                67.12570387559086,
                66.17444911304864,
                65.51613126832522,
                64.79500140226854,
                64.6079860636926,
                64.56812423635003,
                64.55870564368178,
                64.55870564368178,
                64.55870564368178,
                64.55870564368178,
                64.55870564368178,
                64.55870564368178,
                64.55870564368178,
                64.55870564368178,
                64.55870564368178,
                64.55870564368178,
                64.55870564368178,
                64.55870564368178,
                64.55870564368178,
                64.56997810594844,
                64.63100516077961,
                64.75027502203938,
                64.92366272654506,
                65.48898319344033,
                66.29517932823077,
                67.13298547796788,
                67.964186938454,
                68.7228006607219,
                69.35230597487615,
                69.81367394900401,
                69.99179958628905,
                69.9589694184437,
                69.8620781200114,
                69.70867233129121,
                69.50862830006888,
                69.2665216765784,
                68.996254523312,
                68.76638361126216,
                68.78756627454047,
                68.83632451428858,
                69.0062636318257,
                69.19819856926529,
                69.03297090762021,
                68.34271222052938,
                67.12570387559086,
                66.17444911304864,
                65.51613126832522,
                64.79500140226854,
                64.6079860636926,
                64.56812423635003,
                64.55870564368178,
                69.99179958628905,
                69.99179958628905,
                69.99179958628905,
                69.99179958628905,
                69.99179958628905,
                69.99179958628905,
                69.99179958628905,
                69.99179958628905,
                69.99179958628905,
                69.99179958628905,
                69.99179958628905,
                69.99179958628905,
                69.99179958628905,
                68.83632451428858,
                68.83632451428858,
                68.8363245142886,
                68.83632451428858,
                68.8363245142886,
                68.83632451428858,
                68.83632451428858,
                68.83632451428858,
                68.83632451428858,
                68.83632451428858,
                68.83632451428858,
                68.83632451428858,
                68.83632451428858
            ]
        }
    },
    "Phonon_DOS": {
        "DOS": [
            0.0,
            0.002,
            0.0,
            0.0,
            0.0,
            0.004,
            0.0,
            0.0,
            0.0,
            0.0,
            0.004,
            0.004,
            0.0026666666666666666,
            0.005333333333333333,
            0.0,
            0.004,
            0.0,
            0.016,
            0.0,
            0.009333333333333334,
            0.008,
            0.027333333333333334,
            0.03066666666666667,
            0.04,
            0.035333333333333335,
            0.04933333333333333,
            0.05733333333333333,
            0.03066666666666667,
            0.057999999999999996,
            0.026000000000000002,
            0.04666666666666666,
            0.010666666666666666,
            0.004,
            0.01,
            0.008,
            0.008,
            0.009333333333333334,
            0.018666666666666668,
            0.013333333333333334,
            0.03,
            0.022666666666666665,
            0.004,
            0.0006666666666666666,
            0.0,
            0.0,
            0.0,
            0.0,
            0.0,
            0.0,
            0.0,
            0.0,
            0.0,
            0.0,
            0.0,
            0.0,
            0.0,
            0.004666666666666667,
            0.007333333333333333,
            0.016,
            0.018666666666666668,
            0.027999999999999997,
            0.03666666666666667,
            0.014666666666666666,
            0.011333333333333332,
            0.024666666666666667,
            0.025333333333333333,
            0.04533333333333333,
            0.062,
            0.046,
            0.014666666666666666,
            0.02,
            0.024,
            0.0006666666666666666,
            0.0
        ],
        "Energy(meV)": [
            -1.5,
            -0.5,
            0.5,
            1.5,
            2.5,
            3.5,
            4.5,
            5.5,
            6.5,
            7.5,
            8.5,
            9.5,
            10.5,
            11.5,
            12.5,
            13.5,
            14.5,
            15.5,
            16.5,
            17.5,
            18.5,
            19.5,
            20.5,
            21.5,
            22.5,
            23.5,
            24.5,
            25.5,
            26.5,
            27.5,
            28.5,
            29.5,
            30.5,
            31.5,
            32.5,
            33.5,
            34.5,
            35.5,
            36.5,
            37.5,
            38.5,
            39.5,
            40.5,
            41.5,
            42.5,
            43.5,
            44.5,
            45.5,
            46.5,
            47.5,
            48.5,
            49.5,
            50.5,
            51.5,
            52.5,
            53.5,
            54.5,
            55.5,
            56.5,
            57.5,
            58.5,
            59.5,
            60.5,
            61.5,
            62.5,
            63.5,
            64.5,
            65.5,
            66.5,
            67.5,
            68.5,
            69.5,
            70.5,
            71.5
        ]
    }
}