{
    "POSCAR": {
        "Atomes": "   V    C   Br\n",
        "coordinate": "Direct\n",
        "unit_cell": {
            "a_vector": "3.2749042033447227   3.0122733853049712e-09   -5.119608256318569e-08\n",
            "b_vector": "-1.6374520990120702   2.8361502718447587   1.0477373491842232e-07\n",
            "c_vector": "-4.107218449992967e-07   7.334530465798612e-07   27.213778112385484\n"
        },
        "positions": {
            "V": [
                "0.33333332112784225   0.6666666411167951   0.16573515972593547\n",
                "0.6666666622842149   0.3333333504923395   0.2342648389442422\n"
            ],
            "C": [
                "1.5767304003731077e-08   -9.533726410082357e-09   0.20000000202212198\n"
            ],
            "Br": [
                "0.3333333327823843   0.6666666702245349   0.3007224677233413\n",
                "0.6666666677959742   0.3333333478455654   0.09927753158436016\n"
            ]
        }
    },
    "Termo_data": {
        "Temperature (K)": [
            0,
            10,
            20,
            30,
            40,
            50,
            60,
            70,
            80,
            90,
            100,
            110,
            120,
            130,
            140,
            150,
            160,
            170,
            180,
            190,
            200,
            210,
            220,
            230,
            240,
            250,
            260,
            270,
            280,
            290,
            300,
            310,
            320,
            330,
            340,
            350,
            360,
            370,
            380,
            390,
            400,
            410,
            420,
            430,
            440,
            450,
            460,
            470,
            480,
            490,
            500,
            510,
            520,
            530,
            540,
            550,
            560,
            570,
            580,
            590,
            600,
            610,
            620,
            630,
            640,
            650,
            660,
            670,
            680,
            690,
            700,
            710,
            720,
            730,
            740,
            750,
            760,
            770,
            780,
            790,
            800,
            810,
            820,
            830,
            840,
            850,
            860,
            870,
            880,
            890,
            900,
            910,
            920,
            930,
            940,
            950,
            960,
            970,
            980,
            990,
            1000,
            1010,
            1020,
            1030,
            1040,
            1050,
            1060,
            1070,
            1080,
            1090,
            1100,
            1110,
            1120,
            1130,
            1140,
            1150,
            1160,
            1170,
            1180,
            1190,
            1200,
            1210,
            1220,
            1230,
            1240,
            1250,
            1260,
            1270,
            1280,
            1290,
            1300,
            1310,
            1320,
            1330,
            1340,
            1350,
            1360,
            1370,
            1380,
            1390,
            1400,
            1410,
            1420,
            1430,
            1440,
            1450,
            1460,
            1470,
            1480,
            1490,
            1500,
            1510,
            1520,
            1530,
            1540,
            1550,
            1560,
            1570,
            1580,
            1590,
            1600,
            1610,
            1620,
            1630,
            1640,
            1650,
            1660,
            1670,
            1680,
            1690,
            1700,
            1710,
            1720,
            1730,
            1740,
            1750,
            1760,
            1770,
            1780,
            1790,
            1800,
            1810,
            1820,
            1830,
            1840,
            1850,
            1860,
            1870,
            1880,
            1890,
            1900,
            1910,
            1920,
            1930,
            1940,
            1950,
            1960,
            1970
        ],
        "Gibbs_free(J/mole)": [
            -469040.0553951913,
            -469040.1672585228,
            -469041.05399369,
            -469043.7261985617,
            -469050.1880411232,
            -469062.8984947946,
            -469083.9891354206,
            -469114.9947114095,
            -469156.8874982722,
            -469210.20370330726,
            -469275.17225389066,
            -469351.81715770595,
            -469440.0315184578,
            -469539.62750034616,
            -469650.3694275501,
            -469771.9955092593,
            -469904.2305648758,
            -470046.7953165023,
            -470199.41166699294,
            -470361.8057184333,
            -470533.7101086198,
            -470714.8651986142,
            -470905.0197284483,
            -471103.9311280311,
            -471311.36575487326,
            -471527.09870066214,
            -471750.9137486161,
            -471982.60308829235,
            -472221.96719169186,
            -472468.8143087319,
            -472722.9605426561,
            -472984.2290885762,
            -473252.45015581715,
            -473527.46086479444,
            -473809.1045424504,
            -474097.2307482671,
            -474391.6947678505,
            -474692.3575738556,
            -474999.0853875158,
            -475311.7494506163,
            -475630.2258553848,
            -475954.39526408346,
            -476284.14275202755,
            -476619.3574735523,
            -476959.9326199604,
            -477305.7650971702,
            -477656.75550526957,
            -478012.8078024234,
            -478373.82927264774,
            -478739.73029499466,
            -479110.4242133652,
            -479485.82730656344,
            -479865.8585169628,
            -480250.43938787584,
            -480639.4939745759,
            -481032.94870687916,
            -481430.7322686602,
            -481832.77555429307,
            -482239.01156205696,
            -482649.37522947934,
            -483063.80345401325,
            -483482.2349795711,
            -483904.6103007022,
            -484330.8715918806,
            -484760.96267872455,
            -485194.82892333885,
            -485632.4172150287,
            -486073.675860652,
            -486518.55457064946,
            -486967.00438534457,
            -487418.9776265768,
            -487874.4278623935,
            -488333.3098418869,
            -488795.5794693372,
            -489261.193751966,
            -489730.1107700849,
            -490202.28963151295,
            -490677.690424728,
            -491156.2742284676,
            -491638.00303066324,
            -492122.8397006197,
            -492610.7479911687,
            -493101.6925088643,
            -493595.6386192912,
            -494092.55252119026,
            -494592.40112743364,
            -495095.15215477895,
            -495600.7739113026,
            -496109.2355265675,
            -496620.5067195238,
            -497134.55787718424,
            -497651.3599694655,
            -498170.88465135003,
            -498693.104098655,
            -499217.9911231535,
            -499745.5190272711,
            -500275.66170572385,
            -500808.3935167387,
            -501343.6894529009,
            -501881.52480244875,
            -502421.8754999557,
            -502964.71792130906,
            -503510.0288010251,
            -504057.78540875897,
            -504607.9654831523,
            -505160.5469983547,
            -505715.5086004887,
            -506272.8290098721,
            -506832.4877012668,
            -507394.46419582004,
            -507958.73854075273,
            -508525.29123607435,
            -509094.1028679373,
            -509665.1545867251,
            -510238.4278423754,
            -510813.9042478224,
            -511391.5659359278,
            -511971.3952257904,
            -512553.37481420813,
            -513137.48758914793,
            -513723.7168896997,
            -514312.0461359991,
            -514902.4591161039,
            -515494.9399210559,
            -516089.472900642,
            -516686.0425279253,
            -517284.6337725634,
            -517885.2315665292,
            -518487.8213944933,
            -519092.38860878296,
            -519698.9190592979,
            -520307.39877854544,
            -520917.81392108015,
            -521530.15094677743,
            -522144.39655321743,
            -522760.537452955,
            -523378.5608087391,
            -523998.4538732042,
            -524620.204034769,
            -525243.7988726746,
            -525869.2263843201,
            -526496.4743533342,
            -527125.5312121093,
            -527756.3850907489,
            -528389.0245202126,
            -529023.4385267086,
            -529659.6155952401,
            -530297.5448590224,
            -530937.2157174397,
            -531578.6171836756,
            -532221.7390098755,
            -532866.5709018908,
            -533513.1023529639,
            -534161.3237127943,
            -534811.2246348582,
            -535462.7958029826,
            -536116.0273448061,
            -536770.9097654946,
            -537427.4339973982,
            -538085.5904587298,
            -538745.3702648815,
            -539406.7645102049,
            -540069.7641882265,
            -540734.3608218513,
            -541400.5457216143,
            -542068.3105169213,
            -542737.6466605398,
            -543408.5461909868,
            -544081.001040442,
            -544755.0030689087,
            -545430.5444337181,
            -546107.6174504652,
            -546786.2143469267,
            -547466.3277818266,
            -548147.9502560741,
            -548831.0745070039,
            -549515.6934480715,
            -550201.7995051394,
            -550889.3861982746,
            -551578.446590514,
            -552268.9736171364,
            -552960.9608313394,
            -553654.4014956626,
            -554349.2890892341,
            -555045.6173227605,
            -555743.3800860228,
            -556442.5709995351,
            -557143.1838603372,
            -557845.2129726525,
            -558548.6522879357,
            -559253.4958053202,
            -559959.7381072629,
            -560667.37355213,
            -561376.396272312,
            -562086.8012457255,
            -562798.5830010666,
            -563511.7363113319,
            -564226.2557798254
        ],
        "Cp(J/mole.K)": [
            -0.0,
            0.08338033439649735,
            0.4067724467255175,
            1.1710017145494929,
            2.4667046864167785,
            4.115490047748608,
            5.86459028313111,
            7.544735674503317,
            9.077278553380166,
            10.441004062711727,
            11.643627237164766,
            12.704144266415094,
            13.643593357549978,
            14.481241538697223,
            15.233129881686182,
            15.91192437370045,
            16.527985916566095,
            17.089502742407795,
            17.602802779397468,
            18.073312168700795,
            18.505589100794175,
            18.9033858489056,
            19.270023628065246,
            19.60844484811821,
            19.921180390741185,
            20.2105093744831,
            20.47854206637133,
            20.727112146287993,
            20.957935521932086,
            21.172580568495302,
            21.37219664764416,
            21.55817218975426,
            21.731818777741864,
            21.89393848490148,
            22.045462951832427,
            22.187324351390973,
            22.320354838640235,
            22.44517233426012,
            22.562355793546885,
            22.672588288798647,
            22.776428773766355,
            22.874305901709857,
            22.966619854586256,
            23.05382021026747,
            23.136319113953505,
            23.21446683973763,
            23.288514379347973,
            23.358750098651317,
            23.42540800713465,
            23.48878577199641,
            23.549203600196122,
            23.606713923113457,
            23.66150022014037,
            23.7138399404721,
            23.7638292361546,
            23.811601564549996,
            23.857399037387182,
            23.90127957562072,
            23.943267911349622,
            23.98361048556694,
            24.022432099009166,
            24.059714882163185,
            24.095573566717256,
            24.130132659159337,
            24.163453250936982,
            24.195609514259466,
            24.22665187234243,
            24.25665886051866,
            24.285690521198458,
            24.31379281472347,
            24.341028919909252,
            24.36743056320536,
            24.39305058410386,
            24.417941192332364,
            24.442143515558666,
            24.465663553819628,
            24.488563074648738,
            24.51093123745797,
            24.53270663497964,
            24.553900276128843,
            24.574672185001134,
            24.59497692449519,
            24.614768366864766,
            24.63415104141034,
            24.653204651683396,
            24.671835918881637,
            24.690037129711648,
            24.70805296605401,
            24.72575342201162,
            24.74298282817902,
            24.759952985361515,
            24.77675028861995,
            24.79330456660834,
            24.80960866688699,
            24.825660302265696,
            24.841457022470355,
            24.857195056043565,
            24.87273088776724,
            24.887834700546506,
            24.903037046936234,
            24.918135036423195,
            24.932780688751006,
            24.947621697356226,
            24.962313025558178,
            24.9767315439762,
            24.991107544265105,
            25.005356120382203,
            25.01974160172387,
            25.03369451133767,
            25.047802984886143,
            25.06209117115972,
            25.07576135014419,
            25.089812309946865,
            25.103827011480462,
            25.117389475641296,
            25.13128600317561,
            25.14527571108799,
            25.159052264495237,
            25.172931773093296,
            25.18689589349678,
            25.200452737917658,
            25.21409557217138,
            25.228252308527416,
            25.242127073523996,
            25.25597088810173,
            25.270099170484173,
            25.28426252664658,
            25.298411588263026,
            25.31213719919333,
            25.326336215606712,
            25.34089017737969,
            25.355044987662687,
            25.36964217158985,
            25.38417366895418,
            25.39843833767246,
            25.41345999187625,
            25.42849972790563,
            25.442883832570903,
            25.45797614818138,
            25.473422132423924,
            25.48867383337367,
            25.504280061876916,
            25.51910511505517,
            25.53514729840711,
            25.551960927480934,
            25.566749283243553,
            25.58302217749307,
            25.600021847800235,
            25.615729874267288,
            25.633191017847487,
            25.650189947337765,
            25.666574899016563,
            25.68396746241444,
            25.70124326399862,
            25.719648006366114,
            25.737255254337935,
            25.755376312381344,
            25.774418088301903,
            25.791978820076196,
            25.811099003988332,
            25.83062344696373,
            25.84959718935493,
            25.86982067293651,
            25.89003745134955,
            25.909562704968263,
            25.92966335594223,
            25.951780053408584,
            25.973526100969067,
            25.993856169981882,
            26.015452856077907,
            26.03770971324387,
            26.0601854158449,
            26.0837825370254,
            26.107403253699886,
            26.131680397428397,
            26.15494419209501,
            26.17805610494588,
            26.205236033539656,
            26.23127553134691,
            26.255520641564836,
            26.28206849010894,
            26.308427239078704,
            26.335166000831975,
            26.364530439925147,
            26.394108513043932,
            26.421596056679846,
            26.450577993713722,
            26.48225410274383,
            26.512039886554703,
            26.542175918011075,
            26.575842174701663,
            26.607950822555537,
            26.639744571782103,
            26.675319878503522,
            26.710754252616255,
            26.744493770747795,
            26.78073561305618,
            26.818890682122415
        ],
        "S(J/mole.K)": [
            0,
            0.041690167198248675,
            0.1850734460778767,
            0.4819335101841715,
            0.9854385484111843,
            1.7053256389881424,
            2.605590500690596,
            3.63321604865414,
            4.739455649276351,
            5.886841340124374,
            7.049078483244376,
            8.208720948121481,
            9.354665107704932,
            10.480118992680946,
            11.581130174009742,
            12.655568006050453,
            13.702465045066493,
            14.721597038559413,
            15.713196216031793,
            16.67777643802765,
            17.616029643671208,
            18.528749986641195,
            19.416785684547357,
            20.281011307179867,
            21.122306438830126,
            21.941541217793564,
            22.73956952194421,
            23.517223048721643,
            24.275307307444017,
            25.014600648610212,
            25.735848418631214,
            26.439764150765406,
            27.127036273841078,
            27.79832228292362,
            28.454246608189717,
            29.09540636922393,
            29.72237307398682,
            30.335691141953433,
            30.935877384152267,
            31.523424695529688,
            32.098804264032516,
            32.662464573725444,
            33.21483166487232,
            33.756311482861925,
            34.287291876929515,
            34.80814311457506,
            35.31921766087907,
            35.82085102821656,
            36.31336303643256,
            36.7970591906429,
            37.27223271411421,
            37.7391631219114,
            38.19811591890029,
            38.649345815230475,
            39.09309674225732,
            39.52960130327992,
            39.95908289981744,
            40.38175573837725,
            40.79782356752621,
            41.20748198583897,
            41.61091985631574,
            42.008317568196794,
            42.39984748758652,
            42.785675618612004,
            43.16596158649335,
            43.54085863820291,
            43.910513952846664,
            44.27506903654648,
            44.634660132621505,
            44.98941829090836,
            45.33946968764795,
            45.68493580361756,
            46.02593361191393,
            46.36257596907598,
            46.69497175997458,
            47.02322580201508,
            47.34743919330358,
            47.66771005205228,
            47.98413288317242,
            48.29679825526764,
            48.605794388551296,
            48.911206934920486,
            49.21311783115089,
            49.51160638241782,
            49.80675014845111,
            50.098623860816595,
            50.38729903489657,
            50.672846066797504,
            50.95533360655244,
            51.23482636341141,
            51.51138717928115,
            51.78507846424108,
            52.05596067530859,
            52.32409188861202,
            52.589528266031266,
            52.852324161262366,
            53.11253322949051,
            53.370207740103794,
            53.6253964416057,
            53.87814810445634,
            54.12851169401692,
            54.37653197656909,
            54.62225384716148,
            54.865722387206915,
            55.10697910414528,
            55.346064818280865,
            55.583019885321846,
            55.817884358724406,
            56.05069577295508,
            56.28149068563362,
            56.51030746069592,
            56.73717993688407,
            56.96214190750907,
            57.18522887876025,
            57.40647174827027,
            57.625902198081896,
            57.84355346806478,
            58.05945559453394,
            58.2736378770438,
            58.486130135854175,
            58.696959315932325,
            58.906151679911275,
            59.113736634156524,
            59.31974138348742,
            59.52419024843475,
            59.72710923740742,
            59.928524009195094,
            60.12845842992392,
            60.32693401148135,
            60.52397364127464,
            60.71960269735427,
            60.9138426404439,
            61.10671475075068,
            61.2982411045079,
            61.48844062113203,
            61.677334839332616,
            61.86494589658104,
            62.05129026819849,
            62.2363865524785,
            62.42025661135848,
            62.60291860419965,
            62.78439029161527,
            62.964687004980796,
            63.14382674071966,
            63.32183255908603,
            63.49871585006476,
            63.67449014413869,
            63.84917813803185,
            64.02279267022968,
            64.19534971770626,
            64.36686777038703,
            64.53735706215085,
            64.70683245583058,
            64.87531018196313,
            65.04280652369198,
            65.20933527840825,
            65.374907965507,
            65.53954138259869,
            65.70324570277734,
            65.86603286691678,
            66.02792054318851,
            66.18891949360113,
            66.34904287127574,
            66.50830528960505,
            66.66671515162307,
            66.82428245828778,
            66.9810252079391,
            67.13695826835465,
            67.2920859837337,
            67.44641744633846,
            67.59996774092724,
            67.75274861264478,
            67.90477293444127,
            68.05605280637536,
            68.20659876469873,
            68.35641821230092,
            68.5055161018492,
            68.6539116699103,
            68.80162111863464,
            68.94864392000163,
            69.09498910894035,
            69.24067006811383,
            69.38569463862659,
            69.53007823194639,
            69.67383558908041,
            69.81696842911188,
            69.95948185246816,
            70.10139372280246,
            70.2427126332317,
            70.38344077421934,
            70.52359459760336,
            70.66318534590391,
            70.80221400225128,
            70.94069538339099,
            71.07864457984397,
            71.21606235503278,
            71.35295618318051,
            71.48934263673728
        ]
    },
    "Phonon_data": {
        "Numb_Node": 15,
        "total_n_kpoints": 100,
        "frequency": {
            "Node_1": [
                -0.07664588053486238,
                -0.45508401540244775,
                1.6867398688421393,
                3.809212189565035,
                6.075782617567234,
                8.307051304553722,
                10.374379241537367,
                12.141620781211952,
                13.43968508739871,
                14.288304850556411,
                14.930649479881957,
                15.47136225387473,
                15.778504367186844,
                15.739123275081772,
                15.615136800204096,
                15.445290923548988,
                15.281022198161082,
                15.160705132516465,
                15.103468330617439,
                15.11302832260993,
                15.176647488505242,
                15.253652639800444,
                15.207822736480658,
                15.036787597982201,
                14.677611477061326,
                13.890920856073286,
                12.5170898958344,
                10.576017254511358,
                8.175560734597285,
                5.479183458533739,
                2.7451823709768304,
                0.2020695076795124,
                -0.07664588053486238,
                -0.07664588053486238,
                -0.07664588053486238,
                -0.07664588053486238,
                -0.07664588053486238,
                -0.07664588053486238,
                -0.07664588053486238,
                -0.07664588053486238,
                -0.07664588053486238,
                -0.07664588053486238,
                -0.07664588053486238,
                -0.07664588053486238,
                -0.07664588053486238,
                -0.45508401540244775,
                1.6867398688421393,
                3.809212189565035,
                6.075782617567234,
                8.307051304553722,
                10.374379241537367,
                12.141620781211952,
                13.43968508739871,
                14.288304850556411,
                14.930649479881957,
                15.47136225387473,
                15.778504367186844,
                15.739123275081772,
                15.615136800204096,
                15.445290923548988,
                15.281022198161082,
                15.160705132516465,
                15.103468330617439,
                15.11302832260993,
                15.176647488505242,
                15.253652639800444,
                15.207822736480658,
                15.036787597982201,
                14.677611477061326,
                13.890920856073286,
                12.5170898958344,
                10.576017254511358,
                8.175560734597285,
                5.479183458533739,
                2.7451823709768304,
                0.2020695076795124,
                -0.07664588053486238,
                15.778504367186844,
                15.778504367186844,
                15.778504367186844,
                15.778504367186844,
                15.778504367186844,
                15.778504367186844,
                15.778504367186844,
                15.778504367186844,
                15.778504367186844,
                15.778504367186844,
                15.778504367186844,
                15.778504367186844,
                15.778504367186844,
                15.253652639800444,
                15.253652639800444,
                15.253652639800437,
                15.253652639800444,
                15.253652639800437,
                15.253652639800444,
                15.253652639800444,
                15.253652639800444,
                15.253652639800444,
                15.253652639800444,
                15.253652639800444,
                15.253652639800444,
                15.253652639800444
            ],
            "Node_2": [
                -0.07337050627482446,
                2.053634085767873,
                4.09491661984266,
                6.089187752882152,
                7.969898553702793,
                9.686563476167567,
                11.240421558764044,
                12.628140722598308,
                13.803320949414971,
                14.730680556123168,
                15.40936047768012,
                15.846699682958118,
                16.021193562641546,
                16.10658304441261,
                16.06355367314612,
                15.998242124635558,
                15.91816536107336,
                15.826878868973337,
                15.726153013158726,
                15.619945996689095,
                15.516991213517162,
                15.437630820096432,
                15.471722045925,
                15.462746196936608,
                15.25408821209402,
                14.89466392811412,
                14.50054655302082,
                12.934213703488588,
                10.44804854764561,
                7.886432978704937,
                5.252971671280238,
                2.6075297673695563,
                -0.07337050627482446,
                -0.07337050627482446,
                -0.07337050627482446,
                -0.07337050627482446,
                -0.07337050627482446,
                -0.07337050627482446,
                -0.07337050627482446,
                -0.07337050627482446,
                -0.07337050627482446,
                -0.07337050627482446,
                -0.07337050627482446,
                -0.07337050627482446,
                -0.07337050627482446,
                2.053634085767873,
                4.09491661984266,
                6.089187752882152,
                7.969898553702793,
                9.686563476167567,
                11.240421558764044,
                12.628140722598308,
                13.803320949414971,
                14.730680556123168,
                15.40936047768012,
                15.846699682958118,
                16.021193562641546,
                16.10658304441261,
                16.06355367314612,
                15.998242124635558,
                15.91816536107336,
                15.826878868973337,
                15.726153013158726,
                15.619945996689095,
                15.516991213517162,
                15.437630820096432,
                15.471722045925,
                15.462746196936608,
                15.25408821209402,
                14.89466392811412,
                14.50054655302082,
                12.934213703488588,
                10.44804854764561,
                7.886432978704937,
                5.252971671280238,
                2.6075297673695563,
                -0.07337050627482446,
                16.021193562641546,
                16.021193562641546,
                16.021193562641546,
                16.021193562641546,
                16.021193562641546,
                16.021193562641546,
                16.021193562641546,
                16.021193562641546,
                16.021193562641546,
                16.021193562641546,
                16.021193562641546,
                16.021193562641546,
                16.021193562641546,
                15.437630820096432,
                15.437630820096432,
                15.437630820096421,
                15.437630820096432,
                15.437630820096421,
                15.437630820096432,
                15.437630820096432,
                15.437630820096432,
                15.437630820096432,
                15.437630820096432,
                15.437630820096432,
                15.437630820096432,
                15.437630820096432
            ],
            "Node_3": [
                -0.05192860588578377,
                3.7010086268270324,
                7.268287372546995,
                10.532358376827904,
                12.982515411331264,
                13.84795911405076,
                14.158406455881233,
                14.550940510993112,
                15.16120219129884,
                15.82308762521732,
                16.214305186319553,
                16.258423245591985,
                16.12358177388516,
                16.162039220840356,
                16.58079501309732,
                17.232858757497524,
                18.046735447280458,
                18.91888149734685,
                19.693688715476554,
                20.376513568897337,
                20.92621023128874,
                21.203072744134804,
                20.80830245253303,
                20.092660338564468,
                19.045656417594834,
                17.39088308730822,
                15.297608198070822,
                14.17853604585487,
                13.788061056338945,
                12.37048021317149,
                8.963602869270776,
                4.620511756059017,
                -0.05192860588578377,
                -0.05192860588578377,
                -0.05192860588578377,
                -0.05192860588578377,
                -0.05192860588578377,
                -0.05192860588578377,
                -0.05192860588578377,
                -0.05192860588578377,
                -0.05192860588578377,
                -0.05192860588578377,
                -0.05192860588578377,
                -0.05192860588578377,
                -0.05192860588578377,
                3.7010086268270324,
                7.268287372546995,
                10.532358376827904,
                12.982515411331264,
                13.84795911405076,
                14.158406455881233,
                14.550940510993112,
                15.16120219129884,
                15.82308762521732,
                16.214305186319553,
                16.258423245591985,
                16.12358177388516,
                16.162039220840356,
                16.58079501309732,
                17.232858757497524,
                18.046735447280458,
                18.91888149734685,
                19.693688715476554,
                20.376513568897337,
                20.92621023128874,
                21.203072744134804,
                20.80830245253303,
                20.092660338564468,
                19.045656417594834,
                17.39088308730822,
                15.297608198070822,
                14.17853604585487,
                13.788061056338945,
                12.37048021317149,
                8.963602869270776,
                4.620511756059017,
                -0.05192860588578377,
                16.12358177388516,
                16.12358177388516,
                16.12358177388516,
                16.12358177388516,
                16.12358177388516,
                16.12358177388516,
                16.12358177388516,
                16.12358177388516,
                16.12358177388516,
                16.12358177388516,
                16.12358177388516,
                16.12358177388516,
                16.12358177388516,
                21.203072744134804,
                21.203072744134804,
                21.203072744134804,
                21.203072744134804,
                21.203072744134804,
                21.203072744134804,
                21.203072744134804,
                21.203072744134804,
                21.203072744134804,
                21.203072744134804,
                21.203072744134804,
                21.203072744134804,
                21.203072744134804
            ],
            "Node_4": [
                11.432178291324592,
                11.572635080813269,
                11.966297622058105,
                12.555782466434403,
                13.264245427601695,
                14.01582562580595,
                14.733496776862259,
                15.378858565222263,
                15.914975479570929,
                16.32112313683738,
                16.588842346792877,
                16.725656274598,
                16.76293748003231,
                16.872717298622053,
                17.19102489241364,
                17.687027556855604,
                18.317492805987172,
                19.051849008387837,
                19.896676803948687,
                20.670143778952355,
                21.15806121210499,
                21.242239470787936,
                20.93289406776683,
                20.14258934956048,
                19.10300232508144,
                17.91188498957572,
                16.653993934473327,
                15.395906136774475,
                14.284766920609378,
                13.340612160604268,
                12.281299964618297,
                11.653376586305448,
                11.432178291324592,
                11.432178291324592,
                11.432178291324592,
                11.432178291324592,
                11.432178291324592,
                11.432178291324592,
                11.432178291324592,
                11.432178291324592,
                11.432178291324592,
                11.432178291324592,
                11.432178291324592,
                11.432178291324592,
                11.432178291324592,
                11.572635080813269,
                11.966297622058105,
                12.555782466434403,
                13.264245427601695,
                14.01582562580595,
                14.733496776862259,
                15.378858565222263,
                15.914975479570929,
                16.32112313683738,
                16.588842346792877,
                16.725656274598,
                16.76293748003231,
                16.872717298622053,
                17.19102489241364,
                17.687027556855604,
                18.317492805987172,
                19.051849008387837,
                19.896676803948687,
                20.670143778952355,
                21.15806121210499,
                21.242239470787936,
                20.93289406776683,
                20.14258934956048,
                19.10300232508144,
                17.91188498957572,
                16.653993934473327,
                15.395906136774475,
                14.284766920609378,
                13.340612160604268,
                12.281299964618297,
                11.653376586305448,
                11.432178291324592,
                16.76293748003231,
                16.76293748003231,
                16.76293748003231,
                16.76293748003231,
                16.76293748003231,
                16.76293748003231,
                16.76293748003231,
                16.76293748003231,
                16.76293748003231,
                16.76293748003231,
                16.76293748003231,
                16.76293748003231,
                16.76293748003231,
                21.242239470787936,
                21.242239470787936,
                21.24223947078794,
                21.242239470787936,
                21.24223947078794,
                21.242239470787936,
                21.242239470787936,
                21.242239470787936,
                21.242239470787936,
                21.242239470787936,
                21.242239470787936,
                21.242239470787936,
                21.242239470787936
            ],
            "Node_5": [
                11.439516120555252,
                12.054834379652364,
                13.565536100750691,
                15.40466760556113,
                15.885668722501222,
                17.693546893447493,
                19.829438653090136,
                20.62370723437186,
                20.96930958130218,
                21.329107068777613,
                21.704080296708987,
                22.075040201588827,
                22.289268661385968,
                22.348364917242243,
                22.46212720717778,
                22.553379980148556,
                22.65209736891126,
                22.751693163474318,
                22.800093257458908,
                22.75780759090893,
                22.626040323714502,
                22.54428589611306,
                22.450145913314813,
                21.26942051992347,
                20.13343307498573,
                19.530641396496836,
                19.326069929327907,
                19.14541484476462,
                17.572033201399435,
                15.607889675680871,
                14.478905712631333,
                12.379422360322371,
                11.439516120555252,
                11.439516120555252,
                11.439516120555252,
                11.439516120555252,
                11.439516120555252,
                11.439516120555252,
                11.439516120555252,
                11.439516120555252,
                11.439516120555252,
                11.439516120555252,
                11.439516120555252,
                11.439516120555252,
                11.439516120555252,
                12.054834379652364,
                13.565536100750691,
                15.40466760556113,
                15.885668722501222,
                17.693546893447493,
                19.829438653090136,
                20.62370723437186,
                20.96930958130218,
                21.329107068777613,
                21.704080296708987,
                22.075040201588827,
                22.289268661385968,
                22.348364917242243,
                22.46212720717778,
                22.553379980148556,
                22.65209736891126,
                22.751693163474318,
                22.800093257458908,
                22.75780759090893,
                22.626040323714502,
                22.54428589611306,
                22.450145913314813,
                21.26942051992347,
                20.13343307498573,
                19.530641396496836,
                19.326069929327907,
                19.14541484476462,
                17.572033201399435,
                15.607889675680871,
                14.478905712631333,
                12.379422360322371,
                11.439516120555252,
                22.289268661385968,
                22.289268661385968,
                22.289268661385968,
                22.289268661385968,
                22.289268661385968,
                22.289268661385968,
                22.289268661385968,
                22.289268661385968,
                22.289268661385968,
                22.289268661385968,
                22.289268661385968,
                22.289268661385968,
                22.289268661385968,
                22.54428589611306,
                22.54428589611306,
                22.544285896113056,
                22.54428589611306,
                22.544285896113056,
                22.54428589611306,
                22.54428589611306,
                22.54428589611306,
                22.54428589611306,
                22.54428589611306,
                22.54428589611306,
                22.54428589611306,
                22.54428589611306
            ],
            "Node_6": [
                17.74845534374234,
                17.003369940230453,
                16.10363815559849,
                15.602599078612458,
                17.28882856545631,
                18.918731583619135,
                20.225691363949895,
                20.935664024546035,
                21.41930658466595,
                21.795039854265774,
                22.229622752577715,
                22.689986746738168,
                22.949535278699553,
                22.85415849458552,
                22.8897030606572,
                23.075935129145556,
                23.18987091009561,
                23.140142118673708,
                23.009943478614275,
                22.880633932525512,
                22.913097372124874,
                23.076559450868363,
                22.65738483275499,
                22.691415486868323,
                22.638103172981644,
                22.402044502977635,
                21.64398630923974,
                20.01372107207684,
                18.451549515537785,
                16.742115292517312,
                15.751613963265468,
                16.743954043641605,
                17.74845534374234,
                17.74845534374234,
                17.74845534374234,
                17.74845534374234,
                17.74845534374234,
                17.74845534374234,
                17.74845534374234,
                17.74845534374234,
                17.74845534374234,
                17.74845534374234,
                17.74845534374234,
                17.74845534374234,
                17.74845534374234,
                17.003369940230453,
                16.10363815559849,
                15.602599078612458,
                17.28882856545631,
                18.918731583619135,
                20.225691363949895,
                20.935664024546035,
                21.41930658466595,
                21.795039854265774,
                22.229622752577715,
                22.689986746738168,
                22.949535278699553,
                22.85415849458552,
                22.8897030606572,
                23.075935129145556,
                23.18987091009561,
                23.140142118673708,
                23.009943478614275,
                22.880633932525512,
                22.913097372124874,
                23.076559450868363,
                22.65738483275499,
                22.691415486868323,
                22.638103172981644,
                22.402044502977635,
                21.64398630923974,
                20.01372107207684,
                18.451549515537785,
                16.742115292517312,
                15.751613963265468,
                16.743954043641605,
                17.74845534374234,
                22.949535278699553,
                22.949535278699553,
                22.949535278699553,
                22.949535278699553,
                22.949535278699553,
                22.949535278699553,
                22.949535278699553,
                22.949535278699553,
                22.949535278699553,
                22.949535278699553,
                22.949535278699553,
                22.949535278699553,
                22.949535278699553,
                23.076559450868363,
                23.076559450868363,
                23.07655945086838,
                23.076559450868363,
                23.07655945086838,
                23.076559450868363,
                23.076559450868363,
                23.076559450868363,
                23.076559450868363,
                23.076559450868363,
                23.076559450868363,
                23.076559450868363,
                23.076559450868363
            ],
            "Node_7": [
                19.092483751521513,
                19.123682883763852,
                19.214108619481255,
                19.393332793912943,
                19.656567716464444,
                19.968677941516212,
                20.297950639997342,
                21.79216885720596,
                23.116572652609907,
                23.892747773443684,
                23.689364807837556,
                23.276663752185215,
                23.033526525789128,
                23.204961012088905,
                23.409731710201388,
                23.55394017634254,
                23.596329932550407,
                23.56175601735721,
                23.51985789695082,
                23.524703777740825,
                23.555326920891844,
                23.559730139940875,
                23.962977600897492,
                24.466552045774744,
                24.343934726046793,
                23.739917098038745,
                22.812669964553788,
                21.62427017824699,
                20.43290505292238,
                19.723733185381082,
                19.349363630928764,
                19.163384174697185,
                19.092483751521513,
                19.092483751521513,
                19.092483751521513,
                19.092483751521513,
                19.092483751521513,
                19.092483751521513,
                19.092483751521513,
                19.092483751521513,
                19.092483751521513,
                19.092483751521513,
                19.092483751521513,
                19.092483751521513,
                19.092483751521513,
                19.123682883763852,
                19.214108619481255,
                19.393332793912943,
                19.656567716464444,
                19.968677941516212,
                20.297950639997342,
                21.79216885720596,
                23.116572652609907,
                23.892747773443684,
                23.689364807837556,
                23.276663752185215,
                23.033526525789128,
                23.204961012088905,
                23.409731710201388,
                23.55394017634254,
                23.596329932550407,
                23.56175601735721,
                23.51985789695082,
                23.524703777740825,
                23.555326920891844,
                23.559730139940875,
                23.962977600897492,
                24.466552045774744,
                24.343934726046793,
                23.739917098038745,
                22.812669964553788,
                21.62427017824699,
                20.43290505292238,
                19.723733185381082,
                19.349363630928764,
                19.163384174697185,
                19.092483751521513,
                23.033526525789128,
                23.033526525789128,
                23.033526525789128,
                23.033526525789128,
                23.033526525789128,
                23.033526525789128,
                23.033526525789128,
                23.033526525789128,
                23.033526525789128,
                23.033526525789128,
                23.033526525789128,
                23.033526525789128,
                23.033526525789128,
                23.559730139940875,
                23.559730139940875,
                23.55973013994086,
                23.559730139940875,
                23.55973013994086,
                23.559730139940875,
                23.559730139940875,
                23.559730139940875,
                23.559730139940875,
                23.559730139940875,
                23.559730139940875,
                23.559730139940875,
                23.559730139940875
            ],
            "Node_8": [
                19.11767313158974,
                20.045771082530695,
                21.527065170841,
                23.085569163485903,
                24.584361882452793,
                25.572963577470748,
                25.474369486030625,
                25.04084110089056,
                24.591480770223036,
                24.140211206999165,
                24.170741788373185,
                24.088926230695968,
                23.962334569302524,
                23.94878845041864,
                23.918934281607598,
                23.924624121501186,
                24.087065501578987,
                24.375852355687428,
                24.600715153009283,
                24.63495473225105,
                24.471417876906383,
                24.29058201637696,
                24.464342263702598,
                24.78481471113932,
                25.295403216983033,
                25.68183437230107,
                25.82586570180814,
                25.910192225683065,
                25.874720775414932,
                24.285558186605115,
                22.336477210107045,
                20.408484151014893,
                19.11767313158974,
                19.11767313158974,
                19.11767313158974,
                19.11767313158974,
                19.11767313158974,
                19.11767313158974,
                19.11767313158974,
                19.11767313158974,
                19.11767313158974,
                19.11767313158974,
                19.11767313158974,
                19.11767313158974,
                19.11767313158974,
                20.045771082530695,
                21.527065170841,
                23.085569163485903,
                24.584361882452793,
                25.572963577470748,
                25.474369486030625,
                25.04084110089056,
                24.591480770223036,
                24.140211206999165,
                24.170741788373185,
                24.088926230695968,
                23.962334569302524,
                23.94878845041864,
                23.918934281607598,
                23.924624121501186,
                24.087065501578987,
                24.375852355687428,
                24.600715153009283,
                24.63495473225105,
                24.471417876906383,
                24.29058201637696,
                24.464342263702598,
                24.78481471113932,
                25.295403216983033,
                25.68183437230107,
                25.82586570180814,
                25.910192225683065,
                25.874720775414932,
                24.285558186605115,
                22.336477210107045,
                20.408484151014893,
                19.11767313158974,
                23.962334569302524,
                23.962334569302524,
                23.962334569302524,
                23.962334569302524,
                23.962334569302524,
                23.962334569302524,
                23.962334569302524,
                23.962334569302524,
                23.962334569302524,
                23.962334569302524,
                23.962334569302524,
                23.962334569302524,
                23.962334569302524,
                24.29058201637696,
                24.29058201637696,
                24.290582016376952,
                24.29058201637696,
                24.290582016376952,
                24.29058201637696,
                24.29058201637696,
                24.29058201637696,
                24.29058201637696,
                24.29058201637696,
                24.29058201637696,
                24.29058201637696,
                24.29058201637696
            ],
            "Node_9": [
                26.981770504912877,
                26.933484526652997,
                26.789606271037776,
                26.558812616245902,
                26.255820346528047,
                25.889055065285188,
                25.767216686430448,
                26.021741721079696,
                26.465686961196273,
                26.941147278436585,
                27.32578261546309,
                27.579771749792307,
                27.671131155498532,
                27.767308938830983,
                28.056726603197774,
                28.531998811044247,
                29.00172735049656,
                28.6324881244111,
                28.296602312449707,
                28.064347249807636,
                27.9571952578828,
                27.928217651004562,
                27.893697983131187,
                27.77407542216014,
                27.52381111078777,
                27.097592704160103,
                26.55710304114645,
                26.142914003564247,
                26.039167204639647,
                26.296445126502405,
                26.64932343770505,
                26.900019393158484,
                26.981770504912877,
                26.981770504912877,
                26.981770504912877,
                26.981770504912877,
                26.981770504912877,
                26.981770504912877,
                26.981770504912877,
                26.981770504912877,
                26.981770504912877,
                26.981770504912877,
                26.981770504912877,
                26.981770504912877,
                26.981770504912877,
                26.933484526652997,
                26.789606271037776,
                26.558812616245902,
                26.255820346528047,
                25.889055065285188,
                25.767216686430448,
                26.021741721079696,
                26.465686961196273,
                26.941147278436585,
                27.32578261546309,
                27.579771749792307,
                27.671131155498532,
                27.767308938830983,
                28.056726603197774,
                28.531998811044247,
                29.00172735049656,
                28.6324881244111,
                28.296602312449707,
                28.064347249807636,
                27.9571952578828,
                27.928217651004562,
                27.893697983131187,
                27.77407542216014,
                27.52381111078777,
                27.097592704160103,
                26.55710304114645,
                26.142914003564247,
                26.039167204639647,
                26.296445126502405,
                26.64932343770505,
                26.900019393158484,
                26.981770504912877,
                27.671131155498532,
                27.671131155498532,
                27.671131155498532,
                27.671131155498532,
                27.671131155498532,
                27.671131155498532,
                27.671131155498532,
                27.671131155498532,
                27.671131155498532,
                27.671131155498532,
                27.671131155498532,
                27.671131155498532,
                27.671131155498532,
                27.928217651004562,
                27.928217651004562,
                27.92821765100457,
                27.928217651004562,
                27.92821765100457,
                27.928217651004562,
                27.928217651004562,
                27.928217651004562,
                27.928217651004562,
                27.928217651004562,
                27.928217651004562,
                27.928217651004562,
                27.928217651004562
            ],
            "Node_10": [
                27.015181557054035,
                26.96915634749623,
                26.824255475626295,
                26.593964988413525,
                26.379368783237886,
                26.644150082079218,
                27.661928622153066,
                28.537601611927272,
                29.089840982481938,
                29.417607547081467,
                29.6469496640613,
                29.807090046274,
                29.866451189594905,
                29.805491720913007,
                29.62854108212853,
                29.35294891902718,
                29.167991779707233,
                29.902766236660945,
                30.703637769142972,
                31.534859815840505,
                32.35400712730244,
                32.88376649419767,
                32.1026266938923,
                31.058532557856765,
                30.117515068330174,
                29.33144335785747,
                28.608657967457468,
                27.643203578764993,
                26.456287022899154,
                26.489444536296723,
                26.745181185461853,
                26.944333292150855,
                27.015181557054035,
                27.015181557054035,
                27.015181557054035,
                27.015181557054035,
                27.015181557054035,
                27.015181557054035,
                27.015181557054035,
                27.015181557054035,
                27.015181557054035,
                27.015181557054035,
                27.015181557054035,
                27.015181557054035,
                27.015181557054035,
                26.96915634749623,
                26.824255475626295,
                26.593964988413525,
                26.379368783237886,
                26.644150082079218,
                27.661928622153066,
                28.537601611927272,
                29.089840982481938,
                29.417607547081467,
                29.6469496640613,
                29.807090046274,
                29.866451189594905,
                29.805491720913007,
                29.62854108212853,
                29.35294891902718,
                29.167991779707233,
                29.902766236660945,
                30.703637769142972,
                31.534859815840505,
                32.35400712730244,
                32.88376649419767,
                32.1026266938923,
                31.058532557856765,
                30.117515068330174,
                29.33144335785747,
                28.608657967457468,
                27.643203578764993,
                26.456287022899154,
                26.489444536296723,
                26.745181185461853,
                26.944333292150855,
                27.015181557054035,
                29.866451189594905,
                29.866451189594905,
                29.866451189594905,
                29.866451189594905,
                29.866451189594905,
                29.866451189594905,
                29.866451189594905,
                29.866451189594905,
                29.866451189594905,
                29.866451189594905,
                29.866451189594905,
                29.866451189594905,
                29.866451189594905,
                32.88376649419767,
                32.88376649419767,
                32.88376649419768,
                32.88376649419767,
                32.88376649419768,
                32.88376649419767,
                32.88376649419767,
                32.88376649419767,
                32.88376649419767,
                32.88376649419767,
                32.88376649419767,
                32.88376649419767,
                32.88376649419767
            ],
            "Node_11": [
                32.10835617094378,
                32.1264850131282,
                32.21057503669919,
                32.38505051207678,
                32.599615522218365,
                32.769968244007245,
                32.85826922687297,
                32.918997891953225,
                33.078402819946284,
                33.44241464458359,
                34.00176409498435,
                34.60063647110752,
                34.896320771306335,
                34.88371024783454,
                34.845876379524306,
                34.782330501259416,
                34.6925388735645,
                34.577310530459755,
                34.437486806312556,
                34.271562864615014,
                34.073609608509294,
                33.86061071783081,
                33.48083707736783,
                33.07236869472969,
                32.72138033020152,
                32.52706924158261,
                32.52350535469339,
                32.614642488751436,
                32.64123104087623,
                32.51623774203808,
                32.304318988750566,
                32.15127850777396,
                32.10835617094378,
                32.10835617094378,
                32.10835617094378,
                32.10835617094378,
                32.10835617094378,
                32.10835617094378,
                32.10835617094378,
                32.10835617094378,
                32.10835617094378,
                32.10835617094378,
                32.10835617094378,
                32.10835617094378,
                32.10835617094378,
                32.1264850131282,
                32.21057503669919,
                32.38505051207678,
                32.599615522218365,
                32.769968244007245,
                32.85826922687297,
                32.918997891953225,
                33.078402819946284,
                33.44241464458359,
                34.00176409498435,
                34.60063647110752,
                34.896320771306335,
                34.88371024783454,
                34.845876379524306,
                34.782330501259416,
                34.6925388735645,
                34.577310530459755,
                34.437486806312556,
                34.271562864615014,
                34.073609608509294,
                33.86061071783081,
                33.48083707736783,
                33.07236869472969,
                32.72138033020152,
                32.52706924158261,
                32.52350535469339,
                32.614642488751436,
                32.64123104087623,
                32.51623774203808,
                32.304318988750566,
                32.15127850777396,
                32.10835617094378,
                34.896320771306335,
                34.896320771306335,
                34.896320771306335,
                34.896320771306335,
                34.896320771306335,
                34.896320771306335,
                34.896320771306335,
                34.896320771306335,
                34.896320771306335,
                34.896320771306335,
                34.896320771306335,
                34.896320771306335,
                34.896320771306335,
                33.86061071783081,
                33.86061071783081,
                33.860610717830816,
                33.86061071783081,
                33.860610717830816,
                33.86061071783081,
                33.86061071783081,
                33.86061071783081,
                33.86061071783081,
                33.86061071783081,
                33.86061071783081,
                33.86061071783081,
                33.86061071783081
            ],
            "Node_12": [
                46.59917535167427,
                46.34499944367647,
                45.63183978720038,
                44.595786434542006,
                43.4253277495556,
                42.31434202680636,
                41.4100023675262,
                40.74980974127863,
                40.224364627339,
                39.66028730785691,
                38.98162985946701,
                38.303283204557914,
                37.97673027965376,
                37.890392325090424,
                37.64007195570002,
                37.24763118284959,
                36.74093266748083,
                36.15054098308663,
                35.50809763645983,
                34.844653091846645,
                34.21121717224066,
                33.8760398029127,
                35.01487436388856,
                36.47602304473223,
                37.835336921012804,
                38.97726490339789,
                39.93001541483896,
                40.91874087871697,
                42.16976828224004,
                43.65702902739814,
                45.117972808005995,
                46.19905819154016,
                46.59917535167427,
                46.59917535167427,
                46.59917535167427,
                46.59917535167427,
                46.59917535167427,
                46.59917535167427,
                46.59917535167427,
                46.59917535167427,
                46.59917535167427,
                46.59917535167427,
                46.59917535167427,
                46.59917535167427,
                46.59917535167427,
                46.34499944367647,
                45.63183978720038,
                44.595786434542006,
                43.4253277495556,
                42.31434202680636,
                41.4100023675262,
                40.74980974127863,
                40.224364627339,
                39.66028730785691,
                38.98162985946701,
                38.303283204557914,
                37.97673027965376,
                37.890392325090424,
                37.64007195570002,
                37.24763118284959,
                36.74093266748083,
                36.15054098308663,
                35.50809763645983,
                34.844653091846645,
                34.21121717224066,
                33.8760398029127,
                35.01487436388856,
                36.47602304473223,
                37.835336921012804,
                38.97726490339789,
                39.93001541483896,
                40.91874087871697,
                42.16976828224004,
                43.65702902739814,
                45.117972808005995,
                46.19905819154016,
                46.59917535167427,
                37.97673027965376,
                37.97673027965376,
                37.97673027965376,
                37.97673027965376,
                37.97673027965376,
                37.97673027965376,
                37.97673027965376,
                37.97673027965376,
                37.97673027965376,
                37.97673027965376,
                37.97673027965376,
                37.97673027965376,
                37.97673027965376,
                33.8760398029127,
                33.8760398029127,
                33.87603980291272,
                33.8760398029127,
                33.87603980291272,
                33.8760398029127,
                33.8760398029127,
                33.8760398029127,
                33.8760398029127,
                33.8760398029127,
                33.8760398029127,
                33.8760398029127,
                33.8760398029127
            ],
            "Node_13": [
                67.9145413340596,
                67.78987662694618,
                67.44581892180096,
                66.9605352897322,
                66.43126061265704,
                65.9431405241291,
                65.55456092870493,
                65.30100308631683,
                65.19575145203208,
                65.2170158433619,
                65.3060413174179,
                65.39303237915517,
                65.4277896641627,
                65.41087516454694,
                65.36407297801362,
                65.29702173699863,
                65.22170967427346,
                65.15083070392011,
                65.09527851430484,
                65.06031026940363,
                65.04458413719338,
                65.04265824625017,
                65.05013495606107,
                65.04940751395476,
                65.04813308546748,
                65.08660984596534,
                65.22422691880953,
                65.51747587573048,
                65.98857143241108,
                66.59929164140233,
                67.23642240969109,
                67.72847472044948,
                67.9145413340596,
                67.9145413340596,
                67.9145413340596,
                67.9145413340596,
                67.9145413340596,
                67.9145413340596,
                67.9145413340596,
                67.9145413340596,
                67.9145413340596,
                67.9145413340596,
                67.9145413340596,
                67.9145413340596,
                67.9145413340596,
                67.78987662694618,
                67.44581892180096,
                66.9605352897322,
                66.43126061265704,
                65.9431405241291,
                65.55456092870493,
                65.30100308631683,
                65.19575145203208,
                65.2170158433619,
                65.3060413174179,
                65.39303237915517,
                65.4277896641627,
                65.41087516454694,
                65.36407297801362,
                65.29702173699863,
                65.22170967427346,
                65.15083070392011,
                65.09527851430484,
                65.06031026940363,
                65.04458413719338,
                65.04265824625017,
                65.05013495606107,
                65.04940751395476,
                65.04813308546748,
                65.08660984596534,
                65.22422691880953,
                65.51747587573048,
                65.98857143241108,
                66.59929164140233,
                67.23642240969109,
                67.72847472044948,
                67.9145413340596,
                65.4277896641627,
                65.4277896641627,
                65.4277896641627,
                65.4277896641627,
                65.4277896641627,
                65.4277896641627,
                65.4277896641627,
                65.4277896641627,
                65.4277896641627,
                65.4277896641627,
                65.4277896641627,
                65.4277896641627,
                65.4277896641627,
                65.04265824625017,
                65.04265824625017,
                65.04265824625017,
                65.04265824625017,
                65.04265824625017,
                65.04265824625017,
                65.04265824625017,
                65.04265824625017,
                65.04265824625017,
                65.04265824625017,
                65.04265824625017,
                65.04265824625017,
                65.04265824625017
            ],
            "Node_14": [
                77.22009708226955,
                77.06653383313741,
                76.58761431680978,
                75.99791602970674,
                75.4594366517382,
                74.97495333451889,
                74.50726403985496,
                74.09185159754037,
                73.81412663341199,
                73.70103593587548,
                73.68770634387427,
                73.69585682415956,
                73.69823030361505,
                73.68582599787634,
                73.65607580592916,
                73.62240880420009,
                73.59553768456286,
                73.58950102188184,
                73.62237865716054,
                73.70428372299587,
                73.83535383427485,
                73.99872638060694,
                73.74171575358544,
                73.47952300239386,
                73.30116628069923,
                73.26257217293575,
                73.4617829640618,
                73.9645090730164,
                74.69389830118732,
                75.50846782189103,
                76.31607806511671,
                76.97165498576528,
                77.22009708226955,
                77.22009708226955,
                77.22009708226955,
                77.22009708226955,
                77.22009708226955,
                77.22009708226955,
                77.22009708226955,
                77.22009708226955,
                77.22009708226955,
                77.22009708226955,
                77.22009708226955,
                77.22009708226955,
                77.22009708226955,
                77.06653383313741,
                76.58761431680978,
                75.99791602970674,
                75.4594366517382,
                74.97495333451889,
                74.50726403985496,
                74.09185159754037,
                73.81412663341199,
                73.70103593587548,
                73.68770634387427,
                73.69585682415956,
                73.69823030361505,
                73.68582599787634,
                73.65607580592916,
                73.62240880420009,
                73.59553768456286,
                73.58950102188184,
                73.62237865716054,
                73.70428372299587,
                73.83535383427485,
                73.99872638060694,
                73.74171575358544,
                73.47952300239386,
                73.30116628069923,
                73.26257217293575,
                73.4617829640618,
                73.9645090730164,
                74.69389830118732,
                75.50846782189103,
                76.31607806511671,
                76.97165498576528,
                77.22009708226955,
                73.69823030361505,
                73.69823030361505,
                73.69823030361505,
                73.69823030361505,
                73.69823030361505,
                73.69823030361505,
                73.69823030361505,
                73.69823030361505,
                73.69823030361505,
                73.69823030361505,
                73.69823030361505,
                73.69823030361505,
                73.69823030361505,
                73.99872638060694,
                73.99872638060694,
                73.99872638060695,
                73.99872638060694,
                73.99872638060695,
                73.99872638060694,
                73.99872638060694,
                73.99872638060694,
                73.99872638060694,
                73.99872638060694,
                73.99872638060694,
                73.99872638060694,
                73.99872638060694
            ],
            "Node_15": [
                77.34078624847484,
                77.17212317484703,
                76.87178528146327,
                76.59690769575911,
                76.39921213217127,
                76.22329946143044,
                75.98827130875495,
                75.6962814797785,
                75.42031740928293,
                75.21036060048009,
                75.05799193018193,
                74.95039151415939,
                74.90843849849809,
                74.91163396931563,
                74.91748319046359,
                74.91167895690464,
                74.87226516438392,
                74.78498377267866,
                74.65059066791675,
                74.47686234313744,
                74.27597847593971,
                74.08510343308059,
                74.42023628241601,
                74.87273140855172,
                75.32054934319648,
                75.70627554996268,
                76.01055948991323,
                76.25109734007194,
                76.44040508802846,
                76.61835032737552,
                76.86971990012874,
                77.17638891501703,
                77.34078624847484,
                77.34078624847484,
                77.34078624847484,
                77.34078624847484,
                77.34078624847484,
                77.34078624847484,
                77.34078624847484,
                77.34078624847484,
                77.34078624847484,
                77.34078624847484,
                77.34078624847484,
                77.34078624847484,
                77.34078624847484,
                77.17212317484703,
                76.87178528146327,
                76.59690769575911,
                76.39921213217127,
                76.22329946143044,
                75.98827130875495,
                75.6962814797785,
                75.42031740928293,
                75.21036060048009,
                75.05799193018193,
                74.95039151415939,
                74.90843849849809,
                74.91163396931563,
                74.91748319046359,
                74.91167895690464,
                74.87226516438392,
                74.78498377267866,
                74.65059066791675,
                74.47686234313744,
                74.27597847593971,
                74.08510343308059,
                74.42023628241601,
                74.87273140855172,
                75.32054934319648,
                75.70627554996268,
                76.01055948991323,
                76.25109734007194,
                76.44040508802846,
                76.61835032737552,
                76.86971990012874,
                77.17638891501703,
                77.34078624847484,
                74.90843849849809,
                74.90843849849809,
                74.90843849849809,
                74.90843849849809,
                74.90843849849809,
                74.90843849849809,
                74.90843849849809,
                74.90843849849809,
                74.90843849849809,
                74.90843849849809,
                74.90843849849809,
                74.90843849849809,
                74.90843849849809,
                74.08510343308059,
                74.08510343308059,
                74.08510343308062,
                74.08510343308059,
                74.08510343308062,
                74.08510343308059,
                74.08510343308059,
                74.08510343308059,
                74.08510343308059,
                74.08510343308059,
                74.08510343308059,
                74.08510343308059,
                74.08510343308059
            ]
        }
    },
    "Phonon_DOS": {
        "DOS": [
            0.0,
            0.002,
            0.0,
            0.0,
            0.004,
            0.0,
            0.004,
            0.0,
            0.004,
            0.004,
            0.008,
            0.004,
            0.008,
            0.0013333333333333333,
            0.024,
            0.024,
            0.032,
            0.07866666666666668,
            0.037333333333333336,
            0.02066666666666667,
            0.017333333333333333,
            0.036000000000000004,
            0.037333333333333336,
            0.017333333333333333,
            0.05,
            0.04666666666666666,
            0.05,
            0.025333333333333333,
            0.038,
            0.034666666666666665,
            0.018666666666666668,
            0.026000000000000002,
            0.009333333333333334,
            0.004,
            0.03133333333333333,
            0.021333333333333333,
            0.013999999999999999,
            0.008,
            0.0,
            0.018000000000000002,
            0.0,
            0.016,
            0.012,
            0.0,
            0.004,
            0.004,
            0.0,
            0.004,
            0.0006666666666666666,
            0.0,
            0.0,
            0.0,
            0.0,
            0.0,
            0.0,
            0.0,
            0.0,
            0.0,
            0.0,
            0.0,
            0.0,
            0.0,
            0.0,
            0.0,
            0.0,
            0.0,
            0.0,
            0.054000000000000006,
            0.008,
            0.004666666666666667,
            0.0,
            0.0,
            0.0,
            0.0,
            0.0,
            0.04333333333333334,
            0.027333333333333334,
            0.037333333333333336,
            0.024,
            0.0013333333333333333,
            0.0
        ],
        "Energy(meV)": [
            -1.5,
            -0.5,
            0.5,
            1.5,
            2.5,
            3.5,
            4.5,
            5.5,
            6.5,
            7.5,
            8.5,
            9.5,
            10.5,
            11.5,
            12.5,
            13.5,
            14.5,
            15.5,
            16.5,
            17.5,
            18.5,
            19.5,
            20.5,
            21.5,
            22.5,
            23.5,
            24.5,
            25.5,
            26.5,
            27.5,
            28.5,
            29.5,
            30.5,
            31.5,
            32.5,
            33.5,
            34.5,
            35.5,
            36.5,
            37.5,
            38.5,
            39.5,
            40.5,
            41.5,
            42.5,
            43.5,
            44.5,
            45.5,
            46.5,
            47.5,
            48.5,
            49.5,
            50.5,
            51.5,
            52.5,
            53.5,
            54.5,
            55.5,
            56.5,
            57.5,
            58.5,
            59.5,
            60.5,
            61.5,
            62.5,
            63.5,
            64.5,
            65.5,
            66.5,
            67.5,
            68.5,
            69.5,
            70.5,
            71.5,
            72.5,
            73.5,
            74.5,
            75.5,
            76.5,
            77.5,
            78.5
        ]
    }
}