{
    "POSCAR": {
        "Atomes": "   V    C   F\n",
        "coordinate": "Direct\n",
        "unit_cell": {
            "a_vector": "2.9394191662310742   -1.4113981052823071e-08   -1.6452586383464613e-07\n",
            "b_vector": "-1.469709595292301   2.5456117061181995   7.581023574848675e-08\n",
            "c_vector": "-1.3199128325095058e-06   -5.977528504469105e-08   24.39273976486632\n"
        },
        "positions": {
            "V": [
                "0.33333333695280926   0.6666666698683401   0.15618188445481032\n",
                "0.666666664086579   0.33333333461120057   0.24381811522167926\n"
            ],
            "C": [
                "-1.5971294863222723e-09   -6.620535097641399e-09   0.20000000090945488\n"
            ],
            "F": [
                "0.3333333317389528   0.6666666682423781   0.29642777551780153\n",
                "0.6666666685765061   0.33333333404412396   0.10357222389625459\n"
            ]
        }
    },
    "Termo_data": {
        "Temperature (K)": [
            0,
            10,
            20,
            30,
            40,
            50,
            60,
            70,
            80,
            90,
            100,
            110,
            120,
            130,
            140,
            150,
            160,
            170,
            180,
            190,
            200,
            210,
            220,
            230,
            240,
            250,
            260,
            270,
            280,
            290,
            300,
            310,
            320,
            330,
            340,
            350,
            360,
            370,
            380,
            390,
            400,
            410,
            420,
            430,
            440,
            450,
            460,
            470,
            480,
            490,
            500,
            510,
            520,
            530,
            540,
            550,
            560,
            570,
            580,
            590,
            600,
            610,
            620,
            630,
            640,
            650,
            660,
            670,
            680,
            690,
            700,
            710,
            720,
            730,
            740,
            750,
            760,
            770,
            780,
            790,
            800,
            810,
            820,
            830,
            840,
            850,
            860,
            870,
            880,
            890,
            900,
            910,
            920,
            930,
            940,
            950,
            960,
            970,
            980,
            990,
            1000,
            1010,
            1020,
            1030,
            1040,
            1050,
            1060,
            1070,
            1080,
            1090,
            1100,
            1110,
            1120,
            1130,
            1140,
            1150,
            1160,
            1170,
            1180,
            1190,
            1200,
            1210,
            1220,
            1230,
            1240,
            1250,
            1260,
            1270,
            1280,
            1290,
            1300,
            1310,
            1320,
            1330,
            1340,
            1350,
            1360,
            1370,
            1380,
            1390,
            1400,
            1410,
            1420,
            1430,
            1440,
            1450,
            1460,
            1470,
            1480,
            1490,
            1500,
            1510,
            1520,
            1530,
            1540,
            1550,
            1560,
            1570,
            1580,
            1590,
            1600,
            1610,
            1620,
            1630,
            1640,
            1650,
            1660,
            1670,
            1680,
            1690,
            1700,
            1710,
            1720,
            1730,
            1740,
            1750,
            1760,
            1770,
            1780,
            1790,
            1800,
            1810,
            1820,
            1830,
            1840,
            1850,
            1860,
            1870,
            1880,
            1890,
            1900,
            1910,
            1920,
            1930,
            1940,
            1950,
            1960,
            1970
        ],
        "Gibbs_free(J/mole)": [
            -555976.7165684024,
            -555976.6824891275,
            -555976.8240555205,
            -555977.7065828771,
            -555980.2420609866,
            -555985.760229554,
            -555995.7537631626,
            -556011.602069851,
            -556034.424317687,
            -556065.0519368765,
            -556104.0587673717,
            -556151.8118991364,
            -556208.520700861,
            -556274.2787566152,
            -556349.0965825238,
            -556432.926013628,
            -556525.6782671076,
            -556627.2363105774,
            -556737.4647768053,
            -556856.2160269334,
            -556983.3350165365,
            -557118.6626335761,
            -557262.0379902041,
            -557413.3001388137,
            -557572.2895059516,
            -557738.8480821283,
            -557912.8211816772,
            -558094.0566289541,
            -558282.4061508948,
            -558477.7247545731,
            -558679.8713268562,
            -558888.708523675,
            -559104.1029049974,
            -559325.9248687002,
            -559554.0484074958,
            -559788.3514339967,
            -560028.7156555388,
            -560275.0261101733,
            -560527.1710832233,
            -560785.0432746577,
            -561048.5376115941,
            -561317.552677203,
            -561591.9902687032,
            -561871.7552130063,
            -562156.7546643455,
            -562446.8994923683,
            -562742.1026334655,
            -563042.2798665146,
            -563347.3492790274,
            -563657.2317477548,
            -563971.8504626914,
            -564291.1304730144,
            -564614.9993877106,
            -564943.386627713,
            -565276.2242838223,
            -565613.4452612564,
            -565954.9853131357,
            -566300.7818511556,
            -566650.7734197212,
            -567004.9012615462,
            -567363.1069779163,
            -567725.3350174171,
            -568091.5304946975,
            -568461.6400094781,
            -568835.6122688768,
            -569213.3963107084,
            -569594.9432149502,
            -569980.2052560227,
            -570369.1352838208,
            -570761.6883950806,
            -571157.8199541827,
            -571557.4866157002,
            -571960.6463765474,
            -572367.2577899793,
            -572777.2807916724,
            -573190.6762653007,
            -573607.4057003927,
            -574027.4316469788,
            -574450.717999291,
            -574877.2281900044,
            -575306.9281366307,
            -575739.783677459,
            -576175.7606552623,
            -576614.8273193685,
            -577056.9515438492,
            -577502.1020217582,
            -577950.2480616105,
            -578401.359789314,
            -578855.4085502679,
            -579312.3649457988,
            -579772.2016196834,
            -580234.890507119,
            -580700.4051306657,
            -581168.7188975322,
            -581639.8062416546,
            -582113.6416464517,
            -582590.2005122409,
            -583069.4584963702,
            -583551.391354086,
            -584035.9763231397,
            -584523.1901283559,
            -585013.0104505194,
            -585505.4149552112,
            -586000.3823074511,
            -586497.8911946596,
            -586997.9206441338,
            -587500.4503478212,
            -588005.4600071394,
            -588512.9297946523,
            -589022.84069459,
            -589535.1734433863,
            -590049.909353488,
            -590567.0302848674,
            -591086.5178819743,
            -591608.3543151479,
            -592132.5225172382,
            -592659.0050151937,
            -593187.7849605543,
            -593718.846329311,
            -594252.1720193143,
            -594787.7464358463,
            -595325.5538047896,
            -595865.5786751249,
            -596407.8054057047,
            -596952.2195080855,
            -597498.8057706879,
            -598047.5500395457,
            -598598.4378754301,
            -599151.4547934717,
            -599706.5874896968,
            -600263.821687276,
            -600823.1447217928,
            -601384.542744776,
            -601948.003064594,
            -602513.5125141888,
            -603081.0587007961,
            -603650.6288780053,
            -604222.2111082001,
            -604795.7927639491,
            -605371.362792959,
            -605948.9083729294,
            -606528.4182126338,
            -607109.8815399867,
            -607693.2864957289,
            -608278.6220841653,
            -608865.8770099583,
            -609455.0410492778,
            -610046.1035860715,
            -610639.0532361107,
            -611233.8806109501,
            -611830.5751001359,
            -612429.126276572,
            -613029.524511875,
            -613631.7597343333,
            -614235.8226483732,
            -614841.7032988318,
            -615449.3923735258,
            -616058.8806991486,
            -616670.1586923486,
            -617283.2176587757,
            -617898.048082145,
            -618514.6413941509,
            -619132.9890626208,
            -619753.0820274618,
            -620374.9118588915,
            -620998.4703098523,
            -621623.7484960243,
            -622250.7385503737,
            -622879.4327938177,
            -623509.822240768,
            -624141.8992200562,
            -624775.6560139239,
            -625411.0849775177,
            -626048.1778644049,
            -626686.9278548305,
            -627327.3265877216,
            -627969.3671277874,
            -628613.0419259457,
            -629258.3441201695,
            -629905.2658818666,
            -630553.8001637054,
            -631203.9403483608,
            -631855.6793886884,
            -632509.009906237,
            -633163.9255993011,
            -633820.4190645623,
            -634478.4844297357,
            -635138.1147262505,
            -635799.3032147879,
            -636462.0433911366,
            -637126.3292137152,
            -637792.1539829427,
            -638459.5118754018,
            -639128.3954968893,
            -639798.7998032646,
            -640470.7184708392,
            -641144.1451169192,
            -641819.0738449174
        ],
        "Cp(J/mole.K)": [
            -0.0,
            0.027306307482649575,
            0.16552591740037315,
            0.5272164695517858,
            1.209369670995511,
            2.2235242025053594,
            3.4738278522505426,
            4.831404677487444,
            6.192779032047838,
            7.49477142774558,
            8.706870951165909,
            9.819396185205553,
            10.834184452041521,
            11.75862984853156,
            12.60203102235682,
            13.373639976212877,
            14.081930045550692,
            14.734503247839154,
            15.337678515119478,
            15.896772886160761,
            16.416366968129292,
            16.900221762328886,
            17.35169814398978,
            17.77350189430871,
            18.168095986847774,
            18.537877194467,
            18.88464076984089,
            19.210215685374006,
            19.516144720604643,
            19.803841525144534,
            20.074801634880757,
            20.330246340573627,
            20.571139485761478,
            20.798431723786056,
            21.013483712892096,
            21.217097020125948,
            21.409361677325784,
            21.591801684658265,
            21.765545651980183,
            21.929932109397527,
            22.086128738359534,
            22.235461589478597,
            22.377325459860746,
            22.512374325643776,
            22.641930825461152,
            22.76560663225249,
            22.883477908145935,
            22.996520835405633,
            23.105445722490515,
            23.209883923697685,
            23.309676694043446,
            23.40572253468561,
            23.498762420331985,
            23.58828446946871,
            23.673779822106084,
            23.75718998910436,
            23.837908181059134,
            23.91551920034415,
            23.990904833993532,
            24.06365958343077,
            24.13493787904727,
            24.203635189877154,
            24.270298966986637,
            24.335811941637076,
            24.398675030656022,
            24.460546636648406,
            24.520852615451577,
            24.579274520362524,
            24.637422535172515,
            24.69351569390254,
            24.748066004831344,
            24.80199274578782,
            24.854386968584834,
            24.90632440205081,
            24.957413151214023,
            25.00669941888196,
            25.05604133837629,
            25.104235593770696,
            25.150784960546353,
            25.198915247488245,
            25.24476258386869,
            25.28851277108205,
            25.33465840842109,
            25.379450496484,
            25.42182126621465,
            25.464013477845402,
            25.507537426642436,
            25.55057092060179,
            25.591677667759484,
            25.632900758908363,
            25.673493525391677,
            25.71393618646233,
            25.754480014892565,
            25.794383527062084,
            25.833925054141055,
            25.87348987288708,
            25.911771021131358,
            25.94986886350671,
            25.989434440649347,
            26.027844010122053,
            26.06513146369238,
            26.102767118956983,
            26.141102112305816,
            26.178685358830116,
            26.215575654269344,
            26.252694097435167,
            26.288778224040364,
            26.32554289062376,
            26.363345138146542,
            26.399722194060296,
            26.436280054243824,
            26.473138107627165,
            26.50812863833255,
            26.5440016463808,
            26.581008831400283,
            26.61619815051381,
            26.652780807180932,
            26.689500172980562,
            26.72343763305706,
            26.759311978245133,
            26.79639822989685,
            26.831191705397558,
            26.866210730141376,
            26.902449509472266,
            26.938065348844887,
            26.974186746883788,
            27.008800767094094,
            27.043092740216345,
            27.078847610578123,
            27.11456749941008,
            27.15103201105357,
            27.186137559675352,
            27.220749312162024,
            27.25600055792893,
            27.291091252653768,
            27.326602806526257,
            27.36157523274926,
            27.397524940190387,
            27.43344447583057,
            27.465478833121495,
            27.501453269389557,
            27.540343556308553,
            27.574188780877837,
            27.60697630514644,
            27.64231536160213,
            27.68072432906795,
            27.715259279974063,
            27.747899212402572,
            27.785805611126335,
            27.820686769186025,
            27.853303927404124,
            27.888915325910677,
            27.925154084456153,
            27.961158270196865,
            27.995616319338914,
            28.031113795702947,
            28.06671531413471,
            28.101270292917842,
            28.136130345536873,
            28.16993359853525,
            28.206362717319276,
            28.243014191472096,
            28.27635396954172,
            28.31166999892727,
            28.3467475346406,
            28.37982729038096,
            28.417791741602933,
            28.454503219227995,
            28.484939469443873,
            28.519099667892682,
            28.557157697475976,
            28.591530564380445,
            28.625615360704373,
            28.661225014823263,
            28.69432105194998,
            28.728940219662658,
            28.765965470718466,
            28.800633308419492,
            28.831777634220852,
            28.866034815699095,
            28.904316512402914,
            28.937788503421285,
            28.969784614961572,
            29.003672054534867,
            29.03805118058756,
            29.075078053574543,
            29.108788971801616,
            29.139289949808685,
            29.17390521315312,
            29.20960469737237,
            29.244148107013004,
            29.275153220587526,
            29.305277645029946,
            29.34304451636453,
            29.37832109075306,
            29.40795062496992,
            29.44041625729352,
            29.473961648827277
        ],
        "S(J/mole.K)": [
            0,
            0.013653153741324787,
            0.06868778683274288,
            0.19793867777480045,
            0.43697929824120363,
            0.8105029273661785,
            1.3223410019709263,
            1.9569269904313842,
            2.6890760140406202,
            3.4925008939739204,
            4.344220631962526,
            5.225900369757437,
            6.12366091216245,
            7.027340258505137,
            7.929667789192171,
            8.82552832491201,
            9.711376638042566,
            10.584804694549529,
            11.44421906255302,
            12.288601816556183,
            13.117347119342593,
            13.930142525982227,
            14.726885534418397,
            15.507622786381397,
            16.272505262070624,
            17.021764805685958,
            17.755688518226084,
            18.474599421791204,
            19.17884674100205,
            19.868794868835536,
            20.544820439620523,
            21.207307665910044,
            21.856638919416582,
            22.493190727272303,
            23.117340299970238,
            23.729463505279274,
            24.329917136799487,
            24.919050486164636,
            25.497220348590055,
            26.064762082930248,
            26.621991667921247,
            27.16923244287609,
            27.706793340266447,
            28.234961866415688,
            28.754028329371067,
            29.26427418264502,
            29.76595882297115,
            30.259336117169003,
            30.744661682119478,
            31.222178958637233,
            31.69211127581948,
            32.15467591074703,
            32.610093417391184,
            33.05857404160925,
            33.500306692189774,
            33.935482811655675,
            34.36429573200439,
            34.78691945405008,
            35.203522855314084,
            35.61427031893837,
            36.01932411976741,
            36.41883905446885,
            36.81295772432059,
            37.201827306412454,
            37.58558331970562,
            37.964356019433765,
            38.33827810545045,
            38.70746956220974,
            39.07205450264446,
            39.43215054080647,
            39.78786096036201,
            40.1392947811415,
            40.486556611390554,
            40.82974778392236,
            41.16897021689074,
            41.50431271629059,
            41.83586642297597,
            42.1637233170448,
            42.48796081440379,
            42.80867060028397,
            43.12593717179698,
            43.439818868631846,
            43.75040042375913,
            44.05776830420364,
            44.361976924886406,
            44.66308560414181,
            44.96117355491879,
            45.25631555273285,
            45.54856517382141,
            45.837977493740624,
            46.12461307376944,
            46.40852895701683,
            46.68978432075964,
            46.968433802168875,
            47.244527778466,
            47.51811853592372,
            47.789251939147654,
            48.05797129051935,
            48.324332656465415,
            48.58838556940173,
            48.850164984347074,
            49.10971226106631,
            49.36707653788035,
            49.62230019218114,
            49.87541761048342,
            50.126466860933576,
            50.375483360837094,
            50.622503587268874,
            50.86757266662025,
            51.11072483349999,
            51.35198938592948,
            51.59140266512112,
            51.82899089496786,
            52.064782089678914,
            52.29881679646496,
            52.531122769186915,
            52.761728045734344,
            52.99066841467429,
            53.217961012946034,
            53.44363000211306,
            53.667715745346506,
            53.89024009763526,
            54.11122021165794,
            54.33068718353462,
            54.54866796563148,
            54.76518594386436,
            54.980260471673695,
            55.19390712155147,
            55.406152739086245,
            55.617024710431,
            55.82654697949329,
            56.0347379095052,
            56.241610692230466,
            56.44718575865118,
            56.65148435620941,
            56.8545264262808,
            57.056330092895955,
            57.25691508642195,
            57.456302591312856,
            57.65449581571884,
            57.85151197813102,
            58.047392246845995,
            58.24214525361604,
            58.43576535681205,
            58.62827350766311,
            58.81970454288385,
            59.01007058793912,
            59.19936646901188,
            59.38761804348032,
            59.574847017675346,
            59.761049373392595,
            59.9462411215587,
            60.13044758278848,
            60.31368297649315,
            60.49595416888915,
            60.677271974796895,
            60.85765234340361,
            61.037104255660964,
            61.2156371342091,
            61.393260218229265,
            61.569989798571626,
            61.745845906260364,
            61.92082982789434,
            62.09494813882483,
            62.26821676309482,
            62.44063925050868,
            62.61223448540404,
            62.783023367072744,
            62.95299309604743,
            63.12214573613164,
            63.29051341093873,
            63.45810601778794,
            63.62492098249204,
            63.79097089108109,
            63.956261747080134,
            64.1207993789736,
            64.28460355813004,
            64.4476827721548,
            64.61002863278699,
            64.77164815437573,
            64.9325693046325,
            65.09279771499715,
            65.25232367764256,
            65.41115600362681,
            65.56930875701363,
            65.72679779682366,
            65.88362852158025,
            66.03979049427289,
            66.19529320768488,
            66.35015746762511,
            66.50438983861822,
            66.65798464986582,
            66.81093700382189,
            66.96327108106489,
            67.11500665350613,
            67.26612897750746,
            67.41663708180714,
            67.5665471937653
        ]
    },
    "Phonon_data": {
        "Numb_Node": 15,
        "total_n_kpoints": 100,
        "frequency": {
            "Node_1": [
                -0.13858484713542105,
                -0.933551084505659,
                -0.7411306110099661,
                2.8962451780983276,
                5.727075387632139,
                8.60429797843511,
                11.303071212537297,
                13.576238212115454,
                15.128170226879304,
                15.782245874457502,
                15.754587699022212,
                15.50105088283664,
                15.374960523573147,
                15.38057340963998,
                15.42559052201859,
                15.565402494740503,
                15.834953660462794,
                16.225031820346906,
                16.680146414672507,
                17.11221382256964,
                17.425963493181772,
                17.548399844471316,
                17.305483055729752,
                16.747318443535416,
                16.17133719869554,
                15.403487796645896,
                13.867970704683684,
                11.40689633695872,
                8.323083413469371,
                4.95524283842399,
                1.5886767214405837,
                -1.1177715350759054,
                -0.13858484713542105,
                -0.13858484713542105,
                -0.13858484713542105,
                -0.13858484713542105,
                -0.13858484713542105,
                -0.13858484713542105,
                -0.13858484713542105,
                -0.13858484713542105,
                -0.13858484713542105,
                -0.13858484713542105,
                -0.13858484713542105,
                -0.13858484713542105,
                -0.13858484713542105,
                -0.933551084505659,
                -0.7411306110099661,
                2.8962451780983276,
                5.727075387632139,
                8.60429797843511,
                11.303071212537297,
                13.576238212115454,
                15.128170226879304,
                15.782245874457502,
                15.754587699022212,
                15.50105088283664,
                15.374960523573147,
                15.38057340963998,
                15.42559052201859,
                15.565402494740503,
                15.834953660462794,
                16.225031820346906,
                16.680146414672507,
                17.11221382256964,
                17.425963493181772,
                17.548399844471316,
                17.305483055729752,
                16.747318443535416,
                16.17133719869554,
                15.403487796645896,
                13.867970704683684,
                11.40689633695872,
                8.323083413469371,
                4.95524283842399,
                1.5886767214405837,
                -1.1177715350759054,
                -0.13858484713542105,
                15.374960523573147,
                15.374960523573147,
                15.374960523573147,
                15.374960523573147,
                15.374960523573147,
                15.374960523573147,
                15.374960523573147,
                15.374960523573147,
                15.374960523573147,
                15.374960523573147,
                15.374960523573147,
                15.374960523573147,
                15.374960523573147,
                17.548399844471316,
                17.548399844471316,
                17.548399844471327,
                17.548399844471316,
                17.548399844471327,
                17.548399844471316,
                17.548399844471316,
                17.548399844471316,
                17.548399844471316,
                17.548399844471316,
                17.548399844471316,
                17.548399844471316,
                17.548399844471316
            ],
            "Node_2": [
                -0.12470728910149081,
                2.7565017463560384,
                5.456270520727098,
                8.107949798963366,
                10.68694675962149,
                13.101419043215103,
                15.278084944194203,
                17.177519556098673,
                18.769804654424895,
                20.034505055919727,
                20.975675395054875,
                21.600407943449227,
                21.83785134938525,
                21.92104815335914,
                22.147846026313662,
                22.461040060911316,
                22.801359125906043,
                23.134076749435994,
                23.444591984040354,
                23.722762029769246,
                23.950491767797455,
                24.09572076913906,
                24.076421370157814,
                23.658547508492592,
                22.729212010365195,
                21.341024782305926,
                19.444666885445187,
                16.897295152828747,
                13.838154786830174,
                10.472235426989405,
                6.96471339359868,
                3.4609554120788624,
                -0.12470728910149081,
                -0.12470728910149081,
                -0.12470728910149081,
                -0.12470728910149081,
                -0.12470728910149081,
                -0.12470728910149081,
                -0.12470728910149081,
                -0.12470728910149081,
                -0.12470728910149081,
                -0.12470728910149081,
                -0.12470728910149081,
                -0.12470728910149081,
                -0.12470728910149081,
                2.7565017463560384,
                5.456270520727098,
                8.107949798963366,
                10.68694675962149,
                13.101419043215103,
                15.278084944194203,
                17.177519556098673,
                18.769804654424895,
                20.034505055919727,
                20.975675395054875,
                21.600407943449227,
                21.83785134938525,
                21.92104815335914,
                22.147846026313662,
                22.461040060911316,
                22.801359125906043,
                23.134076749435994,
                23.444591984040354,
                23.722762029769246,
                23.950491767797455,
                24.09572076913906,
                24.076421370157814,
                23.658547508492592,
                22.729212010365195,
                21.341024782305926,
                19.444666885445187,
                16.897295152828747,
                13.838154786830174,
                10.472235426989405,
                6.96471339359868,
                3.4609554120788624,
                -0.12470728910149081,
                21.83785134938525,
                21.83785134938525,
                21.83785134938525,
                21.83785134938525,
                21.83785134938525,
                21.83785134938525,
                21.83785134938525,
                21.83785134938525,
                21.83785134938525,
                21.83785134938525,
                21.83785134938525,
                21.83785134938525,
                21.83785134938525,
                24.09572076913906,
                24.09572076913906,
                24.09572076913905,
                24.09572076913906,
                24.09572076913905,
                24.09572076913906,
                24.09572076913906,
                24.09572076913906,
                24.09572076913906,
                24.09572076913906,
                24.09572076913906,
                24.09572076913906,
                24.09572076913906
            ],
            "Node_3": [
                -0.09647570848665268,
                4.381541820594493,
                8.701965991258804,
                12.840246130785458,
                16.565066866644617,
                19.59526077804508,
                21.76409549260786,
                23.14023529557921,
                23.891666223401078,
                23.988280563980574,
                23.824103774616237,
                23.615491963857004,
                23.51026676533993,
                23.62199511441046,
                23.917075704705788,
                24.30316321966507,
                24.682724186391233,
                24.983301401400553,
                25.17068273820623,
                25.24768878027957,
                25.239934747342833,
                25.175317745650432,
                24.97806348104025,
                24.689845715111385,
                24.428242409879697,
                24.16699270800758,
                23.559020815395396,
                22.117105339119135,
                19.547101149919346,
                15.681762967358463,
                10.843384441573008,
                5.507015550302079,
                -0.09647570848665268,
                -0.09647570848665268,
                -0.09647570848665268,
                -0.09647570848665268,
                -0.09647570848665268,
                -0.09647570848665268,
                -0.09647570848665268,
                -0.09647570848665268,
                -0.09647570848665268,
                -0.09647570848665268,
                -0.09647570848665268,
                -0.09647570848665268,
                -0.09647570848665268,
                4.381541820594493,
                8.701965991258804,
                12.840246130785458,
                16.565066866644617,
                19.59526077804508,
                21.76409549260786,
                23.14023529557921,
                23.891666223401078,
                23.988280563980574,
                23.824103774616237,
                23.615491963857004,
                23.51026676533993,
                23.62199511441046,
                23.917075704705788,
                24.30316321966507,
                24.682724186391233,
                24.983301401400553,
                25.17068273820623,
                25.24768878027957,
                25.239934747342833,
                25.175317745650432,
                24.97806348104025,
                24.689845715111385,
                24.428242409879697,
                24.16699270800758,
                23.559020815395396,
                22.117105339119135,
                19.547101149919346,
                15.681762967358463,
                10.843384441573008,
                5.507015550302079,
                -0.09647570848665268,
                23.51026676533993,
                23.51026676533993,
                23.51026676533993,
                23.51026676533993,
                23.51026676533993,
                23.51026676533993,
                23.51026676533993,
                23.51026676533993,
                23.51026676533993,
                23.51026676533993,
                23.51026676533993,
                23.51026676533993,
                23.51026676533993,
                25.175317745650432,
                25.175317745650432,
                25.175317745650418,
                25.175317745650432,
                25.175317745650418,
                25.175317745650432,
                25.175317745650432,
                25.175317745650432,
                25.175317745650432,
                25.175317745650432,
                25.175317745650432,
                25.175317745650432,
                25.175317745650432
            ],
            "Node_4": [
                23.34714765795152,
                23.46826704304444,
                23.60398514957915,
                23.81170312428966,
                24.073823435572745,
                24.310289978768058,
                24.413581867139182,
                24.413654706342722,
                24.510678925782635,
                25.07537218516621,
                25.739318482973374,
                26.11807488017915,
                26.181294157566715,
                26.26673353706947,
                26.511141922643066,
                26.8974537913223,
                27.41606735206859,
                28.020803962635465,
                28.579004502288605,
                28.980373889024744,
                29.320964970026495,
                29.54185044649486,
                28.881565702000753,
                27.95251578434274,
                26.868465057715227,
                25.78475678425417,
                25.014404229881947,
                24.603727630183695,
                24.267560889167672,
                23.930761072231682,
                23.632829754244312,
                23.437320819592575,
                23.34714765795152,
                23.34714765795152,
                23.34714765795152,
                23.34714765795152,
                23.34714765795152,
                23.34714765795152,
                23.34714765795152,
                23.34714765795152,
                23.34714765795152,
                23.34714765795152,
                23.34714765795152,
                23.34714765795152,
                23.34714765795152,
                23.46826704304444,
                23.60398514957915,
                23.81170312428966,
                24.073823435572745,
                24.310289978768058,
                24.413581867139182,
                24.413654706342722,
                24.510678925782635,
                25.07537218516621,
                25.739318482973374,
                26.11807488017915,
                26.181294157566715,
                26.26673353706947,
                26.511141922643066,
                26.8974537913223,
                27.41606735206859,
                28.020803962635465,
                28.579004502288605,
                28.980373889024744,
                29.320964970026495,
                29.54185044649486,
                28.881565702000753,
                27.95251578434274,
                26.868465057715227,
                25.78475678425417,
                25.014404229881947,
                24.603727630183695,
                24.267560889167672,
                23.930761072231682,
                23.632829754244312,
                23.437320819592575,
                23.34714765795152,
                26.181294157566715,
                26.181294157566715,
                26.181294157566715,
                26.181294157566715,
                26.181294157566715,
                26.181294157566715,
                26.181294157566715,
                26.181294157566715,
                26.181294157566715,
                26.181294157566715,
                26.181294157566715,
                26.181294157566715,
                26.181294157566715,
                29.54185044649486,
                29.54185044649486,
                29.541850446494866,
                29.54185044649486,
                29.541850446494866,
                29.54185044649486,
                29.54185044649486,
                29.54185044649486,
                29.54185044649486,
                29.54185044649486,
                29.54185044649486,
                29.54185044649486,
                29.54185044649486
            ],
            "Node_5": [
                23.477320371817193,
                23.692592928186478,
                24.435642049115643,
                25.19303284631079,
                25.557159261961992,
                25.49036361617803,
                25.638754330075344,
                25.922660559789925,
                26.196590156683484,
                26.359208036237394,
                26.393158215897735,
                26.42082539706582,
                26.477864211696062,
                26.565118461090286,
                26.826878353488922,
                27.246210279171397,
                27.76983915813091,
                28.332648517499564,
                28.870267333667712,
                29.333443800399333,
                29.633023196738552,
                29.650148902645938,
                29.445074393270268,
                28.531640131848008,
                27.320541582814073,
                26.12015931466027,
                25.360604374495125,
                25.179798938837422,
                25.229995703004025,
                25.29065390124358,
                24.87532367602243,
                23.898795061008617,
                23.477320371817193,
                23.477320371817193,
                23.477320371817193,
                23.477320371817193,
                23.477320371817193,
                23.477320371817193,
                23.477320371817193,
                23.477320371817193,
                23.477320371817193,
                23.477320371817193,
                23.477320371817193,
                23.477320371817193,
                23.477320371817193,
                23.692592928186478,
                24.435642049115643,
                25.19303284631079,
                25.557159261961992,
                25.49036361617803,
                25.638754330075344,
                25.922660559789925,
                26.196590156683484,
                26.359208036237394,
                26.393158215897735,
                26.42082539706582,
                26.477864211696062,
                26.565118461090286,
                26.826878353488922,
                27.246210279171397,
                27.76983915813091,
                28.332648517499564,
                28.870267333667712,
                29.333443800399333,
                29.633023196738552,
                29.650148902645938,
                29.445074393270268,
                28.531640131848008,
                27.320541582814073,
                26.12015931466027,
                25.360604374495125,
                25.179798938837422,
                25.229995703004025,
                25.29065390124358,
                24.87532367602243,
                23.898795061008617,
                23.477320371817193,
                26.477864211696062,
                26.477864211696062,
                26.477864211696062,
                26.477864211696062,
                26.477864211696062,
                26.477864211696062,
                26.477864211696062,
                26.477864211696062,
                26.477864211696062,
                26.477864211696062,
                26.477864211696062,
                26.477864211696062,
                26.477864211696062,
                29.650148902645938,
                29.650148902645938,
                29.650148902645938,
                29.650148902645938,
                29.650148902645938,
                29.650148902645938,
                29.650148902645938,
                29.650148902645938,
                29.650148902645938,
                29.650148902645938,
                29.650148902645938,
                29.650148902645938,
                29.650148902645938
            ],
            "Node_6": [
                26.939992645779544,
                26.605289855170142,
                26.152080520942555,
                25.820643220025993,
                25.566070425891834,
                25.890636579824594,
                26.113478749302757,
                26.278129917666753,
                26.668241040607043,
                27.429213709170178,
                27.85444832673425,
                27.97237688267863,
                28.021293322396183,
                28.010795432685498,
                28.013744472266158,
                28.083909937816916,
                28.24562183503758,
                28.50109268811782,
                28.88675997282516,
                29.37391690552097,
                29.73500596617887,
                29.862988444879974,
                30.02731609238596,
                29.907082847612976,
                29.10605423257181,
                28.378939329991802,
                27.964515849246894,
                27.581067327499564,
                26.4873612974596,
                25.851028382764497,
                25.89934250803992,
                26.484150836664895,
                26.939992645779544,
                26.939992645779544,
                26.939992645779544,
                26.939992645779544,
                26.939992645779544,
                26.939992645779544,
                26.939992645779544,
                26.939992645779544,
                26.939992645779544,
                26.939992645779544,
                26.939992645779544,
                26.939992645779544,
                26.939992645779544,
                26.605289855170142,
                26.152080520942555,
                25.820643220025993,
                25.566070425891834,
                25.890636579824594,
                26.113478749302757,
                26.278129917666753,
                26.668241040607043,
                27.429213709170178,
                27.85444832673425,
                27.97237688267863,
                28.021293322396183,
                28.010795432685498,
                28.013744472266158,
                28.083909937816916,
                28.24562183503758,
                28.50109268811782,
                28.88675997282516,
                29.37391690552097,
                29.73500596617887,
                29.862988444879974,
                30.02731609238596,
                29.907082847612976,
                29.10605423257181,
                28.378939329991802,
                27.964515849246894,
                27.581067327499564,
                26.4873612974596,
                25.851028382764497,
                25.89934250803992,
                26.484150836664895,
                26.939992645779544,
                28.021293322396183,
                28.021293322396183,
                28.021293322396183,
                28.021293322396183,
                28.021293322396183,
                28.021293322396183,
                28.021293322396183,
                28.021293322396183,
                28.021293322396183,
                28.021293322396183,
                28.021293322396183,
                28.021293322396183,
                28.021293322396183,
                29.862988444879974,
                29.862988444879974,
                29.862988444879964,
                29.862988444879974,
                29.862988444879964,
                29.862988444879974,
                29.862988444879974,
                29.862988444879974,
                29.862988444879974,
                29.862988444879974,
                29.862988444879974,
                29.862988444879974,
                29.862988444879974
            ],
            "Node_7": [
                27.090398794155977,
                26.755275805061036,
                26.244562257353905,
                26.176783482170123,
                26.86454678141913,
                27.682859430515105,
                28.201334402855256,
                27.987348432384017,
                27.798363529024815,
                27.75757443083572,
                28.542452025508023,
                29.806732134685806,
                30.556790036157718,
                30.741291535731364,
                31.24194487281869,
                31.930660331013073,
                31.885250662737143,
                31.576539582052884,
                31.226110630296255,
                30.862548139799603,
                30.54508476500866,
                30.430375242261388,
                30.389321357467747,
                30.05442337499131,
                29.72024701843919,
                29.166879037289597,
                28.533293813762253,
                27.92163720724419,
                27.690296933853865,
                26.950206220828218,
                26.377753130770085,
                26.662166632513372,
                27.090398794155977,
                27.090398794155977,
                27.090398794155977,
                27.090398794155977,
                27.090398794155977,
                27.090398794155977,
                27.090398794155977,
                27.090398794155977,
                27.090398794155977,
                27.090398794155977,
                27.090398794155977,
                27.090398794155977,
                27.090398794155977,
                26.755275805061036,
                26.244562257353905,
                26.176783482170123,
                26.86454678141913,
                27.682859430515105,
                28.201334402855256,
                27.987348432384017,
                27.798363529024815,
                27.75757443083572,
                28.542452025508023,
                29.806732134685806,
                30.556790036157718,
                30.741291535731364,
                31.24194487281869,
                31.930660331013073,
                31.885250662737143,
                31.576539582052884,
                31.226110630296255,
                30.862548139799603,
                30.54508476500866,
                30.430375242261388,
                30.389321357467747,
                30.05442337499131,
                29.72024701843919,
                29.166879037289597,
                28.533293813762253,
                27.92163720724419,
                27.690296933853865,
                26.950206220828218,
                26.377753130770085,
                26.662166632513372,
                27.090398794155977,
                30.556790036157718,
                30.556790036157718,
                30.556790036157718,
                30.556790036157718,
                30.556790036157718,
                30.556790036157718,
                30.556790036157718,
                30.556790036157718,
                30.556790036157718,
                30.556790036157718,
                30.556790036157718,
                30.556790036157718,
                30.556790036157718,
                30.430375242261388,
                30.430375242261388,
                30.430375242261388,
                30.430375242261388,
                30.430375242261388,
                30.430375242261388,
                30.430375242261388,
                30.430375242261388,
                30.430375242261388,
                30.430375242261388,
                30.430375242261388,
                30.430375242261388,
                30.430375242261388
            ],
            "Node_8": [
                27.707364480796365,
                27.899677226115998,
                28.12747378155097,
                28.2783856207063,
                28.35647404108362,
                28.342914033578097,
                28.753960858379617,
                30.090235692358775,
                31.38838279622672,
                32.394816698635644,
                32.99748743836027,
                32.89327756373811,
                32.49948734398041,
                32.4599571186353,
                32.34494784392849,
                32.18103614810925,
                32.78151232754867,
                33.55563677082761,
                34.12667606240849,
                34.48595111351615,
                34.845982328901755,
                35.08863759941169,
                34.633143307183154,
                33.92550000486021,
                33.05904478400115,
                31.870138665556162,
                30.40718892543322,
                29.11491508445073,
                28.472540865194254,
                28.190795163183125,
                28.073476080752975,
                27.940149862016764,
                27.707364480796365,
                27.707364480796365,
                27.707364480796365,
                27.707364480796365,
                27.707364480796365,
                27.707364480796365,
                27.707364480796365,
                27.707364480796365,
                27.707364480796365,
                27.707364480796365,
                27.707364480796365,
                27.707364480796365,
                27.707364480796365,
                27.899677226115998,
                28.12747378155097,
                28.2783856207063,
                28.35647404108362,
                28.342914033578097,
                28.753960858379617,
                30.090235692358775,
                31.38838279622672,
                32.394816698635644,
                32.99748743836027,
                32.89327756373811,
                32.49948734398041,
                32.4599571186353,
                32.34494784392849,
                32.18103614810925,
                32.78151232754867,
                33.55563677082761,
                34.12667606240849,
                34.48595111351615,
                34.845982328901755,
                35.08863759941169,
                34.633143307183154,
                33.92550000486021,
                33.05904478400115,
                31.870138665556162,
                30.40718892543322,
                29.11491508445073,
                28.472540865194254,
                28.190795163183125,
                28.073476080752975,
                27.940149862016764,
                27.707364480796365,
                32.49948734398041,
                32.49948734398041,
                32.49948734398041,
                32.49948734398041,
                32.49948734398041,
                32.49948734398041,
                32.49948734398041,
                32.49948734398041,
                32.49948734398041,
                32.49948734398041,
                32.49948734398041,
                32.49948734398041,
                32.49948734398041,
                35.08863759941169,
                35.08863759941169,
                35.08863759941169,
                35.08863759941169,
                35.08863759941169,
                35.08863759941169,
                35.08863759941169,
                35.08863759941169,
                35.08863759941169,
                35.08863759941169,
                35.08863759941169,
                35.08863759941169,
                35.08863759941169
            ],
            "Node_9": [
                27.716232541944905,
                27.987615120018518,
                28.43903275878826,
                28.989909436898653,
                29.67626100920891,
                30.494679988446933,
                31.33320322753928,
                32.109995759614556,
                32.84730703131526,
                33.50884603321437,
                33.94602952706849,
                34.27565093167173,
                34.44648661308527,
                34.43932740019901,
                34.42395485856247,
                34.413632452122684,
                34.428914312095834,
                34.51923631694682,
                34.79444234454277,
                35.213278279435464,
                35.52862728453255,
                35.7987056790348,
                35.24389879414566,
                34.43363077675358,
                33.75082193057486,
                33.107399043077244,
                32.316394705632256,
                31.362461634380317,
                30.398940429646732,
                29.623070057008796,
                28.90591920839789,
                28.173721398064888,
                27.716232541944905,
                27.716232541944905,
                27.716232541944905,
                27.716232541944905,
                27.716232541944905,
                27.716232541944905,
                27.716232541944905,
                27.716232541944905,
                27.716232541944905,
                27.716232541944905,
                27.716232541944905,
                27.716232541944905,
                27.716232541944905,
                27.987615120018518,
                28.43903275878826,
                28.989909436898653,
                29.67626100920891,
                30.494679988446933,
                31.33320322753928,
                32.109995759614556,
                32.84730703131526,
                33.50884603321437,
                33.94602952706849,
                34.27565093167173,
                34.44648661308527,
                34.43932740019901,
                34.42395485856247,
                34.413632452122684,
                34.428914312095834,
                34.51923631694682,
                34.79444234454277,
                35.213278279435464,
                35.52862728453255,
                35.7987056790348,
                35.24389879414566,
                34.43363077675358,
                33.75082193057486,
                33.107399043077244,
                32.316394705632256,
                31.362461634380317,
                30.398940429646732,
                29.623070057008796,
                28.90591920839789,
                28.173721398064888,
                27.716232541944905,
                34.44648661308527,
                34.44648661308527,
                34.44648661308527,
                34.44648661308527,
                34.44648661308527,
                34.44648661308527,
                34.44648661308527,
                34.44648661308527,
                34.44648661308527,
                34.44648661308527,
                34.44648661308527,
                34.44648661308527,
                34.44648661308527,
                35.7987056790348,
                35.7987056790348,
                35.79870567903481,
                35.7987056790348,
                35.79870567903481,
                35.7987056790348,
                35.7987056790348,
                35.7987056790348,
                35.7987056790348,
                35.7987056790348,
                35.7987056790348,
                35.7987056790348,
                35.7987056790348
            ],
            "Node_10": [
                32.15387196420934,
                32.601997717429086,
                33.7790187638441,
                35.379515914947824,
                37.11179876546264,
                38.69975776737014,
                39.87213382871242,
                40.377060399152974,
                40.10373537668852,
                39.23711097911361,
                38.211820418016224,
                37.47152405947792,
                37.2176157520708,
                37.23294935053441,
                37.27605605295989,
                37.33574665787332,
                37.384803521461386,
                37.37371482584932,
                37.24238412698235,
                36.954970253219386,
                36.533558623396324,
                36.08529792305056,
                37.011843619839425,
                38.51023949791453,
                39.95680169844941,
                40.93904696812725,
                41.113352229594724,
                40.35975067697936,
                38.78676052694107,
                36.70874442962134,
                34.557976449323064,
                32.84247550525748,
                32.15387196420934,
                32.15387196420934,
                32.15387196420934,
                32.15387196420934,
                32.15387196420934,
                32.15387196420934,
                32.15387196420934,
                32.15387196420934,
                32.15387196420934,
                32.15387196420934,
                32.15387196420934,
                32.15387196420934,
                32.15387196420934,
                32.601997717429086,
                33.7790187638441,
                35.379515914947824,
                37.11179876546264,
                38.69975776737014,
                39.87213382871242,
                40.377060399152974,
                40.10373537668852,
                39.23711097911361,
                38.211820418016224,
                37.47152405947792,
                37.2176157520708,
                37.23294935053441,
                37.27605605295989,
                37.33574665787332,
                37.384803521461386,
                37.37371482584932,
                37.24238412698235,
                36.954970253219386,
                36.533558623396324,
                36.08529792305056,
                37.011843619839425,
                38.51023949791453,
                39.95680169844941,
                40.93904696812725,
                41.113352229594724,
                40.35975067697936,
                38.78676052694107,
                36.70874442962134,
                34.557976449323064,
                32.84247550525748,
                32.15387196420934,
                37.2176157520708,
                37.2176157520708,
                37.2176157520708,
                37.2176157520708,
                37.2176157520708,
                37.2176157520708,
                37.2176157520708,
                37.2176157520708,
                37.2176157520708,
                37.2176157520708,
                37.2176157520708,
                37.2176157520708,
                37.2176157520708,
                36.08529792305056,
                36.08529792305056,
                36.08529792305057,
                36.08529792305056,
                36.08529792305057,
                36.08529792305056,
                36.08529792305056,
                36.08529792305056,
                36.08529792305056,
                36.08529792305056,
                36.08529792305056,
                36.08529792305056,
                36.08529792305056
            ],
            "Node_11": [
                57.26486556551552,
                57.07746920728399,
                56.517536643098126,
                55.621197276750216,
                54.495240102398206,
                53.29737172170425,
                52.18391198057216,
                51.027291258296415,
                49.15818814730348,
                47.61831041047888,
                46.486985297982805,
                45.79105575507077,
                45.55528964608104,
                45.489675646745646,
                45.303255255481616,
                45.027212121772116,
                44.714682542109955,
                44.43870546652514,
                44.27515130187319,
                44.272894870689974,
                44.436066755085434,
                44.710899933615345,
                44.51389474945173,
                44.842386475842744,
                45.76302423952238,
                47.37447808975544,
                49.67633812751355,
                51.53672573906179,
                53.12438941521266,
                54.70241276663209,
                56.056760710618484,
                56.95526059698653,
                57.26486556551552,
                57.26486556551552,
                57.26486556551552,
                57.26486556551552,
                57.26486556551552,
                57.26486556551552,
                57.26486556551552,
                57.26486556551552,
                57.26486556551552,
                57.26486556551552,
                57.26486556551552,
                57.26486556551552,
                57.26486556551552,
                57.07746920728399,
                56.517536643098126,
                55.621197276750216,
                54.495240102398206,
                53.29737172170425,
                52.18391198057216,
                51.027291258296415,
                49.15818814730348,
                47.61831041047888,
                46.486985297982805,
                45.79105575507077,
                45.55528964608104,
                45.489675646745646,
                45.303255255481616,
                45.027212121772116,
                44.714682542109955,
                44.43870546652514,
                44.27515130187319,
                44.272894870689974,
                44.436066755085434,
                44.710899933615345,
                44.51389474945173,
                44.842386475842744,
                45.76302423952238,
                47.37447808975544,
                49.67633812751355,
                51.53672573906179,
                53.12438941521266,
                54.70241276663209,
                56.056760710618484,
                56.95526059698653,
                57.26486556551552,
                45.55528964608104,
                45.55528964608104,
                45.55528964608104,
                45.55528964608104,
                45.55528964608104,
                45.55528964608104,
                45.55528964608104,
                45.55528964608104,
                45.55528964608104,
                45.55528964608104,
                45.55528964608104,
                45.55528964608104,
                45.55528964608104,
                44.710899933615345,
                44.710899933615345,
                44.71089993361534,
                44.710899933615345,
                44.71089993361534,
                44.710899933615345,
                44.710899933615345,
                44.710899933615345,
                44.710899933615345,
                44.710899933615345,
                44.710899933615345,
                44.710899933615345,
                44.710899933615345
            ],
            "Node_12": [
                62.89245702687729,
                62.52387126813341,
                61.46673889504275,
                59.84730120658719,
                57.82834956207342,
                55.58104530180206,
                53.283173753553676,
                51.36565857837822,
                50.709578340122704,
                50.32909936815999,
                50.105193688504144,
                49.984786108744146,
                49.94667226850239,
                49.84374328366911,
                49.538800258779744,
                49.04614121936962,
                48.39454137271188,
                47.62802354720894,
                46.80621939404885,
                46.00586648581297,
                45.316687804276945,
                44.84837414787079,
                45.47236256494141,
                46.397564406283,
                47.486708574552466,
                48.7107127938064,
                50.06449189445515,
                52.469060661538215,
                55.43608054754114,
                58.28387848415644,
                60.687927984474,
                62.31461421579512,
                62.89245702687729,
                62.89245702687729,
                62.89245702687729,
                62.89245702687729,
                62.89245702687729,
                62.89245702687729,
                62.89245702687729,
                62.89245702687729,
                62.89245702687729,
                62.89245702687729,
                62.89245702687729,
                62.89245702687729,
                62.89245702687729,
                62.52387126813341,
                61.46673889504275,
                59.84730120658719,
                57.82834956207342,
                55.58104530180206,
                53.283173753553676,
                51.36565857837822,
                50.709578340122704,
                50.32909936815999,
                50.105193688504144,
                49.984786108744146,
                49.94667226850239,
                49.84374328366911,
                49.538800258779744,
                49.04614121936962,
                48.39454137271188,
                47.62802354720894,
                46.80621939404885,
                46.00586648581297,
                45.316687804276945,
                44.84837414787079,
                45.47236256494141,
                46.397564406283,
                47.486708574552466,
                48.7107127938064,
                50.06449189445515,
                52.469060661538215,
                55.43608054754114,
                58.28387848415644,
                60.687927984474,
                62.31461421579512,
                62.89245702687729,
                49.94667226850239,
                49.94667226850239,
                49.94667226850239,
                49.94667226850239,
                49.94667226850239,
                49.94667226850239,
                49.94667226850239,
                49.94667226850239,
                49.94667226850239,
                49.94667226850239,
                49.94667226850239,
                49.94667226850239,
                49.94667226850239,
                44.84837414787079,
                44.84837414787079,
                44.84837414787079,
                44.84837414787079,
                44.84837414787079,
                44.84837414787079,
                44.84837414787079,
                44.84837414787079,
                44.84837414787079,
                44.84837414787079,
                44.84837414787079,
                44.84837414787079,
                44.84837414787079
            ],
            "Node_13": [
                79.43451903350322,
                79.34240629860665,
                79.17185609725162,
                79.13290447149718,
                79.3431781586312,
                79.7524139099303,
                80.24403682313958,
                80.76790546871463,
                81.33731092283438,
                81.92852505031523,
                82.44545134661372,
                82.7864550306948,
                82.90300768089924,
                82.89028690095115,
                82.85647717691087,
                82.8086783465346,
                82.75253058961515,
                82.69821087695654,
                82.65824272606712,
                82.63460679008212,
                82.61819285308552,
                82.59880932870358,
                82.52186452088773,
                82.3152110399444,
                81.94727988735558,
                81.43261321746296,
                80.83080453702311,
                80.22779008211198,
                79.6925980941091,
                79.31653405440478,
                79.21439874992144,
                79.33929045549417,
                79.43451903350322,
                79.43451903350322,
                79.43451903350322,
                79.43451903350322,
                79.43451903350322,
                79.43451903350322,
                79.43451903350322,
                79.43451903350322,
                79.43451903350322,
                79.43451903350322,
                79.43451903350322,
                79.43451903350322,
                79.43451903350322,
                79.34240629860665,
                79.17185609725162,
                79.13290447149718,
                79.3431781586312,
                79.7524139099303,
                80.24403682313958,
                80.76790546871463,
                81.33731092283438,
                81.92852505031523,
                82.44545134661372,
                82.7864550306948,
                82.90300768089924,
                82.89028690095115,
                82.85647717691087,
                82.8086783465346,
                82.75253058961515,
                82.69821087695654,
                82.65824272606712,
                82.63460679008212,
                82.61819285308552,
                82.59880932870358,
                82.52186452088773,
                82.3152110399444,
                81.94727988735558,
                81.43261321746296,
                80.83080453702311,
                80.22779008211198,
                79.6925980941091,
                79.31653405440478,
                79.21439874992144,
                79.33929045549417,
                79.43451903350322,
                82.90300768089924,
                82.90300768089924,
                82.90300768089924,
                82.90300768089924,
                82.90300768089924,
                82.90300768089924,
                82.90300768089924,
                82.90300768089924,
                82.90300768089924,
                82.90300768089924,
                82.90300768089924,
                82.90300768089924,
                82.90300768089924,
                82.59880932870358,
                82.59880932870358,
                82.59880932870358,
                82.59880932870358,
                82.59880932870358,
                82.59880932870358,
                82.59880932870358,
                82.59880932870358,
                82.59880932870358,
                82.59880932870358,
                82.59880932870358,
                82.59880932870358,
                82.59880932870358
            ],
            "Node_14": [
                92.54221227948317,
                92.49445837527261,
                92.36386909824685,
                92.1825024171439,
                91.98988860891413,
                91.83268957212921,
                91.78054762300594,
                91.91389291042749,
                92.26038313951875,
                92.58750755872302,
                92.55245861826106,
                92.52521025466284,
                92.5140247203044,
                92.5747595686812,
                92.74048441320248,
                92.96719343508565,
                93.1990799146207,
                93.38435300107506,
                93.42468983856654,
                93.39930816550418,
                93.38841610497037,
                93.39199157406577,
                93.36579762545487,
                93.14873225869289,
                92.69212054052646,
                92.10116409704771,
                91.62474028623116,
                91.49299721611324,
                91.71040450749177,
                92.07442335574282,
                92.37325965306584,
                92.50685459996714,
                92.54221227948317,
                92.54221227948317,
                92.54221227948317,
                92.54221227948317,
                92.54221227948317,
                92.54221227948317,
                92.54221227948317,
                92.54221227948317,
                92.54221227948317,
                92.54221227948317,
                92.54221227948317,
                92.54221227948317,
                92.54221227948317,
                92.49445837527261,
                92.36386909824685,
                92.1825024171439,
                91.98988860891413,
                91.83268957212921,
                91.78054762300594,
                91.91389291042749,
                92.26038313951875,
                92.58750755872302,
                92.55245861826106,
                92.52521025466284,
                92.5140247203044,
                92.5747595686812,
                92.74048441320248,
                92.96719343508565,
                93.1990799146207,
                93.38435300107506,
                93.42468983856654,
                93.39930816550418,
                93.38841610497037,
                93.39199157406577,
                93.36579762545487,
                93.14873225869289,
                92.69212054052646,
                92.10116409704771,
                91.62474028623116,
                91.49299721611324,
                91.71040450749177,
                92.07442335574282,
                92.37325965306584,
                92.50685459996714,
                92.54221227948317,
                92.5140247203044,
                92.5140247203044,
                92.5140247203044,
                92.5140247203044,
                92.5140247203044,
                92.5140247203044,
                92.5140247203044,
                92.5140247203044,
                92.5140247203044,
                92.5140247203044,
                92.5140247203044,
                92.5140247203044,
                92.5140247203044,
                93.39199157406577,
                93.39199157406577,
                93.39199157406581,
                93.39199157406577,
                93.39199157406581,
                93.39199157406577,
                93.39199157406577,
                93.39199157406577,
                93.39199157406577,
                93.39199157406577,
                93.39199157406577,
                93.39199157406577,
                93.39199157406577
            ],
            "Node_15": [
                92.74326604800228,
                92.72125385770975,
                92.6804194850439,
                92.66592213669281,
                92.69014801385737,
                92.72122324318664,
                92.720520172082,
                92.68254109632117,
                92.63144509939049,
                92.74491026762256,
                93.2217975066135,
                93.556739077458,
                93.67524529118936,
                93.66434067318214,
                93.63450483992035,
                93.59156131606298,
                93.54139744502397,
                93.4966276116227,
                93.54209282146297,
                93.60754187348545,
                93.63235077970359,
                93.6343828435921,
                93.64382615599088,
                93.69450364419629,
                93.70277823706674,
                93.5966173915535,
                93.38140633401719,
                93.11922436179731,
                92.87293197514214,
                92.69265511796685,
                92.63219617858489,
                92.69824724152137,
                92.74326604800228,
                92.74326604800228,
                92.74326604800228,
                92.74326604800228,
                92.74326604800228,
                92.74326604800228,
                92.74326604800228,
                92.74326604800228,
                92.74326604800228,
                92.74326604800228,
                92.74326604800228,
                92.74326604800228,
                92.74326604800228,
                92.72125385770975,
                92.6804194850439,
                92.66592213669281,
                92.69014801385737,
                92.72122324318664,
                92.720520172082,
                92.68254109632117,
                92.63144509939049,
                92.74491026762256,
                93.2217975066135,
                93.556739077458,
                93.67524529118936,
                93.66434067318214,
                93.63450483992035,
                93.59156131606298,
                93.54139744502397,
                93.4966276116227,
                93.54209282146297,
                93.60754187348545,
                93.63235077970359,
                93.6343828435921,
                93.64382615599088,
                93.69450364419629,
                93.70277823706674,
                93.5966173915535,
                93.38140633401719,
                93.11922436179731,
                92.87293197514214,
                92.69265511796685,
                92.63219617858489,
                92.69824724152137,
                92.74326604800228,
                93.67524529118936,
                93.67524529118936,
                93.67524529118936,
                93.67524529118936,
                93.67524529118936,
                93.67524529118936,
                93.67524529118936,
                93.67524529118936,
                93.67524529118936,
                93.67524529118936,
                93.67524529118936,
                93.67524529118936,
                93.67524529118936,
                93.6343828435921,
                93.6343828435921,
                93.63438284359214,
                93.6343828435921,
                93.63438284359214,
                93.6343828435921,
                93.6343828435921,
                93.6343828435921,
                93.6343828435921,
                93.6343828435921,
                93.6343828435921,
                93.6343828435921,
                93.6343828435921
            ]
        }
    },
    "Phonon_DOS": {
        "DOS": [
            0.0,
            0.002,
            0.0,
            0.004,
            0.0,
            0.0,
            0.0,
            0.0026666666666666666,
            0.005333333333333333,
            0.0013333333333333333,
            0.0026666666666666666,
            0.0,
            0.004,
            0.012,
            0.004,
            0.004,
            0.0026666666666666666,
            0.02333333333333333,
            0.024,
            0.008,
            0.0,
            0.004,
            0.016,
            0.0013333333333333333,
            0.025333333333333333,
            0.032,
            0.04933333333333333,
            0.048,
            0.04,
            0.066,
            0.068,
            0.017333333333333333,
            0.03266666666666666,
            0.021333333333333333,
            0.025333333333333333,
            0.032,
            0.02333333333333333,
            0.0026666666666666666,
            0.0,
            0.01933333333333333,
            0.010666666666666666,
            0.008,
            0.02,
            0.004,
            0.0,
            0.0,
            0.008,
            0.022000000000000002,
            0.004,
            0.02,
            0.006666666666666667,
            0.02066666666666667,
            0.008,
            0.010666666666666666,
            0.008,
            0.004,
            0.004,
            0.0013333333333333333,
            0.006666666666666667,
            0.004666666666666667,
            0.0,
            0.0,
            0.004,
            0.0,
            0.0006666666666666666,
            0.0,
            0.0,
            0.0,
            0.0,
            0.0,
            0.0,
            0.0,
            0.0,
            0.0,
            0.0,
            0.0,
            0.0,
            0.0,
            0.0,
            0.0,
            0.0,
            0.012666666666666666,
            0.012,
            0.013333333333333334,
            0.028666666666666667,
            0.0,
            0.0,
            0.0,
            0.0,
            0.0,
            0.0,
            0.0,
            0.0,
            0.021333333333333333,
            0.056666666666666664,
            0.05466666666666667,
            0.0006666666666666666,
            0.0
        ],
        "Energy(meV)": [
            -1.5,
            -0.5,
            0.5,
            1.5,
            2.5,
            3.5,
            4.5,
            5.5,
            6.5,
            7.5,
            8.5,
            9.5,
            10.5,
            11.5,
            12.5,
            13.5,
            14.5,
            15.5,
            16.5,
            17.5,
            18.5,
            19.5,
            20.5,
            21.5,
            22.5,
            23.5,
            24.5,
            25.5,
            26.5,
            27.5,
            28.5,
            29.5,
            30.5,
            31.5,
            32.5,
            33.5,
            34.5,
            35.5,
            36.5,
            37.5,
            38.5,
            39.5,
            40.5,
            41.5,
            42.5,
            43.5,
            44.5,
            45.5,
            46.5,
            47.5,
            48.5,
            49.5,
            50.5,
            51.5,
            52.5,
            53.5,
            54.5,
            55.5,
            56.5,
            57.5,
            58.5,
            59.5,
            60.5,
            61.5,
            62.5,
            63.5,
            64.5,
            65.5,
            66.5,
            67.5,
            68.5,
            69.5,
            70.5,
            71.5,
            72.5,
            73.5,
            74.5,
            75.5,
            76.5,
            77.5,
            78.5,
            79.5,
            80.5,
            81.5,
            82.5,
            83.5,
            84.5,
            85.5,
            86.5,
            87.5,
            88.5,
            89.5,
            90.5,
            91.5,
            92.5,
            93.5,
            94.5,
            95.5
        ]
    }
}