{
    "POSCAR": {
        "Atomes": "   V    I   N\n",
        "coordinate": "Direct\n",
        "unit_cell": {
            "a_vector": "3.4581459683515607   6.009872982051163e-07   5.910738086071794e-07\n",
            "b_vector": "-1.729073027310606   2.994842470370541   -7.147482475773387e-07\n",
            "c_vector": "6.5525459579681876e-06   -5.366247590416146e-06   27.60608382350671\n"
        },
        "positions": {
            "V": [
                "0.6666667307466456   0.333333215997231   0.22957368726898425\n",
                "0.33333326918639294   0.6666667882625261   0.17042631153229912\n"
            ],
            "I": [
                "0.3333330773949552   0.6666669192600427   0.3011942040875564\n",
                "0.666666906358579   0.33333305828030363   0.09880579565349351\n"
            ],
            "N": [
                "1.631342481720233e-08   1.819989501449064e-08   0.20000000145766658\n"
            ]
        }
    },
    "Termo_data": {
        "Temperature (K)": [
            0,
            10,
            20,
            30,
            40,
            50,
            60,
            70,
            80,
            90,
            100,
            110,
            120,
            130,
            140,
            150,
            160,
            170,
            180,
            190,
            200,
            210,
            220,
            230,
            240,
            250,
            260,
            270,
            280,
            290,
            300,
            310,
            320,
            330,
            340,
            350,
            360,
            370,
            380,
            390,
            400,
            410,
            420,
            430,
            440,
            450,
            460,
            470,
            480,
            490,
            500,
            510,
            520,
            530,
            540,
            550,
            560,
            570,
            580,
            590,
            600,
            610,
            620,
            630,
            640,
            650,
            660,
            670,
            680,
            690,
            700,
            710,
            720,
            730,
            740,
            750,
            760,
            770,
            780,
            790,
            800,
            810,
            820,
            830,
            840,
            850,
            860,
            870,
            880,
            890,
            900,
            910,
            920,
            930,
            940,
            950,
            960,
            970,
            980,
            990,
            1000,
            1010,
            1020,
            1030,
            1040,
            1050,
            1060,
            1070,
            1080,
            1090,
            1100,
            1110,
            1120,
            1130,
            1140,
            1150,
            1160,
            1170,
            1180,
            1190,
            1200,
            1210,
            1220,
            1230,
            1240,
            1250,
            1260,
            1270,
            1280,
            1290,
            1300,
            1310,
            1320,
            1330,
            1340,
            1350,
            1360,
            1370,
            1380,
            1390,
            1400,
            1410,
            1420,
            1430,
            1440,
            1450,
            1460,
            1470,
            1480,
            1490,
            1500,
            1510,
            1520,
            1530,
            1540,
            1550,
            1560,
            1570,
            1580,
            1590,
            1600,
            1610,
            1620,
            1630,
            1640,
            1650,
            1660,
            1670,
            1680,
            1690,
            1700,
            1710,
            1720,
            1730,
            1740,
            1750,
            1760,
            1770,
            1780,
            1790,
            1800,
            1810,
            1820,
            1830,
            1840,
            1850,
            1860,
            1870,
            1880,
            1890,
            1900,
            1910,
            1920,
            1930,
            1940,
            1950,
            1960,
            1970
        ],
        "Gibbs_free(J/mole)": [
            -391887.0910185042,
            -391887.4935067864,
            -391891.15813923016,
            -391902.3166111764,
            -391924.4250883467,
            -391959.79107121465,
            -392009.8179945251,
            -392075.21937957313,
            -392156.234487239,
            -392252.79980320064,
            -392364.6661440607,
            -392491.4742693225,
            -392632.8025539229,
            -392788.1972071445,
            -392957.1918330879,
            -393139.31991165946,
            -393334.12282580254,
            -393541.1549523622,
            -393759.9867724485,
            -393990.2065878874,
            -394231.4213390053,
            -394483.2567802581,
            -394745.35722339817,
            -395017.3850485428,
            -395299.0199958978,
            -395589.9583634328,
            -395889.9121837418,
            -396198.6083318645,
            -396515.7877025355,
            -396841.20433295687,
            -397174.6246459851,
            -397515.82664378313,
            -397864.59921539336,
            -398220.7414377311,
            -398584.0619450469,
            -398954.37833477923,
            -399331.5165993972,
            -399715.31062471104,
            -400105.6016943445,
            -400502.2380452275,
            -400905.0744548813,
            -401313.9718489131,
            -401728.79693525407,
            -402149.42189888103,
            -402575.724029237,
            -403007.58550916036,
            -403444.8930685101,
            -403887.53780405264,
            -404335.4149234662,
            -404788.4233976745,
            -405246.46599537303,
            -405709.448924569,
            -406177.2817069378,
            -406649.8769898546,
            -407127.15042260016,
            -407609.0204167068,
            -408095.4082150421,
            -408586.23753634025,
            -409081.4345015988,
            -409580.92772602243,
            -410084.6478839819,
            -410592.5279145735,
            -411104.5026330226,
            -411620.50900612056,
            -412140.4856277293,
            -412664.3730529436,
            -413192.1134831763,
            -413723.65068045084,
            -414258.9300422402,
            -414797.8985998841,
            -415340.50437695644,
            -415886.69738946407,
            -416436.4285855171,
            -416989.65021864686,
            -417546.3159181782,
            -418106.3803685689,
            -418669.799708182,
            -419236.5302976796,
            -419806.53077374166,
            -420379.7600926704,
            -420956.17805473873,
            -421535.74560783425,
            -422118.42486513866,
            -422704.1783856204,
            -423292.970189655,
            -423884.7643519415,
            -424479.52628146403,
            -425077.2219229845,
            -425677.81839347404,
            -426281.28271452134,
            -426887.5832115155,
            -427496.68899585435,
            -428108.5693242241,
            -428723.19436395046,
            -429340.53526504914,
            -429960.56269056187,
            -430583.2494953661,
            -431208.56756011094,
            -431836.4902356093,
            -432466.9909888785,
            -433100.0438967353,
            -433735.62375229213,
            -434373.7054269196,
            -435014.26478472713,
            -435657.27765268984,
            -436302.7205474375,
            -436950.57025741035,
            -437600.80426135124,
            -438253.4000645437,
            -438908.3361134545,
            -439565.1141792857,
            -440221.77540725074,
            -440880.6705212464,
            -441541.7819032154,
            -442205.0901591506,
            -442870.5763297513,
            -443538.2217586886,
            -444208.00813252816,
            -444879.9173955381,
            -445553.9319277055,
            -446230.0341542578,
            -446908.2070877428,
            -447588.4337725037,
            -448270.69767804485,
            -448954.9824287825,
            -449641.27201754466,
            -450329.5506154151,
            -451019.8026272547,
            -451712.0127824784,
            -452406.165786268,
            -453102.2472609861,
            -453800.24230430805,
            -454500.1364789887,
            -455201.9156899757,
            -455905.56590691576,
            -456611.0733554072,
            -457318.42451508524,
            -458027.6059869855,
            -458738.6045958508,
            -459451.4073803129,
            -460166.0014848642,
            -460882.3743301351,
            -461600.5134976365,
            -462320.4066708103,
            -463042.04177543387,
            -463765.4068578707,
            -464490.49015539786,
            -465217.2800867119,
            -465945.7651601545,
            -466675.93408997497,
            -467407.77576556423,
            -468141.2791004405,
            -468876.4332832497,
            -469613.22764541593,
            -470351.6515245106,
            -471091.6944643382,
            -471833.3463040173,
            -472576.59671668184,
            -473321.43569382105,
            -474067.85336468386,
            -474815.839875209,
            -475565.3855692955,
            -476316.48091137066,
            -477069.1163761258,
            -477823.28274027945,
            -478578.97072978324,
            -479336.1712833096,
            -480094.87536927464,
            -480855.07411848224,
            -481616.7587510071,
            -482379.9205488317,
            -483144.5510065678,
            -483910.6416382947,
            -484678.18396397337,
            -485447.1698540213,
            -486217.59097608563,
            -486989.4392443164,
            -487762.7068129403,
            -488537.385576843,
            -489313.4678028992,
            -490090.945768178,
            -490869.81178847956,
            -491650.05823955935,
            -492431.677727702,
            -493214.6627500204,
            -493999.0060325052,
            -494784.70036725386,
            -495571.7384824072,
            -496360.11340707773,
            -497149.81796794856,
            -497940.84532587335,
            -498733.1885137928,
            -499526.84094996774,
            -500321.7955888018,
            -501118.0459892192,
            -501915.58547090855,
            -502714.40755179647,
            -503514.50571822806
        ],
        "Cp(J/mole.K)": [
            -0.0,
            0.35045319563796506,
            1.459991419527796,
            3.1988516736179013,
            5.212595706182766,
            7.244231040029262,
            9.153537980330292,
            10.87662017208204,
            12.403032821568196,
            13.746159561233071,
            14.926188260113122,
            15.963329717530002,
            16.87586079082684,
            17.679924175208726,
            18.389599742394072,
            19.017126070415536,
            19.5731815725332,
            20.067052799575322,
            20.506778959851356,
            20.89931450157165,
            21.250658918055727,
            21.56598985488236,
            21.849788458700633,
            22.105901798019467,
            22.337649206654177,
            22.54790846360266,
            22.73916511728893,
            22.91357204590895,
            23.07299725910415,
            23.219074557091517,
            23.353219469034272,
            23.47667441930239,
            23.590528196189553,
            23.695735057674803,
            23.79313599226002,
            23.883468773194156,
            23.96739653731342,
            24.04549579078593,
            24.118282310038918,
            24.186223589967994,
            24.24971983593423,
            24.30915243933123,
            24.36484429067935,
            24.417077334770905,
            24.466139819199483,
            24.512270189574306,
            24.555738035449693,
            24.59662600727163,
            24.635060340841335,
            24.67141825895236,
            24.705799572475406,
            24.73823644867949,
            24.76890532680558,
            24.797854075710347,
            24.825253652455324,
            24.85132757424447,
            24.875891760724983,
            24.89912481943611,
            24.9212889481597,
            24.94224833160252,
            24.962049986527006,
            24.980877068893417,
            24.99878078218299,
            25.01565455969994,
            25.03177718454981,
            25.047068611769507,
            25.061360967895645,
            25.07523897615038,
            25.088218608975783,
            25.10025100298958,
            25.1122792277312,
            25.123420295046476,
            25.13362338073784,
            25.143610349096548,
            25.15344608405711,
            25.162085978809046,
            25.169823556125518,
            25.178741819149746,
            25.186620102942328,
            25.192547341807053,
            25.199058805708603,
            25.2057068101567,
            25.211953938700084,
            25.21786621002993,
            25.222611314541368,
            25.227160033988003,
            25.232443432155016,
            25.237004574066916,
            25.239953269215704,
            25.24371479652903,
            25.247913000988582,
            25.2504223860625,
            25.253604667913365,
            25.256378548062507,
            25.25848030601926,
            25.261789476942997,
            25.263623822852765,
            25.265006104779467,
            25.266656162938965,
            25.268103249144183,
            25.269672645809038,
            25.270879278898065,
            25.272273744013802,
            25.272930459062554,
            25.272985270770732,
            25.273371908871773,
            25.273586394038887,
            25.273769656918468,
            23.987630543350946,
            16.09777861344888,
            10.566124851350054,
            18.223986017310793,
            24.81722864189635,
            24.825903863757006,
            24.829090656377957,
            24.832456692812812,
            24.835708203271167,
            24.839077771273317,
            24.842309516994618,
            24.84531045856034,
            24.848578578676097,
            24.851676550748763,
            24.854566000405057,
            24.85752878315089,
            24.8605440967076,
            24.863344406912624,
            24.86603835680016,
            24.868344037992024,
            24.871396622061184,
            24.87558286111998,
            24.877903358239376,
            24.879741480517445,
            24.882692750887344,
            24.88523021472337,
            24.88775381208087,
            24.89051074536167,
            24.893006826692723,
            24.895508990826784,
            24.897988455067193,
            24.900308819383586,
            24.902933155972278,
            24.905502756749645,
            24.90774083921028,
            24.910050827101195,
            24.91236779973781,
            24.914776455545717,
            24.917180493177355,
            24.919346000171835,
            24.9217224164868,
            24.924001829279163,
            24.92592103386393,
            24.928342774848417,
            24.930749586794775,
            24.932397846620812,
            24.934672246326883,
            24.937304507926896,
            24.938980158500126,
            24.94100295906224,
            24.943426757639656,
            24.94533752322604,
            24.9474190946205,
            24.94937393005239,
            24.951210626011246,
            24.95345332074602,
            24.955527897487627,
            24.957429065027803,
            24.959312391493114,
            24.961248856361145,
            24.96309974254109,
            24.96499192433233,
            24.967301232493142,
            24.9690003869148,
            24.970642933575192,
            24.97278660638598,
            24.97410937314271,
            24.97610824804699,
            24.97854581826857,
            24.979802486134325,
            24.981671697442906,
            24.983905406157064,
            24.985260208777618,
            24.98684023039994,
            24.988777812460256,
            24.990322531805525,
            24.992291153163592,
            24.994171082020067,
            24.995715045417256,
            24.99739161417436,
            24.99873116717208,
            25.00025993107066,
            25.00260016915746,
            25.00442676151369,
            25.00519275404622,
            25.007044246854186,
            25.00913812999096,
            25.010530412101417,
            25.012437531136953,
            25.013624300720963
        ],
        "S(J/mole.K)": [
            0,
            0.17522659781898253,
            0.7154510505199141,
            1.6135908510048467,
            2.798307259880676,
            4.174304827156448,
            5.661522762853565,
            7.201219035410759,
            8.753310027621774,
            10.292175110149401,
            11.802160054334673,
            13.274075363591692,
            14.702842126127507,
            16.086000076073834,
            17.422768579106926,
            18.713444200825325,
            19.959010327314175,
            21.160879686737466,
            22.320719870903854,
            23.44033458035629,
            24.521583013875357,
            25.56632543575252,
            26.576387486012397,
            27.55353666991214,
            28.499467444283077,
            29.415793305360424,
            30.304043111503418,
            31.165660156631933,
            32.002003373087796,
            32.81435005296007,
            33.60389924911797,
            34.37177561262288,
            35.11903365470935,
            35.84666194652746,
            36.55558729398982,
            37.24667876374515,
            37.92075168225347,
            38.57857132202407,
            39.22085627420092,
            39.84828188368483,
            40.461483171248986,
            41.06105774772659,
            41.647568496382156,
            42.22154567040198,
            42.78348949042193,
            43.33387236421113,
            43.87314111791056,
            44.40171754806797,
            44.91999899407165,
            45.428363371863085,
            45.92717053349551,
            46.41676025910928,
            46.89745454021758,
            47.369559111019036,
            47.833364590346164,
            48.28914920985698,
            48.737176546057896,
            49.17769609810203,
            49.61094817154009,
            50.03716185523009,
            50.45655392431219,
            50.869332294983195,
            51.2756966532572,
            51.675836665031255,
            52.06993436523554,
            52.45816488304191,
            52.84069343680531,
            53.21768088109239,
            53.589281725822374,
            53.95563979830987,
            54.31689909819835,
            54.673198016289106,
            55.02466256257976,
            55.37141812307527,
            55.71359034909983,
            56.05129330574273,
            56.38463149004966,
            56.71372075799882,
            57.038671774467375,
            57.35957096959829,
            57.67651158929729,
            57.98959648961171,
            58.298918698845945,
            58.60456498198836,
            58.90661442983327,
            59.20514408001471,
            59.5002393915507,
            59.79197990023603,
            60.080428981802115,
            60.3656564296478,
            60.647741235439035,
            60.926746003316666,
            61.20273243931152,
            61.47576727220876,
            61.745907872299,
            62.01321827766879,
            62.277756438466895,
            62.53956980277508,
            62.7987133040413,
            63.05524149815319,
            63.30920654445872,
            63.56065827045458,
            63.809645328045,
            64.05621315131064,
            64.30040201663141,
            64.54225614355236,
            64.78182056375518,
            65.01913732128452,
            65.2482928937614,
            65.43318976003212,
            65.55506062142814,
            65.68517848876655,
            65.87805971516573,
            66.09870004660043,
            66.31744869916365,
            66.53431542259858,
            66.74933309200422,
            66.96253346340308,
            67.17394739178562,
            67.38360347591296,
            67.59153128074104,
            67.79775990312774,
            68.00231575684812,
            68.20522559723177,
            68.40651659162614,
            68.606214098676,
            68.80434223168778,
            69.00092385336322,
            69.19598461270944,
            69.38955549359817,
            69.58165672511751,
            69.77230181414853,
            69.9615152835504,
            70.14932140465463,
            70.3357396547326,
            70.52079148459744,
            70.70449696888319,
            70.8868748981986,
            71.067944523161,
            71.2477240824439,
            71.42623258561434,
            71.6034890182622,
            71.77950971673854,
            71.95431110936771,
            72.12791046626516,
            72.30032476560808,
            72.47157059777673,
            72.64166308795757,
            72.81061777639407,
            72.97845037458902,
            73.14517436806636,
            73.31080495288624,
            73.47535817895331,
            73.6388456479821,
            73.80128080038995,
            73.96268044622994,
            74.12305599271059,
            74.28241856715323,
            74.44078340768537,
            74.59816276010824,
            74.75456790239913,
            74.9100111148029,
            75.06450355187553,
            75.21805779655477,
            75.37068605841122,
            75.52239855785228,
            75.67320578255821,
            75.82311871235288,
            75.97214793007588,
            76.12030379263888,
            76.26759795441103,
            76.41403996639127,
            76.55963781774771,
            76.70440257987647,
            76.84834294581668,
            76.99146793720355,
            77.13379002437651,
            77.27531621607196,
            77.41605386497977,
            77.55601454535355,
            77.69520549120207,
            77.83363341230799,
            77.97130832132972,
            78.10823837958452,
            78.24443178399889,
            78.37989743238941,
            78.51464202850475,
            78.64867275637735,
            78.78199668901652,
            78.91462092994917,
            79.04655549996968,
            79.17780843076325,
            79.30838273478585,
            79.43828551297193,
            79.56752714326649,
            79.69611324999786,
            79.82405005375693,
            79.95134364844998
        ]
    },
    "Phonon_data": {
        "Numb_Node": 15,
        "total_n_kpoints": 100,
        "frequency": {
            "Node_1": [
                -0.06316242880942617,
                0.28877282418081446,
                1.579502658488273,
                3.2104895404062725,
                4.937240167560286,
                6.310073472459922,
                7.273847902210704,
                7.901437942706498,
                7.637058453970634,
                7.419221160499537,
                7.3118116739156696,
                7.30163447891547,
                7.315249718934755,
                7.18500342283209,
                6.849909104207565,
                6.3857280609411955,
                5.840900951275561,
                5.267224574545473,
                4.739186795772037,
                4.3534585372845465,
                4.159242147457549,
                3.949845090089443,
                3.817699936320821,
                4.473259018147529,
                5.492261669899376,
                6.5213890393837035,
                7.442719208435151,
                7.8252939276825,
                6.278901600848204,
                4.409244065764021,
                2.383191968517641,
                0.6080640045980852,
                -0.06316242880942617,
                -0.06316242880942617,
                -0.06316242880942617,
                -0.06316242880942617,
                -0.06316242880942617,
                -0.06316242880942617,
                -0.06316242880942617,
                -0.06316242880942617,
                -0.06316242880942617,
                -0.06316242880942617,
                -0.06316242880942617,
                -0.06316242880942617,
                -0.06316242880942617,
                0.28877282418081446,
                1.579502658488273,
                3.2104895404062725,
                4.937240167560286,
                6.310073472459922,
                7.273847902210704,
                7.901437942706498,
                7.637058453970634,
                7.419221160499537,
                7.3118116739156696,
                7.30163447891547,
                7.315249718934755,
                7.18500342283209,
                6.849909104207565,
                6.3857280609411955,
                5.840900951275561,
                5.267224574545473,
                4.739186795772037,
                4.3534585372845465,
                4.159242147457549,
                3.949845090089443,
                3.817699936320821,
                4.473259018147529,
                5.492261669899376,
                6.5213890393837035,
                7.442719208435151,
                7.8252939276825,
                6.278901600848204,
                4.409244065764021,
                2.383191968517641,
                0.6080640045980852,
                -0.06316242880942617,
                7.315249718934755,
                7.315249718934755,
                7.315249718934755,
                7.315249718934755,
                7.315249718934755,
                7.315249718934755,
                7.315249718934755,
                7.315249718934755,
                7.315249718934755,
                7.315249718934755,
                7.315249718934755,
                7.315249718934755,
                7.315249718934755,
                3.949845090089443,
                3.949845090089443,
                3.9498450900893953,
                3.949845090089443,
                3.9498450900893953,
                3.949845090089443,
                3.949845090089443,
                3.949845090089443,
                3.949845090089443,
                3.949845090089443,
                3.949845090089443,
                3.949845090089443,
                3.949845090089443
            ],
            "Node_2": [
                -0.06147760603230067,
                1.3449679887860442,
                2.6869558221748373,
                4.0003364513289785,
                5.2273384936499765,
                6.554954023394922,
                7.76048677251947,
                8.113203602510515,
                8.796438744332555,
                9.30518878837516,
                9.45087854921676,
                9.176204493712486,
                9.057150902408454,
                8.982105750629998,
                8.752479747660614,
                8.364886118265964,
                7.826509916153723,
                7.156044484237346,
                6.389927862973931,
                5.602226029750895,
                4.953990558691219,
                4.82841100751675,
                5.67691899425143,
                6.924783201743264,
                8.09787631510486,
                8.851778270650488,
                8.801326879945153,
                8.242190293370951,
                7.388021089720728,
                5.401428931303024,
                3.4952627743085856,
                1.7042648987959255,
                -0.06147760603230067,
                -0.06147760603230067,
                -0.06147760603230067,
                -0.06147760603230067,
                -0.06147760603230067,
                -0.06147760603230067,
                -0.06147760603230067,
                -0.06147760603230067,
                -0.06147760603230067,
                -0.06147760603230067,
                -0.06147760603230067,
                -0.06147760603230067,
                -0.06147760603230067,
                1.3449679887860442,
                2.6869558221748373,
                4.0003364513289785,
                5.2273384936499765,
                6.554954023394922,
                7.76048677251947,
                8.113203602510515,
                8.796438744332555,
                9.30518878837516,
                9.45087854921676,
                9.176204493712486,
                9.057150902408454,
                8.982105750629998,
                8.752479747660614,
                8.364886118265964,
                7.826509916153723,
                7.156044484237346,
                6.389927862973931,
                5.602226029750895,
                4.953990558691219,
                4.82841100751675,
                5.67691899425143,
                6.924783201743264,
                8.09787631510486,
                8.851778270650488,
                8.801326879945153,
                8.242190293370951,
                7.388021089720728,
                5.401428931303024,
                3.4952627743085856,
                1.7042648987959255,
                -0.06147760603230067,
                9.057150902408454,
                9.057150902408454,
                9.057150902408454,
                9.057150902408454,
                9.057150902408454,
                9.057150902408454,
                9.057150902408454,
                9.057150902408454,
                9.057150902408454,
                9.057150902408454,
                9.057150902408454,
                9.057150902408454,
                9.057150902408454,
                4.82841100751675,
                4.82841100751675,
                4.828411007516765,
                4.82841100751675,
                4.828411007516765,
                4.82841100751675,
                4.82841100751675,
                4.82841100751675,
                4.82841100751675,
                4.82841100751675,
                4.82841100751675,
                4.82841100751675,
                4.82841100751675
            ],
            "Node_3": [
                -0.05265077474024655,
                2.8005588538821566,
                5.497541749414821,
                7.864617622626749,
                9.080808507269808,
                9.000410898640656,
                8.783605440084283,
                9.24982148478456,
                9.689836609712664,
                9.706172240742806,
                9.663669709692446,
                9.87684610338995,
                9.952341241309052,
                10.178318905356104,
                10.775756289089049,
                11.612190543773115,
                12.583930647392984,
                13.596785226155863,
                14.499905993516904,
                14.930952142490714,
                15.098232809113801,
                15.223211025407808,
                15.196397806765594,
                14.790331970982326,
                13.833194500252192,
                12.469533456221177,
                10.96561353117587,
                9.291914762003806,
                8.897985464443694,
                8.871687113916922,
                6.72549148289618,
                3.4853231575883292,
                -0.05265077474024655,
                -0.05265077474024655,
                -0.05265077474024655,
                -0.05265077474024655,
                -0.05265077474024655,
                -0.05265077474024655,
                -0.05265077474024655,
                -0.05265077474024655,
                -0.05265077474024655,
                -0.05265077474024655,
                -0.05265077474024655,
                -0.05265077474024655,
                -0.05265077474024655,
                2.8005588538821566,
                5.497541749414821,
                7.864617622626749,
                9.080808507269808,
                9.000410898640656,
                8.783605440084283,
                9.24982148478456,
                9.689836609712664,
                9.706172240742806,
                9.663669709692446,
                9.87684610338995,
                9.952341241309052,
                10.178318905356104,
                10.775756289089049,
                11.612190543773115,
                12.583930647392984,
                13.596785226155863,
                14.499905993516904,
                14.930952142490714,
                15.098232809113801,
                15.223211025407808,
                15.196397806765594,
                14.790331970982326,
                13.833194500252192,
                12.469533456221177,
                10.96561353117587,
                9.291914762003806,
                8.897985464443694,
                8.871687113916922,
                6.72549148289618,
                3.4853231575883292,
                -0.05265077474024655,
                9.952341241309052,
                9.952341241309052,
                9.952341241309052,
                9.952341241309052,
                9.952341241309052,
                9.952341241309052,
                9.952341241309052,
                9.952341241309052,
                9.952341241309052,
                9.952341241309052,
                9.952341241309052,
                9.952341241309052,
                9.952341241309052,
                15.223211025407808,
                15.223211025407808,
                15.223211025407805,
                15.223211025407808,
                15.223211025407805,
                15.223211025407808,
                15.223211025407808,
                15.223211025407808,
                15.223211025407808,
                15.223211025407808,
                15.223211025407808,
                15.223211025407808,
                15.223211025407808
            ],
            "Node_4": [
                8.132575394993216,
                8.2934297736927,
                8.641052339487759,
                9.156233078216951,
                9.767388357007835,
                10.402708310021303,
                11.000086413743924,
                11.515895215983688,
                11.926120223098794,
                12.225432349192978,
                12.422199435774255,
                12.531007684459496,
                12.565391497816785,
                12.662317349469717,
                12.939747791061405,
                13.361025202793702,
                13.870047253480916,
                14.392490782392004,
                14.889328932337209,
                15.527509705511648,
                15.834976833707831,
                15.755292073735248,
                15.87386132853652,
                15.652668732738706,
                14.982523699988404,
                14.050522888677914,
                12.937963400158962,
                11.791182960258402,
                10.665473752349548,
                9.70640394224185,
                8.88962697690242,
                8.335089208894551,
                8.132575394993216,
                8.132575394993216,
                8.132575394993216,
                8.132575394993216,
                8.132575394993216,
                8.132575394993216,
                8.132575394993216,
                8.132575394993216,
                8.132575394993216,
                8.132575394993216,
                8.132575394993216,
                8.132575394993216,
                8.132575394993216,
                8.2934297736927,
                8.641052339487759,
                9.156233078216951,
                9.767388357007835,
                10.402708310021303,
                11.000086413743924,
                11.515895215983688,
                11.926120223098794,
                12.225432349192978,
                12.422199435774255,
                12.531007684459496,
                12.565391497816785,
                12.662317349469717,
                12.939747791061405,
                13.361025202793702,
                13.870047253480916,
                14.392490782392004,
                14.889328932337209,
                15.527509705511648,
                15.834976833707831,
                15.755292073735248,
                15.87386132853652,
                15.652668732738706,
                14.982523699988404,
                14.050522888677914,
                12.937963400158962,
                11.791182960258402,
                10.665473752349548,
                9.70640394224185,
                8.88962697690242,
                8.335089208894551,
                8.132575394993216,
                12.565391497816785,
                12.565391497816785,
                12.565391497816785,
                12.565391497816785,
                12.565391497816785,
                12.565391497816785,
                12.565391497816785,
                12.565391497816785,
                12.565391497816785,
                12.565391497816785,
                12.565391497816785,
                12.565391497816785,
                12.565391497816785,
                15.755292073735248,
                15.755292073735248,
                15.75529207373525,
                15.755292073735248,
                15.75529207373525,
                15.755292073735248,
                15.755292073735248,
                15.755292073735248,
                15.755292073735248,
                15.755292073735248,
                15.755292073735248,
                15.755292073735248,
                15.755292073735248
            ],
            "Node_5": [
                8.185676432003673,
                8.669913660234808,
                9.94244364865489,
                11.462368217199797,
                12.12233130094925,
                13.923481858424417,
                15.384630271535174,
                16.056559771081602,
                16.659795784657838,
                17.35897886513486,
                18.071208235464077,
                18.505160195957878,
                18.705507973489553,
                18.58778302493213,
                18.17636268366696,
                17.628425625981915,
                17.1785726182846,
                16.898044243116985,
                16.83045417793518,
                16.808491647996895,
                17.05981432822617,
                17.51935680704844,
                16.69826472715109,
                16.030039910868922,
                15.101172460686168,
                14.57995447906526,
                14.343329620546632,
                14.27276373973454,
                13.6534941567898,
                11.750875165987862,
                10.706024005360312,
                8.961528969781867,
                8.185676432003673,
                8.185676432003673,
                8.185676432003673,
                8.185676432003673,
                8.185676432003673,
                8.185676432003673,
                8.185676432003673,
                8.185676432003673,
                8.185676432003673,
                8.185676432003673,
                8.185676432003673,
                8.185676432003673,
                8.185676432003673,
                8.669913660234808,
                9.94244364865489,
                11.462368217199797,
                12.12233130094925,
                13.923481858424417,
                15.384630271535174,
                16.056559771081602,
                16.659795784657838,
                17.35897886513486,
                18.071208235464077,
                18.505160195957878,
                18.705507973489553,
                18.58778302493213,
                18.17636268366696,
                17.628425625981915,
                17.1785726182846,
                16.898044243116985,
                16.83045417793518,
                16.808491647996895,
                17.05981432822617,
                17.51935680704844,
                16.69826472715109,
                16.030039910868922,
                15.101172460686168,
                14.57995447906526,
                14.343329620546632,
                14.27276373973454,
                13.6534941567898,
                11.750875165987862,
                10.706024005360312,
                8.961528969781867,
                8.185676432003673,
                18.705507973489553,
                18.705507973489553,
                18.705507973489553,
                18.705507973489553,
                18.705507973489553,
                18.705507973489553,
                18.705507973489553,
                18.705507973489553,
                18.705507973489553,
                18.705507973489553,
                18.705507973489553,
                18.705507973489553,
                18.705507973489553,
                17.51935680704844,
                17.51935680704844,
                17.51935680704844,
                17.51935680704844,
                17.51935680704844,
                17.51935680704844,
                17.51935680704844,
                17.51935680704844,
                17.51935680704844,
                17.51935680704844,
                17.51935680704844,
                17.51935680704844,
                17.51935680704844
            ],
            "Node_6": [
                12.929749834267932,
                12.59411019059473,
                11.947551835848135,
                11.552107195935635,
                13.079539234545699,
                14.422689161506357,
                15.812930586938622,
                17.03461316746223,
                17.368281485911393,
                17.743637708888873,
                18.165646919606342,
                18.767970745326377,
                19.14626871218105,
                18.83324404723354,
                18.41309219990264,
                18.07403488291524,
                17.7202986501783,
                17.368092331648345,
                17.065720041565097,
                17.091524487974837,
                17.404179409110313,
                17.664603575543122,
                17.008397337923622,
                16.679560861348246,
                17.43944700456041,
                17.61745190529704,
                16.914416735174356,
                15.57619993149051,
                13.85898554114252,
                12.562731515063675,
                11.652852537258932,
                12.438883297507305,
                12.929749834267932,
                12.929749834267932,
                12.929749834267932,
                12.929749834267932,
                12.929749834267932,
                12.929749834267932,
                12.929749834267932,
                12.929749834267932,
                12.929749834267932,
                12.929749834267932,
                12.929749834267932,
                12.929749834267932,
                12.929749834267932,
                12.59411019059473,
                11.947551835848135,
                11.552107195935635,
                13.079539234545699,
                14.422689161506357,
                15.812930586938622,
                17.03461316746223,
                17.368281485911393,
                17.743637708888873,
                18.165646919606342,
                18.767970745326377,
                19.14626871218105,
                18.83324404723354,
                18.41309219990264,
                18.07403488291524,
                17.7202986501783,
                17.368092331648345,
                17.065720041565097,
                17.091524487974837,
                17.404179409110313,
                17.664603575543122,
                17.008397337923622,
                16.679560861348246,
                17.43944700456041,
                17.61745190529704,
                16.914416735174356,
                15.57619993149051,
                13.85898554114252,
                12.562731515063675,
                11.652852537258932,
                12.438883297507305,
                12.929749834267932,
                19.14626871218105,
                19.14626871218105,
                19.14626871218105,
                19.14626871218105,
                19.14626871218105,
                19.14626871218105,
                19.14626871218105,
                19.14626871218105,
                19.14626871218105,
                19.14626871218105,
                19.14626871218105,
                19.14626871218105,
                19.14626871218105,
                17.664603575543122,
                17.664603575543122,
                17.66460357554313,
                17.664603575543122,
                17.66460357554313,
                17.664603575543122,
                17.664603575543122,
                17.664603575543122,
                17.664603575543122,
                17.664603575543122,
                17.664603575543122,
                17.664603575543122,
                17.664603575543122
            ],
            "Node_7": [
                15.950154992515674,
                16.041449864951876,
                16.08728285567331,
                16.177946745425192,
                16.32323912490286,
                16.516033601008782,
                16.752612443524374,
                17.37153625426759,
                18.545453101821593,
                19.35639038360269,
                19.78810951771863,
                19.788969830096313,
                19.603433155437,
                19.659625184213628,
                19.778505598864157,
                19.826263939267772,
                19.66027844420739,
                19.42538588713361,
                19.137773009500055,
                18.810512263809912,
                18.341805366286835,
                17.809338812037154,
                18.60104886160496,
                18.957275880267943,
                19.133011191633873,
                19.14188376678938,
                18.46476492141599,
                17.6355117222846,
                16.79973926637569,
                16.30935278575171,
                16.096310485870838,
                16.001026892329403,
                15.950154992515674,
                15.950154992515674,
                15.950154992515674,
                15.950154992515674,
                15.950154992515674,
                15.950154992515674,
                15.950154992515674,
                15.950154992515674,
                15.950154992515674,
                15.950154992515674,
                15.950154992515674,
                15.950154992515674,
                15.950154992515674,
                16.041449864951876,
                16.08728285567331,
                16.177946745425192,
                16.32323912490286,
                16.516033601008782,
                16.752612443524374,
                17.37153625426759,
                18.545453101821593,
                19.35639038360269,
                19.78810951771863,
                19.788969830096313,
                19.603433155437,
                19.659625184213628,
                19.778505598864157,
                19.826263939267772,
                19.66027844420739,
                19.42538588713361,
                19.137773009500055,
                18.810512263809912,
                18.341805366286835,
                17.809338812037154,
                18.60104886160496,
                18.957275880267943,
                19.133011191633873,
                19.14188376678938,
                18.46476492141599,
                17.6355117222846,
                16.79973926637569,
                16.30935278575171,
                16.096310485870838,
                16.001026892329403,
                15.950154992515674,
                19.603433155437,
                19.603433155437,
                19.603433155437,
                19.603433155437,
                19.603433155437,
                19.603433155437,
                19.603433155437,
                19.603433155437,
                19.603433155437,
                19.603433155437,
                19.603433155437,
                19.603433155437,
                19.603433155437,
                17.809338812037154,
                17.809338812037154,
                17.809338812037154,
                17.809338812037154,
                17.809338812037154,
                17.809338812037154,
                17.809338812037154,
                17.809338812037154,
                17.809338812037154,
                17.809338812037154,
                17.809338812037154,
                17.809338812037154,
                17.809338812037154
            ],
            "Node_8": [
                16.064996362424296,
                16.390972403044415,
                17.279619382952013,
                18.31762260454502,
                19.332128181583688,
                20.000374584208284,
                20.073839486365053,
                20.28094872413185,
                20.578991262512925,
                20.77484842585712,
                20.416964231779744,
                19.98897527680323,
                19.773756323231023,
                19.879253177440145,
                19.921217545411064,
                19.919958137335513,
                20.03905495749665,
                19.868211570047396,
                19.40470318357525,
                18.89299624686642,
                18.474286959568527,
                18.284992926260554,
                18.6742215052682,
                19.30849558204555,
                19.633020854165423,
                19.58894464870938,
                19.791713815716033,
                19.84167403484328,
                20.18258825709235,
                19.21537321832046,
                17.85955632127398,
                16.642055841727426,
                16.064996362424296,
                16.064996362424296,
                16.064996362424296,
                16.064996362424296,
                16.064996362424296,
                16.064996362424296,
                16.064996362424296,
                16.064996362424296,
                16.064996362424296,
                16.064996362424296,
                16.064996362424296,
                16.064996362424296,
                16.064996362424296,
                16.390972403044415,
                17.279619382952013,
                18.31762260454502,
                19.332128181583688,
                20.000374584208284,
                20.073839486365053,
                20.28094872413185,
                20.578991262512925,
                20.77484842585712,
                20.416964231779744,
                19.98897527680323,
                19.773756323231023,
                19.879253177440145,
                19.921217545411064,
                19.919958137335513,
                20.03905495749665,
                19.868211570047396,
                19.40470318357525,
                18.89299624686642,
                18.474286959568527,
                18.284992926260554,
                18.6742215052682,
                19.30849558204555,
                19.633020854165423,
                19.58894464870938,
                19.791713815716033,
                19.84167403484328,
                20.18258825709235,
                19.21537321832046,
                17.85955632127398,
                16.642055841727426,
                16.064996362424296,
                19.773756323231023,
                19.773756323231023,
                19.773756323231023,
                19.773756323231023,
                19.773756323231023,
                19.773756323231023,
                19.773756323231023,
                19.773756323231023,
                19.773756323231023,
                19.773756323231023,
                19.773756323231023,
                19.773756323231023,
                19.773756323231023,
                18.284992926260554,
                18.284992926260554,
                18.284992926260568,
                18.284992926260554,
                18.284992926260568,
                18.284992926260554,
                18.284992926260554,
                18.284992926260554,
                18.284992926260554,
                18.284992926260554,
                18.284992926260554,
                18.284992926260554,
                18.284992926260554
            ],
            "Node_9": [
                24.12799545889025,
                23.451360371718348,
                22.490863766347882,
                21.586422975874523,
                20.888652410607303,
                20.71748705321213,
                21.304125495827634,
                21.82100718465457,
                21.399543987252137,
                20.913767123854974,
                20.900110830528394,
                21.020075161727526,
                21.08564332279481,
                21.03111720442349,
                20.87194710990116,
                20.617850790076275,
                20.282223971534183,
                20.162920335037015,
                20.268453090297964,
                20.357598924086307,
                20.41917394032439,
                20.441264223017495,
                20.36530739372621,
                20.12837829169584,
                19.777029566188894,
                19.895727012529782,
                20.482038523807844,
                20.942833298829186,
                20.452317972368693,
                20.926168208084572,
                21.991350229607136,
                23.208667201906902,
                24.12799545889025,
                24.12799545889025,
                24.12799545889025,
                24.12799545889025,
                24.12799545889025,
                24.12799545889025,
                24.12799545889025,
                24.12799545889025,
                24.12799545889025,
                24.12799545889025,
                24.12799545889025,
                24.12799545889025,
                24.12799545889025,
                23.451360371718348,
                22.490863766347882,
                21.586422975874523,
                20.888652410607303,
                20.71748705321213,
                21.304125495827634,
                21.82100718465457,
                21.399543987252137,
                20.913767123854974,
                20.900110830528394,
                21.020075161727526,
                21.08564332279481,
                21.03111720442349,
                20.87194710990116,
                20.617850790076275,
                20.282223971534183,
                20.162920335037015,
                20.268453090297964,
                20.357598924086307,
                20.41917394032439,
                20.441264223017495,
                20.36530739372621,
                20.12837829169584,
                19.777029566188894,
                19.895727012529782,
                20.482038523807844,
                20.942833298829186,
                20.452317972368693,
                20.926168208084572,
                21.991350229607136,
                23.208667201906902,
                24.12799545889025,
                21.08564332279481,
                21.08564332279481,
                21.08564332279481,
                21.08564332279481,
                21.08564332279481,
                21.08564332279481,
                21.08564332279481,
                21.08564332279481,
                21.08564332279481,
                21.08564332279481,
                21.08564332279481,
                21.08564332279481,
                21.08564332279481,
                20.441264223017495,
                20.441264223017495,
                20.441264223017495,
                20.441264223017495,
                20.441264223017495,
                20.441264223017495,
                20.441264223017495,
                20.441264223017495,
                20.441264223017495,
                20.441264223017495,
                20.441264223017495,
                20.441264223017495,
                20.441264223017495
            ],
            "Node_10": [
                24.168247131469,
                24.09487301988671,
                23.91035276484371,
                23.622062734966274,
                23.254440522259753,
                22.83251197899171,
                22.375167197072493,
                21.89879959860837,
                22.129040822801766,
                22.285956524397598,
                22.381111994561277,
                22.4435461177023,
                22.467240455124255,
                22.739545077723005,
                23.429528614087946,
                24.327817120090344,
                25.298619064486303,
                26.271075756827305,
                27.210227117373375,
                28.095938681466333,
                28.887700561388662,
                29.305618955744087,
                28.79692228263518,
                27.971162937727847,
                27.02337754657827,
                25.939536761173994,
                24.70115477983403,
                23.521837819995003,
                23.095212252702144,
                23.366391127030358,
                23.75462345778394,
                24.038167981122495,
                24.168247131469,
                24.168247131469,
                24.168247131469,
                24.168247131469,
                24.168247131469,
                24.168247131469,
                24.168247131469,
                24.168247131469,
                24.168247131469,
                24.168247131469,
                24.168247131469,
                24.168247131469,
                24.168247131469,
                24.09487301988671,
                23.91035276484371,
                23.622062734966274,
                23.254440522259753,
                22.83251197899171,
                22.375167197072493,
                21.89879959860837,
                22.129040822801766,
                22.285956524397598,
                22.381111994561277,
                22.4435461177023,
                22.467240455124255,
                22.739545077723005,
                23.429528614087946,
                24.327817120090344,
                25.298619064486303,
                26.271075756827305,
                27.210227117373375,
                28.095938681466333,
                28.887700561388662,
                29.305618955744087,
                28.79692228263518,
                27.971162937727847,
                27.02337754657827,
                25.939536761173994,
                24.70115477983403,
                23.521837819995003,
                23.095212252702144,
                23.366391127030358,
                23.75462345778394,
                24.038167981122495,
                24.168247131469,
                22.467240455124255,
                22.467240455124255,
                22.467240455124255,
                22.467240455124255,
                22.467240455124255,
                22.467240455124255,
                22.467240455124255,
                22.467240455124255,
                22.467240455124255,
                22.467240455124255,
                22.467240455124255,
                22.467240455124255,
                22.467240455124255,
                29.305618955744087,
                29.305618955744087,
                29.305618955744094,
                29.305618955744087,
                29.305618955744094,
                29.305618955744087,
                29.305618955744087,
                29.305618955744087,
                29.305618955744087,
                29.305618955744087,
                29.305618955744087,
                29.305618955744087,
                29.305618955744087
            ],
            "Node_11": [
                24.734275888580836,
                25.29629474839762,
                25.930896458421415,
                26.428699022912813,
                26.806967936153217,
                27.119548060154006,
                27.443412887799468,
                27.874577692340594,
                28.477671108954212,
                29.245890928392424,
                30.136655252207625,
                31.101648872419354,
                32.03184253226545,
                31.9844716643594,
                31.849564701335222,
                31.64434022733031,
                31.388668515161875,
                31.10105918492128,
                30.79641465492693,
                30.48642432286402,
                30.20576457439492,
                30.224979071521933,
                29.53951763737605,
                28.80386049850197,
                28.107217766383737,
                27.53665207916158,
                27.170617780538535,
                27.000597337110676,
                26.890501659688756,
                26.668455248756832,
                26.217239238806755,
                25.493808678101203,
                24.734275888580836,
                24.734275888580836,
                24.734275888580836,
                24.734275888580836,
                24.734275888580836,
                24.734275888580836,
                24.734275888580836,
                24.734275888580836,
                24.734275888580836,
                24.734275888580836,
                24.734275888580836,
                24.734275888580836,
                24.734275888580836,
                25.29629474839762,
                25.930896458421415,
                26.428699022912813,
                26.806967936153217,
                27.119548060154006,
                27.443412887799468,
                27.874577692340594,
                28.477671108954212,
                29.245890928392424,
                30.136655252207625,
                31.101648872419354,
                32.03184253226545,
                31.9844716643594,
                31.849564701335222,
                31.64434022733031,
                31.388668515161875,
                31.10105918492128,
                30.79641465492693,
                30.48642432286402,
                30.20576457439492,
                30.224979071521933,
                29.53951763737605,
                28.80386049850197,
                28.107217766383737,
                27.53665207916158,
                27.170617780538535,
                27.000597337110676,
                26.890501659688756,
                26.668455248756832,
                26.217239238806755,
                25.493808678101203,
                24.734275888580836,
                32.03184253226545,
                32.03184253226545,
                32.03184253226545,
                32.03184253226545,
                32.03184253226545,
                32.03184253226545,
                32.03184253226545,
                32.03184253226545,
                32.03184253226545,
                32.03184253226545,
                32.03184253226545,
                32.03184253226545,
                32.03184253226545,
                30.224979071521933,
                30.224979071521933,
                30.22497907152195,
                30.224979071521933,
                30.22497907152195,
                30.224979071521933,
                30.224979071521933,
                30.224979071521933,
                30.224979071521933,
                30.224979071521933,
                30.224979071521933,
                30.224979071521933,
                30.224979071521933
            ],
            "Node_12": [
                40.39602446004934,
                40.06839908266793,
                39.39951347263615,
                38.67107587310772,
                37.91535561508706,
                37.13855285000098,
                36.397932655043576,
                35.741737523033436,
                35.152297603627446,
                34.55112261334477,
                33.85467067212438,
                33.027024295097064,
                32.1445308076014,
                32.123939652957304,
                32.0610364601438,
                31.952385617966716,
                31.793395166079534,
                31.581389792162554,
                31.31707291724215,
                31.003113501540703,
                30.643762021029367,
                30.252116909369253,
                31.310633943845037,
                32.50356932570646,
                33.575304479428716,
                34.484062239104496,
                35.290585165169716,
                36.12997955636725,
                37.085063035861396,
                38.105507441049134,
                39.09522623218488,
                39.989723913947635,
                40.39602446004934,
                40.39602446004934,
                40.39602446004934,
                40.39602446004934,
                40.39602446004934,
                40.39602446004934,
                40.39602446004934,
                40.39602446004934,
                40.39602446004934,
                40.39602446004934,
                40.39602446004934,
                40.39602446004934,
                40.39602446004934,
                40.06839908266793,
                39.39951347263615,
                38.67107587310772,
                37.91535561508706,
                37.13855285000098,
                36.397932655043576,
                35.741737523033436,
                35.152297603627446,
                34.55112261334477,
                33.85467067212438,
                33.027024295097064,
                32.1445308076014,
                32.123939652957304,
                32.0610364601438,
                31.952385617966716,
                31.793395166079534,
                31.581389792162554,
                31.31707291724215,
                31.003113501540703,
                30.643762021029367,
                30.252116909369253,
                31.310633943845037,
                32.50356932570646,
                33.575304479428716,
                34.484062239104496,
                35.290585165169716,
                36.12997955636725,
                37.085063035861396,
                38.105507441049134,
                39.09522623218488,
                39.989723913947635,
                40.39602446004934,
                32.1445308076014,
                32.1445308076014,
                32.1445308076014,
                32.1445308076014,
                32.1445308076014,
                32.1445308076014,
                32.1445308076014,
                32.1445308076014,
                32.1445308076014,
                32.1445308076014,
                32.1445308076014,
                32.1445308076014,
                32.1445308076014,
                30.252116909369253,
                30.252116909369253,
                30.25211690936926,
                30.252116909369253,
                30.25211690936926,
                30.252116909369253,
                30.252116909369253,
                30.252116909369253,
                30.252116909369253,
                30.252116909369253,
                30.252116909369253,
                30.252116909369253,
                30.252116909369253
            ],
            "Node_13": [
                40.547392896781126,
                40.567470710240386,
                40.772793195899595,
                41.23436981081206,
                41.88384516597073,
                42.467935995845316,
                43.04098539302032,
                43.517201148700416,
                43.86390591383202,
                44.078145559209986,
                44.16245992877716,
                44.15783022499614,
                44.14225508564299,
                44.192066835836144,
                44.33635059014176,
                44.55727399930874,
                44.82716439084361,
                45.120297691470824,
                45.41620992567427,
                45.69263776648167,
                45.925852525940485,
                46.085001842293266,
                45.97457809914643,
                45.691504097764806,
                45.33802129730837,
                44.857489803173834,
                44.20803112446709,
                43.42166282004264,
                42.59875408292973,
                41.7516449266096,
                40.97553739870405,
                40.55419117806467,
                40.547392896781126,
                40.547392896781126,
                40.547392896781126,
                40.547392896781126,
                40.547392896781126,
                40.547392896781126,
                40.547392896781126,
                40.547392896781126,
                40.547392896781126,
                40.547392896781126,
                40.547392896781126,
                40.547392896781126,
                40.547392896781126,
                40.567470710240386,
                40.772793195899595,
                41.23436981081206,
                41.88384516597073,
                42.467935995845316,
                43.04098539302032,
                43.517201148700416,
                43.86390591383202,
                44.078145559209986,
                44.16245992877716,
                44.15783022499614,
                44.14225508564299,
                44.192066835836144,
                44.33635059014176,
                44.55727399930874,
                44.82716439084361,
                45.120297691470824,
                45.41620992567427,
                45.69263776648167,
                45.925852525940485,
                46.085001842293266,
                45.97457809914643,
                45.691504097764806,
                45.33802129730837,
                44.857489803173834,
                44.20803112446709,
                43.42166282004264,
                42.59875408292973,
                41.7516449266096,
                40.97553739870405,
                40.55419117806467,
                40.547392896781126,
                44.14225508564299,
                44.14225508564299,
                44.14225508564299,
                44.14225508564299,
                44.14225508564299,
                44.14225508564299,
                44.14225508564299,
                44.14225508564299,
                44.14225508564299,
                44.14225508564299,
                44.14225508564299,
                44.14225508564299,
                44.14225508564299,
                46.085001842293266,
                46.085001842293266,
                46.08500184229323,
                46.085001842293266,
                46.08500184229323,
                46.085001842293266,
                46.085001842293266,
                46.085001842293266,
                46.085001842293266,
                46.085001842293266,
                46.085001842293266,
                46.085001842293266,
                46.085001842293266
            ],
            "Node_14": [
                41.179349770401735,
                41.31247211514359,
                41.44885598433607,
                41.61861141504719,
                42.055861336561925,
                42.89342342528218,
                43.783061128860595,
                44.614306289776344,
                45.36757757758657,
                46.014494496951976,
                46.49996021872952,
                46.7876741133801,
                46.880587920041734,
                46.87840338841093,
                46.8712260631777,
                46.85427187293078,
                46.81818692510924,
                46.75683084910649,
                46.6707607582367,
                46.56178962090318,
                46.43404612001075,
                46.31248517622684,
                46.327532982840665,
                46.265291099692604,
                45.97262231121751,
                45.44586597039369,
                44.70989905995237,
                43.810276211918286,
                42.811245207860345,
                42.00058183670869,
                41.62208210971139,
                41.39462662338209,
                41.179349770401735,
                41.179349770401735,
                41.179349770401735,
                41.179349770401735,
                41.179349770401735,
                41.179349770401735,
                41.179349770401735,
                41.179349770401735,
                41.179349770401735,
                41.179349770401735,
                41.179349770401735,
                41.179349770401735,
                41.179349770401735,
                41.31247211514359,
                41.44885598433607,
                41.61861141504719,
                42.055861336561925,
                42.89342342528218,
                43.783061128860595,
                44.614306289776344,
                45.36757757758657,
                46.014494496951976,
                46.49996021872952,
                46.7876741133801,
                46.880587920041734,
                46.87840338841093,
                46.8712260631777,
                46.85427187293078,
                46.81818692510924,
                46.75683084910649,
                46.6707607582367,
                46.56178962090318,
                46.43404612001075,
                46.31248517622684,
                46.327532982840665,
                46.265291099692604,
                45.97262231121751,
                45.44586597039369,
                44.70989905995237,
                43.810276211918286,
                42.811245207860345,
                42.00058183670869,
                41.62208210971139,
                41.39462662338209,
                41.179349770401735,
                46.880587920041734,
                46.880587920041734,
                46.880587920041734,
                46.880587920041734,
                46.880587920041734,
                46.880587920041734,
                46.880587920041734,
                46.880587920041734,
                46.880587920041734,
                46.880587920041734,
                46.880587920041734,
                46.880587920041734,
                46.880587920041734,
                46.31248517622684,
                46.31248517622684,
                46.31248517622682,
                46.31248517622684,
                46.31248517622682,
                46.31248517622684,
                46.31248517622684,
                46.31248517622684,
                46.31248517622684,
                46.31248517622684,
                46.31248517622684,
                46.31248517622684,
                46.31248517622684
            ],
            "Node_15": [
                46.98483944438366,
                47.02384847546299,
                47.11633979942152,
                47.21686411211116,
                47.309788768252396,
                47.42083104665126,
                47.577510314852745,
                47.77186731319017,
                47.96955865223013,
                48.143079030292036,
                48.28139523453523,
                48.37423001168234,
                48.40739727994468,
                48.42323454299332,
                48.46886863477612,
                48.539125513915835,
                48.626223736983434,
                48.71982307381406,
                48.808315239315284,
                48.88230964576581,
                48.93602462649427,
                48.96564745461478,
                48.95787527080614,
                48.877203240800974,
                48.71095240326824,
                48.455124033641674,
                48.134778702370426,
                47.80376539603956,
                47.52268108969609,
                47.31724047321786,
                47.161026878967796,
                47.03705666968348,
                46.98483944438366,
                46.98483944438366,
                46.98483944438366,
                46.98483944438366,
                46.98483944438366,
                46.98483944438366,
                46.98483944438366,
                46.98483944438366,
                46.98483944438366,
                46.98483944438366,
                46.98483944438366,
                46.98483944438366,
                46.98483944438366,
                47.02384847546299,
                47.11633979942152,
                47.21686411211116,
                47.309788768252396,
                47.42083104665126,
                47.577510314852745,
                47.77186731319017,
                47.96955865223013,
                48.143079030292036,
                48.28139523453523,
                48.37423001168234,
                48.40739727994468,
                48.42323454299332,
                48.46886863477612,
                48.539125513915835,
                48.626223736983434,
                48.71982307381406,
                48.808315239315284,
                48.88230964576581,
                48.93602462649427,
                48.96564745461478,
                48.95787527080614,
                48.877203240800974,
                48.71095240326824,
                48.455124033641674,
                48.134778702370426,
                47.80376539603956,
                47.52268108969609,
                47.31724047321786,
                47.161026878967796,
                47.03705666968348,
                46.98483944438366,
                48.40739727994468,
                48.40739727994468,
                48.40739727994468,
                48.40739727994468,
                48.40739727994468,
                48.40739727994468,
                48.40739727994468,
                48.40739727994468,
                48.40739727994468,
                48.40739727994468,
                48.40739727994468,
                48.40739727994468,
                48.40739727994468,
                48.96564745461478,
                48.96564745461478,
                48.965647454614775,
                48.96564745461478,
                48.965647454614775,
                48.96564745461478,
                48.96564745461478,
                48.96564745461478,
                48.96564745461478,
                48.96564745461478,
                48.96564745461478,
                48.96564745461478,
                48.96564745461478
            ]
        }
    },
    "Phonon_DOS": {
        "DOS": [
            0.0,
            0.002,
            0.0,
            0.0,
            0.004,
            0.006666666666666667,
            0.005333333333333333,
            0.02,
            0.02666666666666667,
            0.034,
            0.03333333333333333,
            0.04,
            0.017333333333333333,
            0.027999999999999997,
            0.018666666666666668,
            0.032,
            0.029333333333333333,
            0.03,
            0.03,
            0.04933333333333333,
            0.04066666666666666,
            0.08,
            0.05466666666666667,
            0.016,
            0.013999999999999999,
            0.02,
            0.015333333333333334,
            0.004,
            0.021333333333333333,
            0.018666666666666668,
            0.02,
            0.008,
            0.012,
            0.008666666666666666,
            0.011333333333333332,
            0.008,
            0.016,
            0.004,
            0.008,
            0.008,
            0.0,
            0.004,
            0.005333333333333333,
            0.004666666666666667,
            0.016,
            0.017333333333333333,
            0.03266666666666666,
            0.027999999999999997,
            0.03066666666666667,
            0.022666666666666665,
            0.04333333333333334,
            0.0
        ],
        "Energy(meV)": [
            -1.5,
            -0.5,
            0.5,
            1.5,
            2.5,
            3.5,
            4.5,
            5.5,
            6.5,
            7.5,
            8.5,
            9.5,
            10.5,
            11.5,
            12.5,
            13.5,
            14.5,
            15.5,
            16.5,
            17.5,
            18.5,
            19.5,
            20.5,
            21.5,
            22.5,
            23.5,
            24.5,
            25.5,
            26.5,
            27.5,
            28.5,
            29.5,
            30.5,
            31.5,
            32.5,
            33.5,
            34.5,
            35.5,
            36.5,
            37.5,
            38.5,
            39.5,
            40.5,
            41.5,
            42.5,
            43.5,
            44.5,
            45.5,
            46.5,
            47.5,
            48.5,
            49.5
        ]
    }
}