{
    "POSCAR": {
        "Atomes": "   V      N\n",
        "coordinate": "Direct\n",
        "unit_cell": {
            "a_vector": "2.8573185868323296   2.8203017905141364e-07   -1.547754616071621e-06\n",
            "b_vector": "-1.428659514853705   2.4745103176987393   1.6739913852308224e-06\n",
            "c_vector": "-1.7158150320046355e-05   1.1522194777240727e-05   30.68790318186897\n"
        },
        "positions": {
            "V": [
                "0.6666669604013569   0.33333303970461514   0.23424480941060705\n",
                "0.33333303462824787   0.6666669432486381   0.16575519023176932\n"
            ],
            "N": [
                "4.970394584369255e-09   1.7046746128867515e-08   0.2000000003576236\n"
            ]
        }
    },
    "Termo_data": {
        "Temperature (K)": [
            0,
            10,
            20,
            30,
            40,
            50,
            60,
            70,
            80,
            90,
            100,
            110,
            120,
            130,
            140,
            150,
            160,
            170,
            180,
            190,
            200,
            210,
            220,
            230,
            240,
            250,
            260,
            270,
            280,
            290,
            300,
            310,
            320,
            330,
            340,
            350,
            360,
            370,
            380,
            390,
            400,
            410,
            420,
            430,
            440,
            450,
            460,
            470,
            480,
            490,
            500,
            510,
            520,
            530,
            540,
            550,
            560,
            570,
            580,
            590,
            600,
            610,
            620,
            630,
            640,
            650,
            660,
            670,
            680,
            690,
            700,
            710,
            720,
            730,
            740,
            750,
            760,
            770,
            780,
            790,
            800,
            810,
            820,
            830,
            840,
            850,
            860,
            870,
            880,
            890,
            900,
            910,
            920,
            930,
            940,
            950,
            960,
            970,
            980,
            990,
            1000,
            1010,
            1020,
            1030,
            1040,
            1050,
            1060,
            1070,
            1080,
            1090,
            1100,
            1110,
            1120,
            1130,
            1140,
            1150,
            1160,
            1170,
            1180,
            1190,
            1200,
            1210,
            1220,
            1230,
            1240,
            1250,
            1260,
            1270,
            1280,
            1290,
            1300,
            1310,
            1320,
            1330,
            1340,
            1350,
            1360,
            1370,
            1380,
            1390,
            1400,
            1410,
            1420,
            1430,
            1440,
            1450,
            1460,
            1470,
            1480,
            1490,
            1500,
            1510,
            1520,
            1530,
            1540,
            1550,
            1560,
            1570,
            1580,
            1590,
            1600,
            1610,
            1620,
            1630,
            1640,
            1650,
            1660,
            1670,
            1680,
            1690,
            1700,
            1710,
            1720,
            1730,
            1740,
            1750,
            1760,
            1770,
            1780,
            1790,
            1800,
            1810,
            1820,
            1830,
            1840,
            1850,
            1860,
            1870,
            1880,
            1890,
            1900,
            1910,
            1920,
            1930,
            1940,
            1950,
            1960,
            1970
        ],
        "Gibbs_free(J/mole)": [
            -512445.7017619316,
            -512446.0176182667,
            -512448.34142224747,
            -512453.76065820456,
            -512463.30306690687,
            -512478.10831224837,
            -512499.3169217366,
            -512527.88387651334,
            -512564.5055047007,
            -512609.6397644842,
            -512663.55943377595,
            -512726.4044788758,
            -512798.2233839563,
            -512879.0024355799,
            -512968.6855371408,
            -513067.1872706937,
            -513174.40180149383,
            -513290.2088177377,
            -513414.47764894017,
            -513547.0705051244,
            -513687.84441848774,
            -513836.65356940666,
            -513993.35005456046,
            -514157.78554652067,
            -514329.81193312735,
            -514509.282263564,
            -514696.05122611154,
            -514889.9754841736,
            -515090.914504882,
            -515298.7304205721,
            -515513.2884245298,
            -515734.45691177493,
            -515962.10769738664,
            -516196.11583861045,
            -516436.3599143204,
            -516682.72198073467,
            -516935.08736675617,
            -517193.3449031647,
            -517457.3866418018,
            -517727.1079762739,
            -518002.4074357979,
            -518283.18664604396,
            -518569.3503327632,
            -518860.8060092658,
            -519157.4642097481,
            -519459.2381177337,
            -519766.04351110535,
            -520077.79890305357,
            -520394.4252917985,
            -520715.8458177063,
            -521041.9862360208,
            -521372.7744386232,
            -521708.14034995163,
            -522048.0162041127,
            -522392.33565218066,
            -522741.0353430166,
            -523094.05254576774,
            -523451.3272206085,
            -523812.800457818,
            -524178.41527703585,
            -524548.1167256375,
            -524921.8502359092,
            -525299.5635416359,
            -525681.2058533306,
            -526066.7275049294,
            -526456.080096323,
            -526849.2165430288,
            -527246.0907066622,
            -527646.658685761,
            -528050.8763028132,
            -528458.7016970542,
            -528870.0928414583,
            -529285.009846286,
            -529703.4133711616,
            -530125.265000291,
            -530550.5267097399,
            -530979.1623447535,
            -531411.1358150108,
            -531846.4127946958,
            -532284.9585154344,
            -532726.7400940369,
            -533171.7242405001,
            -533619.8783516997,
            -534071.173171273,
            -534525.5769758857,
            -534983.0596348074,
            -535443.5933508521,
            -535907.1469656732,
            -536373.6948652633,
            -536843.207192413,
            -537315.6582865113,
            -537791.0207449592,
            -538269.2718304265,
            -538750.380432791,
            -539234.3268190498,
            -539721.0830422614,
            -540210.6263562033,
            -540702.9330953748,
            -541197.9794799354,
            -541695.7443189987,
            -542196.2042031031,
            -542699.3357904534,
            -543205.1180433339,
            -543713.5293838343,
            -544224.5524545026,
            -544738.1608442758,
            -545254.3396763719,
            -545773.064496468,
            -546294.3187862972,
            -546818.0815175604,
            -547344.3344915829,
            -547873.057236563,
            -548404.2324588224,
            -548937.8418830219,
            -549473.8685684905,
            -550012.2932024349,
            -550553.0996684682,
            -551096.2700236372,
            -551641.785056871,
            -552189.6316125895,
            -552739.7927263953,
            -553292.2463761119,
            -553846.9875936784,
            -554403.985835612,
            -554963.2395556886,
            -555524.7204118586,
            -556088.426240839,
            -556654.3316224796,
            -557222.4247089152,
            -557792.6907620138,
            -558365.1159712174,
            -558939.6834542152,
            -559516.3799236473,
            -560095.1968444019,
            -560676.1104257237,
            -561259.1121497846,
            -561844.188994322,
            -562431.3246028353,
            -563020.5059719763,
            -563611.7238429175,
            -564204.9580387921,
            -564800.2049173876,
            -565397.4429550489,
            -565996.6625032598,
            -566597.850879076,
            -567200.9944125236,
            -567806.0850667343,
            -568413.1046457238,
            -569022.047997344,
            -569632.8956656138,
            -570245.642071361,
            -570860.268211293,
            -571476.7679871345,
            -572095.1319026105,
            -572715.3396253497,
            -573337.3915909112,
            -573961.2652046834,
            -574586.954683405,
            -575214.4528837838,
            -575843.7379417015,
            -576474.8110701361,
            -577107.6510335208,
            -577742.2592379584,
            -578378.6098267289,
            -579016.707311248,
            -579656.5340654043,
            -580298.0772086496,
            -580941.3313387465,
            -581586.2854733102,
            -582232.9302743005,
            -582881.2518896193,
            -583531.2418210509,
            -584182.8976324537,
            -584836.1969248714,
            -585491.1426911463,
            -586147.7152660599,
            -586805.911175215,
            -587465.7181107535,
            -588127.129771679,
            -588790.1328855627,
            -589454.7236849393,
            -590120.897582092,
            -590788.6323719055,
            -591457.9236700031,
            -592128.7654324091,
            -592801.145326978,
            -593475.0632433579,
            -594150.4995437077,
            -594827.457129672,
            -595505.9138864278,
            -596185.8782251742,
            -596867.3281684179,
            -597550.2577552571,
            -598234.6669139059,
            -598920.5383077468,
            -599607.8708684245,
            -600296.6508187659,
            -600986.868804474
        ],
        "Cp(J/mole.K)": [
            -0.0,
            0.17778318169148405,
            0.6160992171760881,
            1.2453460579461533,
            2.105221017030999,
            3.1784887776448154,
            4.376209220162127,
            5.596556648529077,
            6.773069222224876,
            7.876985944670741,
            8.902505276273587,
            9.85414163593232,
            10.739460901252459,
            11.56573548316082,
            12.338938908974521,
            13.063766973813479,
            13.743833237327635,
            14.382059645652765,
            14.980914945557021,
            15.542654025388758,
            16.0694332625717,
            16.563179236672315,
            17.025933371792757,
            17.459725459362364,
            17.866448650381088,
            18.24781472892938,
            18.605590761083267,
            18.941658157472546,
            19.257448614109308,
            19.55437723316138,
            19.834014906824482,
            20.097637615329564,
            20.346355261513963,
            20.581452613179863,
            20.803950176702322,
            21.01468276759988,
            21.214640348881936,
            21.40463937822204,
            21.58544300295476,
            21.757706744311132,
            21.922102969197965,
            22.07921078812069,
            22.229529020530784,
            22.373701139437678,
            22.511966809647888,
            22.644761458541325,
            22.772851236243085,
            22.896201966107746,
            23.014996235026047,
            23.13009017359729,
            23.2414621356293,
            23.349259329994602,
            23.453544787660903,
            23.555019774194882,
            23.65414833338287,
            23.75001569589953,
            23.843425848474766,
            23.934554840590863,
            24.024115865270183,
            24.11168110785935,
            24.195822268462592,
            24.279004285631483,
            24.361578307452014,
            24.441835274576487,
            24.520119689404964,
            24.596596938266977,
            24.672622644103924,
            24.748101234942343,
            24.82147655362496,
            24.89337580227584,
            24.963991392665825,
            25.034584128286173,
            25.104608591739037,
            25.171876197043613,
            25.23805234626047,
            25.30456254833542,
            25.370900411717482,
            25.436170669202802,
            25.499856327631278,
            25.562473668082216,
            25.621916643343923,
            25.683491556908354,
            25.74875137259945,
            25.80788048031955,
            25.8672766390373,
            25.92684307912732,
            25.9830498060619,
            26.041048526079976,
            26.096195041085593,
            26.1511499191256,
            26.21277600119356,
            26.267457774557794,
            26.31532282847911,
            26.37229281008192,
            26.42468904624713,
            26.47517865202092,
            26.528607788309387,
            26.58083848769304,
            26.635418617440294,
            26.68111338148315,
            26.722792657674077,
            26.770357863811803,
            26.82745589162827,
            26.877507680881536,
            26.917307821707652,
            26.964503345589037,
            27.00850334839197,
            27.05326180788382,
            27.098807473014887,
            27.137451805261662,
            27.176220372901376,
            27.219773691462045,
            27.266798799997275,
            27.308351095340672,
            27.345722382579616,
            27.38581764421534,
            27.41743643261725,
            27.45044566854211,
            27.500729308452243,
            27.528194346214793,
            27.561593276448377,
            27.60220533277889,
            27.624138917535397,
            27.6599839951873,
            27.697641734639006,
            27.739482419929296,
            27.75711621644468,
            27.774674299464095,
            27.81694152317914,
            27.84320735178162,
            27.861242914863485,
            27.90528590189088,
            27.939613833697607,
            27.93636802663377,
            27.966022848058298,
            28.00287337978089,
            28.01059079072448,
            28.039745582401228,
            28.066057607024945,
            28.08437449818051,
            28.114973043266218,
            28.117202692656225,
            28.12667758506723,
            28.150706124512467,
            28.1745490720034,
            28.19642426984501,
            28.2099117726494,
            28.22689108480699,
            28.235230606631372,
            28.24118356486121,
            28.244406587473136,
            28.279074784519942,
            28.29374527828779,
            28.289688460598374,
            28.31267330607505,
            28.300691248412694,
            28.32218909034306,
            28.33915077578579,
            28.323503644875018,
            28.341088252805413,
            28.35992587963119,
            28.35894809012825,
            28.349617143371027,
            28.38419027912919,
            28.379478858527378,
            28.351268000376173,
            28.37922412490636,
            28.39693973463531,
            28.384236923977255,
            28.36078230449252,
            28.387137732556344,
            28.40120647498746,
            28.377058190316404,
            28.386001616151525,
            28.376900385786346,
            28.369702835116687,
            28.380494539485994,
            28.372790761798136,
            28.37015974327831,
            28.415899696936904,
            28.41648167656942,
            28.332796002869145,
            28.320899595466003,
            28.344728466746425,
            28.35785204777494,
            28.36308886634704,
            28.3467504487365,
            28.331089004675526,
            28.327883183479912,
            28.349713051150857,
            28.30256425892003,
            28.289313202109227,
            28.324907552450895,
            28.299633573060788,
            28.28499886770068,
            28.245659962747318,
            28.261498281126563,
            28.298426888364226
        ],
        "S(J/mole.K)": [
            0,
            0.08889159084574202,
            0.3318079859855061,
            0.693390466603887,
            1.1641007700571206,
            1.7451022749504772,
            2.427635254395136,
            3.192073402398819,
            4.015144275111379,
            4.87607143175992,
            5.758807025833085,
            6.651847818552779,
            7.54724088501098,
            8.439554402684735,
            9.325066772412537,
            10.201202061145885,
            11.06615574893949,
            11.918652291889885,
            12.757790572439262,
            13.582944309899176,
            14.39369735265791,
            15.189794594619162,
            15.97110903619323,
            16.737621316486912,
            17.489398245819757,
            18.226572220614617,
            18.949328337521727,
            19.657899607210854,
            20.352554065537696,
            21.033581511558438,
            21.701292861726685,
            22.356015222248967,
            22.99808246861867,
            23.62783446068861,
            24.245615095572433,
            24.851765293170324,
            25.44662282961654,
            26.030522495729386,
            26.603793366099858,
            27.16675731124124,
            27.71972855661661,
            28.263013511879397,
            28.796909430271626,
            29.3217059960909,
            29.837683116320846,
            30.345109381626393,
            30.844248833975147,
            31.335356442334163,
            31.818672603109736,
            32.2944334755266,
            32.76286942518491,
            33.224198353698014,
            33.67862751458233,
            34.12635953599092,
            34.56759659564777,
            35.002525721222625,
            35.43132268561167,
            35.8541626518454,
            36.271219334403575,
            36.68266006209305,
            37.08862819490532,
            37.48926827899194,
            37.88474085203051,
            38.27518801285913,
            38.66073426757211,
            39.041502294478406,
            39.41762069422111,
            39.78922182477981,
            40.15642000444058,
            40.51931764262844,
            40.878018648037674,
            41.23263276049837,
            41.5832702083906,
            41.93001787899411,
            42.27295537065074,
            42.612179835024286,
            42.947790737177996,
            43.279874495086545,
            43.608505051981766,
            43.93375347749242,
            44.25567826453916,
            44.574355314899,
            44.889899967778184,
            45.20237370883842,
            45.51181475311459,
            45.818297479512694,
            46.12187256421312,
            46.42259800569737,
            46.72053303958383,
            47.0157234476239,
            47.30826655354322,
            47.59821977795218,
            47.88556452787161,
            48.17036910720635,
            48.45271248431963,
            48.732612386485556,
            49.01012526425329,
            49.28530972786393,
            49.558219352189916,
            49.82886744302232,
            50.09723450419697,
            50.36337499156362,
            50.62740865236556,
            50.889389127345936,
            51.14927259936085,
            51.40708513000281,
            51.66288612758653,
            51.91670183953829,
            52.16857639279478,
            52.41851755867683,
            52.66652955697646,
            52.91266942460352,
            53.15700779816543,
            53.399567990448844,
            53.64033878124609,
            53.87934493248321,
            54.11659231016237,
            54.35208051234949,
            54.58591862324246,
            54.81811181938828,
            55.048616473500445,
            55.27751514520787,
            55.50478752901836,
            55.730440172436644,
            55.95456317101925,
            56.177205139951546,
            56.398310356204455,
            56.61780675419286,
            56.83581579343299,
            57.05239512959815,
            57.26747316453402,
            57.481140515946024,
            57.69348111134459,
            57.90433692187653,
            58.11371169334888,
            58.32177687072253,
            58.52847132977476,
            58.73378628086793,
            58.93780973327811,
            59.14052127764589,
            59.341954825507116,
            59.542071836045935,
            59.740815825703606,
            59.93828246522752,
            60.13453980300983,
            60.32959714760509,
            60.52343548370409,
            60.71605460421852,
            60.907453730430284,
            61.09761209538556,
            61.286529189709114,
            61.4743165321459,
            61.66102738314512,
            61.846548875955335,
            62.03092310222564,
            62.21413991862064,
            62.396208718119304,
            62.57723703773809,
            62.75712045092078,
            62.935874710603095,
            63.113622398010925,
            63.29031843374542,
            63.465888519449805,
            63.64045540613443,
            63.81404627587327,
            63.98648201060569,
            64.15787453467783,
            64.32837490306412,
            64.49787257631979,
            64.66625711188098,
            64.83365633340145,
            65.00019237834495,
            65.16572828994977,
            65.33026020527613,
            65.49384348957537,
            65.65644260059054,
            65.81812529934687,
            65.97890083073435,
            66.13874141713313,
            66.29780689858599,
            66.45611559140961,
            66.61331765500654,
            66.76938971649797,
            66.92463899901341,
            67.07914299287513,
            67.23285937037582,
            67.38571730937838,
            67.5376698263237,
            67.68876151605218,
            67.83910087177793,
            67.9885805449143,
            68.13711677089742,
            68.2849353447047,
            68.4320132376728,
            68.57822783217416,
            68.7235520829272,
            68.86807251094287,
            69.01199158832168
        ]
    },
    "Phonon_data": {
        "Numb_Node": 9,
        "total_n_kpoints": 100,
        "frequency": {
            "Node_1": [
                -0.11834156392106829,
                -1.0393264098617436,
                -2.1248239705608905,
                -3.453525242792546,
                -5.049756529357066,
                -6.480604086129054,
                -7.137170043667202,
                -6.5989825196344505,
                -4.301640421343628,
                4.380694263435722,
                7.74880441443039,
                9.587469040955664,
                10.198558014631145,
                10.197631743235403,
                10.206413420762207,
                10.261047015560395,
                10.410076431814977,
                10.681536407686039,
                11.060496774779779,
                11.490445674526896,
                11.879449465870236,
                12.113578598726907,
                11.917816420033013,
                10.818995214429107,
                8.672689050299725,
                5.170243394860323,
                -3.8559605073511256,
                -6.100059923385359,
                -5.9779877448453895,
                -4.5293553261398465,
                -2.7703011567398343,
                -1.2969852338898982,
                -0.11834156392106829,
                -0.11834156392106829,
                -0.11834156392106829,
                -0.11834156392106829,
                -0.11834156392106829,
                -0.11834156392106829,
                -0.11834156392106829,
                -0.11834156392106829,
                -0.11834156392106829,
                -0.11834156392106829,
                -0.11834156392106829,
                -0.11834156392106829,
                -0.11834156392106829,
                -1.0393264098617436,
                -2.1248239705608905,
                -3.453525242792546,
                -5.049756529357066,
                -6.480604086129054,
                -7.137170043667202,
                -6.5989825196344505,
                -4.301640421343628,
                4.380694263435722,
                7.74880441443039,
                9.587469040955664,
                10.198558014631145,
                10.197631743235403,
                10.206413420762207,
                10.261047015560395,
                10.410076431814977,
                10.681536407686039,
                11.060496774779779,
                11.490445674526896,
                11.879449465870236,
                12.113578598726907,
                11.917816420033013,
                10.818995214429107,
                8.672689050299725,
                5.170243394860323,
                -3.8559605073511256,
                -6.100059923385359,
                -5.9779877448453895,
                -4.5293553261398465,
                -2.7703011567398343,
                -1.2969852338898982,
                -0.11834156392106829,
                10.198558014631145,
                10.198558014631145,
                10.198558014631145,
                10.198558014631145,
                10.198558014631145,
                10.198558014631145,
                10.198558014631145,
                10.198558014631145,
                10.198558014631145,
                10.198558014631145,
                10.198558014631145,
                10.198558014631145,
                10.198558014631145,
                12.113578598726907,
                12.113578598726907,
                12.113578598726976,
                12.113578598726907,
                12.113578598726976,
                12.113578598726907,
                12.113578598726907,
                12.113578598726907,
                12.113578598726907,
                12.113578598726907,
                12.113578598726907,
                12.113578598726907,
                12.113578598726907
            ],
            "Node_2": [
                -0.1085799895823075,
                3.102154242015644,
                6.15770448370637,
                9.133884521784926,
                11.966858475841432,
                14.592998983266654,
                16.99787138200523,
                19.170959890047374,
                21.07056747267112,
                22.655434379620115,
                23.918038732743096,
                24.870699441261277,
                25.390987162029088,
                25.268542999241227,
                24.89740835371524,
                24.179443557846984,
                23.25177998272766,
                22.341898420066467,
                21.590864026676964,
                21.091295109711133,
                20.83093317596002,
                20.617038646158147,
                20.36302828568476,
                20.480762217545774,
                20.8831195374947,
                20.585573909742468,
                18.932086528878514,
                16.845139338233082,
                14.298799697816833,
                11.21627692780607,
                7.671507865282991,
                3.8729018914912348,
                -0.1085799895823075,
                -0.1085799895823075,
                -0.1085799895823075,
                -0.1085799895823075,
                -0.1085799895823075,
                -0.1085799895823075,
                -0.1085799895823075,
                -0.1085799895823075,
                -0.1085799895823075,
                -0.1085799895823075,
                -0.1085799895823075,
                -0.1085799895823075,
                -0.1085799895823075,
                3.102154242015644,
                6.15770448370637,
                9.133884521784926,
                11.966858475841432,
                14.592998983266654,
                16.99787138200523,
                19.170959890047374,
                21.07056747267112,
                22.655434379620115,
                23.918038732743096,
                24.870699441261277,
                25.390987162029088,
                25.268542999241227,
                24.89740835371524,
                24.179443557846984,
                23.25177998272766,
                22.341898420066467,
                21.590864026676964,
                21.091295109711133,
                20.83093317596002,
                20.617038646158147,
                20.36302828568476,
                20.480762217545774,
                20.8831195374947,
                20.585573909742468,
                18.932086528878514,
                16.845139338233082,
                14.298799697816833,
                11.21627692780607,
                7.671507865282991,
                3.8729018914912348,
                -0.1085799895823075,
                25.390987162029088,
                25.390987162029088,
                25.390987162029088,
                25.390987162029088,
                25.390987162029088,
                25.390987162029088,
                25.390987162029088,
                25.390987162029088,
                25.390987162029088,
                25.390987162029088,
                25.390987162029088,
                25.390987162029088,
                25.390987162029088,
                20.617038646158147,
                20.617038646158147,
                20.617038646158143,
                20.617038646158147,
                20.617038646158143,
                20.617038646158147,
                20.617038646158147,
                20.617038646158147,
                20.617038646158147,
                20.617038646158147,
                20.617038646158147,
                20.617038646158147,
                20.617038646158147
            ],
            "Node_3": [
                -0.03942104321123554,
                4.5872405763398,
                8.910653156396773,
                12.74218938329633,
                15.976620557234659,
                18.690826832290266,
                21.042238393697957,
                22.626224391635212,
                23.97211390067278,
                25.304940976727636,
                26.145173892737297,
                26.06445028732805,
                25.810750567516756,
                25.62576947536325,
                25.120248706790704,
                24.527846528667332,
                23.906046386343732,
                23.230845233394717,
                22.546414695136466,
                21.922204003481284,
                21.478736486847357,
                21.418297821148037,
                21.901568411682295,
                22.254664736494316,
                21.905703806880695,
                21.58562581220372,
                21.837247771841106,
                21.12627327667135,
                18.870924837105203,
                15.43296010728955,
                11.028287004035848,
                5.7643333876487555,
                -0.03942104321123554,
                -0.03942104321123554,
                -0.03942104321123554,
                -0.03942104321123554,
                -0.03942104321123554,
                -0.03942104321123554,
                -0.03942104321123554,
                -0.03942104321123554,
                -0.03942104321123554,
                -0.03942104321123554,
                -0.03942104321123554,
                -0.03942104321123554,
                -0.03942104321123554,
                4.5872405763398,
                8.910653156396773,
                12.74218938329633,
                15.976620557234659,
                18.690826832290266,
                21.042238393697957,
                22.626224391635212,
                23.97211390067278,
                25.304940976727636,
                26.145173892737297,
                26.06445028732805,
                25.810750567516756,
                25.62576947536325,
                25.120248706790704,
                24.527846528667332,
                23.906046386343732,
                23.230845233394717,
                22.546414695136466,
                21.922204003481284,
                21.478736486847357,
                21.418297821148037,
                21.901568411682295,
                22.254664736494316,
                21.905703806880695,
                21.58562581220372,
                21.837247771841106,
                21.12627327667135,
                18.870924837105203,
                15.43296010728955,
                11.028287004035848,
                5.7643333876487555,
                -0.03942104321123554,
                25.810750567516756,
                25.810750567516756,
                25.810750567516756,
                25.810750567516756,
                25.810750567516756,
                25.810750567516756,
                25.810750567516756,
                25.810750567516756,
                25.810750567516756,
                25.810750567516756,
                25.810750567516756,
                25.810750567516756,
                25.810750567516756,
                21.418297821148037,
                21.418297821148037,
                21.418297821148034,
                21.418297821148037,
                21.418297821148034,
                21.418297821148037,
                21.418297821148037,
                21.418297821148037,
                21.418297821148037,
                21.418297821148037,
                21.418297821148037,
                21.418297821148037,
                21.418297821148037
            ],
            "Node_4": [
                26.43265525745855,
                25.904250983687973,
                24.511554321109127,
                22.84082636612276,
                21.575157692971644,
                21.16920465668026,
                21.63273591394802,
                23.2257388559057,
                25.15238545599783,
                26.49410932185003,
                26.70994646263138,
                27.308045292109014,
                27.547514401899317,
                27.560473847521806,
                27.603136172979315,
                27.679869993776556,
                27.796967733799587,
                27.967398533413718,
                28.2055977841275,
                28.51330924886376,
                28.868356429529165,
                29.162485057192733,
                28.52707632909513,
                27.6539142161285,
                26.653139623469297,
                25.476870297758044,
                24.077192632530963,
                22.653249458725714,
                21.801115382436368,
                22.228400951509308,
                23.855377773190664,
                25.681590457452064,
                26.43265525745855,
                26.43265525745855,
                26.43265525745855,
                26.43265525745855,
                26.43265525745855,
                26.43265525745855,
                26.43265525745855,
                26.43265525745855,
                26.43265525745855,
                26.43265525745855,
                26.43265525745855,
                26.43265525745855,
                26.43265525745855,
                25.904250983687973,
                24.511554321109127,
                22.84082636612276,
                21.575157692971644,
                21.16920465668026,
                21.63273591394802,
                23.2257388559057,
                25.15238545599783,
                26.49410932185003,
                26.70994646263138,
                27.308045292109014,
                27.547514401899317,
                27.560473847521806,
                27.603136172979315,
                27.679869993776556,
                27.796967733799587,
                27.967398533413718,
                28.2055977841275,
                28.51330924886376,
                28.868356429529165,
                29.162485057192733,
                28.52707632909513,
                27.6539142161285,
                26.653139623469297,
                25.476870297758044,
                24.077192632530963,
                22.653249458725714,
                21.801115382436368,
                22.228400951509308,
                23.855377773190664,
                25.681590457452064,
                26.43265525745855,
                27.547514401899317,
                27.547514401899317,
                27.547514401899317,
                27.547514401899317,
                27.547514401899317,
                27.547514401899317,
                27.547514401899317,
                27.547514401899317,
                27.547514401899317,
                27.547514401899317,
                27.547514401899317,
                27.547514401899317,
                27.547514401899317,
                29.162485057192733,
                29.162485057192733,
                29.162485057192736,
                29.162485057192733,
                29.162485057192736,
                29.162485057192733,
                29.162485057192733,
                29.162485057192733,
                29.162485057192733,
                29.162485057192733,
                29.162485057192733,
                29.162485057192733,
                29.162485057192733
            ],
            "Node_5": [
                26.493347563157748,
                26.443726443619735,
                26.358086008499445,
                26.27030508589842,
                26.203284129232692,
                26.177314150752753,
                26.219961010741244,
                26.32397455640928,
                26.432696826198825,
                26.84697579157181,
                28.18738874701621,
                29.038115949480616,
                29.323879831886526,
                29.351047622772658,
                29.42242305216332,
                29.51445547256565,
                29.602006130541255,
                29.663248725666925,
                29.67539628016294,
                29.612282754282397,
                29.453213046148967,
                29.254739657332216,
                29.67928973241859,
                29.722754372491845,
                29.229327929871094,
                28.180870643585877,
                26.772450381372355,
                25.75008484708565,
                25.660426694790615,
                25.93965091365592,
                26.21355779496764,
                26.389764090124793,
                26.493347563157748,
                26.493347563157748,
                26.493347563157748,
                26.493347563157748,
                26.493347563157748,
                26.493347563157748,
                26.493347563157748,
                26.493347563157748,
                26.493347563157748,
                26.493347563157748,
                26.493347563157748,
                26.493347563157748,
                26.493347563157748,
                26.443726443619735,
                26.358086008499445,
                26.27030508589842,
                26.203284129232692,
                26.177314150752753,
                26.219961010741244,
                26.32397455640928,
                26.432696826198825,
                26.84697579157181,
                28.18738874701621,
                29.038115949480616,
                29.323879831886526,
                29.351047622772658,
                29.42242305216332,
                29.51445547256565,
                29.602006130541255,
                29.663248725666925,
                29.67539628016294,
                29.612282754282397,
                29.453213046148967,
                29.254739657332216,
                29.67928973241859,
                29.722754372491845,
                29.229327929871094,
                28.180870643585877,
                26.772450381372355,
                25.75008484708565,
                25.660426694790615,
                25.93965091365592,
                26.21355779496764,
                26.389764090124793,
                26.493347563157748,
                29.323879831886526,
                29.323879831886526,
                29.323879831886526,
                29.323879831886526,
                29.323879831886526,
                29.323879831886526,
                29.323879831886526,
                29.323879831886526,
                29.323879831886526,
                29.323879831886526,
                29.323879831886526,
                29.323879831886526,
                29.323879831886526,
                29.254739657332216,
                29.254739657332216,
                29.254739657332212,
                29.254739657332216,
                29.254739657332212,
                29.254739657332216,
                29.254739657332216,
                29.254739657332216,
                29.254739657332216,
                29.254739657332216,
                29.254739657332216,
                29.254739657332216,
                29.254739657332216
            ],
            "Node_6": [
                38.49979916699468,
                38.56908102429792,
                38.809026081922575,
                39.24829902708693,
                39.81044313577127,
                40.332764197071704,
                40.664951563415826,
                40.71818995283917,
                40.48710731378301,
                40.076586292753944,
                39.66769484385058,
                39.4064559519341,
                39.32469198636448,
                39.351778739161624,
                39.42640740199093,
                39.52947531852494,
                39.6331698269263,
                39.70872681764602,
                39.73617450642616,
                39.713367456964946,
                39.6602459978574,
                39.61385791052572,
                39.65597201352092,
                39.90359371635047,
                40.2616012533625,
                40.59628802934474,
                40.7959039339773,
                40.72360499157283,
                40.30137627508598,
                39.63867253783664,
                39.00264797970216,
                38.61546135669471,
                38.49979916699468,
                38.49979916699468,
                38.49979916699468,
                38.49979916699468,
                38.49979916699468,
                38.49979916699468,
                38.49979916699468,
                38.49979916699468,
                38.49979916699468,
                38.49979916699468,
                38.49979916699468,
                38.49979916699468,
                38.49979916699468,
                38.56908102429792,
                38.809026081922575,
                39.24829902708693,
                39.81044313577127,
                40.332764197071704,
                40.664951563415826,
                40.71818995283917,
                40.48710731378301,
                40.076586292753944,
                39.66769484385058,
                39.4064559519341,
                39.32469198636448,
                39.351778739161624,
                39.42640740199093,
                39.52947531852494,
                39.6331698269263,
                39.70872681764602,
                39.73617450642616,
                39.713367456964946,
                39.6602459978574,
                39.61385791052572,
                39.65597201352092,
                39.90359371635047,
                40.2616012533625,
                40.59628802934474,
                40.7959039339773,
                40.72360499157283,
                40.30137627508598,
                39.63867253783664,
                39.00264797970216,
                38.61546135669471,
                38.49979916699468,
                39.32469198636448,
                39.32469198636448,
                39.32469198636448,
                39.32469198636448,
                39.32469198636448,
                39.32469198636448,
                39.32469198636448,
                39.32469198636448,
                39.32469198636448,
                39.32469198636448,
                39.32469198636448,
                39.32469198636448,
                39.32469198636448,
                39.61385791052572,
                39.61385791052572,
                39.61385791052573,
                39.61385791052572,
                39.61385791052573,
                39.61385791052572,
                39.61385791052572,
                39.61385791052572,
                39.61385791052572,
                39.61385791052572,
                39.61385791052572,
                39.61385791052572,
                39.61385791052572
            ],
            "Node_7": [
                54.83018358206272,
                55.169751426372535,
                56.01497102701681,
                57.01751775764478,
                57.91622465960907,
                58.6052274503206,
                59.06213867586698,
                59.28545121813521,
                59.292401300416785,
                59.14369907267245,
                58.94007237404107,
                58.77962121888736,
                58.720553292080375,
                58.7844528854817,
                58.95755777769968,
                59.19414949992579,
                59.441337557739,
                59.65432931616776,
                59.805942758445845,
                59.89165268411316,
                59.92482480072603,
                59.925127289637516,
                59.905312319804366,
                59.909382582706506,
                59.923060583760716,
                59.879810641883665,
                59.68644278412055,
                59.25043691940234,
                58.52605402857539,
                57.53105205597405,
                56.35895347473208,
                55.28895937129064,
                54.83018358206272,
                54.83018358206272,
                54.83018358206272,
                54.83018358206272,
                54.83018358206272,
                54.83018358206272,
                54.83018358206272,
                54.83018358206272,
                54.83018358206272,
                54.83018358206272,
                54.83018358206272,
                54.83018358206272,
                54.83018358206272,
                55.169751426372535,
                56.01497102701681,
                57.01751775764478,
                57.91622465960907,
                58.6052274503206,
                59.06213867586698,
                59.28545121813521,
                59.292401300416785,
                59.14369907267245,
                58.94007237404107,
                58.77962121888736,
                58.720553292080375,
                58.7844528854817,
                58.95755777769968,
                59.19414949992579,
                59.441337557739,
                59.65432931616776,
                59.805942758445845,
                59.89165268411316,
                59.92482480072603,
                59.925127289637516,
                59.905312319804366,
                59.909382582706506,
                59.923060583760716,
                59.879810641883665,
                59.68644278412055,
                59.25043691940234,
                58.52605402857539,
                57.53105205597405,
                56.35895347473208,
                55.28895937129064,
                54.83018358206272,
                58.720553292080375,
                58.720553292080375,
                58.720553292080375,
                58.720553292080375,
                58.720553292080375,
                58.720553292080375,
                58.720553292080375,
                58.720553292080375,
                58.720553292080375,
                58.720553292080375,
                58.720553292080375,
                58.720553292080375,
                58.720553292080375,
                59.925127289637516,
                59.925127289637516,
                59.925127289637516,
                59.925127289637516,
                59.925127289637516,
                59.925127289637516,
                59.925127289637516,
                59.925127289637516,
                59.925127289637516,
                59.925127289637516,
                59.925127289637516,
                59.925127289637516,
                59.925127289637516
            ],
            "Node_8": [
                66.45331287098132,
                66.55816741298857,
                66.80607666190748,
                67.17527332453676,
                67.81803221550692,
                68.6170834898341,
                69.37211310993995,
                70.01117196696914,
                70.57951920246542,
                71.09388189314184,
                71.49134942568594,
                71.71752773287876,
                71.78552524762355,
                71.96575601155031,
                72.48482790494332,
                73.27854219798749,
                74.25353471419113,
                75.31492160036622,
                76.38151396395651,
                77.38099391718168,
                78.23396840319542,
                78.51223672566445,
                77.3531319728459,
                75.92128884704823,
                74.36211094321747,
                72.73838392537357,
                71.15234725265282,
                69.71876918883123,
                68.4790447420851,
                67.46837733932144,
                66.80730115791475,
                66.5243504832507,
                66.45331287098132,
                66.45331287098132,
                66.45331287098132,
                66.45331287098132,
                66.45331287098132,
                66.45331287098132,
                66.45331287098132,
                66.45331287098132,
                66.45331287098132,
                66.45331287098132,
                66.45331287098132,
                66.45331287098132,
                66.45331287098132,
                66.55816741298857,
                66.80607666190748,
                67.17527332453676,
                67.81803221550692,
                68.6170834898341,
                69.37211310993995,
                70.01117196696914,
                70.57951920246542,
                71.09388189314184,
                71.49134942568594,
                71.71752773287876,
                71.78552524762355,
                71.96575601155031,
                72.48482790494332,
                73.27854219798749,
                74.25353471419113,
                75.31492160036622,
                76.38151396395651,
                77.38099391718168,
                78.23396840319542,
                78.51223672566445,
                77.3531319728459,
                75.92128884704823,
                74.36211094321747,
                72.73838392537357,
                71.15234725265282,
                69.71876918883123,
                68.4790447420851,
                67.46837733932144,
                66.80730115791475,
                66.5243504832507,
                66.45331287098132,
                71.78552524762355,
                71.78552524762355,
                71.78552524762355,
                71.78552524762355,
                71.78552524762355,
                71.78552524762355,
                71.78552524762355,
                71.78552524762355,
                71.78552524762355,
                71.78552524762355,
                71.78552524762355,
                71.78552524762355,
                71.78552524762355,
                78.51223672566445,
                78.51223672566445,
                78.51223672566447,
                78.51223672566445,
                78.51223672566447,
                78.51223672566445,
                78.51223672566445,
                78.51223672566445,
                78.51223672566445,
                78.51223672566445,
                78.51223672566445,
                78.51223672566445,
                78.51223672566445
            ],
            "Node_9": [
                67.0485249397045,
                67.06347268935086,
                67.3754928732121,
                68.3647379343584,
                69.95048825677732,
                71.89579931122395,
                73.93416827525692,
                75.91461580119083,
                77.77937483743558,
                79.4361337785123,
                80.73163823418403,
                81.53885212216042,
                81.80955940142752,
                81.77693427686945,
                81.68250199178159,
                81.5248706542865,
                81.288663285979,
                80.95988265423543,
                80.53780836080385,
                80.02801957212316,
                79.45649724296433,
                79.22449002234929,
                79.89929215600313,
                80.03272257200051,
                79.43026465469485,
                78.12051010548137,
                76.28433647549346,
                74.16351682576729,
                71.94314795897635,
                69.84227508390262,
                68.21133421815647,
                67.30029009094255,
                67.0485249397045,
                67.0485249397045,
                67.0485249397045,
                67.0485249397045,
                67.0485249397045,
                67.0485249397045,
                67.0485249397045,
                67.0485249397045,
                67.0485249397045,
                67.0485249397045,
                67.0485249397045,
                67.0485249397045,
                67.0485249397045,
                67.06347268935086,
                67.3754928732121,
                68.3647379343584,
                69.95048825677732,
                71.89579931122395,
                73.93416827525692,
                75.91461580119083,
                77.77937483743558,
                79.4361337785123,
                80.73163823418403,
                81.53885212216042,
                81.80955940142752,
                81.77693427686945,
                81.68250199178159,
                81.5248706542865,
                81.288663285979,
                80.95988265423543,
                80.53780836080385,
                80.02801957212316,
                79.45649724296433,
                79.22449002234929,
                79.89929215600313,
                80.03272257200051,
                79.43026465469485,
                78.12051010548137,
                76.28433647549346,
                74.16351682576729,
                71.94314795897635,
                69.84227508390262,
                68.21133421815647,
                67.30029009094255,
                67.0485249397045,
                81.80955940142752,
                81.80955940142752,
                81.80955940142752,
                81.80955940142752,
                81.80955940142752,
                81.80955940142752,
                81.80955940142752,
                81.80955940142752,
                81.80955940142752,
                81.80955940142752,
                81.80955940142752,
                81.80955940142752,
                81.80955940142752,
                79.22449002234929,
                79.22449002234929,
                79.2244900223493,
                79.22449002234929,
                79.2244900223493,
                79.22449002234929,
                79.22449002234929,
                79.22449002234929,
                79.22449002234929,
                79.22449002234929,
                79.22449002234929,
                79.22449002234929,
                79.22449002234929
            ]
        }
    },
    "Phonon_DOS": {
        "DOS": [
            0.0,
            0.017777777777777778,
            0.013333333333333332,
            0.0,
            0.0022222222222222222,
            0.006666666666666666,
            0.0022222222222222222,
            0.003333333333333333,
            0.0,
            0.0,
            0.013333333333333332,
            0.0,
            0.0,
            0.0044444444444444444,
            0.0044444444444444444,
            0.006666666666666666,
            0.011111111111111112,
            0.013333333333333332,
            0.013333333333333332,
            0.012222222222222221,
            0.008888888888888889,
            0.0022222222222222222,
            0.0044444444444444444,
            0.0,
            0.011111111111111112,
            0.008888888888888889,
            0.008888888888888889,
            0.011111111111111112,
            0.013333333333333332,
            0.06444444444444444,
            0.04,
            0.04,
            0.034444444444444444,
            0.04111111111111112,
            0.03777777777777778,
            0.044444444444444446,
            0.016666666666666666,
            0.04333333333333333,
            0.0,
            0.0,
            0.0,
            0.0,
            0.0,
            0.0,
            0.0,
            0.0,
            0.0077777777777777776,
            0.04333333333333333,
            0.06,
            0.0,
            0.0,
            0.0,
            0.0,
            0.0,
            0.0,
            0.0,
            0.0,
            0.0,
            0.0,
            0.0,
            0.0,
            0.0,
            0.0011111111111111111,
            0.0,
            0.006666666666666666,
            0.0044444444444444444,
            0.021111111111111112,
            0.07555555555555556,
            0.0022222222222222222,
            0.0,
            0.0,
            0.0,
            0.0,
            0.0,
            0.0077777777777777776,
            0.012222222222222221,
            0.008888888888888889,
            0.011111111111111112,
            0.023333333333333334,
            0.026666666666666665,
            0.015555555555555555,
            0.0044444444444444444,
            0.02,
            0.008888888888888889,
            0.006666666666666666,
            0.013333333333333332,
            0.013333333333333332,
            0.011111111111111112,
            0.02,
            0.01888888888888889,
            0.0
        ],
        "Energy(meV)": [
            -7.5,
            -6.5,
            -5.5,
            -4.5,
            -3.5,
            -2.5,
            -1.5,
            -0.5,
            0.5,
            1.5,
            2.5,
            3.5,
            4.5,
            5.5,
            6.5,
            7.5,
            8.5,
            9.5,
            10.5,
            11.5,
            12.5,
            13.5,
            14.5,
            15.5,
            16.5,
            17.5,
            18.5,
            19.5,
            20.5,
            21.5,
            22.5,
            23.5,
            24.5,
            25.5,
            26.5,
            27.5,
            28.5,
            29.5,
            30.5,
            31.5,
            32.5,
            33.5,
            34.5,
            35.5,
            36.5,
            37.5,
            38.5,
            39.5,
            40.5,
            41.5,
            42.5,
            43.5,
            44.5,
            45.5,
            46.5,
            47.5,
            48.5,
            49.5,
            50.5,
            51.5,
            52.5,
            53.5,
            54.5,
            55.5,
            56.5,
            57.5,
            58.5,
            59.5,
            60.5,
            61.5,
            62.5,
            63.5,
            64.5,
            65.5,
            66.5,
            67.5,
            68.5,
            69.5,
            70.5,
            71.5,
            72.5,
            73.5,
            74.5,
            75.5,
            76.5,
            77.5,
            78.5,
            79.5,
            80.5,
            81.5,
            82.5
        ]
    }
}