{
    "POSCAR": {
        "Atomes": "   V    O   N\n",
        "coordinate": "Direct\n",
        "unit_cell": {
            "a_vector": "2.8802690320903284   1.935985956574735e-06   4.907174642561658e-06\n",
            "b_vector": "-1.440133308855592   2.4943865264825082   -4.634970215912434e-06\n",
            "c_vector": "5.4400122172024756e-05   -2.7923478839422615e-05   23.394141491575645\n"
        },
        "positions": {
            "V": [
                "0.666667192944608   0.33333282818854504   0.2494896062669646\n",
                "0.33333282548930604   0.6666671815721642   0.1505103931285475\n"
            ],
            "O": [
                "0.3333330195491479   0.6666670074634654   0.2931922743879897\n",
                "0.6666669849813857   0.33333300268749627   0.1068077244485824\n"
            ],
            "N": [
                "-2.2964452006948104e-08   -1.991167274362899e-08   0.2000000017679153\n"
            ]
        }
    },
    "Termo_data": {
        "Temperature (K)": [
            0,
            10,
            20,
            30,
            40,
            50,
            60,
            70,
            80,
            90,
            100,
            110,
            120,
            130,
            140,
            150,
            160,
            170,
            180,
            190,
            200,
            210,
            220,
            230,
            240,
            250,
            260,
            270,
            280,
            290,
            300,
            310,
            320,
            330,
            340,
            350,
            360,
            370,
            380,
            390,
            400,
            410,
            420,
            430,
            440,
            450,
            460,
            470,
            480,
            490,
            500,
            510,
            520,
            530,
            540,
            550,
            560,
            570,
            580,
            590,
            600,
            610,
            620,
            630,
            640,
            650,
            660,
            670,
            680,
            690,
            700,
            710,
            720,
            730,
            740,
            750,
            760,
            770,
            780,
            790,
            800,
            810,
            820,
            830,
            840,
            850,
            860,
            870,
            880,
            890,
            900,
            910,
            920,
            930,
            940,
            950,
            960,
            970,
            980,
            990,
            1000,
            1010,
            1020,
            1030,
            1040,
            1050,
            1060,
            1070,
            1080,
            1090,
            1100,
            1110,
            1120,
            1130,
            1140,
            1150,
            1160,
            1170,
            1180,
            1190,
            1200,
            1210,
            1220,
            1230,
            1240,
            1250,
            1260,
            1270,
            1280,
            1290,
            1300,
            1310,
            1320,
            1330,
            1340,
            1350,
            1360,
            1370,
            1380,
            1390,
            1400,
            1410,
            1420,
            1430,
            1440,
            1450,
            1460,
            1470,
            1480,
            1490,
            1500,
            1510,
            1520,
            1530,
            1540,
            1550,
            1560,
            1570,
            1580,
            1590,
            1600,
            1610,
            1620,
            1630,
            1640,
            1650,
            1660,
            1670,
            1680,
            1690,
            1700,
            1710,
            1720,
            1730,
            1740,
            1750,
            1760,
            1770,
            1780,
            1790,
            1800,
            1810,
            1820,
            1830,
            1840,
            1850,
            1860,
            1870,
            1880,
            1890,
            1900,
            1910,
            1920,
            1930,
            1940,
            1950,
            1960,
            1970
        ],
        "Gibbs_free(J/mole)": [
            -587239.5176051721,
            -587239.5254518938,
            -587240.0551954607,
            -587242.7942999966,
            -587249.8414574702,
            -587262.9232955569,
            -587283.1482404602,
            -587311.1163060522,
            -587347.1079253581,
            -587391.2312959048,
            -587443.511605732,
            -587503.9374174457,
            -587572.481559338,
            -587649.1088640996,
            -587733.7778940595,
            -587826.4402087191,
            -587927.0393603068,
            -588035.5100987202,
            -588151.7783551315,
            -588275.7614157607,
            -588407.3684931108,
            -588546.5019258312,
            -588693.0580430037,
            -588846.9280826577,
            -589007.9996621372,
            -589176.1573884804,
            -589351.2839314042,
            -589533.26077715,
            -589721.9689709728,
            -589917.2897094272,
            -590119.1047942683,
            -590327.296999004,
            -590541.750673888,
            -590762.3518462139,
            -590988.9882935513,
            -591221.5500640617,
            -591459.9292942416,
            -591704.020548996,
            -591953.7208727482,
            -592208.9294492211,
            -592469.5481532085,
            -592735.4813132238,
            -593006.6355621725,
            -593282.9201470126,
            -593564.2464112545,
            -593850.5284453706,
            -594141.6821967497,
            -594437.6264030557,
            -594738.2815163533,
            -595043.5707738033,
            -595353.4181981022,
            -595667.7512170972,
            -595986.498559515,
            -596309.5913015704,
            -596636.9617268468,
            -596968.5446155265,
            -597304.2760712333,
            -597644.0938570171,
            -597987.9376114456,
            -598335.7485435425,
            -598687.4690808526,
            -599043.0434153886,
            -599402.4170771525,
            -599765.5371749209,
            -600132.3517357904,
            -600502.8103342544,
            -600876.8640061353,
            -601254.4645341451,
            -601635.5650897262,
            -602020.120269919,
            -602408.085230115,
            -602799.4166932618,
            -603194.0720689668,
            -603592.0097512591,
            -603993.1892377733,
            -604397.5711414478,
            -604805.1165027267,
            -605215.7878149335,
            -605629.5477399953,
            -606046.3601905318,
            -606466.1899856481,
            -606889.0024728219,
            -607314.7639094294,
            -607743.4409468076,
            -608175.0014100428,
            -608609.4131068819,
            -609046.645502367,
            -609486.6679333756,
            -609929.4506383459,
            -610374.9643823244,
            -610823.1806536139,
            -611274.0710337716,
            -611727.6088552667,
            -612183.7661820604,
            -612642.5173718267,
            -613103.8360876212,
            -613567.6969616933,
            -614034.0752528551,
            -614502.9462691242,
            -614974.286342803,
            -615448.0715248329,
            -615924.2788643533,
            -616402.8856454331,
            -616883.86958572,
            -617367.208639664,
            -617852.8816244875,
            -618340.8671501757,
            -618831.1444226775,
            -619323.693003304,
            -619818.4932431666,
            -620315.5251185189,
            -620814.7692363185,
            -621316.2067070996,
            -621819.818722433,
            -622325.5865922284,
            -622833.4927544838,
            -623343.5188615603,
            -623855.6477945284,
            -624369.8619152192,
            -624886.1447184708,
            -625404.4792416468,
            -625924.8487573253,
            -626447.2374919509,
            -626971.6295914665,
            -627498.0087585477,
            -628026.3597969203,
            -628556.6681705847,
            -629088.9180659003,
            -629623.0950024808,
            -630159.1842865249,
            -630697.1718610019,
            -631237.0434073636,
            -631778.7851876279,
            -632322.383294171,
            -632867.8242750792,
            -633415.0949304199,
            -633964.181826677,
            -634515.072259052,
            -635067.7531174729,
            -635622.212411521,
            -636178.4372919357,
            -636736.4156377118,
            -637296.135217995,
            -637857.5842959291,
            -638420.7507174475,
            -638985.6236455038,
            -639552.1909219344,
            -640120.4415592223,
            -640690.3641668838,
            -641261.9480819092,
            -641835.1822094112,
            -642410.0560650773,
            -642986.5588854323,
            -643564.6796243124,
            -644144.4091745452,
            -644725.7365582247,
            -645308.6516878862,
            -645893.1449621057,
            -646479.206373187,
            -647066.8261928724,
            -647655.9950194433,
            -648246.7031832837,
            -648838.9410302921,
            -649432.7000950389,
            -650027.9709686842,
            -650624.7443381428,
            -651223.0115878886,
            -651822.7634629929,
            -652423.9919899656,
            -653026.6878729381,
            -653630.8432074767,
            -654236.4488540114,
            -654843.4970548518,
            -655451.9795161567,
            -656061.8879427649,
            -656673.2142490547,
            -657285.9507459106,
            -657900.0892909163,
            -658515.6226328533,
            -659132.5422124381,
            -659750.8412982995,
            -660370.5114803298,
            -660991.5463545101,
            -661613.9379113283,
            -662237.6788395909,
            -662862.7620352135,
            -663489.1806113364,
            -664116.9268903837,
            -664745.9947688421,
            -665376.3764893695,
            -666008.065719697,
            -666641.0556362648,
            -667275.3391031949,
            -667910.9103084498,
            -668547.762326582,
            -669185.8882346301,
            -669825.2817305846,
            -670465.9370153215
        ],
        "Cp(J/mole.K)": [
            -0.0,
            0.08132886648527347,
            0.46243358604842794,
            1.2645110593177376,
            2.3520520980469883,
            3.508001866866835,
            4.597935286187567,
            5.586346387540107,
            6.488799095200374,
            7.333004629847707,
            8.141568308026761,
            8.927964406085087,
            9.697914334642707,
            10.451966838823859,
            11.1877960340178,
            11.901954518092689,
            12.591011430975058,
            13.252106491761513,
            13.88301441954682,
            14.482366689218907,
            15.049705956829698,
            15.584964546945415,
            16.088638082367844,
            16.561810672748813,
            17.00559008005073,
            17.42130177939547,
            17.810500696027912,
            18.17474193502563,
            18.51554860881295,
            18.834309042280086,
            19.132542243227384,
            19.411857165681422,
            19.673392034787696,
            19.918280776173948,
            20.14787387303072,
            20.3632337008312,
            20.5655200346257,
            20.755534143871046,
            20.933916856005062,
            21.101889683204366,
            21.260128503781743,
            21.409144030671392,
            21.54961212384519,
            21.682174412004,
            21.807430054526776,
            21.925866742967628,
            22.03806422456394,
            22.144535348343197,
            22.244834574451687,
            22.33918886926256,
            22.429599579918413,
            22.516042503700046,
            22.59764769460311,
            22.675029064688715,
            22.749089023988965,
            22.819400360109245,
            22.886074155918323,
            22.950259174426982,
            23.01139733245933,
            23.069273348105988,
            23.124790339381605,
            23.1783037215238,
            23.229326623753877,
            23.277554686830218,
            23.324178731255188,
            23.369190905403414,
            23.41154185604527,
            23.45257260451035,
            23.492396556213446,
            23.530186056200133,
            23.56672231038111,
            23.601526511763172,
            23.634593918407234,
            23.667206249208483,
            23.698677871743037,
            23.72865618199285,
            23.757547398936115,
            23.78472656687367,
            23.811466349271193,
            23.838065716051027,
            23.86335625685774,
            23.88728818384983,
            23.910332505684288,
            23.932398633667617,
            23.95384259306593,
            23.975666141224732,
            23.99624385727214,
            24.015528839876122,
            24.034734436054777,
            24.052700559061613,
            24.07091936594231,
            24.088830314390297,
            24.104724286450008,
            24.121310657574213,
            24.137022270693045,
            24.15199172361456,
            24.16732215397053,
            24.181917431560578,
            24.19607328081613,
            24.209043215727434,
            24.22216222883442,
            24.235454536462274,
            24.24762775819392,
            24.25989230695719,
            24.27234233019408,
            24.28324348418384,
            24.2934579336668,
            24.305109650178853,
            24.316907634038714,
            24.32654550614825,
            24.336051755992152,
            24.346442970857527,
            24.355230334680527,
            24.364342270535417,
            24.37429497874109,
            24.382897981849965,
            24.391274548520116,
            24.40001040101043,
            24.40910466749346,
            24.416166863855324,
            24.42277162929514,
            24.432305742011522,
            24.43969969311729,
            24.444316786332813,
            24.453250864439354,
            24.462698519346127,
            24.467372556065406,
            24.47274647145241,
            24.480085200071244,
            24.48710319058464,
            24.49352134100664,
            24.499508547419193,
            24.505010723427404,
            24.511066893336643,
            24.516854891035187,
            24.52171179279675,
            24.52671327297585,
            24.532671641785516,
            24.5394486511359,
            24.544181182957452,
            24.548130587965815,
            24.553147893552953,
            24.557385545468225,
            24.562721602752873,
            24.568938124179738,
            24.57229502130909,
            24.57559768763053,
            24.58063795886119,
            24.585751038987336,
            24.59044029239158,
            24.594875601469642,
            24.596299653043392,
            24.599729748629358,
            24.60765813985523,
            24.610063278284866,
            24.611946129080028,
            24.617470643157358,
            24.620845526325862,
            24.62414577430441,
            24.62814458734647,
            24.629458369687427,
            24.632683409063382,
            24.63990655064117,
            24.642875246197566,
            24.643791330407723,
            24.646387202693845,
            24.65009892113728,
            24.654565272518084,
            24.65742482340417,
            24.659513015763267,
            24.66117692232377,
            24.665386583207752,
            24.669274312862882,
            24.670106005007614,
            24.672831262112595,
            24.67635171626208,
            24.679968706658485,
            24.682117495784517,
            24.683164340379754,
            24.68565000568924,
            24.688758440141356,
            24.693663058118545,
            24.69480135901223,
            24.69444495694188,
            24.698718657903243,
            24.700882192802833,
            24.702593785152104,
            24.706177338213127,
            24.706928741081683,
            24.70961387220264,
            24.711555053887828,
            24.71313325789274,
            24.719231468438693,
            24.719700527980013,
            24.71647598508335,
            24.720415741103352,
            24.725499462638425,
            24.726320589708372
        ],
        "S(J/mole.K)": [
            0,
            0.04066443324263674,
            0.19693726299738046,
            0.5232975027291105,
            1.028055858204607,
            1.6728625571471643,
            2.4068240176828115,
            3.189010033498926,
            3.9935847189161002,
            4.806523808468774,
            5.620991369972763,
            6.433886349287059,
            7.2437826771434635,
            8.049861165657058,
            8.85142403429927,
            9.647719995641092,
            10.437920920128818,
            11.221157865339773,
            11.996564992764615,
            12.763319195070652,
            13.520676756865576,
            14.2679899902374,
            15.004711440196841,
            15.730401668156262,
            16.444724157275047,
            17.14743331953068,
            17.83836898388836,
            18.517447907751194,
            19.18465199943021,
            19.840016262262363,
            20.483621432562362,
            21.115591607030368,
            21.736082827988138,
            22.34527171150403,
            22.943356107315047,
            23.530551708737036,
            24.107087270023474,
            24.673199683860002,
            25.229126149414512,
            25.7751094710562,
            26.311398124574044,
            26.838236853196577,
            27.355866976996186,
            27.864528285586857,
            28.36445829786826,
            28.855890744621867,
            29.339055662564352,
            29.814180002198555,
            30.281477192296006,
            30.74114512594242,
            31.193392028570813,
            31.638433539112153,
            32.07646412784088,
            32.507664570362245,
            32.932219652082125,
            33.35030845945002,
            33.76209750145354,
            34.167755512207805,
            34.56744769007637,
            34.96132412152074,
            35.34953302419163,
            35.73222570643121,
            36.109545081733096,
            36.481620858471445,
            36.84858350232389,
            37.210566655626465,
            37.567689828167204,
            37.92006919228443,
            38.26782660079771,
            38.61107340538001,
            38.94991573077859,
            39.28445739474846,
            39.61479445236327,
            39.94102772918849,
            40.26325808341643,
            40.58157532646582,
            40.896066021619475,
            41.20681195196811,
            41.513895833179404,
            41.81740727162832,
            42.117427081879576,
            42.41402545468154,
            42.70727256127866,
            42.997238347785604,
            43.28399182027933,
            43.56760754690913,
            43.84815392283345,
            44.125687249204205,
            44.40026852100709,
            44.671957043351725,
            44.9408119043932,
            45.20689544472262,
            45.47025559158065,
            45.73094399382099,
            45.9890168760554,
            46.244521038302636,
            46.497508253768316,
            46.74802878224582,
            46.99612719464494,
            47.24184444314742,
            47.48522314932052,
            47.726311458169945,
            47.96514987625851,
            48.20177726415131,
            48.43623768517136,
            48.66856613146374,
            48.89879240695154,
            49.12695946839667,
            49.353113023219336,
            49.57728095758793,
            49.79948903294571,
            50.019776112049286,
            50.23817348093144,
            50.4547090119886,
            50.669420638732845,
            50.88233804119227,
            51.09348544520181,
            51.30289379801252,
            51.51059575634281,
            51.716613102353584,
            51.92096358721174,
            52.12368507674982,
            52.32480772149283,
            52.524337566561,
            52.72230652597063,
            52.918759138049786,
            53.11370268036553,
            53.30714482416078,
            53.49911955253046,
            53.68965613801993,
            53.87877324200817,
            54.066488667928205,
            54.252820252852686,
            54.437789131188765,
            54.62141680104104,
            54.8037187576614,
            54.98471165242372,
            55.16441869036062,
            55.34286503416079,
            55.52006450151967,
            55.696024817998115,
            55.87076461328688,
            56.04430218103225,
            56.21665549041354,
            56.38784794531238,
            56.55788881004118,
            56.72678386761835,
            56.89455448550288,
            57.06122206733416,
            57.2268002930752,
            57.3913014677615,
            57.55472908727096,
            57.717093951755665,
            57.87843129886605,
            58.038751285181206,
            58.19804746264272,
            58.35634298674995,
            58.51365547231835,
            58.669990320333454,
            58.82536182783515,
            58.979775880798115,
            59.13324195500172,
            59.28579006609216,
            59.43743080224376,
            59.58815595425695,
            59.73797548623697,
            59.886908793970356,
            60.03497214356757,
            60.182173400184546,
            60.32851573221124,
            60.47400574461208,
            60.61865963131422,
            60.76249365143885,
            60.90550754256983,
            61.04770736738573,
            61.18911016984057,
            61.329727579349125,
            61.46956462256203,
            61.608622849606036,
            61.74691191052407,
            61.88444612470485,
            62.02124054809538,
            62.15729794780637,
            62.292611969767314,
            62.42719921416138,
            62.56107443853252,
            62.69423840159725,
            62.8267025212961,
            62.958471735856435,
            63.08955100158927,
            63.21995075849408,
            63.34967523265077,
            63.47874229738663,
            63.607155970945314,
            63.73489890358178,
            63.86198684266274,
            63.9884477777814,
            64.11428019036975
        ]
    },
    "Phonon_data": {
        "Numb_Node": 15,
        "total_n_kpoints": 100,
        "frequency": {
            "Node_1": [
                -0.1670488511098749,
                -1.6462736382089314,
                -1.857624494470074,
                3.866202621544006,
                7.949710781630191,
                11.474795647695588,
                12.56380864932632,
                12.62625289666825,
                12.203881187148268,
                10.844659124583943,
                8.587969371765796,
                6.55348390010402,
                5.735386856341971,
                5.7061673810086795,
                5.635265858458763,
                5.583582079153053,
                5.641804685756086,
                5.889398047446795,
                6.359626618344551,
                7.0228382166313725,
                7.820371502194596,
                8.624167213332562,
                8.694600776537571,
                9.635282529670569,
                11.398035343052504,
                13.150560258249502,
                14.286156812291916,
                13.646400267380143,
                10.751408258896298,
                6.725771806594117,
                1.7924612454204176,
                -1.8875150722930703,
                -0.1670488511098749,
                -0.1670488511098749,
                -0.1670488511098749,
                -0.1670488511098749,
                -0.1670488511098749,
                -0.1670488511098749,
                -0.1670488511098749,
                -0.1670488511098749,
                -0.1670488511098749,
                -0.1670488511098749,
                -0.1670488511098749,
                -0.1670488511098749,
                -0.1670488511098749,
                -1.6462736382089314,
                -1.857624494470074,
                3.866202621544006,
                7.949710781630191,
                11.474795647695588,
                12.56380864932632,
                12.62625289666825,
                12.203881187148268,
                10.844659124583943,
                8.587969371765796,
                6.55348390010402,
                5.735386856341971,
                5.7061673810086795,
                5.635265858458763,
                5.583582079153053,
                5.641804685756086,
                5.889398047446795,
                6.359626618344551,
                7.0228382166313725,
                7.820371502194596,
                8.624167213332562,
                8.694600776537571,
                9.635282529670569,
                11.398035343052504,
                13.150560258249502,
                14.286156812291916,
                13.646400267380143,
                10.751408258896298,
                6.725771806594117,
                1.7924612454204176,
                -1.8875150722930703,
                -0.1670488511098749,
                5.735386856341971,
                5.735386856341971,
                5.735386856341971,
                5.735386856341971,
                5.735386856341971,
                5.735386856341971,
                5.735386856341971,
                5.735386856341971,
                5.735386856341971,
                5.735386856341971,
                5.735386856341971,
                5.735386856341971,
                5.735386856341971,
                8.624167213332562,
                8.624167213332562,
                8.62416721333252,
                8.624167213332562,
                8.62416721333252,
                8.624167213332562,
                8.624167213332562,
                8.624167213332562,
                8.624167213332562,
                8.624167213332562,
                8.624167213332562,
                8.624167213332562,
                8.624167213332562
            ],
            "Node_2": [
                -0.10695670973740007,
                3.1564309799588277,
                6.140979486988324,
                8.753089408343655,
                10.773656716086764,
                12.147011775496232,
                14.419596200119566,
                15.665094821775954,
                14.709333588885896,
                13.746560024044372,
                13.396268624156512,
                13.302173762599182,
                13.285548630537644,
                13.403661871517846,
                13.559597532258465,
                13.491631453629646,
                13.159434382628978,
                12.592521711881657,
                11.830850143617766,
                10.94462618996391,
                10.05624870561444,
                9.445928586322058,
                10.904168924373854,
                13.26432858266694,
                15.269917386245062,
                15.983498907505918,
                15.409380617884883,
                14.893365763563597,
                15.220292818117757,
                11.880575311665572,
                8.030928133359131,
                4.029297927119762,
                -0.10695670973740007,
                -0.10695670973740007,
                -0.10695670973740007,
                -0.10695670973740007,
                -0.10695670973740007,
                -0.10695670973740007,
                -0.10695670973740007,
                -0.10695670973740007,
                -0.10695670973740007,
                -0.10695670973740007,
                -0.10695670973740007,
                -0.10695670973740007,
                -0.10695670973740007,
                3.1564309799588277,
                6.140979486988324,
                8.753089408343655,
                10.773656716086764,
                12.147011775496232,
                14.419596200119566,
                15.665094821775954,
                14.709333588885896,
                13.746560024044372,
                13.396268624156512,
                13.302173762599182,
                13.285548630537644,
                13.403661871517846,
                13.559597532258465,
                13.491631453629646,
                13.159434382628978,
                12.592521711881657,
                11.830850143617766,
                10.94462618996391,
                10.05624870561444,
                9.445928586322058,
                10.904168924373854,
                13.26432858266694,
                15.269917386245062,
                15.983498907505918,
                15.409380617884883,
                14.893365763563597,
                15.220292818117757,
                11.880575311665572,
                8.030928133359131,
                4.029297927119762,
                -0.10695670973740007,
                13.285548630537644,
                13.285548630537644,
                13.285548630537644,
                13.285548630537644,
                13.285548630537644,
                13.285548630537644,
                13.285548630537644,
                13.285548630537644,
                13.285548630537644,
                13.285548630537644,
                13.285548630537644,
                13.285548630537644,
                13.285548630537644,
                9.445928586322058,
                9.445928586322058,
                9.445928586322012,
                9.445928586322058,
                9.445928586322012,
                9.445928586322058,
                9.445928586322058,
                9.445928586322058,
                9.445928586322058,
                9.445928586322058,
                9.445928586322058,
                9.445928586322058,
                9.445928586322058
            ],
            "Node_3": [
                -0.09414548139648982,
                5.564026649198915,
                10.514435491630085,
                14.356691219049619,
                16.66682428008186,
                17.316699243343887,
                17.115295422784662,
                16.765988586816935,
                17.114303144682836,
                16.860696940768072,
                16.176520322513216,
                15.4857903518693,
                15.195469647868702,
                15.382709441246513,
                16.01426019716035,
                16.941660490291877,
                17.468078734237046,
                17.383023091486685,
                17.026866777930614,
                16.593768699599167,
                16.234349450133955,
                16.07012185538009,
                16.34084338230731,
                17.17674946382427,
                18.53390115783633,
                20.20879837441466,
                20.09163040228432,
                18.335001371346628,
                15.428625335007244,
                14.990859456550133,
                12.406350262142846,
                6.831660402598953,
                -0.09414548139648982,
                -0.09414548139648982,
                -0.09414548139648982,
                -0.09414548139648982,
                -0.09414548139648982,
                -0.09414548139648982,
                -0.09414548139648982,
                -0.09414548139648982,
                -0.09414548139648982,
                -0.09414548139648982,
                -0.09414548139648982,
                -0.09414548139648982,
                -0.09414548139648982,
                5.564026649198915,
                10.514435491630085,
                14.356691219049619,
                16.66682428008186,
                17.316699243343887,
                17.115295422784662,
                16.765988586816935,
                17.114303144682836,
                16.860696940768072,
                16.176520322513216,
                15.4857903518693,
                15.195469647868702,
                15.382709441246513,
                16.01426019716035,
                16.941660490291877,
                17.468078734237046,
                17.383023091486685,
                17.026866777930614,
                16.593768699599167,
                16.234349450133955,
                16.07012185538009,
                16.34084338230731,
                17.17674946382427,
                18.53390115783633,
                20.20879837441466,
                20.09163040228432,
                18.335001371346628,
                15.428625335007244,
                14.990859456550133,
                12.406350262142846,
                6.831660402598953,
                -0.09414548139648982,
                15.195469647868702,
                15.195469647868702,
                15.195469647868702,
                15.195469647868702,
                15.195469647868702,
                15.195469647868702,
                15.195469647868702,
                15.195469647868702,
                15.195469647868702,
                15.195469647868702,
                15.195469647868702,
                15.195469647868702,
                15.195469647868702,
                16.07012185538009,
                16.07012185538009,
                16.07012185538007,
                16.07012185538009,
                16.07012185538007,
                16.07012185538009,
                16.07012185538009,
                16.07012185538009,
                16.07012185538009,
                16.07012185538009,
                16.07012185538009,
                16.07012185538009,
                16.07012185538009
            ],
            "Node_4": [
                17.106715282333134,
                17.16296729560804,
                17.256041966172734,
                17.4427067235278,
                17.768868316107927,
                18.254119797369164,
                18.529138563223622,
                18.745227720467003,
                18.900924135852232,
                18.90665318973108,
                18.69658497206477,
                18.329602330624425,
                18.13646554787234,
                18.18903668129906,
                18.33106967365222,
                18.603530183945306,
                19.321707952502745,
                20.261311283333786,
                20.687040690186496,
                21.077124724554444,
                21.39986703021691,
                21.54714369707971,
                21.376723157217764,
                21.34356655111782,
                21.19302080618457,
                20.990325809346352,
                21.377593860553045,
                21.31783612874372,
                20.846821216682297,
                19.25018816414733,
                17.692886096884244,
                17.298579107483384,
                17.106715282333134,
                17.106715282333134,
                17.106715282333134,
                17.106715282333134,
                17.106715282333134,
                17.106715282333134,
                17.106715282333134,
                17.106715282333134,
                17.106715282333134,
                17.106715282333134,
                17.106715282333134,
                17.106715282333134,
                17.106715282333134,
                17.16296729560804,
                17.256041966172734,
                17.4427067235278,
                17.768868316107927,
                18.254119797369164,
                18.529138563223622,
                18.745227720467003,
                18.900924135852232,
                18.90665318973108,
                18.69658497206477,
                18.329602330624425,
                18.13646554787234,
                18.18903668129906,
                18.33106967365222,
                18.603530183945306,
                19.321707952502745,
                20.261311283333786,
                20.687040690186496,
                21.077124724554444,
                21.39986703021691,
                21.54714369707971,
                21.376723157217764,
                21.34356655111782,
                21.19302080618457,
                20.990325809346352,
                21.377593860553045,
                21.31783612874372,
                20.846821216682297,
                19.25018816414733,
                17.692886096884244,
                17.298579107483384,
                17.106715282333134,
                18.13646554787234,
                18.13646554787234,
                18.13646554787234,
                18.13646554787234,
                18.13646554787234,
                18.13646554787234,
                18.13646554787234,
                18.13646554787234,
                18.13646554787234,
                18.13646554787234,
                18.13646554787234,
                18.13646554787234,
                18.13646554787234,
                21.54714369707971,
                21.54714369707971,
                21.547143697079722,
                21.54714369707971,
                21.547143697079722,
                21.54714369707971,
                21.54714369707971,
                21.54714369707971,
                21.54714369707971,
                21.54714369707971,
                21.54714369707971,
                21.54714369707971,
                21.54714369707971
            ],
            "Node_5": [
                17.290716972097087,
                17.7360686848738,
                18.988032201955125,
                20.588839129665473,
                22.118133278342267,
                23.284872621147127,
                23.86602144995742,
                23.724762485002554,
                22.768883083984267,
                21.33232571592018,
                20.09857662553445,
                19.464780385405785,
                19.30632454089278,
                19.337492244586414,
                19.43656322894794,
                19.62580383736779,
                19.922078509160404,
                20.394319383708925,
                21.21596977034735,
                21.693789268611667,
                21.867258635548986,
                21.910642605626354,
                21.96833554521421,
                21.83266554021921,
                22.111305873651396,
                21.874166999673236,
                22.177802897881985,
                22.84530202403437,
                22.595429093452783,
                21.456973508435937,
                19.6699619095192,
                17.918736610075683,
                17.290716972097087,
                17.290716972097087,
                17.290716972097087,
                17.290716972097087,
                17.290716972097087,
                17.290716972097087,
                17.290716972097087,
                17.290716972097087,
                17.290716972097087,
                17.290716972097087,
                17.290716972097087,
                17.290716972097087,
                17.290716972097087,
                17.7360686848738,
                18.988032201955125,
                20.588839129665473,
                22.118133278342267,
                23.284872621147127,
                23.86602144995742,
                23.724762485002554,
                22.768883083984267,
                21.33232571592018,
                20.09857662553445,
                19.464780385405785,
                19.30632454089278,
                19.337492244586414,
                19.43656322894794,
                19.62580383736779,
                19.922078509160404,
                20.394319383708925,
                21.21596977034735,
                21.693789268611667,
                21.867258635548986,
                21.910642605626354,
                21.96833554521421,
                21.83266554021921,
                22.111305873651396,
                21.874166999673236,
                22.177802897881985,
                22.84530202403437,
                22.595429093452783,
                21.456973508435937,
                19.6699619095192,
                17.918736610075683,
                17.290716972097087,
                19.30632454089278,
                19.30632454089278,
                19.30632454089278,
                19.30632454089278,
                19.30632454089278,
                19.30632454089278,
                19.30632454089278,
                19.30632454089278,
                19.30632454089278,
                19.30632454089278,
                19.30632454089278,
                19.30632454089278,
                19.30632454089278,
                21.910642605626354,
                21.910642605626354,
                21.910642605626364,
                21.910642605626354,
                21.910642605626364,
                21.910642605626354,
                21.910642605626354,
                21.910642605626354,
                21.910642605626354,
                21.910642605626354,
                21.910642605626354,
                21.910642605626354,
                21.910642605626354
            ],
            "Node_6": [
                29.992201495329432,
                29.811907125308487,
                29.34676158480425,
                28.801105439779565,
                28.421753560917733,
                28.243584468452934,
                27.86673634553204,
                26.962054741897294,
                25.758667547081128,
                24.539105059641894,
                23.414952451677532,
                22.588582570836717,
                22.279173165925016,
                22.282101861647757,
                22.296912059506912,
                22.342652100138814,
                22.444355709138733,
                22.611610897419965,
                22.82603428265241,
                23.032844621731464,
                23.152588600119117,
                23.16193219132685,
                23.018822109178235,
                22.751887164909554,
                22.489534540993013,
                23.514275845012538,
                25.213825753855584,
                26.83927287053419,
                27.73282201997053,
                28.233700954963812,
                28.963554193093632,
                29.692588674256083,
                29.992201495329432,
                29.992201495329432,
                29.992201495329432,
                29.992201495329432,
                29.992201495329432,
                29.992201495329432,
                29.992201495329432,
                29.992201495329432,
                29.992201495329432,
                29.992201495329432,
                29.992201495329432,
                29.992201495329432,
                29.992201495329432,
                29.811907125308487,
                29.34676158480425,
                28.801105439779565,
                28.421753560917733,
                28.243584468452934,
                27.86673634553204,
                26.962054741897294,
                25.758667547081128,
                24.539105059641894,
                23.414952451677532,
                22.588582570836717,
                22.279173165925016,
                22.282101861647757,
                22.296912059506912,
                22.342652100138814,
                22.444355709138733,
                22.611610897419965,
                22.82603428265241,
                23.032844621731464,
                23.152588600119117,
                23.16193219132685,
                23.018822109178235,
                22.751887164909554,
                22.489534540993013,
                23.514275845012538,
                25.213825753855584,
                26.83927287053419,
                27.73282201997053,
                28.233700954963812,
                28.963554193093632,
                29.692588674256083,
                29.992201495329432,
                22.279173165925016,
                22.279173165925016,
                22.279173165925016,
                22.279173165925016,
                22.279173165925016,
                22.279173165925016,
                22.279173165925016,
                22.279173165925016,
                22.279173165925016,
                22.279173165925016,
                22.279173165925016,
                22.279173165925016,
                22.279173165925016,
                23.16193219132685,
                23.16193219132685,
                23.16193219132689,
                23.16193219132685,
                23.16193219132689,
                23.16193219132685,
                23.16193219132685,
                23.16193219132685,
                23.16193219132685,
                23.16193219132685,
                23.16193219132685,
                23.16193219132685,
                23.16193219132685
            ],
            "Node_7": [
                43.15253988922383,
                43.032129967195175,
                42.85444899848073,
                42.88628378064941,
                43.24683418217548,
                43.9041107027534,
                44.759115339819274,
                45.73050491639472,
                46.73990561374082,
                47.68378064254805,
                48.46545990869152,
                49.02802737824982,
                49.32608795462095,
                49.360196636717426,
                49.31701403119847,
                49.318357945272886,
                49.429656433902515,
                49.69775733530918,
                50.13814549405566,
                50.721457739553784,
                51.358666208763275,
                51.69343802428452,
                51.28758745166442,
                50.35008575616697,
                49.016952778858986,
                47.683451656256025,
                46.591340458062845,
                45.78041563374733,
                44.64173744916636,
                43.6251399355642,
                43.11880393579033,
                43.08701286507146,
                43.15253988922383,
                43.15253988922383,
                43.15253988922383,
                43.15253988922383,
                43.15253988922383,
                43.15253988922383,
                43.15253988922383,
                43.15253988922383,
                43.15253988922383,
                43.15253988922383,
                43.15253988922383,
                43.15253988922383,
                43.15253988922383,
                43.032129967195175,
                42.85444899848073,
                42.88628378064941,
                43.24683418217548,
                43.9041107027534,
                44.759115339819274,
                45.73050491639472,
                46.73990561374082,
                47.68378064254805,
                48.46545990869152,
                49.02802737824982,
                49.32608795462095,
                49.360196636717426,
                49.31701403119847,
                49.318357945272886,
                49.429656433902515,
                49.69775733530918,
                50.13814549405566,
                50.721457739553784,
                51.358666208763275,
                51.69343802428452,
                51.28758745166442,
                50.35008575616697,
                49.016952778858986,
                47.683451656256025,
                46.591340458062845,
                45.78041563374733,
                44.64173744916636,
                43.6251399355642,
                43.11880393579033,
                43.08701286507146,
                43.15253988922383,
                49.32608795462095,
                49.32608795462095,
                49.32608795462095,
                49.32608795462095,
                49.32608795462095,
                49.32608795462095,
                49.32608795462095,
                49.32608795462095,
                49.32608795462095,
                49.32608795462095,
                49.32608795462095,
                49.32608795462095,
                49.32608795462095,
                51.69343802428452,
                51.69343802428452,
                51.69343802428452,
                51.69343802428452,
                51.69343802428452,
                51.69343802428452,
                51.69343802428452,
                51.69343802428452,
                51.69343802428452,
                51.69343802428452,
                51.69343802428452,
                51.69343802428452,
                51.69343802428452
            ],
            "Node_8": [
                43.19761885041295,
                43.299153249013045,
                43.76450157505279,
                44.68560161163545,
                45.598545376018514,
                46.08481817862553,
                46.69094991480201,
                47.59010258312792,
                48.40329688224161,
                48.932832727245604,
                49.28747208763644,
                49.439406239026745,
                49.383984548881486,
                49.48450185080141,
                49.92254712789921,
                50.54548994592448,
                51.23060883447594,
                51.84526939708568,
                52.247434446411326,
                52.31061427751638,
                52.09269868541132,
                51.93049298462522,
                51.48605671464921,
                51.096025253920914,
                50.95375995918784,
                50.33131266281446,
                48.37803594319065,
                46.64992976445774,
                45.95870015995081,
                45.10113335596142,
                43.98210890350922,
                43.33300815612823,
                43.19761885041295,
                43.19761885041295,
                43.19761885041295,
                43.19761885041295,
                43.19761885041295,
                43.19761885041295,
                43.19761885041295,
                43.19761885041295,
                43.19761885041295,
                43.19761885041295,
                43.19761885041295,
                43.19761885041295,
                43.19761885041295,
                43.299153249013045,
                43.76450157505279,
                44.68560161163545,
                45.598545376018514,
                46.08481817862553,
                46.69094991480201,
                47.59010258312792,
                48.40329688224161,
                48.932832727245604,
                49.28747208763644,
                49.439406239026745,
                49.383984548881486,
                49.48450185080141,
                49.92254712789921,
                50.54548994592448,
                51.23060883447594,
                51.84526939708568,
                52.247434446411326,
                52.31061427751638,
                52.09269868541132,
                51.93049298462522,
                51.48605671464921,
                51.096025253920914,
                50.95375995918784,
                50.33131266281446,
                48.37803594319065,
                46.64992976445774,
                45.95870015995081,
                45.10113335596142,
                43.98210890350922,
                43.33300815612823,
                43.19761885041295,
                49.383984548881486,
                49.383984548881486,
                49.383984548881486,
                49.383984548881486,
                49.383984548881486,
                49.383984548881486,
                49.383984548881486,
                49.383984548881486,
                49.383984548881486,
                49.383984548881486,
                49.383984548881486,
                49.383984548881486,
                49.383984548881486,
                51.93049298462522,
                51.93049298462522,
                51.93049298462522,
                51.93049298462522,
                51.93049298462522,
                51.93049298462522,
                51.93049298462522,
                51.93049298462522,
                51.93049298462522,
                51.93049298462522,
                51.93049298462522,
                51.93049298462522,
                51.93049298462522
            ],
            "Node_9": [
                44.76601221021319,
                44.895980454403876,
                45.204699251476306,
                45.5956624335115,
                46.17863661591043,
                46.850008888807984,
                47.46811597962189,
                48.15860612552654,
                49.3285957684641,
                50.946794774731764,
                52.396112844170204,
                53.13469360587354,
                53.30580758379676,
                53.33547323513709,
                53.40878867877372,
                53.48908211604423,
                53.53836308471348,
                53.52943285968942,
                53.44649338221756,
                53.28332882502688,
                53.05183839052371,
                52.865040862644044,
                53.24044918741479,
                53.2084941594607,
                52.16319308345736,
                50.38935468317253,
                49.05542352737247,
                47.62083041376897,
                46.33327297860084,
                45.72006980186282,
                45.39998038437809,
                44.991718250452514,
                44.76601221021319,
                44.76601221021319,
                44.76601221021319,
                44.76601221021319,
                44.76601221021319,
                44.76601221021319,
                44.76601221021319,
                44.76601221021319,
                44.76601221021319,
                44.76601221021319,
                44.76601221021319,
                44.76601221021319,
                44.76601221021319,
                44.895980454403876,
                45.204699251476306,
                45.5956624335115,
                46.17863661591043,
                46.850008888807984,
                47.46811597962189,
                48.15860612552654,
                49.3285957684641,
                50.946794774731764,
                52.396112844170204,
                53.13469360587354,
                53.30580758379676,
                53.33547323513709,
                53.40878867877372,
                53.48908211604423,
                53.53836308471348,
                53.52943285968942,
                53.44649338221756,
                53.28332882502688,
                53.05183839052371,
                52.865040862644044,
                53.24044918741479,
                53.2084941594607,
                52.16319308345736,
                50.38935468317253,
                49.05542352737247,
                47.62083041376897,
                46.33327297860084,
                45.72006980186282,
                45.39998038437809,
                44.991718250452514,
                44.76601221021319,
                53.30580758379676,
                53.30580758379676,
                53.30580758379676,
                53.30580758379676,
                53.30580758379676,
                53.30580758379676,
                53.30580758379676,
                53.30580758379676,
                53.30580758379676,
                53.30580758379676,
                53.30580758379676,
                53.30580758379676,
                53.30580758379676,
                52.865040862644044,
                52.865040862644044,
                52.865040862644044,
                52.865040862644044,
                52.865040862644044,
                52.865040862644044,
                52.865040862644044,
                52.865040862644044,
                52.865040862644044,
                52.865040862644044,
                52.865040862644044,
                52.865040862644044,
                52.865040862644044
            ],
            "Node_10": [
                44.81693301869727,
                45.02767763968169,
                45.481611497643065,
                46.00914209592552,
                46.763629132639245,
                48.149383707758815,
                49.79066822978027,
                51.35975466483587,
                52.61424180370001,
                53.481108221053965,
                54.173907392372946,
                54.96629155283152,
                55.37781460217839,
                55.32644478303241,
                55.17981495778447,
                54.95349144901533,
                54.66520900451244,
                54.349177309010535,
                54.08746332680231,
                53.996916360370776,
                54.04994125157282,
                54.092562103618086,
                53.93675032973939,
                53.44595319036984,
                52.696693704739296,
                51.983026397577234,
                51.18315413520261,
                49.81289139541449,
                48.103112265458535,
                46.701183908528705,
                45.76859863653486,
                45.098056332992634,
                44.81693301869727,
                44.81693301869727,
                44.81693301869727,
                44.81693301869727,
                44.81693301869727,
                44.81693301869727,
                44.81693301869727,
                44.81693301869727,
                44.81693301869727,
                44.81693301869727,
                44.81693301869727,
                44.81693301869727,
                44.81693301869727,
                45.02767763968169,
                45.481611497643065,
                46.00914209592552,
                46.763629132639245,
                48.149383707758815,
                49.79066822978027,
                51.35975466483587,
                52.61424180370001,
                53.481108221053965,
                54.173907392372946,
                54.96629155283152,
                55.37781460217839,
                55.32644478303241,
                55.17981495778447,
                54.95349144901533,
                54.66520900451244,
                54.349177309010535,
                54.08746332680231,
                53.996916360370776,
                54.04994125157282,
                54.092562103618086,
                53.93675032973939,
                53.44595319036984,
                52.696693704739296,
                51.983026397577234,
                51.18315413520261,
                49.81289139541449,
                48.103112265458535,
                46.701183908528705,
                45.76859863653486,
                45.098056332992634,
                44.81693301869727,
                55.37781460217839,
                55.37781460217839,
                55.37781460217839,
                55.37781460217839,
                55.37781460217839,
                55.37781460217839,
                55.37781460217839,
                55.37781460217839,
                55.37781460217839,
                55.37781460217839,
                55.37781460217839,
                55.37781460217839,
                55.37781460217839,
                54.092562103618086,
                54.092562103618086,
                54.092562103618086,
                54.092562103618086,
                54.092562103618086,
                54.092562103618086,
                54.092562103618086,
                54.092562103618086,
                54.092562103618086,
                54.092562103618086,
                54.092562103618086,
                54.092562103618086,
                54.092562103618086
            ],
            "Node_11": [
                72.4567129823859,
                72.10148850255851,
                71.29762070398725,
                70.41570337113883,
                69.66147172932446,
                69.07872788322835,
                68.49551475431385,
                67.47953102064216,
                66.40343937182179,
                65.35633167534702,
                64.36628471217867,
                63.55452210905686,
                63.21319152716327,
                63.21807731924269,
                63.237355285694356,
                63.27655773568515,
                63.33170077905852,
                63.376455931087186,
                63.150331495179366,
                62.953806599970925,
                62.94673381066007,
                63.11131264745281,
                62.6830419926815,
                62.574734087261625,
                63.14213270139643,
                64.29967394498037,
                65.83111125578847,
                67.6219668688115,
                69.14290020489892,
                69.82023246418589,
                70.8239652911056,
                71.91234790533454,
                72.4567129823859,
                72.4567129823859,
                72.4567129823859,
                72.4567129823859,
                72.4567129823859,
                72.4567129823859,
                72.4567129823859,
                72.4567129823859,
                72.4567129823859,
                72.4567129823859,
                72.4567129823859,
                72.4567129823859,
                72.4567129823859,
                72.10148850255851,
                71.29762070398725,
                70.41570337113883,
                69.66147172932446,
                69.07872788322835,
                68.49551475431385,
                67.47953102064216,
                66.40343937182179,
                65.35633167534702,
                64.36628471217867,
                63.55452210905686,
                63.21319152716327,
                63.21807731924269,
                63.237355285694356,
                63.27655773568515,
                63.33170077905852,
                63.376455931087186,
                63.150331495179366,
                62.953806599970925,
                62.94673381066007,
                63.11131264745281,
                62.6830419926815,
                62.574734087261625,
                63.14213270139643,
                64.29967394498037,
                65.83111125578847,
                67.6219668688115,
                69.14290020489892,
                69.82023246418589,
                70.8239652911056,
                71.91234790533454,
                72.4567129823859,
                63.21319152716327,
                63.21319152716327,
                63.21319152716327,
                63.21319152716327,
                63.21319152716327,
                63.21319152716327,
                63.21319152716327,
                63.21319152716327,
                63.21319152716327,
                63.21319152716327,
                63.21319152716327,
                63.21319152716327,
                63.21319152716327,
                63.11131264745281,
                63.11131264745281,
                63.111312647452834,
                63.11131264745281,
                63.111312647452834,
                63.11131264745281,
                63.11131264745281,
                63.11131264745281,
                63.11131264745281,
                63.11131264745281,
                63.11131264745281,
                63.11131264745281,
                63.11131264745281
            ],
            "Node_12": [
                74.74640986067119,
                74.69861651452311,
                74.45468372779177,
                73.23080443611089,
                71.66478467111912,
                70.13623442763895,
                68.92168880008106,
                68.31719806423489,
                67.74462067441151,
                67.06600848991319,
                66.40583147437164,
                65.93673526794691,
                65.76988694441563,
                65.61872417891,
                65.21256640911295,
                64.65885147705465,
                64.07421274928654,
                63.571566215850666,
                63.45825171280521,
                63.43721291616316,
                63.32572896987615,
                63.12093139996662,
                63.715053710021415,
                64.59611152626472,
                65.66775914552807,
                66.82926392716779,
                67.8932080781572,
                68.63318021264398,
                69.6492334279243,
                71.8255716152877,
                73.80635619122216,
                74.75600892106218,
                74.74640986067119,
                74.74640986067119,
                74.74640986067119,
                74.74640986067119,
                74.74640986067119,
                74.74640986067119,
                74.74640986067119,
                74.74640986067119,
                74.74640986067119,
                74.74640986067119,
                74.74640986067119,
                74.74640986067119,
                74.74640986067119,
                74.69861651452311,
                74.45468372779177,
                73.23080443611089,
                71.66478467111912,
                70.13623442763895,
                68.92168880008106,
                68.31719806423489,
                67.74462067441151,
                67.06600848991319,
                66.40583147437164,
                65.93673526794691,
                65.76988694441563,
                65.61872417891,
                65.21256640911295,
                64.65885147705465,
                64.07421274928654,
                63.571566215850666,
                63.45825171280521,
                63.43721291616316,
                63.32572896987615,
                63.12093139996662,
                63.715053710021415,
                64.59611152626472,
                65.66775914552807,
                66.82926392716779,
                67.8932080781572,
                68.63318021264398,
                69.6492334279243,
                71.8255716152877,
                73.80635619122216,
                74.75600892106218,
                74.74640986067119,
                65.76988694441563,
                65.76988694441563,
                65.76988694441563,
                65.76988694441563,
                65.76988694441563,
                65.76988694441563,
                65.76988694441563,
                65.76988694441563,
                65.76988694441563,
                65.76988694441563,
                65.76988694441563,
                65.76988694441563,
                65.76988694441563,
                63.12093139996662,
                63.12093139996662,
                63.120931399966615,
                63.12093139996662,
                63.120931399966615,
                63.12093139996662,
                63.12093139996662,
                63.12093139996662,
                63.12093139996662,
                63.12093139996662,
                63.12093139996662,
                63.12093139996662,
                63.12093139996662
            ],
            "Node_13": [
                74.99693426076045,
                75.04123333872627,
                74.62035724128364,
                74.33364132899307,
                74.11423345780435,
                73.89370398803364,
                73.638937225069,
                73.36069920859289,
                73.11652244999644,
                72.94369821550774,
                72.82831134644918,
                72.74981562447199,
                72.71910232214607,
                72.83681327982646,
                73.14323367939922,
                73.53397941092135,
                73.90175689923751,
                74.15759744371584,
                74.23443225576622,
                74.15991133245062,
                74.0638566412604,
                74.0454232403317,
                74.25133731456215,
                74.5970735156448,
                74.5739796411761,
                74.5117316869786,
                74.19724521805911,
                74.07067970040683,
                74.36971174998034,
                74.53208264862803,
                74.71442055126656,
                74.98445035173081,
                74.99693426076045,
                74.99693426076045,
                74.99693426076045,
                74.99693426076045,
                74.99693426076045,
                74.99693426076045,
                74.99693426076045,
                74.99693426076045,
                74.99693426076045,
                74.99693426076045,
                74.99693426076045,
                74.99693426076045,
                74.99693426076045,
                75.04123333872627,
                74.62035724128364,
                74.33364132899307,
                74.11423345780435,
                73.89370398803364,
                73.638937225069,
                73.36069920859289,
                73.11652244999644,
                72.94369821550774,
                72.82831134644918,
                72.74981562447199,
                72.71910232214607,
                72.83681327982646,
                73.14323367939922,
                73.53397941092135,
                73.90175689923751,
                74.15759744371584,
                74.23443225576622,
                74.15991133245062,
                74.0638566412604,
                74.0454232403317,
                74.25133731456215,
                74.5970735156448,
                74.5739796411761,
                74.5117316869786,
                74.19724521805911,
                74.07067970040683,
                74.36971174998034,
                74.53208264862803,
                74.71442055126656,
                74.98445035173081,
                74.99693426076045,
                72.71910232214607,
                72.71910232214607,
                72.71910232214607,
                72.71910232214607,
                72.71910232214607,
                72.71910232214607,
                72.71910232214607,
                72.71910232214607,
                72.71910232214607,
                72.71910232214607,
                72.71910232214607,
                72.71910232214607,
                72.71910232214607,
                74.0454232403317,
                74.0454232403317,
                74.04542324033169,
                74.0454232403317,
                74.04542324033169,
                74.0454232403317,
                74.0454232403317,
                74.0454232403317,
                74.0454232403317,
                74.0454232403317,
                74.0454232403317,
                74.0454232403317,
                74.0454232403317
            ],
            "Node_14": [
                75.56727167622326,
                75.35882725467562,
                75.1866198702283,
                75.1782720013724,
                75.09088750089482,
                74.9471287358997,
                74.79547118339156,
                74.75487347800814,
                74.92524226788342,
                75.23471889265367,
                75.5130494968051,
                75.66935339553756,
                75.71433718372171,
                75.68044667738448,
                75.58432912545707,
                75.43858467715233,
                75.26086978234191,
                75.08778996451893,
                74.98290897384851,
                74.94896224802686,
                74.90375689053013,
                74.82196474854037,
                74.69399364471823,
                74.6236865229191,
                74.81139179594662,
                74.64867629659764,
                74.49935006543907,
                74.45242367939186,
                74.45975627564741,
                74.77645775354799,
                75.00330069131084,
                75.22231344622897,
                75.56727167622326,
                75.56727167622326,
                75.56727167622326,
                75.56727167622326,
                75.56727167622326,
                75.56727167622326,
                75.56727167622326,
                75.56727167622326,
                75.56727167622326,
                75.56727167622326,
                75.56727167622326,
                75.56727167622326,
                75.56727167622326,
                75.35882725467562,
                75.1866198702283,
                75.1782720013724,
                75.09088750089482,
                74.9471287358997,
                74.79547118339156,
                74.75487347800814,
                74.92524226788342,
                75.23471889265367,
                75.5130494968051,
                75.66935339553756,
                75.71433718372171,
                75.68044667738448,
                75.58432912545707,
                75.43858467715233,
                75.26086978234191,
                75.08778996451893,
                74.98290897384851,
                74.94896224802686,
                74.90375689053013,
                74.82196474854037,
                74.69399364471823,
                74.6236865229191,
                74.81139179594662,
                74.64867629659764,
                74.49935006543907,
                74.45242367939186,
                74.45975627564741,
                74.77645775354799,
                75.00330069131084,
                75.22231344622897,
                75.56727167622326,
                75.71433718372171,
                75.71433718372171,
                75.71433718372171,
                75.71433718372171,
                75.71433718372171,
                75.71433718372171,
                75.71433718372171,
                75.71433718372171,
                75.71433718372171,
                75.71433718372171,
                75.71433718372171,
                75.71433718372171,
                75.71433718372171,
                74.82196474854037,
                74.82196474854037,
                74.82196474854034,
                74.82196474854037,
                74.82196474854034,
                74.82196474854037,
                74.82196474854037,
                74.82196474854037,
                74.82196474854037,
                74.82196474854037,
                74.82196474854037,
                74.82196474854037,
                74.82196474854037
            ],
            "Node_15": [
                78.11864898929785,
                77.93350545698598,
                77.58625405376299,
                77.37973434650442,
                77.35456311984875,
                77.39310236647853,
                77.37784723183023,
                77.31657297743494,
                77.31604827759331,
                77.42681601386104,
                77.57962060722446,
                77.68372640518325,
                77.71588343113125,
                77.64856454895646,
                77.45537074802996,
                77.1564824001844,
                76.78038543345949,
                76.37239948909802,
                75.99096753382618,
                75.68829051430401,
                75.50122316096845,
                75.43604266745187,
                75.51340280596263,
                75.72001402533277,
                76.00110660019169,
                76.33571182961735,
                76.68289861641796,
                77.00322165668715,
                77.23316770603523,
                77.36869971056923,
                77.54832042281053,
                77.89072175581218,
                78.11864898929785,
                78.11864898929785,
                78.11864898929785,
                78.11864898929785,
                78.11864898929785,
                78.11864898929785,
                78.11864898929785,
                78.11864898929785,
                78.11864898929785,
                78.11864898929785,
                78.11864898929785,
                78.11864898929785,
                78.11864898929785,
                77.93350545698598,
                77.58625405376299,
                77.37973434650442,
                77.35456311984875,
                77.39310236647853,
                77.37784723183023,
                77.31657297743494,
                77.31604827759331,
                77.42681601386104,
                77.57962060722446,
                77.68372640518325,
                77.71588343113125,
                77.64856454895646,
                77.45537074802996,
                77.1564824001844,
                76.78038543345949,
                76.37239948909802,
                75.99096753382618,
                75.68829051430401,
                75.50122316096845,
                75.43604266745187,
                75.51340280596263,
                75.72001402533277,
                76.00110660019169,
                76.33571182961735,
                76.68289861641796,
                77.00322165668715,
                77.23316770603523,
                77.36869971056923,
                77.54832042281053,
                77.89072175581218,
                78.11864898929785,
                77.71588343113125,
                77.71588343113125,
                77.71588343113125,
                77.71588343113125,
                77.71588343113125,
                77.71588343113125,
                77.71588343113125,
                77.71588343113125,
                77.71588343113125,
                77.71588343113125,
                77.71588343113125,
                77.71588343113125,
                77.71588343113125,
                75.43604266745187,
                75.43604266745187,
                75.43604266745186,
                75.43604266745187,
                75.43604266745186,
                75.43604266745187,
                75.43604266745187,
                75.43604266745187,
                75.43604266745187,
                75.43604266745187,
                75.43604266745187,
                75.43604266745187,
                75.43604266745187
            ]
        }
    },
    "Phonon_DOS": {
        "DOS": [
            0.0,
            0.002,
            0.004,
            0.0,
            0.0,
            0.0,
            0.0,
            0.0013333333333333333,
            0.005333333333333333,
            0.010666666666666666,
            0.006666666666666667,
            0.004666666666666667,
            0.014666666666666666,
            0.008,
            0.022666666666666665,
            0.018666666666666668,
            0.022000000000000002,
            0.018666666666666668,
            0.01933333333333333,
            0.03666666666666667,
            0.032,
            0.017333333333333333,
            0.028666666666666667,
            0.037333333333333336,
            0.027999999999999997,
            0.026000000000000002,
            0.010666666666666666,
            0.0013333333333333333,
            0.005333333333333333,
            0.006666666666666667,
            0.006666666666666667,
            0.004666666666666667,
            0.0,
            0.0,
            0.0,
            0.0,
            0.0,
            0.0,
            0.0,
            0.0,
            0.0,
            0.0,
            0.0,
            0.0,
            0.004,
            0.009333333333333334,
            0.005333333333333333,
            0.029333333333333333,
            0.013333333333333334,
            0.036000000000000004,
            0.015333333333333334,
            0.038,
            0.02,
            0.029333333333333333,
            0.024666666666666667,
            0.027999999999999997,
            0.012666666666666666,
            0.0013333333333333333,
            0.0,
            0.0,
            0.0,
            0.0,
            0.0,
            0.0,
            0.004,
            0.03,
            0.008,
            0.026000000000000002,
            0.006666666666666667,
            0.021333333333333333,
            0.012,
            0.008,
            0.008,
            0.006,
            0.008666666666666666,
            0.02666666666666667,
            0.06533333333333333,
            0.04333333333333334,
            0.02066666666666667,
            0.038,
            0.0006666666666666666,
            0.0
        ],
        "Energy(meV)": [
            -1.5,
            -0.5,
            0.5,
            1.5,
            2.5,
            3.5,
            4.5,
            5.5,
            6.5,
            7.5,
            8.5,
            9.5,
            10.5,
            11.5,
            12.5,
            13.5,
            14.5,
            15.5,
            16.5,
            17.5,
            18.5,
            19.5,
            20.5,
            21.5,
            22.5,
            23.5,
            24.5,
            25.5,
            26.5,
            27.5,
            28.5,
            29.5,
            30.5,
            31.5,
            32.5,
            33.5,
            34.5,
            35.5,
            36.5,
            37.5,
            38.5,
            39.5,
            40.5,
            41.5,
            42.5,
            43.5,
            44.5,
            45.5,
            46.5,
            47.5,
            48.5,
            49.5,
            50.5,
            51.5,
            52.5,
            53.5,
            54.5,
            55.5,
            56.5,
            57.5,
            58.5,
            59.5,
            60.5,
            61.5,
            62.5,
            63.5,
            64.5,
            65.5,
            66.5,
            67.5,
            68.5,
            69.5,
            70.5,
            71.5,
            72.5,
            73.5,
            74.5,
            75.5,
            76.5,
            77.5,
            78.5,
            79.5
        ]
    }
}