{
    "POSCAR": {
        "Atomes": "   W    C   Br\n",
        "coordinate": "Direct\n",
        "unit_cell": {
            "a_vector": "3.4308401234101953   -2.234150090563059e-07   -3.1828796551248786e-07\n",
            "b_vector": "-1.7154202551341284   2.971194675567743   3.930215310368968e-07\n",
            "c_vector": "-2.5534731163101463e-06   2.166551277428339e-06   28.12970838669021\n"
        },
        "positions": {
            "W": [
                "0.3333333321160765   0.6666666425908844   0.1670915860158841\n",
                "0.6666666553103737   0.3333333358619744   0.23290841762327433\n"
            ],
            "C": [
                "-1.6976645433545436e-08   -3.470153969778297e-09   0.19999999557013834\n"
            ],
            "Br": [
                "0.3333333466859999   0.6666666808062746   0.3014782747393106\n",
                "0.6666666826219145   0.33333334435652884   0.09852172605139375\n"
            ]
        }
    },
    "Termo_data": {
        "Temperature (K)": [
            0,
            10,
            20,
            30,
            40,
            50,
            60,
            70,
            80,
            90,
            100,
            110,
            120,
            130,
            140,
            150,
            160,
            170,
            180,
            190,
            200,
            210,
            220,
            230,
            240,
            250,
            260,
            270,
            280,
            290,
            300,
            310,
            320,
            330,
            340,
            350,
            360,
            370,
            380,
            390,
            400,
            410,
            420,
            430,
            440,
            450,
            460,
            470,
            480,
            490,
            500,
            510,
            520,
            530,
            540,
            550,
            560,
            570,
            580,
            590,
            600,
            610,
            620,
            630,
            640,
            650,
            660,
            670,
            680,
            690,
            700,
            710,
            720,
            730,
            740,
            750,
            760,
            770,
            780,
            790,
            800,
            810,
            820,
            830,
            840,
            850,
            860,
            870,
            880,
            890,
            900,
            910,
            920,
            930,
            940,
            950,
            960,
            970,
            980,
            990,
            1000,
            1010,
            1020,
            1030,
            1040,
            1050,
            1060,
            1070,
            1080,
            1090,
            1100,
            1110,
            1120,
            1130,
            1140,
            1150,
            1160,
            1170,
            1180,
            1190,
            1200,
            1210,
            1220,
            1230,
            1240,
            1250,
            1260,
            1270,
            1280,
            1290,
            1300,
            1310,
            1320,
            1330,
            1340,
            1350,
            1360,
            1370,
            1380,
            1390,
            1400,
            1410,
            1420,
            1430,
            1440,
            1450,
            1460,
            1470,
            1480,
            1490,
            1500,
            1510,
            1520,
            1530,
            1540,
            1550,
            1560,
            1570,
            1580,
            1590,
            1600,
            1610,
            1620,
            1630,
            1640,
            1650,
            1660,
            1670,
            1680,
            1690,
            1700,
            1710,
            1720,
            1730,
            1740,
            1750,
            1760,
            1770,
            1780,
            1790,
            1800,
            1810,
            1820,
            1830,
            1840,
            1850,
            1860,
            1870,
            1880,
            1890,
            1900,
            1910,
            1920,
            1930,
            1940,
            1950,
            1960,
            1970
        ],
        "Gibbs_free(J/mole)": [
            -530332.1700539929,
            -530332.661230109,
            -530336.8512501703,
            -530348.9443877419,
            -530372.6470596514,
            -530410.6375942018,
            -530464.466545399,
            -530534.7546681458,
            -530621.5029704137,
            -530724.3535884952,
            -530842.7667615457,
            -530976.1277558621,
            -531123.8073374631,
            -531285.1922692697,
            -531459.700161194,
            -531646.7850288901,
            -531845.937957723,
            -532056.6854759308,
            -532278.58717564,
            -532511.232757812,
            -532754.2396150965,
            -533007.2491882313,
            -533269.9261645316,
            -533541.9556656326,
            -533823.0412754262,
            -534112.9034665616,
            -534411.2787830719,
            -534717.9177562565,
            -535032.5842355194,
            -535355.0545092529,
            -535685.1160205068,
            -536022.5669450657,
            -536367.2150544807,
            -536718.8774507497,
            -537077.3797361867,
            -537442.5553908818,
            -537814.2455123978,
            -538192.2979473756,
            -538576.567487972,
            -538966.9149038703,
            -539363.2066058345,
            -539765.314902053,
            -540173.1168754635,
            -540586.4946907457,
            -541005.3349995303,
            -541429.5288486144,
            -541858.9715012806,
            -542293.5619597769,
            -542733.2028869567,
            -543177.8006618607,
            -543627.2648289184,
            -544081.5080826686,
            -544540.4461796574,
            -545003.9977922534,
            -545472.0841038182,
            -545944.6290682871,
            -546421.5590559872,
            -546902.802775775,
            -547388.2911975775,
            -547877.957487444,
            -548371.736684276,
            -548869.56604043,
            -549371.3844478864,
            -549877.132754809,
            -550386.7534819472,
            -550900.1907716556,
            -551417.3903324628,
            -551938.2994631778,
            -552462.8668316281,
            -552991.042574458,
            -553522.7781308023,
            -554058.0262252764,
            -554596.7408383307,
            -555138.8771444468,
            -555684.3914457292,
            -556233.2411786817,
            -556785.3848250398,
            -557340.7818923142,
            -557899.3928857426,
            -558461.179269892,
            -559026.1034058299,
            -559594.1285613686,
            -560165.2188887269,
            -560739.3393222594,
            -561316.4556043562,
            -561896.5342670692,
            -562479.5425950394,
            -563065.4485978291,
            -563654.2209848657,
            -564245.8291003502,
            -564840.243005958,
            -565437.4333976248,
            -566037.3715242498,
            -566640.0293335619,
            -567245.3792221461,
            -567853.394221831,
            -568464.0479990699,
            -569077.3145054616,
            -569693.1685965299,
            -570311.5851259882,
            -570932.5398512353,
            -571556.0087730298,
            -572181.9685052361,
            -572810.395920962,
            -573441.2684982836,
            -574074.5640014219,
            -574710.2607529586,
            -575348.3371531778,
            -575988.7725528835,
            -576631.5460641938,
            -577276.6376088548,
            -577924.0271902138,
            -578573.6953045198,
            -579225.622838548,
            -579879.7908096407,
            -580536.1807177119,
            -581194.774452414,
            -581855.5537481469,
            -582518.5013539313,
            -583183.5996978335,
            -583850.8317920085,
            -584520.1807407633,
            -585191.6303040396,
            -585865.1640563059,
            -586540.7661034578,
            -587218.4203896706,
            -587898.111956728,
            -588579.8251219833,
            -589263.5449023804,
            -589949.2569329827,
            -590636.9461213438,
            -591326.5984170734,
            -592018.1994822704,
            -592711.7356550635,
            -593407.1929675498,
            -594104.558123635,
            -594803.8177572379,
            -595504.9586903506,
            -596207.9679615712,
            -596912.832782316,
            -597619.5405668673,
            -598328.0793221082,
            -599038.4360938475,
            -599750.5993814718,
            -600464.5568470483,
            -601180.2974121184,
            -601897.8088151605,
            -602617.0800904741,
            -603338.0996750001,
            -604060.856982115,
            -604785.3403177643,
            -605511.5390976561,
            -606239.442736051,
            -606969.0408763813,
            -607700.32261846,
            -608433.2782700317,
            -609167.8970925792,
            -609904.1694624496,
            -610642.0855992244,
            -611381.6355376998,
            -612122.8093133972,
            -612865.5975983287,
            -613609.99141009,
            -614355.9810288,
            -615103.557168463,
            -615852.7110560769,
            -616603.4331068192,
            -617355.7153260804,
            -618109.548492906,
            -618864.9238891263,
            -619621.8331541664,
            -620380.2675310854,
            -621140.2192748671,
            -621901.6798877034,
            -622664.6402948552,
            -623429.0938633729,
            -624195.0316572622,
            -624962.4459115224,
            -625731.3288379473,
            -626501.6731010616,
            -627273.4704281907,
            -628046.7140443294,
            -628821.3956106983,
            -629597.508854799,
            -630375.0449593063,
            -631153.9978220945,
            -631934.3598044998,
            -632716.1243463651,
            -633499.2840617558,
            -634283.8321307781,
            -635069.7612469788,
            -635857.0653004018,
            -636645.7370277075,
            -637435.7695464802,
            -638227.1579508465,
            -639019.8943067043,
            -639813.9717555137,
            -640609.3846503622
        ],
        "Cp(J/mole.K)": [
            -0.0,
            0.3825201350118732,
            1.5557306651899125,
            3.405753662038478,
            5.602367626642809,
            7.8029834354965715,
            9.782540890050585,
            11.45932312094956,
            12.845473223482262,
            13.989430578943578,
            14.944196196360277,
            15.754845161203406,
            16.455674344010188,
            17.07168001914397,
            17.620740479388036,
            18.115382782605582,
            18.56456855516882,
            18.974904807226267,
            19.351449692744044,
            19.697845555585836,
            20.017054989351912,
            20.312274665562988,
            20.585708802676503,
            20.83876102839713,
            21.07343805071433,
            21.291555478746904,
            21.494164121145168,
            21.682662728449206,
            21.858432777947776,
            22.022370041956343,
            22.17543673983883,
            22.318504150139074,
            22.45251818569386,
            22.578133419679943,
            22.695930329372544,
            22.806539316428776,
            22.910579426691424,
            23.008820000942823,
            23.1012851740118,
            23.18846564571714,
            23.27115176641371,
            23.349285272826208,
            23.423247159743944,
            23.493446864167314,
            23.5602154517198,
            23.62382245549819,
            23.68411651487682,
            23.74156933257175,
            23.7966675425414,
            23.849180437013274,
            23.89926097166608,
            23.947418190454446,
            23.993545448384396,
            24.03757554487391,
            24.079987811052668,
            24.120843249489514,
            24.160065189865378,
            24.197930958212318,
            24.234350406896638,
            24.269415942372703,
            24.30341536772886,
            24.336196124422713,
            24.36796919828639,
            24.398801386548573,
            24.428506327606783,
            24.457346347684364,
            24.48542027196968,
            24.512653094827012,
            24.539160015119705,
            24.564930703208812,
            24.589964619837552,
            24.614401324925513,
            24.63821976617905,
            24.66143499266483,
            24.68412803740378,
            24.70627387046989,
            24.727894645242486,
            24.749078094825272,
            24.769795799686108,
            24.790029949875372,
            24.809925619512683,
            24.829475564041,
            24.848527101246873,
            24.867181631754097,
            24.88557761289418,
            24.903695144021185,
            24.921508157916833,
            24.938923580522594,
            24.955988785275196,
            24.972943326641563,
            24.989618698629847,
            25.005977957247524,
            25.02211309054381,
            25.037814171833386,
            25.0535357145246,
            25.06906398356673,
            25.08436928680146,
            25.099566972855108,
            25.114110251516173,
            25.12874062442577,
            25.143498238175965,
            25.157839748886325,
            25.171914569201398,
            25.185901258914818,
            25.199880231567732,
            25.21331215195831,
            25.226794912165346,
            25.240656020730587,
            25.25379132534175,
            25.266785885798782,
            25.279759157768993,
            25.29279942213018,
            25.305866476148367,
            25.318302093728562,
            25.331192309735343,
            25.343559904300328,
            25.355450357298338,
            25.36828881129007,
            25.380432851903606,
            25.391902398274397,
            25.40422186162374,
            25.416874653683216,
            25.428726530692074,
            25.439529803212267,
            25.45116694138798,
            25.463746712193647,
            25.474341003725556,
            25.485974830423586,
            25.498474594950494,
            25.50869571930398,
            25.519461380783284,
            25.53109402084937,
            25.54241036404818,
            25.553391682898113,
            25.564869769389233,
            25.57608123650425,
            25.58640979330579,
            25.596823980388383,
            25.607283322041425,
            25.619256198071525,
            25.63022589404156,
            25.639156489203092,
            25.64955308339478,
            25.661247337047826,
            25.67237368086353,
            25.681847945262316,
            25.691954804782497,
            25.70373382295449,
            25.71419682148823,
            25.721959028750796,
            25.731658209261,
            25.744228519586613,
            25.75436366465874,
            25.76372708872616,
            25.774178083927836,
            25.78347022444337,
            25.794726851990646,
            25.806415116540244,
            25.81406973345371,
            25.82154188050727,
            25.83353008050494,
            25.846013615539185,
            25.85382980463328,
            25.8623819828683,
            25.871737930911596,
            25.88125124730798,
            25.893708082446608,
            25.902923451623302,
            25.910955728497356,
            25.920708408689585,
            25.931202621809888,
            25.943755166567037,
            25.950066935783497,
            25.957002397996995,
            25.970989522116724,
            25.97906709961535,
            25.985600423579285,
            25.997500649795732,
            26.007622534095603,
            26.01654793513564,
            26.026165189279453,
            26.036249088399927,
            26.04495575672533,
            26.05076747845503,
            26.061284293489678,
            26.073701009954675,
            26.083766090381488,
            26.092391165636414,
            26.098761445108465,
            26.10744512027304,
            26.1183286521711,
            26.124390071357716,
            26.136683569102388,
            26.153980753241648,
            26.155475411971565,
            26.157219239626457,
            26.17130308775259,
            26.1840980341658
        ],
        "S(J/mole.K)": [
            0,
            0.1912600675059366,
            0.7714528013093513,
            1.7280110779465758,
            2.9959326416166734,
            4.476526938496682,
            6.0720370228838885,
            7.705771843789263,
            9.32713700032473,
            10.907169664511459,
            12.43157006204856,
            13.89490919737582,
            15.296691620552158,
            16.638947795878632,
            17.92486303351616,
            19.158021286247823,
            20.34201014635037,
            21.480238349206047,
            22.57586405395559,
            23.631768679924424,
            24.650559411384165,
            25.634611373393273,
            26.58609397891123,
            27.506967541249466,
            28.39901404473494,
            29.26387511369976,
            30.103055533296722,
            30.91793563458632,
            31.709795582602965,
            32.47982077455818,
            33.22910742209497,
            33.958673907814955,
            34.66947037785576,
            35.36238390510844,
            36.03824051702395,
            36.69781190285866,
            37.341822099416454,
            37.97095459146658,
            38.58584887008474,
            39.187101169789095,
            39.7752785879682,
            40.3509153664243,
            40.91451092827337,
            41.466538723446135,
            42.00744805918802,
            42.537664696402494,
            43.05758766164944,
            43.567593597240915,
            44.06804543732578,
            44.559286374945074,
            45.04163796871289,
            45.51540918813989,
            45.98089496562316,
            46.4383717140081,
            46.888104144722455,
            47.33034738800197,
            47.76534264894581,
            48.193320068977485,
            48.61449943509506,
            49.0290892654084,
            49.43729074326693,
            49.83929622207797,
            50.235289120122616,
            50.62544628159958,
            51.00993526812964,
            51.388916407257796,
            51.76254544882251,
            52.13097130391981,
            52.4943365510073,
            52.85277829534463,
            53.20642764399819,
            53.55541110282648,
            53.8998507056036,
            54.23986339228576,
            54.57556197949306,
            54.907055120864236,
            55.234447130736946,
            55.5578389474569,
            55.87732798907963,
            56.1930076551187,
            56.50496861397406,
            56.813299016775275,
            57.11808279360849,
            57.4194005017489,
            57.71733123890736,
            58.011952001455946,
            58.303336815122755,
            58.591556451427465,
            58.87667898926739,
            59.15877181451215,
            59.437900463923874,
            59.71412716219784,
            59.98751239053672,
            60.25811403974367,
            60.52598943173653,
            60.79119536159851,
            61.053785560319376,
            61.31381252822175,
            61.571324954991,
            61.82637100199645,
            62.079001324623825,
            62.329262576947805,
            62.577198076165224,
            62.82285147084622,
            63.06626639778697,
            63.30748305933085,
            63.546540766154074,
            63.78348207252857,
            64.01834476385993,
            64.25116315198974,
            64.48197383571096,
            64.71081336081116,
            64.93771750793677,
            65.16271801150434,
            65.38584761753155,
            65.60713872907655,
            65.82661885426351,
            66.04432107920876,
            66.2602767768549,
            66.47450964939345,
            66.68704923935583,
            66.89792857143911,
            67.10717307143786,
            67.31480188655405,
            67.5208402824821,
            67.72532094248163,
            67.9282645841071,
            68.12969172246812,
            68.329633622439,
            68.52810795246624,
            68.72513064064843,
            68.9207293389336,
            69.11492781708658,
            69.30774475376239,
            69.49920144113858,
            69.6893189730501,
            69.8781128829156,
            70.06559963160109,
            70.25179870925932,
            70.4367343191305,
            70.62042643801543,
            70.80288195370814,
            70.98411627610913,
            71.1641562449062,
            71.34302107233671,
            71.52071935509156,
            71.69726359804626,
            71.87267741070245,
            72.04697736332601,
            72.22016494863928,
            72.39225244142435,
            72.56327042525518,
            72.73323451658362,
            72.90214800467656,
            73.07002558761741,
            73.23688046858878,
            73.40272835976066,
            73.56758980174054,
            73.73146593123674,
            73.89435584256425,
            74.05628544130013,
            74.21728234583134,
            74.37734523986292,
            74.53647347093502,
            74.69468318079453,
            74.85198846466665,
            75.00840959538328,
            75.16395635504597,
            75.31862595774292,
            75.47243038382732,
            75.62538711324888,
            75.77751428948977,
            75.92880946381774,
            76.07926594305464,
            76.22891546143511,
            76.37777064766998,
            76.52581928214495,
            76.67308127799333,
            76.81957566484343,
            76.96530270592775,
            77.11026953083783,
            77.25448777416459,
            77.39796319044254,
            77.54069222702093,
            77.68268789466384,
            77.82397606417217,
            77.96456317714183,
            78.1044465797022,
            78.24362393107003,
            78.38210284579108,
            78.51990260474558,
            78.65702350425127,
            78.79347624006331,
            78.92929694701306,
            79.06446439293795,
            79.19894520496308,
            79.33277852617029,
            79.46599915606492
        ]
    },
    "Phonon_data": {
        "Numb_Node": 15,
        "total_n_kpoints": 100,
        "frequency": {
            "Node_1": [
                -0.11350291449724335,
                -0.4663215048818886,
                -0.2120840690612148,
                1.6203378602554097,
                3.176981713254984,
                4.716696229493286,
                5.51651169250672,
                6.225291165546216,
                6.864090225317203,
                7.451380500850442,
                7.9978029743243235,
                8.47428207981041,
                8.70565767955496,
                8.664877684838562,
                8.51464139875862,
                7.97735744481495,
                7.123894711143962,
                6.2984890856556985,
                5.603293152437651,
                5.1225875543623705,
                4.925270657463389,
                5.003884091522433,
                5.456458141988186,
                5.991615735767105,
                6.535888585752258,
                6.792008226321582,
                6.5311097092188914,
                5.78956273188396,
                4.527728777045627,
                2.8137853739710894,
                1.155546739598735,
                -0.3873331606670263,
                -0.11350291449724335,
                -0.11350291449724335,
                -0.11350291449724335,
                -0.11350291449724335,
                -0.11350291449724335,
                -0.11350291449724335,
                -0.11350291449724335,
                -0.11350291449724335,
                -0.11350291449724335,
                -0.11350291449724335,
                -0.11350291449724335,
                -0.11350291449724335,
                -0.11350291449724335,
                -0.4663215048818886,
                -0.2120840690612148,
                1.6203378602554097,
                3.176981713254984,
                4.716696229493286,
                5.51651169250672,
                6.225291165546216,
                6.864090225317203,
                7.451380500850442,
                7.9978029743243235,
                8.47428207981041,
                8.70565767955496,
                8.664877684838562,
                8.51464139875862,
                7.97735744481495,
                7.123894711143962,
                6.2984890856556985,
                5.603293152437651,
                5.1225875543623705,
                4.925270657463389,
                5.003884091522433,
                5.456458141988186,
                5.991615735767105,
                6.535888585752258,
                6.792008226321582,
                6.5311097092188914,
                5.78956273188396,
                4.527728777045627,
                2.8137853739710894,
                1.155546739598735,
                -0.3873331606670263,
                -0.11350291449724335,
                8.70565767955496,
                8.70565767955496,
                8.70565767955496,
                8.70565767955496,
                8.70565767955496,
                8.70565767955496,
                8.70565767955496,
                8.70565767955496,
                8.70565767955496,
                8.70565767955496,
                8.70565767955496,
                8.70565767955496,
                8.70565767955496,
                5.003884091522433,
                5.003884091522433,
                5.003884091522436,
                5.003884091522433,
                5.003884091522436,
                5.003884091522433,
                5.003884091522433,
                5.003884091522433,
                5.003884091522433,
                5.003884091522433,
                5.003884091522433,
                5.003884091522433,
                5.003884091522433
            ],
            "Node_2": [
                -0.031245945277806664,
                1.0048231683607487,
                1.9861215775419832,
                2.9400148272442665,
                3.8617246613611336,
                4.808250539568879,
                6.347127757560283,
                7.712424865204661,
                8.708670603876211,
                9.133867814136337,
                9.124090353306267,
                8.993843062936708,
                8.931762922218342,
                8.967568267915736,
                8.961627131110426,
                8.584633291759221,
                8.329296811126202,
                8.052998123892692,
                7.7307523104854825,
                7.383749877010877,
                7.061757643205394,
                6.839652845514239,
                6.9460721212937795,
                7.748078536101356,
                8.809371862418661,
                9.224502573071684,
                8.346968797706,
                6.900078194816028,
                5.354377436139644,
                3.981678506564476,
                2.6414153464526082,
                1.310223543990866,
                -0.031245945277806664,
                -0.031245945277806664,
                -0.031245945277806664,
                -0.031245945277806664,
                -0.031245945277806664,
                -0.031245945277806664,
                -0.031245945277806664,
                -0.031245945277806664,
                -0.031245945277806664,
                -0.031245945277806664,
                -0.031245945277806664,
                -0.031245945277806664,
                -0.031245945277806664,
                1.0048231683607487,
                1.9861215775419832,
                2.9400148272442665,
                3.8617246613611336,
                4.808250539568879,
                6.347127757560283,
                7.712424865204661,
                8.708670603876211,
                9.133867814136337,
                9.124090353306267,
                8.993843062936708,
                8.931762922218342,
                8.967568267915736,
                8.961627131110426,
                8.584633291759221,
                8.329296811126202,
                8.052998123892692,
                7.7307523104854825,
                7.383749877010877,
                7.061757643205394,
                6.839652845514239,
                6.9460721212937795,
                7.748078536101356,
                8.809371862418661,
                9.224502573071684,
                8.346968797706,
                6.900078194816028,
                5.354377436139644,
                3.981678506564476,
                2.6414153464526082,
                1.310223543990866,
                -0.031245945277806664,
                8.931762922218342,
                8.931762922218342,
                8.931762922218342,
                8.931762922218342,
                8.931762922218342,
                8.931762922218342,
                8.931762922218342,
                8.931762922218342,
                8.931762922218342,
                8.931762922218342,
                8.931762922218342,
                8.931762922218342,
                8.931762922218342,
                6.839652845514239,
                6.839652845514239,
                6.83965284551425,
                6.839652845514239,
                6.83965284551425,
                6.839652845514239,
                6.839652845514239,
                6.839652845514239,
                6.839652845514239,
                6.839652845514239,
                6.839652845514239,
                6.839652845514239,
                6.839652845514239
            ],
            "Node_3": [
                -0.017778192203391736,
                2.2286340943665435,
                4.308015019908294,
                6.116068380369708,
                7.601891654946545,
                8.78963247203766,
                9.708914816534666,
                10.413449072109014,
                11.039712759598252,
                11.704120856050011,
                11.178657780742922,
                10.620129302307172,
                10.355644356456875,
                9.967422859197704,
                9.310829260754216,
                9.279213397261458,
                9.389081434701712,
                9.485664605238153,
                9.553868376548778,
                9.595177077927946,
                9.618592114260524,
                9.630130091072033,
                9.624954298092586,
                9.588412664529185,
                9.515548108697711,
                9.745621809863756,
                10.160295398970412,
                9.855166148288985,
                8.863173412842766,
                7.293991821840836,
                5.218709527440337,
                2.7283591185796805,
                -0.017778192203391736,
                -0.017778192203391736,
                -0.017778192203391736,
                -0.017778192203391736,
                -0.017778192203391736,
                -0.017778192203391736,
                -0.017778192203391736,
                -0.017778192203391736,
                -0.017778192203391736,
                -0.017778192203391736,
                -0.017778192203391736,
                -0.017778192203391736,
                -0.017778192203391736,
                2.2286340943665435,
                4.308015019908294,
                6.116068380369708,
                7.601891654946545,
                8.78963247203766,
                9.708914816534666,
                10.413449072109014,
                11.039712759598252,
                11.704120856050011,
                11.178657780742922,
                10.620129302307172,
                10.355644356456875,
                9.967422859197704,
                9.310829260754216,
                9.279213397261458,
                9.389081434701712,
                9.485664605238153,
                9.553868376548778,
                9.595177077927946,
                9.618592114260524,
                9.630130091072033,
                9.624954298092586,
                9.588412664529185,
                9.515548108697711,
                9.745621809863756,
                10.160295398970412,
                9.855166148288985,
                8.863173412842766,
                7.293991821840836,
                5.218709527440337,
                2.7283591185796805,
                -0.017778192203391736,
                10.355644356456875,
                10.355644356456875,
                10.355644356456875,
                10.355644356456875,
                10.355644356456875,
                10.355644356456875,
                10.355644356456875,
                10.355644356456875,
                10.355644356456875,
                10.355644356456875,
                10.355644356456875,
                10.355644356456875,
                10.355644356456875,
                9.630130091072033,
                9.630130091072033,
                9.630130091072015,
                9.630130091072033,
                9.630130091072015,
                9.630130091072033,
                9.630130091072033,
                9.630130091072033,
                9.630130091072033,
                9.630130091072033,
                9.630130091072033,
                9.630130091072033,
                9.630130091072033
            ],
            "Node_4": [
                9.357994431616543,
                9.521065238280457,
                9.904368443545222,
                10.463839807020536,
                11.108131434303507,
                11.739335475686588,
                12.247626406146281,
                12.477938122218271,
                12.290597373524239,
                11.78983355863885,
                12.258661183035402,
                12.573456631794626,
                12.67342035862704,
                13.079783794245985,
                13.918157494165996,
                14.875537419778057,
                15.13445058661448,
                15.355116549270509,
                15.656000599610785,
                16.022745447427486,
                16.43558144601039,
                16.855219201804186,
                16.09710064092786,
                15.169508432259645,
                14.24197256526311,
                13.690581943249391,
                13.93475612012271,
                13.214025157169969,
                12.125619968915156,
                11.086674673416741,
                10.191999596236368,
                9.581229670432315,
                9.357994431616543,
                9.357994431616543,
                9.357994431616543,
                9.357994431616543,
                9.357994431616543,
                9.357994431616543,
                9.357994431616543,
                9.357994431616543,
                9.357994431616543,
                9.357994431616543,
                9.357994431616543,
                9.357994431616543,
                9.357994431616543,
                9.521065238280457,
                9.904368443545222,
                10.463839807020536,
                11.108131434303507,
                11.739335475686588,
                12.247626406146281,
                12.477938122218271,
                12.290597373524239,
                11.78983355863885,
                12.258661183035402,
                12.573456631794626,
                12.67342035862704,
                13.079783794245985,
                13.918157494165996,
                14.875537419778057,
                15.13445058661448,
                15.355116549270509,
                15.656000599610785,
                16.022745447427486,
                16.43558144601039,
                16.855219201804186,
                16.09710064092786,
                15.169508432259645,
                14.24197256526311,
                13.690581943249391,
                13.93475612012271,
                13.214025157169969,
                12.125619968915156,
                11.086674673416741,
                10.191999596236368,
                9.581229670432315,
                9.357994431616543,
                12.67342035862704,
                12.67342035862704,
                12.67342035862704,
                12.67342035862704,
                12.67342035862704,
                12.67342035862704,
                12.67342035862704,
                12.67342035862704,
                12.67342035862704,
                12.67342035862704,
                12.67342035862704,
                12.67342035862704,
                12.67342035862704,
                16.855219201804186,
                16.855219201804186,
                16.855219201804193,
                16.855219201804186,
                16.855219201804193,
                16.855219201804186,
                16.855219201804186,
                16.855219201804186,
                16.855219201804186,
                16.855219201804186,
                16.855219201804186,
                16.855219201804186,
                16.855219201804186
            ],
            "Node_5": [
                9.395072020641054,
                9.886200185256381,
                11.21016201914263,
                12.752340109507546,
                13.129916847168039,
                13.545228371307275,
                13.988983874661189,
                14.395229357913703,
                14.471122517621943,
                14.366392910676918,
                14.643976579211298,
                15.081995585912152,
                15.29645228653071,
                15.082204318400978,
                14.985650451357346,
                15.009887430705028,
                15.86504729965687,
                16.825518671370777,
                17.537655176861637,
                17.59842551006597,
                17.283834504419744,
                16.89963467312669,
                17.455226251127783,
                17.31849719308688,
                16.299575255389062,
                15.295398337658703,
                14.318466131815228,
                14.28386738965005,
                13.54055161968832,
                12.918955343883319,
                12.03033116780528,
                10.190726043664055,
                9.395072020641054,
                9.395072020641054,
                9.395072020641054,
                9.395072020641054,
                9.395072020641054,
                9.395072020641054,
                9.395072020641054,
                9.395072020641054,
                9.395072020641054,
                9.395072020641054,
                9.395072020641054,
                9.395072020641054,
                9.395072020641054,
                9.886200185256381,
                11.21016201914263,
                12.752340109507546,
                13.129916847168039,
                13.545228371307275,
                13.988983874661189,
                14.395229357913703,
                14.471122517621943,
                14.366392910676918,
                14.643976579211298,
                15.081995585912152,
                15.29645228653071,
                15.082204318400978,
                14.985650451357346,
                15.009887430705028,
                15.86504729965687,
                16.825518671370777,
                17.537655176861637,
                17.59842551006597,
                17.283834504419744,
                16.89963467312669,
                17.455226251127783,
                17.31849719308688,
                16.299575255389062,
                15.295398337658703,
                14.318466131815228,
                14.28386738965005,
                13.54055161968832,
                12.918955343883319,
                12.03033116780528,
                10.190726043664055,
                9.395072020641054,
                15.29645228653071,
                15.29645228653071,
                15.29645228653071,
                15.29645228653071,
                15.29645228653071,
                15.29645228653071,
                15.29645228653071,
                15.29645228653071,
                15.29645228653071,
                15.29645228653071,
                15.29645228653071,
                15.29645228653071,
                15.29645228653071,
                16.89963467312669,
                16.89963467312669,
                16.8996346731267,
                16.89963467312669,
                16.8996346731267,
                16.89963467312669,
                16.89963467312669,
                16.89963467312669,
                16.89963467312669,
                16.89963467312669,
                16.89963467312669,
                16.89963467312669,
                16.89963467312669
            ],
            "Node_6": [
                12.10173783456773,
                12.18666867723231,
                12.444684061633847,
                12.929503849969247,
                14.32021475767633,
                15.446399314068122,
                15.057406265745646,
                14.810076764277515,
                14.635511801464032,
                14.860784287566682,
                15.09125557805253,
                15.258970168678223,
                15.319952494481294,
                15.659200906297789,
                15.868727603313017,
                16.150914851020605,
                16.541618593756986,
                17.02015488701084,
                17.698188731530724,
                18.137824718996356,
                18.60886688836694,
                18.801168728202256,
                18.234881609649737,
                17.342659267156797,
                16.60464161830423,
                15.803880447302456,
                15.181616014401014,
                14.78145657926412,
                15.281957337423135,
                13.991536232545215,
                12.604392165163883,
                12.214844754279326,
                12.10173783456773,
                12.10173783456773,
                12.10173783456773,
                12.10173783456773,
                12.10173783456773,
                12.10173783456773,
                12.10173783456773,
                12.10173783456773,
                12.10173783456773,
                12.10173783456773,
                12.10173783456773,
                12.10173783456773,
                12.10173783456773,
                12.18666867723231,
                12.444684061633847,
                12.929503849969247,
                14.32021475767633,
                15.446399314068122,
                15.057406265745646,
                14.810076764277515,
                14.635511801464032,
                14.860784287566682,
                15.09125557805253,
                15.258970168678223,
                15.319952494481294,
                15.659200906297789,
                15.868727603313017,
                16.150914851020605,
                16.541618593756986,
                17.02015488701084,
                17.698188731530724,
                18.137824718996356,
                18.60886688836694,
                18.801168728202256,
                18.234881609649737,
                17.342659267156797,
                16.60464161830423,
                15.803880447302456,
                15.181616014401014,
                14.78145657926412,
                15.281957337423135,
                13.991536232545215,
                12.604392165163883,
                12.214844754279326,
                12.10173783456773,
                15.319952494481294,
                15.319952494481294,
                15.319952494481294,
                15.319952494481294,
                15.319952494481294,
                15.319952494481294,
                15.319952494481294,
                15.319952494481294,
                15.319952494481294,
                15.319952494481294,
                15.319952494481294,
                15.319952494481294,
                15.319952494481294,
                18.801168728202256,
                18.801168728202256,
                18.801168728202267,
                18.801168728202256,
                18.801168728202267,
                18.801168728202256,
                18.801168728202256,
                18.801168728202256,
                18.801168728202256,
                18.801168728202256,
                18.801168728202256,
                18.801168728202256,
                18.801168728202256
            ],
            "Node_7": [
                12.203196154612746,
                12.281628821468583,
                12.567793536471104,
                13.289929005385844,
                14.806513622115569,
                15.643648507785008,
                15.399588075743207,
                14.904762695076824,
                14.986371055507206,
                15.269673083112199,
                15.483755425294964,
                15.607938261129808,
                15.647928897779337,
                15.707321724548029,
                16.13010858650552,
                16.667204860153262,
                17.23189558136818,
                17.779043037947364,
                17.92051897836313,
                18.421914834278688,
                18.83016737963837,
                18.928547650950737,
                18.735654630436088,
                18.025839612041814,
                17.12864477787145,
                16.161588645931108,
                15.290201483587593,
                15.229809436412802,
                15.435139824990712,
                14.418854401160255,
                12.878768513128499,
                12.336016586781923,
                12.203196154612746,
                12.203196154612746,
                12.203196154612746,
                12.203196154612746,
                12.203196154612746,
                12.203196154612746,
                12.203196154612746,
                12.203196154612746,
                12.203196154612746,
                12.203196154612746,
                12.203196154612746,
                12.203196154612746,
                12.203196154612746,
                12.281628821468583,
                12.567793536471104,
                13.289929005385844,
                14.806513622115569,
                15.643648507785008,
                15.399588075743207,
                14.904762695076824,
                14.986371055507206,
                15.269673083112199,
                15.483755425294964,
                15.607938261129808,
                15.647928897779337,
                15.707321724548029,
                16.13010858650552,
                16.667204860153262,
                17.23189558136818,
                17.779043037947364,
                17.92051897836313,
                18.421914834278688,
                18.83016737963837,
                18.928547650950737,
                18.735654630436088,
                18.025839612041814,
                17.12864477787145,
                16.161588645931108,
                15.290201483587593,
                15.229809436412802,
                15.435139824990712,
                14.418854401160255,
                12.878768513128499,
                12.336016586781923,
                12.203196154612746,
                15.647928897779337,
                15.647928897779337,
                15.647928897779337,
                15.647928897779337,
                15.647928897779337,
                15.647928897779337,
                15.647928897779337,
                15.647928897779337,
                15.647928897779337,
                15.647928897779337,
                15.647928897779337,
                15.647928897779337,
                15.647928897779337,
                18.928547650950737,
                18.928547650950737,
                18.928547650950744,
                18.928547650950737,
                18.928547650950744,
                18.928547650950737,
                18.928547650950737,
                18.928547650950737,
                18.928547650950737,
                18.928547650950737,
                18.928547650950737,
                18.928547650950737,
                18.928547650950737
            ],
            "Node_8": [
                16.56438062507839,
                16.525432857114176,
                16.39226989040076,
                16.16610463374215,
                15.849607949267165,
                15.855100547391435,
                17.27371652604578,
                18.710169601259928,
                19.80379680950648,
                19.58758763702923,
                19.034321665345608,
                18.54583444299544,
                18.33878902922753,
                18.334774481177632,
                18.319764460015037,
                18.283395758561742,
                18.209566330588864,
                18.084930884959586,
                18.268496476221845,
                18.661196846826577,
                18.921430399185294,
                19.01258336680699,
                18.765861733367757,
                18.878395960194602,
                19.486790964100017,
                19.943639505516675,
                18.91638387883454,
                17.430555226833736,
                15.937363059112776,
                15.963687854280542,
                16.283858643960073,
                16.49582238228052,
                16.56438062507839,
                16.56438062507839,
                16.56438062507839,
                16.56438062507839,
                16.56438062507839,
                16.56438062507839,
                16.56438062507839,
                16.56438062507839,
                16.56438062507839,
                16.56438062507839,
                16.56438062507839,
                16.56438062507839,
                16.56438062507839,
                16.525432857114176,
                16.39226989040076,
                16.16610463374215,
                15.849607949267165,
                15.855100547391435,
                17.27371652604578,
                18.710169601259928,
                19.80379680950648,
                19.58758763702923,
                19.034321665345608,
                18.54583444299544,
                18.33878902922753,
                18.334774481177632,
                18.319764460015037,
                18.283395758561742,
                18.209566330588864,
                18.084930884959586,
                18.268496476221845,
                18.661196846826577,
                18.921430399185294,
                19.01258336680699,
                18.765861733367757,
                18.878395960194602,
                19.486790964100017,
                19.943639505516675,
                18.91638387883454,
                17.430555226833736,
                15.937363059112776,
                15.963687854280542,
                16.283858643960073,
                16.49582238228052,
                16.56438062507839,
                18.33878902922753,
                18.33878902922753,
                18.33878902922753,
                18.33878902922753,
                18.33878902922753,
                18.33878902922753,
                18.33878902922753,
                18.33878902922753,
                18.33878902922753,
                18.33878902922753,
                18.33878902922753,
                18.33878902922753,
                18.33878902922753,
                19.01258336680699,
                19.01258336680699,
                19.012583366806997,
                19.01258336680699,
                19.012583366806997,
                19.01258336680699,
                19.01258336680699,
                19.01258336680699,
                19.01258336680699,
                19.01258336680699,
                19.01258336680699,
                19.01258336680699,
                19.01258336680699
            ],
            "Node_9": [
                16.571145623132136,
                16.56751534009258,
                16.565915455456118,
                16.530519445247737,
                16.44227636422538,
                16.97675417109705,
                18.461379518994452,
                19.756378504145967,
                20.135354664803558,
                20.513329328166602,
                20.56860185776,
                20.501469253829733,
                20.472969887893996,
                20.473740245416575,
                20.47825044735821,
                20.48749739703203,
                20.493323797044656,
                20.479672594159126,
                20.430868330520493,
                20.34159737682059,
                20.230128440298298,
                20.172506211735755,
                20.44825766767788,
                20.74980711735075,
                20.57066201343844,
                20.170265030346883,
                20.120538981271597,
                18.728305458650745,
                16.99285110604212,
                16.370642417879633,
                16.512536561544678,
                16.560170456964734,
                16.571145623132136,
                16.571145623132136,
                16.571145623132136,
                16.571145623132136,
                16.571145623132136,
                16.571145623132136,
                16.571145623132136,
                16.571145623132136,
                16.571145623132136,
                16.571145623132136,
                16.571145623132136,
                16.571145623132136,
                16.571145623132136,
                16.56751534009258,
                16.565915455456118,
                16.530519445247737,
                16.44227636422538,
                16.97675417109705,
                18.461379518994452,
                19.756378504145967,
                20.135354664803558,
                20.513329328166602,
                20.56860185776,
                20.501469253829733,
                20.472969887893996,
                20.473740245416575,
                20.47825044735821,
                20.48749739703203,
                20.493323797044656,
                20.479672594159126,
                20.430868330520493,
                20.34159737682059,
                20.230128440298298,
                20.172506211735755,
                20.44825766767788,
                20.74980711735075,
                20.57066201343844,
                20.170265030346883,
                20.120538981271597,
                18.728305458650745,
                16.99285110604212,
                16.370642417879633,
                16.512536561544678,
                16.560170456964734,
                16.571145623132136,
                20.472969887893996,
                20.472969887893996,
                20.472969887893996,
                20.472969887893996,
                20.472969887893996,
                20.472969887893996,
                20.472969887893996,
                20.472969887893996,
                20.472969887893996,
                20.472969887893996,
                20.472969887893996,
                20.472969887893996,
                20.472969887893996,
                20.172506211735755,
                20.172506211735755,
                20.172506211735755,
                20.172506211735755,
                20.172506211735755,
                20.172506211735755,
                20.172506211735755,
                20.172506211735755,
                20.172506211735755,
                20.172506211735755,
                20.172506211735755,
                20.172506211735755,
                20.172506211735755
            ],
            "Node_10": [
                18.413830461862922,
                18.531985563922174,
                18.832061162496263,
                19.212338941939443,
                19.613550549522543,
                20.006431858750194,
                20.30672420451602,
                20.39669670041782,
                20.8093768118572,
                21.43154363467819,
                21.9699723206996,
                22.335611899754962,
                22.46197437809055,
                22.4234180756501,
                22.309685497360455,
                22.127225439330697,
                21.886322454324667,
                21.599521427862758,
                21.287087456573108,
                20.993090372950977,
                20.797747025790652,
                20.7419288797043,
                20.76720940672825,
                20.89118245971443,
                21.155500714210635,
                20.989995712871714,
                20.554562720133973,
                20.52537129567308,
                20.099169797597376,
                19.53871349944439,
                19.01708222200505,
                18.593432964614248,
                18.413830461862922,
                18.413830461862922,
                18.413830461862922,
                18.413830461862922,
                18.413830461862922,
                18.413830461862922,
                18.413830461862922,
                18.413830461862922,
                18.413830461862922,
                18.413830461862922,
                18.413830461862922,
                18.413830461862922,
                18.413830461862922,
                18.531985563922174,
                18.832061162496263,
                19.212338941939443,
                19.613550549522543,
                20.006431858750194,
                20.30672420451602,
                20.39669670041782,
                20.8093768118572,
                21.43154363467819,
                21.9699723206996,
                22.335611899754962,
                22.46197437809055,
                22.4234180756501,
                22.309685497360455,
                22.127225439330697,
                21.886322454324667,
                21.599521427862758,
                21.287087456573108,
                20.993090372950977,
                20.797747025790652,
                20.7419288797043,
                20.76720940672825,
                20.89118245971443,
                21.155500714210635,
                20.989995712871714,
                20.554562720133973,
                20.52537129567308,
                20.099169797597376,
                19.53871349944439,
                19.01708222200505,
                18.593432964614248,
                18.413830461862922,
                22.46197437809055,
                22.46197437809055,
                22.46197437809055,
                22.46197437809055,
                22.46197437809055,
                22.46197437809055,
                22.46197437809055,
                22.46197437809055,
                22.46197437809055,
                22.46197437809055,
                22.46197437809055,
                22.46197437809055,
                22.46197437809055,
                20.7419288797043,
                20.7419288797043,
                20.741928879704297,
                20.7419288797043,
                20.741928879704297,
                20.7419288797043,
                20.7419288797043,
                20.7419288797043,
                20.7419288797043,
                20.7419288797043,
                20.7419288797043,
                20.7419288797043,
                20.7419288797043
            ],
            "Node_11": [
                25.46786598285295,
                25.435332665765053,
                25.29255015616528,
                24.973916605273597,
                24.504089988818585,
                23.994068640202943,
                23.540880038638328,
                23.18125254823918,
                23.000920478471983,
                23.18897044738402,
                23.60462695274928,
                23.94602173533888,
                24.07443557766689,
                24.051262018292654,
                23.981376099975616,
                23.866130718025463,
                23.71231156170251,
                23.53186966936313,
                23.33707542698185,
                23.083871639877287,
                22.799743398307214,
                22.759601875111365,
                22.65184091631136,
                22.49779313148252,
                22.310280159738646,
                22.314336319945564,
                22.715613722781473,
                23.28903625054528,
                23.92651390898433,
                24.567171811420437,
                25.090728439048316,
                25.385185520659277,
                25.46786598285295,
                25.46786598285295,
                25.46786598285295,
                25.46786598285295,
                25.46786598285295,
                25.46786598285295,
                25.46786598285295,
                25.46786598285295,
                25.46786598285295,
                25.46786598285295,
                25.46786598285295,
                25.46786598285295,
                25.46786598285295,
                25.435332665765053,
                25.29255015616528,
                24.973916605273597,
                24.504089988818585,
                23.994068640202943,
                23.540880038638328,
                23.18125254823918,
                23.000920478471983,
                23.18897044738402,
                23.60462695274928,
                23.94602173533888,
                24.07443557766689,
                24.051262018292654,
                23.981376099975616,
                23.866130718025463,
                23.71231156170251,
                23.53186966936313,
                23.33707542698185,
                23.083871639877287,
                22.799743398307214,
                22.759601875111365,
                22.65184091631136,
                22.49779313148252,
                22.310280159738646,
                22.314336319945564,
                22.715613722781473,
                23.28903625054528,
                23.92651390898433,
                24.567171811420437,
                25.090728439048316,
                25.385185520659277,
                25.46786598285295,
                24.07443557766689,
                24.07443557766689,
                24.07443557766689,
                24.07443557766689,
                24.07443557766689,
                24.07443557766689,
                24.07443557766689,
                24.07443557766689,
                24.07443557766689,
                24.07443557766689,
                24.07443557766689,
                24.07443557766689,
                24.07443557766689,
                22.759601875111365,
                22.759601875111365,
                22.75960187511136,
                22.759601875111365,
                22.75960187511136,
                22.759601875111365,
                22.759601875111365,
                22.759601875111365,
                22.759601875111365,
                22.759601875111365,
                22.759601875111365,
                22.759601875111365,
                22.759601875111365
            ],
            "Node_12": [
                29.609499036501333,
                29.466781395972053,
                29.062988482761824,
                28.467580485265298,
                27.782827359609612,
                27.123463076049475,
                26.596347039451782,
                26.270730395555624,
                26.108747111323982,
                25.97157993943442,
                25.772334536057375,
                25.55909802801577,
                25.4621339882081,
                25.395114704441315,
                25.199615244493014,
                24.890540159547474,
                24.48978631281514,
                24.027455878869162,
                23.548083210263094,
                23.17355284075312,
                22.99045947678077,
                22.86031044142799,
                23.323966290862387,
                24.107238270645436,
                24.829826812709246,
                25.38417835748758,
                25.817842388728522,
                26.33218537843721,
                27.060753909044806,
                27.93312839821877,
                28.773819537715735,
                29.385371925265733,
                29.609499036501333,
                29.609499036501333,
                29.609499036501333,
                29.609499036501333,
                29.609499036501333,
                29.609499036501333,
                29.609499036501333,
                29.609499036501333,
                29.609499036501333,
                29.609499036501333,
                29.609499036501333,
                29.609499036501333,
                29.609499036501333,
                29.466781395972053,
                29.062988482761824,
                28.467580485265298,
                27.782827359609612,
                27.123463076049475,
                26.596347039451782,
                26.270730395555624,
                26.108747111323982,
                25.97157993943442,
                25.772334536057375,
                25.55909802801577,
                25.4621339882081,
                25.395114704441315,
                25.199615244493014,
                24.890540159547474,
                24.48978631281514,
                24.027455878869162,
                23.548083210263094,
                23.17355284075312,
                22.99045947678077,
                22.86031044142799,
                23.323966290862387,
                24.107238270645436,
                24.829826812709246,
                25.38417835748758,
                25.817842388728522,
                26.33218537843721,
                27.060753909044806,
                27.93312839821877,
                28.773819537715735,
                29.385371925265733,
                29.609499036501333,
                25.4621339882081,
                25.4621339882081,
                25.4621339882081,
                25.4621339882081,
                25.4621339882081,
                25.4621339882081,
                25.4621339882081,
                25.4621339882081,
                25.4621339882081,
                25.4621339882081,
                25.4621339882081,
                25.4621339882081,
                25.4621339882081,
                22.86031044142799,
                22.86031044142799,
                22.860310441427995,
                22.86031044142799,
                22.860310441427995,
                22.86031044142799,
                22.86031044142799,
                22.86031044142799,
                22.86031044142799,
                22.86031044142799,
                22.86031044142799,
                22.86031044142799,
                22.86031044142799
            ],
            "Node_13": [
                60.291291034403216,
                60.148915603567275,
                59.654703084025634,
                58.72872482250269,
                57.49088587789667,
                56.28119538998106,
                55.439965472917265,
                55.08549246898789,
                55.11682430116549,
                55.37770063759,
                55.739688084238246,
                56.06257142947152,
                56.1939100454326,
                56.16430546912523,
                56.0794054438788,
                55.957651045964916,
                55.831843240359674,
                55.729248013722426,
                55.66074056731447,
                55.628787658372644,
                55.62588381761504,
                55.625623471377324,
                55.556870589063074,
                55.367425166229935,
                55.08557206686859,
                54.8519578692696,
                54.86712282625345,
                55.32227580507164,
                56.337091918328184,
                57.76788251469197,
                59.140381351740515,
                60.01410140645651,
                60.291291034403216,
                60.291291034403216,
                60.291291034403216,
                60.291291034403216,
                60.291291034403216,
                60.291291034403216,
                60.291291034403216,
                60.291291034403216,
                60.291291034403216,
                60.291291034403216,
                60.291291034403216,
                60.291291034403216,
                60.291291034403216,
                60.148915603567275,
                59.654703084025634,
                58.72872482250269,
                57.49088587789667,
                56.28119538998106,
                55.439965472917265,
                55.08549246898789,
                55.11682430116549,
                55.37770063759,
                55.739688084238246,
                56.06257142947152,
                56.1939100454326,
                56.16430546912523,
                56.0794054438788,
                55.957651045964916,
                55.831843240359674,
                55.729248013722426,
                55.66074056731447,
                55.628787658372644,
                55.62588381761504,
                55.625623471377324,
                55.556870589063074,
                55.367425166229935,
                55.08557206686859,
                54.8519578692696,
                54.86712282625345,
                55.32227580507164,
                56.337091918328184,
                57.76788251469197,
                59.140381351740515,
                60.01410140645651,
                60.291291034403216,
                56.1939100454326,
                56.1939100454326,
                56.1939100454326,
                56.1939100454326,
                56.1939100454326,
                56.1939100454326,
                56.1939100454326,
                56.1939100454326,
                56.1939100454326,
                56.1939100454326,
                56.1939100454326,
                56.1939100454326,
                56.1939100454326,
                55.625623471377324,
                55.625623471377324,
                55.625623471377324,
                55.625623471377324,
                55.625623471377324,
                55.625623471377324,
                55.625623471377324,
                55.625623471377324,
                55.625623471377324,
                55.625623471377324,
                55.625623471377324,
                55.625623471377324,
                55.625623471377324
            ],
            "Node_14": [
                70.67005571590853,
                70.39668780241853,
                69.73365998634155,
                69.18265833830806,
                69.14641091332845,
                69.68075592356116,
                69.99486611841448,
                70.2153025834248,
                70.56058474946383,
                70.9633774393966,
                71.33314550619244,
                71.58854489024752,
                71.67906002926702,
                71.75221188830304,
                71.96471702602265,
                72.29457021075545,
                72.70630233099429,
                73.1588652647447,
                73.61234380484532,
                74.02743814986171,
                74.3514191838702,
                74.42209645347445,
                74.10795302644217,
                73.6146462046034,
                72.94532467934236,
                72.13409221637966,
                71.29322330446563,
                70.49946562960719,
                69.52539605033128,
                69.12494001825893,
                69.55679724096174,
                70.3732178141426,
                70.67005571590853,
                70.67005571590853,
                70.67005571590853,
                70.67005571590853,
                70.67005571590853,
                70.67005571590853,
                70.67005571590853,
                70.67005571590853,
                70.67005571590853,
                70.67005571590853,
                70.67005571590853,
                70.67005571590853,
                70.67005571590853,
                70.39668780241853,
                69.73365998634155,
                69.18265833830806,
                69.14641091332845,
                69.68075592356116,
                69.99486611841448,
                70.2153025834248,
                70.56058474946383,
                70.9633774393966,
                71.33314550619244,
                71.58854489024752,
                71.67906002926702,
                71.75221188830304,
                71.96471702602265,
                72.29457021075545,
                72.70630233099429,
                73.1588652647447,
                73.61234380484532,
                74.02743814986171,
                74.3514191838702,
                74.42209645347445,
                74.10795302644217,
                73.6146462046034,
                72.94532467934236,
                72.13409221637966,
                71.29322330446563,
                70.49946562960719,
                69.52539605033128,
                69.12494001825893,
                69.55679724096174,
                70.3732178141426,
                70.67005571590853,
                71.67906002926702,
                71.67906002926702,
                71.67906002926702,
                71.67906002926702,
                71.67906002926702,
                71.67906002926702,
                71.67906002926702,
                71.67906002926702,
                71.67906002926702,
                71.67906002926702,
                71.67906002926702,
                71.67906002926702,
                71.67906002926702,
                74.42209645347445,
                74.42209645347445,
                74.42209645347442,
                74.42209645347445,
                74.42209645347442,
                74.42209645347445,
                74.42209645347445,
                74.42209645347445,
                74.42209645347445,
                74.42209645347445,
                74.42209645347445,
                74.42209645347445,
                74.42209645347445
            ],
            "Node_15": [
                70.9269309390285,
                70.80910536836141,
                70.5646181015351,
                70.28432012004987,
                70.05878632732339,
                69.96907820489386,
                70.65972327382669,
                71.78666480958651,
                72.94210400538869,
                74.00223820598654,
                74.84919283106211,
                75.38881515658265,
                75.57274303958569,
                75.55757078861609,
                75.50982025075677,
                75.42626890164341,
                75.31050481925413,
                75.1752299239686,
                75.03259489856259,
                74.88648905745117,
                74.75201930643323,
                74.76054865423717,
                74.88297293353824,
                74.6639385925933,
                74.05554743229001,
                73.10257898669614,
                71.90258766945243,
                70.72033935666774,
                70.23534223387395,
                70.15585938590598,
                70.35177501288504,
                70.66447487758921,
                70.9269309390285,
                70.9269309390285,
                70.9269309390285,
                70.9269309390285,
                70.9269309390285,
                70.9269309390285,
                70.9269309390285,
                70.9269309390285,
                70.9269309390285,
                70.9269309390285,
                70.9269309390285,
                70.9269309390285,
                70.9269309390285,
                70.80910536836141,
                70.5646181015351,
                70.28432012004987,
                70.05878632732339,
                69.96907820489386,
                70.65972327382669,
                71.78666480958651,
                72.94210400538869,
                74.00223820598654,
                74.84919283106211,
                75.38881515658265,
                75.57274303958569,
                75.55757078861609,
                75.50982025075677,
                75.42626890164341,
                75.31050481925413,
                75.1752299239686,
                75.03259489856259,
                74.88648905745117,
                74.75201930643323,
                74.76054865423717,
                74.88297293353824,
                74.6639385925933,
                74.05554743229001,
                73.10257898669614,
                71.90258766945243,
                70.72033935666774,
                70.23534223387395,
                70.15585938590598,
                70.35177501288504,
                70.66447487758921,
                70.9269309390285,
                75.57274303958569,
                75.57274303958569,
                75.57274303958569,
                75.57274303958569,
                75.57274303958569,
                75.57274303958569,
                75.57274303958569,
                75.57274303958569,
                75.57274303958569,
                75.57274303958569,
                75.57274303958569,
                75.57274303958569,
                75.57274303958569,
                74.76054865423717,
                74.76054865423717,
                74.76054865423717,
                74.76054865423717,
                74.76054865423717,
                74.76054865423717,
                74.76054865423717,
                74.76054865423717,
                74.76054865423717,
                74.76054865423717,
                74.76054865423717,
                74.76054865423717,
                74.76054865423717
            ]
        }
    },
    "Phonon_DOS": {
        "DOS": [
            0.0,
            0.002,
            0.004,
            0.0,
            0.004,
            0.004,
            0.013333333333333334,
            0.018666666666666668,
            0.029333333333333333,
            0.02666666666666667,
            0.024666666666666667,
            0.05533333333333333,
            0.01933333333333333,
            0.016,
            0.024666666666666667,
            0.022666666666666665,
            0.07200000000000001,
            0.078,
            0.04533333333333333,
            0.03333333333333333,
            0.04133333333333334,
            0.036000000000000004,
            0.06466666666666666,
            0.024,
            0.03133333333333333,
            0.036000000000000004,
            0.018000000000000002,
            0.03066666666666667,
            0.012,
            0.008,
            0.004,
            0.0006666666666666666,
            0.0,
            0.0,
            0.0,
            0.0,
            0.0,
            0.0,
            0.0,
            0.0,
            0.0,
            0.0,
            0.0,
            0.0,
            0.0,
            0.0,
            0.0,
            0.0,
            0.0,
            0.0,
            0.0,
            0.0,
            0.0,
            0.0,
            0.0,
            0.0,
            0.004,
            0.048,
            0.006,
            0.004,
            0.0,
            0.004,
            0.0006666666666666666,
            0.0,
            0.0,
            0.0,
            0.0,
            0.0,
            0.0,
            0.0,
            0.0013333333333333333,
            0.014666666666666666,
            0.02666666666666667,
            0.02333333333333333,
            0.021333333333333333,
            0.012,
            0.02,
            0.013999999999999999,
            0.0
        ],
        "Energy(meV)": [
            -1.5,
            -0.5,
            0.5,
            1.5,
            2.5,
            3.5,
            4.5,
            5.5,
            6.5,
            7.5,
            8.5,
            9.5,
            10.5,
            11.5,
            12.5,
            13.5,
            14.5,
            15.5,
            16.5,
            17.5,
            18.5,
            19.5,
            20.5,
            21.5,
            22.5,
            23.5,
            24.5,
            25.5,
            26.5,
            27.5,
            28.5,
            29.5,
            30.5,
            31.5,
            32.5,
            33.5,
            34.5,
            35.5,
            36.5,
            37.5,
            38.5,
            39.5,
            40.5,
            41.5,
            42.5,
            43.5,
            44.5,
            45.5,
            46.5,
            47.5,
            48.5,
            49.5,
            50.5,
            51.5,
            52.5,
            53.5,
            54.5,
            55.5,
            56.5,
            57.5,
            58.5,
            59.5,
            60.5,
            61.5,
            62.5,
            63.5,
            64.5,
            65.5,
            66.5,
            67.5,
            68.5,
            69.5,
            70.5,
            71.5,
            72.5,
            73.5,
            74.5,
            75.5,
            76.5
        ]
    }
}