{
    "POSCAR": {
        "Atomes": "   W      N\n",
        "coordinate": "Direct\n",
        "unit_cell": {
            "a_vector": "2.7458910135265193   1.3842869866725888e-07   -1.3480835744258583e-06\n",
            "b_vector": "-1.3729458344029655   2.378011194514308   1.2498393228863137e-06\n",
            "c_vector": "-1.4944630361875878e-05   7.370677608763193e-06   39.918653373999504\n"
        },
        "positions": {
            "W": [
                "0.6666669698155149   0.3333330267497755   0.2373574798548439\n",
                "0.3333330121182233   0.6666669634019871   0.16264252081316116\n"
            ],
            "N": [
                "1.8066261291069374e-08   9.8482367399332e-09   0.19999999933199505\n"
            ]
        }
    },
    "Termo_data": {
        "Temperature (K)": [
            0,
            10,
            20,
            30,
            40,
            50,
            60,
            70,
            80,
            90,
            100,
            110,
            120,
            130,
            140,
            150,
            160,
            170,
            180,
            190,
            200,
            210,
            220,
            230,
            240,
            250,
            260,
            270,
            280,
            290,
            300,
            310,
            320,
            330,
            340,
            350,
            360,
            370,
            380,
            390,
            400,
            410,
            420,
            430,
            440,
            450,
            460,
            470,
            480,
            490,
            500,
            510,
            520,
            530,
            540,
            550,
            560,
            570,
            580,
            590,
            600,
            610,
            620,
            630,
            640,
            650,
            660,
            670,
            680,
            690,
            700,
            710,
            720,
            730,
            740,
            750,
            760,
            770,
            780,
            790,
            800,
            810,
            820,
            830,
            840,
            850,
            860,
            870,
            880,
            890,
            900,
            910,
            920,
            930,
            940,
            950,
            960,
            970,
            980,
            990,
            1000,
            1010,
            1020,
            1030,
            1040,
            1050,
            1060,
            1070,
            1080,
            1090,
            1100,
            1110,
            1120,
            1130,
            1140,
            1150,
            1160,
            1170,
            1180,
            1190,
            1200,
            1210,
            1220,
            1230,
            1240,
            1250,
            1260,
            1270,
            1280,
            1290,
            1300,
            1310,
            1320,
            1330,
            1340,
            1350,
            1360,
            1370,
            1380,
            1390,
            1400,
            1410,
            1420,
            1430,
            1440,
            1450,
            1460,
            1470,
            1480,
            1490,
            1500,
            1510,
            1520,
            1530,
            1540,
            1550,
            1560,
            1570,
            1580,
            1590,
            1600,
            1610,
            1620,
            1630,
            1640,
            1650,
            1660,
            1670,
            1680,
            1690,
            1700,
            1710,
            1720,
            1730,
            1740,
            1750,
            1760,
            1770,
            1780,
            1790,
            1800,
            1810,
            1820,
            1830,
            1840,
            1850,
            1860,
            1870,
            1880,
            1890,
            1900,
            1910,
            1920,
            1930,
            1940,
            1950,
            1960,
            1970
        ],
        "Gibbs_free(J/mole)": [
            -609496.5949212993,
            -609497.0151176503,
            -609499.6763351128,
            -609507.750406497,
            -609525.450869508,
            -609555.7741988992,
            -609600.2381786839,
            -609659.353442363,
            -609733.0675663573,
            -609821.0512936634,
            -609922.8592996397,
            -610038.0129433867,
            -610166.0388119842,
            -610306.484799542,
            -610458.9247306267,
            -610622.9582681131,
            -610798.2088626885,
            -610984.3213952747,
            -611180.9599058428,
            -611387.8055918892,
            -611604.5553032354,
            -611830.9202003728,
            -612066.6247518855,
            -612311.4058333546,
            -612565.0119999639,
            -612827.2028082855,
            -613097.7482505995,
            -613376.4282429364,
            -613663.0320529023,
            -613957.3579169599,
            -614259.2125356441,
            -614568.4107022699,
            -614884.7748546737,
            -615208.1347069629,
            -615538.3269097821,
            -615875.1946980066,
            -616218.5875436295,
            -616568.3608350395,
            -616924.3756243193,
            -617286.4983053445,
            -617654.6003643393,
            -618028.558125,
            -618408.2525003243,
            -618793.568776431,
            -619184.3964039219,
            -619580.6287813446,
            -619982.1630681972,
            -620388.9000213449,
            -620800.7437938348,
            -621217.6018107794,
            -621639.3845713934,
            -622066.0055587037,
            -622497.3810713748,
            -622933.4300985899,
            -623374.0741956552,
            -623819.2373711877,
            -624268.846027214,
            -624722.8287476378,
            -625181.1163319761,
            -625643.6415752562,
            -626110.3392851767,
            -626581.1461654718,
            -627056.000701283,
            -627534.843109773,
            -628017.6152970508,
            -628504.26080021,
            -628994.7246100634,
            -629488.9532963696,
            -629986.8947245901,
            -630488.4982181126,
            -630993.7144357176,
            -631502.4951673533,
            -632014.7935798361,
            -632530.5638759973,
            -633049.7614944346,
            -633572.3428726073,
            -634098.2655784677,
            -634627.488101893,
            -635159.9699930375,
            -635695.6717172374,
            -636234.554659054,
            -636776.5810737693,
            -637321.7141057482,
            -637869.9175495682,
            -638421.1562736328,
            -638975.3956984123,
            -639532.6021154639,
            -640092.7424738129,
            -640655.7844525618,
            -641221.6962343411,
            -641790.4470544186,
            -642362.0064404466,
            -642936.3446461654,
            -643513.4325578656,
            -644093.2413987142,
            -644675.7434871165,
            -645260.9111678306,
            -645848.7175968083,
            -646439.1362628269,
            -647032.1413669223,
            -647627.7074194713,
            -648225.8095396789,
            -648826.4231611749,
            -649429.5242122106,
            -650035.0892875058,
            -650643.0949797124,
            -651253.5187180187,
            -651866.338126258,
            -652481.5310885278,
            -653099.0760192177,
            -653718.9518772522,
            -654341.137638877,
            -654965.6129958153,
            -655592.3575496053,
            -656221.3517536303,
            -656852.5758971712,
            -657486.0108367541,
            -658121.6378994826,
            -658759.4382860565,
            -659399.3939626738,
            -660041.4867558266,
            -660685.6992661709,
            -661332.0136515463,
            -661980.4130994315,
            -662630.8807736171,
            -663283.3998075653,
            -663937.9541201154,
            -664594.5274436139,
            -665253.1039794914,
            -665913.667990149,
            -666576.2041249811,
            -667240.6978275423,
            -667907.1323519706,
            -668575.494738893,
            -669245.7698035376,
            -669917.9433173744,
            -670592.000975155,
            -671267.9290382259,
            -671945.7138439605,
            -672625.3414953476,
            -673306.7993305556,
            -673990.0734363558,
            -674675.1510656086,
            -675362.0198344127,
            -676050.6665619068,
            -676741.0788577043,
            -677433.2447242908,
            -678127.1517448098,
            -678822.7879671708,
            -679520.1416015113,
            -680219.2013886692,
            -680919.9550211357,
            -681622.3914817959,
            -682326.4994872275,
            -683032.2686096478,
            -683739.6869418485,
            -684448.7439511697,
            -685159.4293396777,
            -685871.7321780245,
            -686585.6420494849,
            -687301.1490294905,
            -688018.2426935073,
            -688736.9127624149,
            -689457.1501295291,
            -690178.9442722645,
            -690902.2854328626,
            -691627.1641636305,
            -692353.5716183423,
            -693081.4976435188,
            -693810.9334090146,
            -694541.8702582216,
            -695274.2979868861,
            -696008.2081957139,
            -696743.5927188122,
            -697480.4420078925,
            -698218.7474067629,
            -698958.5011925598,
            -699699.6947768473,
            -700442.3187560911,
            -701186.3663626709,
            -701931.828039905,
            -702678.6968284597,
            -703426.964505752,
            -704176.6225199318,
            -704927.6638339432,
            -705680.0800879325,
            -706433.8646662299,
            -707189.0088917618,
            -707945.5058323363,
            -708703.3482944908,
            -709462.5293120673,
            -710223.0396301701,
            -710984.874551015,
            -711748.0251270272,
            -712512.4853314008,
            -713278.2482712255,
            -714045.3065415589,
            -714813.6540493075
        ],
        "Cp(J/mole.K)": [
            -0.0,
            0.24737240361864676,
            1.1346560290839989,
            2.796637766651111,
            4.9012774780741895,
            6.9444313827116275,
            8.706311774620552,
            10.170756371415335,
            11.392469121795145,
            12.434354645121498,
            13.346944765537048,
            14.165306768822488,
            14.911921889393131,
            15.600524035125265,
            16.239374696736927,
            16.83362197145472,
            17.386764437006775,
            17.90145451745775,
            18.379959407262504,
            18.8244456378452,
            19.237025628739488,
            19.619787861520308,
            19.974789685534795,
            20.304021620764956,
            20.609401534334765,
            20.89278732499227,
            21.155908583680848,
            21.40036157652503,
            21.627676307305258,
            21.839255682664216,
            22.036377215845278,
            22.220195021838286,
            22.391788863111287,
            22.552188739393003,
            22.70229192802212,
            22.842877740506058,
            22.97470215826766,
            23.098483276652484,
            23.21482636364518,
            23.324290616763673,
            23.427395964972675,
            23.52460256994239,
            23.616355993267035,
            23.70305499374223,
            23.785036745481193,
            23.862639472499723,
            23.93617056664076,
            24.005895585267023,
            24.0720623051281,
            24.134899149907834,
            24.19465302853503,
            24.251509751458215,
            24.305611588759348,
            24.357120842891163,
            24.406254825781836,
            24.453142796977616,
            24.497862484748396,
            24.54056791482435,
            24.581340235675576,
            24.620349830674282,
            24.657694358553144,
            24.693339980751755,
            24.727428475377515,
            24.760175163709075,
            24.79154759161156,
            24.82155929948208,
            24.85032249841606,
            24.87781285200918,
            24.904314221150756,
            24.929747433526696,
            24.95400773451557,
            24.9773729409179,
            24.999786863685582,
            25.02127553785977,
            25.041913454345146,
            25.061686266999406,
            25.08062801950135,
            25.098893163114553,
            25.116490321140958,
            25.133338845003223,
            25.149561355356127,
            25.164916516025436,
            25.17957844024629,
            25.19397156861669,
            25.20771528786281,
            25.22083143251093,
            25.233464823337272,
            25.245192652681602,
            25.256582469889025,
            25.26809140933322,
            25.2787272522691,
            25.28869823836146,
            25.29806984484881,
            25.307187509100054,
            25.31658893352737,
            25.325053547130665,
            25.332782111875645,
            25.340426523747738,
            25.347851038136426,
            25.35489654042183,
            25.361462647560984,
            25.367411932230095,
            25.373480799986282,
            25.3794445480976,
            25.384590872842892,
            25.38999498989142,
            25.394790990109172,
            25.39844665779674,
            25.402729181433173,
            25.407155256331084,
            25.410907056444323,
            25.41425771640812,
            25.417389905126925,
            25.42058406614524,
            25.422927130095033,
            25.425507393622038,
            25.42826191798102,
            25.430128073296427,
            25.4320103797709,
            25.43398990971593,
            25.435277848737314,
            25.435802535168477,
            25.437690370704686,
            25.439090234521252,
            25.439295725431293,
            25.440399733998476,
            25.441015564796174,
            25.440990794790018,
            25.44091556370222,
            25.44296301761988,
            25.4412648746802,
            25.437167210373445,
            25.440441105456557,
            25.441793209782162,
            25.438962168881158,
            25.43785549879306,
            25.437770439568173,
            25.436571725414442,
            25.435531373926977,
            25.435206505897014,
            25.431869602820573,
            25.430961096615647,
            25.43135242047097,
            25.427635213852245,
            25.42559790881433,
            25.42525632555833,
            25.422543810546216,
            25.419863265088804,
            25.419660887901923,
            25.417771888189808,
            25.412518606318102,
            25.40970041413675,
            25.410731955360685,
            25.409431124085025,
            25.40312262979569,
            25.400404931904852,
            25.40025279839756,
            25.39597451371709,
            25.393067214365317,
            25.392038505620214,
            25.38752583321184,
            25.384837797024645,
            25.38449654719443,
            25.37855929557746,
            25.372364217135356,
            25.37238885309442,
            25.371392368047964,
            25.36565167898418,
            25.364366220496834,
            25.3617759167076,
            25.35262185538862,
            25.351408583166872,
            25.352261151117517,
            25.344309806741748,
            25.34037032586032,
            25.3429843345657,
            25.336867001233372,
            25.32965464635977,
            25.328155258350307,
            25.323487844245392,
            25.322319148108363,
            25.3183962163928,
            25.31102366665249,
            25.308335119039526,
            25.306918839317632,
            25.304465706693797,
            25.297552261135635,
            25.294549856658243,
            25.29687403619755,
            25.28788318970075,
            25.27835627886816,
            25.279619624102992,
            25.274598903022707,
            25.27164842136235,
            25.270584396068344,
            25.265340182886575,
            25.257625995414514,
            25.252108234064956
        ],
        "S(J/mole.K)": [
            0,
            0.12368620180932338,
            0.5310364108896466,
            1.280806712602498,
            2.3595726918036237,
            3.6666755148340604,
            5.086644634323602,
            6.53865321350022,
            7.977165131570654,
            9.379991931967378,
            10.738136650528759,
            12.049361469206634,
            13.31456912833237,
            14.535919362254209,
            15.71591718519194,
            16.857015585314368,
            17.961472706352655,
            19.031322463169637,
            20.068390259309673,
            21.074324835653535,
            22.05063062473637,
            22.998694071681534,
            23.91980437076127,
            24.81516863797879,
            25.68592294430855,
            26.533141222773704,
            27.357841365113565,
            28.160988753111454,
            28.94350025075692,
            29.706247647324933,
            30.450059492002772,
            31.17572268788791,
            31.883984631161727,
            32.57555616153258,
            33.25111322515294,
            33.91129728425293,
            34.5567171946488,
            35.187951946081,
            35.80555185360862,
            36.41003946211711,
            37.00191127856087,
            37.581639125317444,
            38.1496716176698,
            38.70643563135963,
            39.2523370583629,
            39.787762005417605,
            40.31307821102964,
            40.82863584598672,
            41.33476836292684,
            41.8317934930601,
            42.320014504466954,
            42.79972093427641,
            43.27118863753858,
            43.73468060017185,
            44.19044860004651,
            44.63873373918031,
            45.07976595237706,
            45.51376500702318,
            45.94094125210687,
            46.36149639005017,
            46.775624208834785,
            47.1835094212278,
            47.58532859306871,
            47.98125266553399,
            48.37144595778955,
            48.75606499488349,
            49.13526008534536,
            49.50917542406386,
            49.87795070136344,
            50.24172100259311,
            50.600614258703715,
            50.95475416363479,
            51.30426078717428,
            51.64924901774648,
            51.989829735255626,
            52.326109761637056,
            52.65819180179096,
            52.98617575923272,
            53.31015872805147,
            53.6302336359775,
            53.94649015929026,
            54.259013908600906,
            54.56788691432012,
            54.87319184226362,
            55.175008679660095,
            55.47341243594856,
            55.768476458737865,
            56.060269963667096,
            56.34886058725097,
            56.63431946645433,
            56.916712409793405,
            57.19609867483669,
            57.47253707628261,
            57.74608673420735,
            58.01680958919897,
            58.28476205180341,
            58.54999338081397,
            58.81255570959038,
            59.07250223547017,
            59.32988303910534,
            59.58474538537558,
            59.83713394580264,
            60.08709500083497,
            60.33467599580473,
            60.579918485204686,
            60.82286452552507,
            61.06355601352551,
            61.302027093655475,
            61.538316651523914,
            61.772468462960376,
            62.00451916968885,
            62.234501931034885,
            62.462451060044984,
            62.68840201116254,
            62.91238653799227,
            63.13443628867243,
            63.35458655022521,
            63.572866888454875,
            63.78930540529836,
            64.00393366496718,
            64.21677949315927,
            64.42786643957515,
            64.63722589100944,
            64.84488965631026,
            65.05087839756743,
            65.2552178018479,
            65.4579358117553,
            65.65905360380857,
            65.85859356131112,
            66.05658827345906,
            66.25305542793504,
            66.44799487115088,
            66.6414486028356,
            66.83345974918775,
            67.02402708895242,
            67.21316286920774,
            67.40089836368425,
            67.58725378191303,
            67.77224570765975,
            67.95589697861142,
            68.13821863291814,
            68.31922745175106,
            68.49895518042467,
            68.67741001142275,
            68.85460115292807,
            69.03055777667468,
            69.20529458054952,
            69.37882020669932,
            69.551159559378,
            69.72233132864494,
            69.89233426053688,
            70.06118073673278,
            70.228906751638,
            70.39553204231633,
            70.56104706980695,
            70.72546153078582,
            70.88880938755028,
            71.05109935393702,
            71.21233606130264,
            71.37254304663365,
            71.53172824255307,
            71.68989916077263,
            71.8470812723288,
            72.00327682529169,
            72.15847993564384,
            72.31272073142608,
            72.46602661478391,
            72.61839153622131,
            72.7698257863085,
            72.92034981147881,
            73.06995118633786,
            73.21864464688842,
            73.36647000614903,
            73.51341789003637,
            73.65948449645366,
            73.80471017923264,
            73.94909844170178,
            74.09263087424188,
            74.23533007451769,
            74.37721257761731,
            74.51828835259366,
            74.65856844904484,
            74.79804454938858,
            74.93672878530197,
            75.07464604310516,
            75.21180529215489,
            75.34819991275582,
            75.48383657174855,
            75.61874797830534,
            75.75292606049189,
            75.88634721257695,
            76.01904621750728,
            76.15104250020667,
            76.28233235994848,
            76.41293332386849,
            76.54284661956916,
            76.6720622624911,
            76.80058662713127
        ]
    },
    "Phonon_data": {
        "Numb_Node": 9,
        "total_n_kpoints": 100,
        "frequency": {
            "Node_1": [
                -0.1304270056389278,
                -0.2889330005101915,
                1.4748437631156357,
                3.0553086604942354,
                4.787047968572122,
                6.578203683428514,
                8.3007520494646,
                9.729003282613254,
                10.228558477028947,
                9.669227347011018,
                8.908057948040366,
                8.34377289004645,
                8.138632585690058,
                8.218421676976313,
                8.455026339718831,
                8.842446711729448,
                9.366833164499331,
                9.997983719828072,
                10.69596555845407,
                11.4200618422511,
                12.125744402500887,
                12.717733201392877,
                11.846005836502778,
                11.242344382526085,
                11.073256101955174,
                11.438212149625475,
                10.212943319743296,
                8.296529483034075,
                6.276281147130475,
                4.236682992278413,
                2.2879367126862107,
                0.48919969749809944,
                -0.1304270056389278,
                -0.1304270056389278,
                -0.1304270056389278,
                -0.1304270056389278,
                -0.1304270056389278,
                -0.1304270056389278,
                -0.1304270056389278,
                -0.1304270056389278,
                -0.1304270056389278,
                -0.1304270056389278,
                -0.1304270056389278,
                -0.1304270056389278,
                -0.1304270056389278,
                -0.2889330005101915,
                1.4748437631156357,
                3.0553086604942354,
                4.787047968572122,
                6.578203683428514,
                8.3007520494646,
                9.729003282613254,
                10.228558477028947,
                9.669227347011018,
                8.908057948040366,
                8.34377289004645,
                8.138632585690058,
                8.218421676976313,
                8.455026339718831,
                8.842446711729448,
                9.366833164499331,
                9.997983719828072,
                10.69596555845407,
                11.4200618422511,
                12.125744402500887,
                12.717733201392877,
                11.846005836502778,
                11.242344382526085,
                11.073256101955174,
                11.438212149625475,
                10.212943319743296,
                8.296529483034075,
                6.276281147130475,
                4.236682992278413,
                2.2879367126862107,
                0.48919969749809944,
                -0.1304270056389278,
                8.138632585690058,
                8.138632585690058,
                8.138632585690058,
                8.138632585690058,
                8.138632585690058,
                8.138632585690058,
                8.138632585690058,
                8.138632585690058,
                8.138632585690058,
                8.138632585690058,
                8.138632585690058,
                8.138632585690058,
                8.138632585690058,
                12.717733201392877,
                12.717733201392877,
                12.717733201392878,
                12.717733201392877,
                12.717733201392878,
                12.717733201392877,
                12.717733201392877,
                12.717733201392877,
                12.717733201392877,
                12.717733201392877,
                12.717733201392877,
                12.717733201392877,
                12.717733201392877
            ],
            "Node_2": [
                -0.01498832155366724,
                2.3038930642574558,
                4.542272633447894,
                6.661580275484315,
                8.604216590200918,
                10.305952880272908,
                11.685600064634867,
                12.636236359102277,
                13.160369981819805,
                13.7525016737389,
                14.07033045988931,
                14.254120164540721,
                14.314222558925504,
                14.453273379244683,
                14.857028732824293,
                15.488110810593591,
                15.438481651141355,
                15.01963913309404,
                14.518073769626056,
                13.950535598328827,
                13.341613040280421,
                12.776801021348376,
                13.517335643139859,
                13.70598144124699,
                13.164617587386736,
                11.916352201581503,
                12.25860960949801,
                12.800590196719547,
                10.820835577111785,
                8.46023564605315,
                5.774945986687232,
                2.9016468902785895,
                -0.01498832155366724,
                -0.01498832155366724,
                -0.01498832155366724,
                -0.01498832155366724,
                -0.01498832155366724,
                -0.01498832155366724,
                -0.01498832155366724,
                -0.01498832155366724,
                -0.01498832155366724,
                -0.01498832155366724,
                -0.01498832155366724,
                -0.01498832155366724,
                -0.01498832155366724,
                2.3038930642574558,
                4.542272633447894,
                6.661580275484315,
                8.604216590200918,
                10.305952880272908,
                11.685600064634867,
                12.636236359102277,
                13.160369981819805,
                13.7525016737389,
                14.07033045988931,
                14.254120164540721,
                14.314222558925504,
                14.453273379244683,
                14.857028732824293,
                15.488110810593591,
                15.438481651141355,
                15.01963913309404,
                14.518073769626056,
                13.950535598328827,
                13.341613040280421,
                12.776801021348376,
                13.517335643139859,
                13.70598144124699,
                13.164617587386736,
                11.916352201581503,
                12.25860960949801,
                12.800590196719547,
                10.820835577111785,
                8.46023564605315,
                5.774945986687232,
                2.9016468902785895,
                -0.01498832155366724,
                14.314222558925504,
                14.314222558925504,
                14.314222558925504,
                14.314222558925504,
                14.314222558925504,
                14.314222558925504,
                14.314222558925504,
                14.314222558925504,
                14.314222558925504,
                14.314222558925504,
                14.314222558925504,
                14.314222558925504,
                14.314222558925504,
                12.776801021348376,
                12.776801021348376,
                12.776801021348378,
                12.776801021348376,
                12.776801021348378,
                12.776801021348376,
                12.776801021348376,
                12.776801021348376,
                12.776801021348376,
                12.776801021348376,
                12.776801021348376,
                12.776801021348376,
                12.776801021348376
            ],
            "Node_3": [
                -0.012843403655099471,
                4.269670012509205,
                8.14614673508223,
                9.61946140811206,
                10.431309975922053,
                11.315747110414302,
                12.213368226597638,
                13.035641456695137,
                13.311524984381604,
                14.18810318514009,
                14.9635179891167,
                15.181725594204911,
                15.249698120470876,
                15.429181430408748,
                15.866065538703541,
                15.760481448817185,
                16.294807423341197,
                17.204763374897134,
                18.133870490203016,
                18.98425420966707,
                19.644823553991554,
                19.910745747329536,
                19.258839513646898,
                18.140007426574197,
                16.935044499868045,
                15.743212480950078,
                14.41758553183741,
                12.908621531058778,
                11.536462330466563,
                10.195044572731488,
                9.061467836609971,
                5.284433971868083,
                -0.012843403655099471,
                -0.012843403655099471,
                -0.012843403655099471,
                -0.012843403655099471,
                -0.012843403655099471,
                -0.012843403655099471,
                -0.012843403655099471,
                -0.012843403655099471,
                -0.012843403655099471,
                -0.012843403655099471,
                -0.012843403655099471,
                -0.012843403655099471,
                -0.012843403655099471,
                4.269670012509205,
                8.14614673508223,
                9.61946140811206,
                10.431309975922053,
                11.315747110414302,
                12.213368226597638,
                13.035641456695137,
                13.311524984381604,
                14.18810318514009,
                14.9635179891167,
                15.181725594204911,
                15.249698120470876,
                15.429181430408748,
                15.866065538703541,
                15.760481448817185,
                16.294807423341197,
                17.204763374897134,
                18.133870490203016,
                18.98425420966707,
                19.644823553991554,
                19.910745747329536,
                19.258839513646898,
                18.140007426574197,
                16.935044499868045,
                15.743212480950078,
                14.41758553183741,
                12.908621531058778,
                11.536462330466563,
                10.195044572731488,
                9.061467836609971,
                5.284433971868083,
                -0.012843403655099471,
                15.249698120470876,
                15.249698120470876,
                15.249698120470876,
                15.249698120470876,
                15.249698120470876,
                15.249698120470876,
                15.249698120470876,
                15.249698120470876,
                15.249698120470876,
                15.249698120470876,
                15.249698120470876,
                15.249698120470876,
                15.249698120470876,
                19.910745747329536,
                19.910745747329536,
                19.91074574732954,
                19.910745747329536,
                19.91074574732954,
                19.910745747329536,
                19.910745747329536,
                19.910745747329536,
                19.910745747329536,
                19.910745747329536,
                19.910745747329536,
                19.910745747329536,
                19.910745747329536
            ],
            "Node_4": [
                8.364827282092895,
                8.5478839667379,
                8.971232972657882,
                11.244769104070576,
                13.157116901901528,
                13.789694349143906,
                13.562232333546778,
                13.178848744292686,
                13.969851951031117,
                14.576725222835627,
                15.252872941868402,
                15.966700076228262,
                16.213986219063933,
                16.169078492526186,
                16.097936047330936,
                16.702479459192833,
                17.530666826864618,
                18.349055132366296,
                19.047884538452415,
                19.553239096619205,
                19.838898071319946,
                19.911262552516884,
                19.614141495247097,
                18.845922737790882,
                17.685241928311648,
                16.25760137356224,
                14.704676522408993,
                13.40004911572795,
                13.685871640562107,
                12.764550741187042,
                9.9526888596731,
                8.598971744241117,
                8.364827282092895,
                8.364827282092895,
                8.364827282092895,
                8.364827282092895,
                8.364827282092895,
                8.364827282092895,
                8.364827282092895,
                8.364827282092895,
                8.364827282092895,
                8.364827282092895,
                8.364827282092895,
                8.364827282092895,
                8.364827282092895,
                8.5478839667379,
                8.971232972657882,
                11.244769104070576,
                13.157116901901528,
                13.789694349143906,
                13.562232333546778,
                13.178848744292686,
                13.969851951031117,
                14.576725222835627,
                15.252872941868402,
                15.966700076228262,
                16.213986219063933,
                16.169078492526186,
                16.097936047330936,
                16.702479459192833,
                17.530666826864618,
                18.349055132366296,
                19.047884538452415,
                19.553239096619205,
                19.838898071319946,
                19.911262552516884,
                19.614141495247097,
                18.845922737790882,
                17.685241928311648,
                16.25760137356224,
                14.704676522408993,
                13.40004911572795,
                13.685871640562107,
                12.764550741187042,
                9.9526888596731,
                8.598971744241117,
                8.364827282092895,
                16.213986219063933,
                16.213986219063933,
                16.213986219063933,
                16.213986219063933,
                16.213986219063933,
                16.213986219063933,
                16.213986219063933,
                16.213986219063933,
                16.213986219063933,
                16.213986219063933,
                16.213986219063933,
                16.213986219063933,
                16.213986219063933,
                19.911262552516884,
                19.911262552516884,
                19.91126255251688,
                19.911262552516884,
                19.91126255251688,
                19.911262552516884,
                19.911262552516884,
                19.911262552516884,
                19.911262552516884,
                19.911262552516884,
                19.911262552516884,
                19.911262552516884,
                19.911262552516884
            ],
            "Node_5": [
                8.415080619437473,
                9.214267794549867,
                11.163776755848078,
                13.519585139910902,
                15.886106561496954,
                17.97102744944684,
                19.586359571917708,
                20.7237420137645,
                21.515123180199435,
                22.06999925110136,
                22.48361780629471,
                22.77071660841417,
                22.87687574966008,
                22.829109064649533,
                22.69756918157126,
                22.506161814366003,
                22.272254714065937,
                22.00291098480396,
                21.702995586257657,
                21.38015615939692,
                21.060386678370264,
                20.892016034119056,
                21.156906179950504,
                21.362078875596193,
                21.38954273695363,
                21.233433462915198,
                20.76287240772437,
                19.708336885443494,
                17.851067148317178,
                15.25725007806585,
                12.310744262999286,
                9.64669323750435,
                8.415080619437473,
                8.415080619437473,
                8.415080619437473,
                8.415080619437473,
                8.415080619437473,
                8.415080619437473,
                8.415080619437473,
                8.415080619437473,
                8.415080619437473,
                8.415080619437473,
                8.415080619437473,
                8.415080619437473,
                8.415080619437473,
                9.214267794549867,
                11.163776755848078,
                13.519585139910902,
                15.886106561496954,
                17.97102744944684,
                19.586359571917708,
                20.7237420137645,
                21.515123180199435,
                22.06999925110136,
                22.48361780629471,
                22.77071660841417,
                22.87687574966008,
                22.829109064649533,
                22.69756918157126,
                22.506161814366003,
                22.272254714065937,
                22.00291098480396,
                21.702995586257657,
                21.38015615939692,
                21.060386678370264,
                20.892016034119056,
                21.156906179950504,
                21.362078875596193,
                21.38954273695363,
                21.233433462915198,
                20.76287240772437,
                19.708336885443494,
                17.851067148317178,
                15.25725007806585,
                12.310744262999286,
                9.64669323750435,
                8.415080619437473,
                22.87687574966008,
                22.87687574966008,
                22.87687574966008,
                22.87687574966008,
                22.87687574966008,
                22.87687574966008,
                22.87687574966008,
                22.87687574966008,
                22.87687574966008,
                22.87687574966008,
                22.87687574966008,
                22.87687574966008,
                22.87687574966008,
                20.892016034119056,
                20.892016034119056,
                20.892016034119045,
                20.892016034119056,
                20.892016034119045,
                20.892016034119056,
                20.892016034119056,
                20.892016034119056,
                20.892016034119056,
                20.892016034119056,
                20.892016034119056,
                20.892016034119056,
                20.892016034119056
            ],
            "Node_6": [
                18.920817129474706,
                18.90823071063803,
                18.89708945842946,
                18.986368123893506,
                19.359988866155625,
                20.07975263671999,
                20.92446352150471,
                21.76848113916708,
                22.67253180626861,
                23.72807595736787,
                24.81046939557006,
                25.634991425001804,
                25.9437715171746,
                25.866638719695423,
                25.655388731522212,
                25.354934928011726,
                25.011789176021303,
                24.672544043792485,
                24.38834719260635,
                24.196831852721644,
                24.099438637701624,
                24.068762996725734,
                24.063274183704927,
                23.934523985005367,
                23.48313585462541,
                22.677840629476265,
                21.724000623527832,
                20.82105590243676,
                19.948410955417565,
                19.213420948811056,
                18.92302093624987,
                18.90446106474862,
                18.920817129474706,
                18.920817129474706,
                18.920817129474706,
                18.920817129474706,
                18.920817129474706,
                18.920817129474706,
                18.920817129474706,
                18.920817129474706,
                18.920817129474706,
                18.920817129474706,
                18.920817129474706,
                18.920817129474706,
                18.920817129474706,
                18.90823071063803,
                18.89708945842946,
                18.986368123893506,
                19.359988866155625,
                20.07975263671999,
                20.92446352150471,
                21.76848113916708,
                22.67253180626861,
                23.72807595736787,
                24.81046939557006,
                25.634991425001804,
                25.9437715171746,
                25.866638719695423,
                25.655388731522212,
                25.354934928011726,
                25.011789176021303,
                24.672544043792485,
                24.38834719260635,
                24.196831852721644,
                24.099438637701624,
                24.068762996725734,
                24.063274183704927,
                23.934523985005367,
                23.48313585462541,
                22.677840629476265,
                21.724000623527832,
                20.82105590243676,
                19.948410955417565,
                19.213420948811056,
                18.92302093624987,
                18.90446106474862,
                18.920817129474706,
                25.9437715171746,
                25.9437715171746,
                25.9437715171746,
                25.9437715171746,
                25.9437715171746,
                25.9437715171746,
                25.9437715171746,
                25.9437715171746,
                25.9437715171746,
                25.9437715171746,
                25.9437715171746,
                25.9437715171746,
                25.9437715171746,
                24.068762996725734,
                24.068762996725734,
                24.068762996725734,
                24.068762996725734,
                24.068762996725734,
                24.068762996725734,
                24.068762996725734,
                24.068762996725734,
                24.068762996725734,
                24.068762996725734,
                24.068762996725734,
                24.068762996725734,
                24.068762996725734
            ],
            "Node_7": [
                47.626980727345114,
                47.88230686085847,
                48.36467338435899,
                48.99796011750399,
                49.69969930724507,
                50.43736313717141,
                51.19891101934096,
                51.94712329955344,
                52.62544230918383,
                53.19217046377365,
                53.626844463178166,
                53.90810527638538,
                54.00683302630813,
                54.20721505254036,
                54.755016102114375,
                55.518826178822664,
                56.34495941922161,
                57.09899982044159,
                57.69040110742739,
                58.08589312184457,
                58.27325981495733,
                58.24041581618617,
                57.999954468350246,
                57.47354480432668,
                56.53813971079139,
                55.206720349049334,
                53.665427004886624,
                52.1307724757952,
                50.73305610939544,
                49.5263910511479,
                48.552940863117776,
                47.88764035195678,
                47.626980727345114,
                47.626980727345114,
                47.626980727345114,
                47.626980727345114,
                47.626980727345114,
                47.626980727345114,
                47.626980727345114,
                47.626980727345114,
                47.626980727345114,
                47.626980727345114,
                47.626980727345114,
                47.626980727345114,
                47.626980727345114,
                47.88230686085847,
                48.36467338435899,
                48.99796011750399,
                49.69969930724507,
                50.43736313717141,
                51.19891101934096,
                51.94712329955344,
                52.62544230918383,
                53.19217046377365,
                53.626844463178166,
                53.90810527638538,
                54.00683302630813,
                54.20721505254036,
                54.755016102114375,
                55.518826178822664,
                56.34495941922161,
                57.09899982044159,
                57.69040110742739,
                58.08589312184457,
                58.27325981495733,
                58.24041581618617,
                57.999954468350246,
                57.47354480432668,
                56.53813971079139,
                55.206720349049334,
                53.665427004886624,
                52.1307724757952,
                50.73305610939544,
                49.5263910511479,
                48.552940863117776,
                47.88764035195678,
                47.626980727345114,
                54.00683302630813,
                54.00683302630813,
                54.00683302630813,
                54.00683302630813,
                54.00683302630813,
                54.00683302630813,
                54.00683302630813,
                54.00683302630813,
                54.00683302630813,
                54.00683302630813,
                54.00683302630813,
                54.00683302630813,
                54.00683302630813,
                58.24041581618617,
                58.24041581618617,
                58.24041581618616,
                58.24041581618617,
                58.24041581618616,
                58.24041581618617,
                58.24041581618617,
                58.24041581618617,
                58.24041581618617,
                58.24041581618617,
                58.24041581618617,
                58.24041581618617,
                58.24041581618617
            ],
            "Node_8": [
                47.76464570021082,
                48.054868175228904,
                49.0136687443746,
                50.31538751715594,
                51.75217438613814,
                53.25916964593985,
                54.76606484513443,
                56.10384514463382,
                57.085329898756626,
                57.64137542027726,
                57.85755839457118,
                57.89667353134739,
                57.89348873914536,
                57.90631786096517,
                57.94297387817946,
                57.99957142950425,
                58.07068140164694,
                58.14721902744293,
                58.21802927952248,
                58.272433530247035,
                58.32287737384654,
                58.394715500927916,
                58.3104902519132,
                58.076160355487936,
                57.77319204939189,
                57.29701007247409,
                56.40470814952716,
                54.96225242751122,
                53.14462637383411,
                51.28842838080159,
                49.59515290169709,
                48.27357270989211,
                47.76464570021082,
                47.76464570021082,
                47.76464570021082,
                47.76464570021082,
                47.76464570021082,
                47.76464570021082,
                47.76464570021082,
                47.76464570021082,
                47.76464570021082,
                47.76464570021082,
                47.76464570021082,
                47.76464570021082,
                47.76464570021082,
                48.054868175228904,
                49.0136687443746,
                50.31538751715594,
                51.75217438613814,
                53.25916964593985,
                54.76606484513443,
                56.10384514463382,
                57.085329898756626,
                57.64137542027726,
                57.85755839457118,
                57.89667353134739,
                57.89348873914536,
                57.90631786096517,
                57.94297387817946,
                57.99957142950425,
                58.07068140164694,
                58.14721902744293,
                58.21802927952248,
                58.272433530247035,
                58.32287737384654,
                58.394715500927916,
                58.3104902519132,
                58.076160355487936,
                57.77319204939189,
                57.29701007247409,
                56.40470814952716,
                54.96225242751122,
                53.14462637383411,
                51.28842838080159,
                49.59515290169709,
                48.27357270989211,
                47.76464570021082,
                57.89348873914536,
                57.89348873914536,
                57.89348873914536,
                57.89348873914536,
                57.89348873914536,
                57.89348873914536,
                57.89348873914536,
                57.89348873914536,
                57.89348873914536,
                57.89348873914536,
                57.89348873914536,
                57.89348873914536,
                57.89348873914536,
                58.394715500927916,
                58.394715500927916,
                58.39471550092791,
                58.394715500927916,
                58.39471550092791,
                58.394715500927916,
                58.394715500927916,
                58.394715500927916,
                58.394715500927916,
                58.394715500927916,
                58.394715500927916,
                58.394715500927916,
                58.394715500927916
            ],
            "Node_9": [
                65.34178299554135,
                65.79654314480882,
                66.78736540646501,
                67.60197347996865,
                67.88730215833411,
                67.82770685504208,
                67.73990287565167,
                67.6850528422224,
                67.54266792814929,
                67.31059920057307,
                67.14625027150193,
                67.12740823606629,
                67.14981171200692,
                67.16126580926084,
                67.18484330557821,
                67.21123231807137,
                67.24860589655302,
                67.29433548931819,
                67.32813845136285,
                67.34595953563274,
                67.3607342782776,
                67.36995748930478,
                67.3626363966524,
                67.37234146200427,
                67.40341105449578,
                67.50785145043046,
                67.68814257343996,
                67.82891146041511,
                67.84258101549878,
                67.60969584498817,
                66.89880694313528,
                65.86733491302196,
                65.34178299554135,
                65.34178299554135,
                65.34178299554135,
                65.34178299554135,
                65.34178299554135,
                65.34178299554135,
                65.34178299554135,
                65.34178299554135,
                65.34178299554135,
                65.34178299554135,
                65.34178299554135,
                65.34178299554135,
                65.34178299554135,
                65.79654314480882,
                66.78736540646501,
                67.60197347996865,
                67.88730215833411,
                67.82770685504208,
                67.73990287565167,
                67.6850528422224,
                67.54266792814929,
                67.31059920057307,
                67.14625027150193,
                67.12740823606629,
                67.14981171200692,
                67.16126580926084,
                67.18484330557821,
                67.21123231807137,
                67.24860589655302,
                67.29433548931819,
                67.32813845136285,
                67.34595953563274,
                67.3607342782776,
                67.36995748930478,
                67.3626363966524,
                67.37234146200427,
                67.40341105449578,
                67.50785145043046,
                67.68814257343996,
                67.82891146041511,
                67.84258101549878,
                67.60969584498817,
                66.89880694313528,
                65.86733491302196,
                65.34178299554135,
                67.14981171200692,
                67.14981171200692,
                67.14981171200692,
                67.14981171200692,
                67.14981171200692,
                67.14981171200692,
                67.14981171200692,
                67.14981171200692,
                67.14981171200692,
                67.14981171200692,
                67.14981171200692,
                67.14981171200692,
                67.14981171200692,
                67.36995748930478,
                67.36995748930478,
                67.36995748930477,
                67.36995748930478,
                67.36995748930477,
                67.36995748930478,
                67.36995748930478,
                67.36995748930478,
                67.36995748930478,
                67.36995748930478,
                67.36995748930478,
                67.36995748930478,
                67.36995748930478
            ]
        }
    },
    "Phonon_DOS": {
        "DOS": [
            0.0,
            0.003333333333333333,
            0.0,
            0.0,
            0.006666666666666666,
            0.0,
            0.006666666666666666,
            0.006666666666666666,
            0.006666666666666666,
            0.0,
            0.03222222222222222,
            0.04,
            0.042222222222222223,
            0.024444444444444442,
            0.04666666666666667,
            0.07444444444444444,
            0.04555555555555555,
            0.051111111111111114,
            0.03222222222222222,
            0.026666666666666665,
            0.014444444444444444,
            0.035555555555555556,
            0.02,
            0.057777777777777775,
            0.034444444444444444,
            0.017777777777777778,
            0.024444444444444442,
            0.016666666666666666,
            0.0,
            0.0,
            0.0,
            0.0,
            0.0,
            0.0,
            0.0,
            0.0,
            0.0,
            0.0,
            0.0,
            0.0,
            0.0,
            0.0,
            0.0,
            0.0,
            0.0,
            0.0,
            0.0,
            0.0,
            0.0,
            0.0022222222222222222,
            0.006666666666666666,
            0.015555555555555555,
            0.0044444444444444444,
            0.013333333333333332,
            0.021111111111111112,
            0.015555555555555555,
            0.017777777777777778,
            0.022222222222222223,
            0.022222222222222223,
            0.04777777777777778,
            0.03333333333333333,
            0.0,
            0.0,
            0.0,
            0.0,
            0.0,
            0.0,
            0.0011111111111111111,
            0.0,
            0.11,
            0.0
        ],
        "Energy(meV)": [
            -1.5,
            -0.5,
            0.5,
            1.5,
            2.5,
            3.5,
            4.5,
            5.5,
            6.5,
            7.5,
            8.5,
            9.5,
            10.5,
            11.5,
            12.5,
            13.5,
            14.5,
            15.5,
            16.5,
            17.5,
            18.5,
            19.5,
            20.5,
            21.5,
            22.5,
            23.5,
            24.5,
            25.5,
            26.5,
            27.5,
            28.5,
            29.5,
            30.5,
            31.5,
            32.5,
            33.5,
            34.5,
            35.5,
            36.5,
            37.5,
            38.5,
            39.5,
            40.5,
            41.5,
            42.5,
            43.5,
            44.5,
            45.5,
            46.5,
            47.5,
            48.5,
            49.5,
            50.5,
            51.5,
            52.5,
            53.5,
            54.5,
            55.5,
            56.5,
            57.5,
            58.5,
            59.5,
            60.5,
            61.5,
            62.5,
            63.5,
            64.5,
            65.5,
            66.5,
            67.5,
            68.5
        ]
    }
}