{
    "POSCAR": {
        "Atomes": "   W    O   N\n",
        "coordinate": "Direct\n",
        "unit_cell": {
            "a_vector": "3.206137288729081   3.042096758447262e-07   7.911204379798987e-07\n",
            "b_vector": "-1.6030689034441787   2.7765977531699138   -2.0969278687663053e-06\n",
            "c_vector": "8.770229579419766e-06   -2.1778898943401976e-05   21.81201699408281\n"
        },
        "positions": {
            "W": [
                "0.6666666051719045   0.33333334174581924   0.2466174895545568\n",
                "0.3333333797302897   0.666666643669006   0.15338251266500763\n"
            ],
            "O": [
                "0.3333331949547093   0.6666667605738579   0.29407514297586057\n",
                "0.6666667974098995   0.33333324840661366   0.10592485692434495\n"
            ],
            "N": [
                "2.2733194254675386e-08   5.604702645480466e-09   0.19999999788022996\n"
            ]
        }
    },
    "Termo_data": {
        "Temperature (K)": [
            0,
            10,
            20,
            30,
            40,
            50,
            60,
            70,
            80,
            90,
            100,
            110,
            120,
            130,
            140,
            150,
            160,
            170,
            180,
            190,
            200,
            210,
            220,
            230,
            240,
            250,
            260,
            270,
            280,
            290,
            300,
            310,
            320,
            330,
            340,
            350,
            360,
            370,
            380,
            390,
            400,
            410,
            420,
            430,
            440,
            450,
            460,
            470,
            480,
            490,
            500,
            510,
            520,
            530,
            540,
            550,
            560,
            570,
            580,
            590,
            600,
            610,
            620,
            630,
            640,
            650,
            660,
            670,
            680,
            690,
            700,
            710,
            720,
            730,
            740,
            750,
            760,
            770,
            780,
            790,
            800,
            810,
            820,
            830,
            840,
            850,
            860,
            870,
            880,
            890,
            900,
            910,
            920,
            930,
            940,
            950,
            960,
            970,
            980,
            990,
            1000,
            1010,
            1020,
            1030,
            1040,
            1050,
            1060,
            1070,
            1080,
            1090,
            1100,
            1110,
            1120,
            1130,
            1140,
            1150,
            1160,
            1170,
            1180,
            1190,
            1200,
            1210,
            1220,
            1230,
            1240,
            1250,
            1260,
            1270,
            1280,
            1290,
            1300,
            1310,
            1320,
            1330,
            1340,
            1350,
            1360,
            1370,
            1380,
            1390,
            1400,
            1410,
            1420,
            1430,
            1440,
            1450,
            1460,
            1470,
            1480,
            1490,
            1500,
            1510,
            1520,
            1530,
            1540,
            1550,
            1560,
            1570,
            1580,
            1590,
            1600,
            1610,
            1620,
            1630,
            1640,
            1650,
            1660,
            1670,
            1680,
            1690,
            1700,
            1710,
            1720,
            1730,
            1740,
            1750,
            1760,
            1770,
            1780,
            1790,
            1800,
            1810,
            1820,
            1830,
            1840,
            1850,
            1860,
            1870,
            1880,
            1890,
            1900,
            1910,
            1920,
            1930,
            1940,
            1950,
            1960,
            1970
        ],
        "Gibbs_free(J/mole)": [
            -626841.0088573195,
            -626841.2897382051,
            -626843.0840728239,
            -626847.1614734689,
            -626854.7105237735,
            -626867.0106970466,
            -626885.036574353,
            -626909.4255629736,
            -626940.5796582961,
            -626978.7610748657,
            -627024.1516308308,
            -627076.8838425927,
            -627137.0549345226,
            -627204.7330640119,
            -627279.9606901917,
            -627362.7565761359,
            -627453.1176887817,
            -627551.0216685164,
            -627656.4288435492,
            -627769.2848673717,
            -627889.5225289959,
            -628017.0643048226,
            -628151.8241986184,
            -628293.7092992829,
            -628442.6215076679,
            -628598.4588837438,
            -628761.1167623596,
            -628930.4885460932,
            -629106.4668218774,
            -629288.9439416969,
            -629477.8124006878,
            -629672.9656624896,
            -629874.2981600136,
            -630081.7059602056,
            -630295.0866858718,
            -630514.3399087128,
            -630739.3671177907,
            -630970.0719891564,
            -631206.3604539493,
            -631448.1405796361,
            -631695.3227592227,
            -631947.8195249279,
            -632205.5458308596,
            -632468.4188337685,
            -632736.3577307676,
            -633009.2841818961,
            -633287.1216825799,
            -633569.7960895582,
            -633857.2350343245,
            -634149.3682908328,
            -634446.1275122752,
            -634747.4463155174,
            -635053.2599039029,
            -635363.505529268,
            -635678.1219440774,
            -635997.0496211611,
            -636320.2307140804,
            -636647.608791534,
            -636979.128897413,
            -637314.7377515945,
            -637654.3834908312,
            -637998.0151087093,
            -638345.5833819257,
            -638697.0403031916,
            -639052.3388561384,
            -639411.4334041184,
            -639774.2792250456,
            -640140.8328095241,
            -640511.0528353439,
            -640884.8965457738,
            -641262.3241014298,
            -641643.2960169114,
            -642027.7738799435,
            -642415.7199678264,
            -642807.097680297,
            -643201.8709277234,
            -643600.0047150223,
            -644001.4653177641,
            -644406.218313054,
            -644814.2312779345,
            -645225.4719981637,
            -645639.9090547583,
            -646057.5120264667,
            -646478.2502800785,
            -646902.0946915667,
            -647328.9791780935,
            -647758.7618876079,
            -648191.4137166622,
            -648626.9060170552,
            -649065.2117417367,
            -649506.3029507297,
            -649950.1536844962,
            -650396.7374462293,
            -650846.0285996924,
            -651298.001995151,
            -651752.633226212,
            -652209.8978062626,
            -652669.7725414798,
            -653132.2334390837,
            -653597.2581763493,
            -654064.8241362368,
            -654534.9092522433,
            -655007.4925892669,
            -655482.55138225,
            -655960.0660653888,
            -656440.0154098119,
            -656922.3806902072,
            -657407.1406527909,
            -657894.2760757125,
            -658383.768796709,
            -658875.5981868131,
            -659369.7477866459,
            -659866.1985549505,
            -660364.9315720992,
            -660865.9312126023,
            -661369.1796431352,
            -661874.6589801253,
            -662382.353341481,
            -662892.2462894847,
            -663404.3204205997,
            -663918.5617763859,
            -664434.9510787069,
            -664953.4759557099,
            -665474.1218689472,
            -665996.8720902663,
            -666521.7111623352,
            -667048.6268043747,
            -667577.6033065135,
            -668108.6259306067,
            -668641.6808169093,
            -669176.755259047,
            -669713.8372209577,
            -670252.909170212,
            -670793.9623451382,
            -671336.9788650678,
            -671881.9511113535,
            -672428.8634147994,
            -672977.7040928312,
            -673528.4616638195,
            -674081.1209110781,
            -674635.6744632559,
            -675192.1100583378,
            -675750.41015023,
            -676310.5705127184,
            -676872.5744438942,
            -677436.4153371284,
            -678002.0770958554,
            -678569.556973276,
            -679138.8336171285,
            -679709.9037725395,
            -680282.7549019296,
            -680857.3774000754,
            -681433.7604156444,
            -682011.8939389007,
            -682591.766670716,
            -683173.3734457934,
            -683756.696564902,
            -684341.7314379707,
            -684928.4708751634,
            -685516.9040696513,
            -686107.0164962177,
            -686698.8054366818,
            -687292.2575269785,
            -687887.3673056726,
            -688484.1232245109,
            -689082.5184947377,
            -689682.5428135936,
            -690284.1897004006,
            -690887.4491507928,
            -691492.309881583,
            -692098.7724652393,
            -692706.8191803382,
            -693316.447470092,
            -693927.648239597,
            -694540.4107246681,
            -695154.7323391754,
            -695770.5998580945,
            -696388.0127438835,
            -697006.9566874126,
            -697627.4264707692,
            -698249.415380089,
            -698872.9119785698,
            -699497.9167816724,
            -700124.4189146599,
            -700752.4076799533,
            -701381.8813481819,
            -702012.830118151,
            -702645.2444302363,
            -703279.1248088486,
            -703914.4596834137,
            -704551.2407788973,
            -705189.4677585145,
            -705829.1279156742,
            -706470.2187431857,
            -707112.7285732557,
            -707756.657640974,
            -708401.9962324967,
            -709048.7367401859
        ],
        "Cp(J/mole.K)": [
            -0.0,
            0.13274933731008787,
            0.4775617722596508,
            1.0483116235525813,
            1.8699599629966543,
            2.8207052936486434,
            3.7825550045294225,
            4.711113043900696,
            5.605777718336322,
            6.477132562853514,
            7.332832789252279,
            8.174774765351318,
            9.00073559320299,
            9.806644479051469,
            10.587935022305462,
            11.340592596228817,
            12.061662471015012,
            12.749195251721543,
            13.402138805610587,
            14.020213332961426,
            14.603992087941151,
            15.154417429910962,
            15.672601684840629,
            16.16013925040316,
            16.618767385301176,
            17.05004868024844,
            17.45562313695553,
            17.837369946646504,
            18.196863504860104,
            18.535585762083073,
            18.855135386518658,
            19.1568971155153,
            19.442213225923467,
            19.712261902692262,
            19.968120151612723,
            20.210865444445528,
            20.441613815689912,
            20.661271783322434,
            20.870520659082104,
            21.070095941814333,
            21.26076636346987,
            21.443372637513676,
            21.618269684695406,
            21.785992233621073,
            21.94725709471389,
            22.102379476156848,
            22.251809922157538,
            22.39584499486657,
            22.534951447416063,
            22.66963367710707,
            22.79989209608173,
            22.926016059101656,
            23.048543110967167,
            23.167463538941266,
            23.283085268363376,
            23.395732909688416,
            23.505178661551327,
            23.611950304883067,
            23.71679462408065,
            23.818885655078255,
            23.917946514382535,
            24.015451985388193,
            24.11115383325373,
            24.2044526500451,
            24.29583151116958,
            24.385244778328477,
            24.4748482953351,
            24.562754163620408,
            24.646014838956614,
            24.729142681564557,
            24.812396748719184,
            24.893451604948496,
            24.973239311459423,
            25.051791392112552,
            25.128983587922892,
            25.206431519545628,
            25.282470282097563,
            25.355272499658277,
            25.42816980232601,
            25.50083789032645,
            25.572686386294663,
            25.643483205389987,
            25.7124054339829,
            25.704420841604588,
            25.377514976542443,
            24.874486176675177,
            24.675406823080266,
            24.71558315014136,
            24.7561693000375,
            24.7952168489223,
            24.834514106274455,
            24.872512293653692,
            24.909122870909115,
            24.94657882689214,
            24.983466146088837,
            25.01988577694256,
            25.055572102870997,
            25.089825034255252,
            25.12490761350498,
            25.159466535554454,
            25.19438969233292,
            25.22741163450097,
            25.25780888444264,
            25.291386204492447,
            25.32698661063347,
            25.360690470158946,
            25.389015820261406,
            25.420260012054072,
            25.452159107197076,
            25.481055401117114,
            25.515206851559924,
            25.54330755813579,
            25.57041064002567,
            25.606606770929407,
            25.63606313309849,
            25.661178515758447,
            25.6926713253023,
            25.72063876081358,
            25.748123748507602,
            25.774147490842818,
            25.796077268547037,
            25.833899702498456,
            25.869963458611338,
            25.886897179432243,
            25.911596611305228,
            25.94640871939191,
            25.969898189260768,
            25.988537740602624,
            26.016647066548558,
            26.054432029800772,
            26.079893855174028,
            26.097558432363346,
            26.12208617987353,
            26.146609765774432,
            26.179763833893325,
            26.204226510905038,
            26.22657758067362,
            26.248640934034487,
            26.270198936434557,
            26.313843319861913,
            26.330106382025203,
            26.336357601059717,
            26.371553749585598,
            26.399122855241774,
            26.418089869245478,
            26.450942548326562,
            26.476622988801786,
            26.47897445124389,
            26.509625053312945,
            26.547435314979626,
            26.565858426183375,
            26.586990116955498,
            26.602817156095885,
            26.6333528581831,
            26.656010590302028,
            26.654130477487783,
            26.693222694459394,
            26.747460050723525,
            26.74667763144277,
            26.746723016075197,
            26.781638826243466,
            26.80852038980195,
            26.8299004250553,
            26.85147930277756,
            26.870955356163904,
            26.895068465994093,
            26.92000468322658,
            26.924472793953832,
            26.95130443882687,
            26.994021745105172,
            26.99468422640372,
            27.016976152875216,
            27.03947381053561,
            27.053049382427584,
            27.082572998909498,
            27.108834942337623,
            27.13786192345458,
            27.139950635752506,
            27.15329194437338,
            27.171219594206068,
            27.192190081696026,
            27.246963009870182,
            27.252209973346908,
            27.246400751024677,
            27.285083617736177,
            27.290499462513385,
            27.305974124075014,
            27.358900000155238,
            27.36001295032871,
            27.371083587454095,
            27.413041959080147,
            27.42239319949085,
            27.424899861775884,
            27.444180789520033,
            27.484958048654065,
            27.495981939805816,
            27.5059662872809,
            27.536413821060258
        ],
        "S(J/mole.K)": [
            0,
            0.06637466865504393,
            0.25213978037500057,
            0.5462488273653434,
            0.9547124266653554,
            1.4705279514048013,
            2.0678113978137844,
            2.7195323894222385,
            3.4064015713825944,
            4.116603376714921,
            4.843085714113841,
            5.581308024728788,
            6.327919345597912,
            7.080128629124375,
            7.835447799444957,
            8.591608089163493,
            9.34655479459034,
            10.098458077742546,
            10.845716042164716,
            11.586950658100251,
            12.321003442745134,
            13.04692270756059,
            13.763937663014804,
            14.471440530860855,
            15.168972226396727,
            15.856197520528804,
            16.53288355445984,
            17.198890280464546,
            17.8541559373014,
            18.498678993323118,
            19.132510314628597,
            19.755744782611146,
            20.36851157580677,
            20.970966792351103,
            21.56328625299939,
            22.145661727964765,
            22.718299680166822,
            23.28141735861282,
            23.835235847998415,
            24.37997739708517,
            24.91586641178001,
            25.443130535683306,
            25.96199543343246,
            26.472681277910308,
            26.975407417802494,
            27.470390060785583,
            27.95783955411899,
            28.437960723431033,
            28.91095347116643,
            29.377015341367223,
            29.83633705495158,
            30.289100839236923,
            30.735486309397672,
            31.17566789301636,
            31.609812992654042,
            32.03808559650643,
            32.46064174412459,
            32.877631781841046,
            33.28920927900617,
            33.695519368254466,
            34.096690552386285,
            34.49285474043282,
            34.88414749650401,
            35.27069111603778,
            35.652601130274704,
            36.029991119942856,
            36.4029854433189,
            36.77170509625721,
            37.13622992915188,
            37.49664731259544,
            37.85307540404173,
            38.205612806607675,
            38.55434407682188,
            38.89935696209287,
            39.24073500401574,
            39.57856831046084,
            39.9129432285874,
            40.243919896538145,
            40.57156561163575,
            40.89596440827882,
            41.21719140635978,
            41.53531380248023,
            41.85038986864966,
            42.16201873729733,
            42.46792128274683,
            42.76529842643358,
            43.05508060093125,
            43.34058584982995,
            43.62328948399372,
            43.90324850789621,
            44.180517001770205,
            44.45514868004248,
            44.727186503278794,
            44.99668356259791,
            45.26369573151315,
            45.5282701182383,
            45.79045149895974,
            46.0502782653508,
            46.30779556452327,
            46.56305188147964,
            46.816091842747134,
            47.06695196761722,
            47.31565293267487,
            47.562239440763385,
            47.80677751890762,
            48.049307070327636,
            48.28983177162882,
            48.52837754195353,
            48.76499787363283,
            48.99971751880804,
            49.23258130700416,
            49.46361946392136,
            49.6928330268056,
            49.92029021551716,
            50.14603265869082,
            50.37004187345447,
            50.59235648778122,
            50.813018020396704,
            51.032037499331636,
            51.249434455961456,
            51.46521284860355,
            51.67944815555238,
            51.89222424761974,
            52.103479977371165,
            52.313193511118875,
            52.521461390396865,
            52.72830217681912,
            52.933674406082716,
            53.137619011405334,
            53.340232709667184,
            53.54152616438369,
            53.74144245009229,
            53.93999874787842,
            54.13724156944954,
            54.33322278083215,
            54.52796115756065,
            54.72143508944718,
            54.913654290165866,
            55.10463412998361,
            55.294470122849454,
            55.48316032973234,
            55.670587762964715,
            55.85683668560087,
            56.041998894594144,
            56.22603299867479,
            56.408972624105814,
            56.590856137224186,
            56.771594042574,
            56.951218125622844,
            57.12986302312784,
            57.307501237954426,
            57.484090490490786,
            57.65963614856737,
            57.83418251637195,
            58.007765106145236,
            58.1802916611312,
            58.35182792813139,
            58.52256612286729,
            58.69239050156902,
            58.86114107835311,
            59.028942891559566,
            59.19589178739407,
            59.36195639654179,
            59.52713123211579,
            59.691421377423104,
            59.85484522927436,
            60.01742978820258,
            60.17912633365195,
            60.339950743237566,
            60.50002692848939,
            60.65928702822712,
            60.817680164599736,
            60.97528029243695,
            61.13207141797466,
            61.28808290759916,
            61.44336020734917,
            61.59791022011632,
            61.751672945982136,
            61.90461276518035,
            62.05678331859526,
            62.208214441369634,
            62.359016156326106,
            62.50915271866252,
            62.65846514527948,
            62.80705311213969,
            62.95495546775637,
            63.102116730659326,
            63.248672025944686,
            63.39459015687171,
            63.53976642280176,
            63.68431628094549,
            63.8282422346805,
            63.971447614369396,
            64.11396553838858,
            64.25590197309504,
            64.39724201163335,
            64.53791281077284,
            64.6779704672983
        ]
    },
    "Phonon_data": {
        "Numb_Node": 15,
        "total_n_kpoints": 100,
        "frequency": {
            "Node_1": [
                -0.21798587719530915,
                -1.3605745433751248,
                -2.6171364185629518,
                -3.1352980726337143,
                -1.2633179900366567,
                4.562512944054429,
                7.330908027762713,
                8.480210038157743,
                9.49871488973607,
                10.391041329413007,
                11.15657938375352,
                11.754986220746268,
                12.014144772523064,
                12.194624851064393,
                12.685194266665864,
                13.35991006109493,
                14.076402681670668,
                14.735276240860511,
                15.302424295458506,
                15.78037654255855,
                16.17647202594706,
                16.4679130563155,
                16.374378593414757,
                15.525534307033434,
                14.379955761331669,
                12.801216140808208,
                10.406626413196864,
                7.510469923803697,
                4.2272203345624755,
                -1.8144833673984448,
                -2.7116762762508464,
                -1.6401519821146149,
                -0.21798587719530915,
                -0.21798587719530915,
                -0.21798587719530915,
                -0.21798587719530915,
                -0.21798587719530915,
                -0.21798587719530915,
                -0.21798587719530915,
                -0.21798587719530915,
                -0.21798587719530915,
                -0.21798587719530915,
                -0.21798587719530915,
                -0.21798587719530915,
                -0.21798587719530915,
                -1.3605745433751248,
                -2.6171364185629518,
                -3.1352980726337143,
                -1.2633179900366567,
                4.562512944054429,
                7.330908027762713,
                8.480210038157743,
                9.49871488973607,
                10.391041329413007,
                11.15657938375352,
                11.754986220746268,
                12.014144772523064,
                12.194624851064393,
                12.685194266665864,
                13.35991006109493,
                14.076402681670668,
                14.735276240860511,
                15.302424295458506,
                15.78037654255855,
                16.17647202594706,
                16.4679130563155,
                16.374378593414757,
                15.525534307033434,
                14.379955761331669,
                12.801216140808208,
                10.406626413196864,
                7.510469923803697,
                4.2272203345624755,
                -1.8144833673984448,
                -2.7116762762508464,
                -1.6401519821146149,
                -0.21798587719530915,
                12.014144772523064,
                12.014144772523064,
                12.014144772523064,
                12.014144772523064,
                12.014144772523064,
                12.014144772523064,
                12.014144772523064,
                12.014144772523064,
                12.014144772523064,
                12.014144772523064,
                12.014144772523064,
                12.014144772523064,
                12.014144772523064,
                16.4679130563155,
                16.4679130563155,
                16.46791305631553,
                16.4679130563155,
                16.46791305631553,
                16.4679130563155,
                16.4679130563155,
                16.4679130563155,
                16.4679130563155,
                16.4679130563155,
                16.4679130563155,
                16.4679130563155,
                16.4679130563155
            ],
            "Node_2": [
                -0.039099939166179945,
                1.1225121471857344,
                2.2530876357258403,
                3.4890586428460906,
                4.793873538434596,
                6.0983926960432235,
                7.406828155450056,
                9.841097161230556,
                11.971038603207566,
                13.760453426668843,
                14.833507934885079,
                14.322428643092238,
                14.088700982393721,
                14.139920012407284,
                14.305345964429362,
                14.608152356662279,
                15.048126714849456,
                15.57312077237894,
                16.097637043806873,
                16.544684225972304,
                16.855608119438777,
                16.97983174096767,
                16.731498174386758,
                16.07466759935439,
                14.841551034313655,
                13.169257554960467,
                11.456920362693197,
                9.520946735276484,
                7.396029971588503,
                5.247387745524126,
                3.2703547542417586,
                1.5517507297933675,
                -0.039099939166179945,
                -0.039099939166179945,
                -0.039099939166179945,
                -0.039099939166179945,
                -0.039099939166179945,
                -0.039099939166179945,
                -0.039099939166179945,
                -0.039099939166179945,
                -0.039099939166179945,
                -0.039099939166179945,
                -0.039099939166179945,
                -0.039099939166179945,
                -0.039099939166179945,
                1.1225121471857344,
                2.2530876357258403,
                3.4890586428460906,
                4.793873538434596,
                6.0983926960432235,
                7.406828155450056,
                9.841097161230556,
                11.971038603207566,
                13.760453426668843,
                14.833507934885079,
                14.322428643092238,
                14.088700982393721,
                14.139920012407284,
                14.305345964429362,
                14.608152356662279,
                15.048126714849456,
                15.57312077237894,
                16.097637043806873,
                16.544684225972304,
                16.855608119438777,
                16.97983174096767,
                16.731498174386758,
                16.07466759935439,
                14.841551034313655,
                13.169257554960467,
                11.456920362693197,
                9.520946735276484,
                7.396029971588503,
                5.247387745524126,
                3.2703547542417586,
                1.5517507297933675,
                -0.039099939166179945,
                14.088700982393721,
                14.088700982393721,
                14.088700982393721,
                14.088700982393721,
                14.088700982393721,
                14.088700982393721,
                14.088700982393721,
                14.088700982393721,
                14.088700982393721,
                14.088700982393721,
                14.088700982393721,
                14.088700982393721,
                14.088700982393721,
                16.97983174096767,
                16.97983174096767,
                16.979831740967644,
                16.97983174096767,
                16.979831740967644,
                16.97983174096767,
                16.97983174096767,
                16.97983174096767,
                16.97983174096767,
                16.97983174096767,
                16.97983174096767,
                16.97983174096767,
                16.97983174096767
            ],
            "Node_3": [
                -0.025554137264112355,
                3.1517601290189554,
                6.286277496072076,
                9.342191478750959,
                12.220044371116257,
                14.806029264106897,
                16.92811124023441,
                16.62744218986954,
                16.045176253691412,
                15.437913577002297,
                15.190240396388505,
                16.240184091720817,
                16.759673534078686,
                16.83049034597907,
                17.019809692890217,
                17.26694259436562,
                17.503369358741814,
                17.681558671303062,
                17.775172931543832,
                17.76919834587944,
                17.66401029867118,
                17.506294929560596,
                17.509433173693903,
                17.74285331673127,
                17.890119669590437,
                17.9262085399926,
                17.905387557383655,
                17.283265926919178,
                14.813420404912847,
                11.575079609623884,
                7.8810167367889665,
                3.972963698813794,
                -0.025554137264112355,
                -0.025554137264112355,
                -0.025554137264112355,
                -0.025554137264112355,
                -0.025554137264112355,
                -0.025554137264112355,
                -0.025554137264112355,
                -0.025554137264112355,
                -0.025554137264112355,
                -0.025554137264112355,
                -0.025554137264112355,
                -0.025554137264112355,
                -0.025554137264112355,
                3.1517601290189554,
                6.286277496072076,
                9.342191478750959,
                12.220044371116257,
                14.806029264106897,
                16.92811124023441,
                16.62744218986954,
                16.045176253691412,
                15.437913577002297,
                15.190240396388505,
                16.240184091720817,
                16.759673534078686,
                16.83049034597907,
                17.019809692890217,
                17.26694259436562,
                17.503369358741814,
                17.681558671303062,
                17.775172931543832,
                17.76919834587944,
                17.66401029867118,
                17.506294929560596,
                17.509433173693903,
                17.74285331673127,
                17.890119669590437,
                17.9262085399926,
                17.905387557383655,
                17.283265926919178,
                14.813420404912847,
                11.575079609623884,
                7.8810167367889665,
                3.972963698813794,
                -0.025554137264112355,
                16.759673534078686,
                16.759673534078686,
                16.759673534078686,
                16.759673534078686,
                16.759673534078686,
                16.759673534078686,
                16.759673534078686,
                16.759673534078686,
                16.759673534078686,
                16.759673534078686,
                16.759673534078686,
                16.759673534078686,
                16.759673534078686,
                17.506294929560596,
                17.506294929560596,
                17.50629492956059,
                17.506294929560596,
                17.50629492956059,
                17.506294929560596,
                17.506294929560596,
                17.506294929560596,
                17.506294929560596,
                17.506294929560596,
                17.506294929560596,
                17.506294929560596,
                17.506294929560596
            ],
            "Node_4": [
                18.6637538918931,
                18.641824044995673,
                18.527691112627547,
                18.325355832812576,
                18.030540156414496,
                17.644020448950148,
                17.204100116329254,
                18.43676236235996,
                18.947840563813305,
                18.813423386845443,
                18.44398994082623,
                17.986382869809365,
                17.65862960581613,
                17.71851336822267,
                17.90315219966676,
                18.228195900406277,
                18.71486228115598,
                19.367977143001003,
                20.15616790086429,
                21.026452294108434,
                21.932082824457865,
                22.73637966998383,
                21.81856757490156,
                20.95173963557767,
                20.366594065866558,
                20.129957962176423,
                19.32517311323102,
                18.189592267587393,
                18.18257050561953,
                18.328874959823118,
                18.510461522551097,
                18.65827076707241,
                18.6637538918931,
                18.6637538918931,
                18.6637538918931,
                18.6637538918931,
                18.6637538918931,
                18.6637538918931,
                18.6637538918931,
                18.6637538918931,
                18.6637538918931,
                18.6637538918931,
                18.6637538918931,
                18.6637538918931,
                18.6637538918931,
                18.641824044995673,
                18.527691112627547,
                18.325355832812576,
                18.030540156414496,
                17.644020448950148,
                17.204100116329254,
                18.43676236235996,
                18.947840563813305,
                18.813423386845443,
                18.44398994082623,
                17.986382869809365,
                17.65862960581613,
                17.71851336822267,
                17.90315219966676,
                18.228195900406277,
                18.71486228115598,
                19.367977143001003,
                20.15616790086429,
                21.026452294108434,
                21.932082824457865,
                22.73637966998383,
                21.81856757490156,
                20.95173963557767,
                20.366594065866558,
                20.129957962176423,
                19.32517311323102,
                18.189592267587393,
                18.18257050561953,
                18.328874959823118,
                18.510461522551097,
                18.65827076707241,
                18.6637538918931,
                17.65862960581613,
                17.65862960581613,
                17.65862960581613,
                17.65862960581613,
                17.65862960581613,
                17.65862960581613,
                17.65862960581613,
                17.65862960581613,
                17.65862960581613,
                17.65862960581613,
                17.65862960581613,
                17.65862960581613,
                17.65862960581613,
                22.73637966998383,
                22.73637966998383,
                22.736379669983826,
                22.73637966998383,
                22.736379669983826,
                22.73637966998383,
                22.73637966998383,
                22.73637966998383,
                22.73637966998383,
                22.73637966998383,
                22.73637966998383,
                22.73637966998383,
                22.73637966998383
            ],
            "Node_5": [
                18.74089443311739,
                18.89778690083979,
                19.375626836269046,
                20.017513249843095,
                20.59200247631692,
                20.92604477837203,
                21.056275396704077,
                21.264355196270557,
                21.905363254146128,
                22.814671045434388,
                23.773340438637028,
                24.785533817104696,
                25.726002890559347,
                25.67251662102142,
                25.51694396774212,
                25.27675835222307,
                24.978005452879877,
                24.641855218684725,
                24.277056402883968,
                23.8553533848162,
                23.344000599776805,
                22.855298675758966,
                22.804883033281257,
                22.17101603094953,
                21.447146300223057,
                20.64906853812452,
                20.41967361214352,
                20.63319622563103,
                20.695253510824593,
                20.344822158817063,
                19.637093444926187,
                18.96009543277592,
                18.74089443311739,
                18.74089443311739,
                18.74089443311739,
                18.74089443311739,
                18.74089443311739,
                18.74089443311739,
                18.74089443311739,
                18.74089443311739,
                18.74089443311739,
                18.74089443311739,
                18.74089443311739,
                18.74089443311739,
                18.74089443311739,
                18.89778690083979,
                19.375626836269046,
                20.017513249843095,
                20.59200247631692,
                20.92604477837203,
                21.056275396704077,
                21.264355196270557,
                21.905363254146128,
                22.814671045434388,
                23.773340438637028,
                24.785533817104696,
                25.726002890559347,
                25.67251662102142,
                25.51694396774212,
                25.27675835222307,
                24.978005452879877,
                24.641855218684725,
                24.277056402883968,
                23.8553533848162,
                23.344000599776805,
                22.855298675758966,
                22.804883033281257,
                22.17101603094953,
                21.447146300223057,
                20.64906853812452,
                20.41967361214352,
                20.63319622563103,
                20.695253510824593,
                20.344822158817063,
                19.637093444926187,
                18.96009543277592,
                18.74089443311739,
                25.726002890559347,
                25.726002890559347,
                25.726002890559347,
                25.726002890559347,
                25.726002890559347,
                25.726002890559347,
                25.726002890559347,
                25.726002890559347,
                25.726002890559347,
                25.726002890559347,
                25.726002890559347,
                25.726002890559347,
                25.726002890559347,
                22.855298675758966,
                22.855298675758966,
                22.85529867575896,
                22.855298675758966,
                22.85529867575896,
                22.855298675758966,
                22.855298675758966,
                22.855298675758966,
                22.855298675758966,
                22.855298675758966,
                22.855298675758966,
                22.855298675758966,
                22.855298675758966
            ],
            "Node_6": [
                31.172875291699192,
                31.133812894286326,
                31.03345320598695,
                30.908905826919515,
                30.788352965878005,
                30.661174083229415,
                30.47739624267388,
                30.183112045082673,
                29.713175799502697,
                29.013384708067772,
                28.08878620862923,
                27.0181824792082,
                26.04382933073779,
                25.994578204080895,
                25.850031170913937,
                25.61778457186668,
                25.30663952120208,
                24.927590804491306,
                24.502642458622592,
                24.092389687902376,
                23.753554605842858,
                23.48903000261451,
                24.51019017190898,
                26.090553523952156,
                27.615409478631076,
                28.906734148713134,
                29.81994751558487,
                30.347502211597046,
                30.62099124086742,
                30.801327413750496,
                30.97017373739149,
                31.114024485114886,
                31.172875291699192,
                31.172875291699192,
                31.172875291699192,
                31.172875291699192,
                31.172875291699192,
                31.172875291699192,
                31.172875291699192,
                31.172875291699192,
                31.172875291699192,
                31.172875291699192,
                31.172875291699192,
                31.172875291699192,
                31.172875291699192,
                31.133812894286326,
                31.03345320598695,
                30.908905826919515,
                30.788352965878005,
                30.661174083229415,
                30.47739624267388,
                30.183112045082673,
                29.713175799502697,
                29.013384708067772,
                28.08878620862923,
                27.0181824792082,
                26.04382933073779,
                25.994578204080895,
                25.850031170913937,
                25.61778457186668,
                25.30663952120208,
                24.927590804491306,
                24.502642458622592,
                24.092389687902376,
                23.753554605842858,
                23.48903000261451,
                24.51019017190898,
                26.090553523952156,
                27.615409478631076,
                28.906734148713134,
                29.81994751558487,
                30.347502211597046,
                30.62099124086742,
                30.801327413750496,
                30.97017373739149,
                31.114024485114886,
                31.172875291699192,
                26.04382933073779,
                26.04382933073779,
                26.04382933073779,
                26.04382933073779,
                26.04382933073779,
                26.04382933073779,
                26.04382933073779,
                26.04382933073779,
                26.04382933073779,
                26.04382933073779,
                26.04382933073779,
                26.04382933073779,
                26.04382933073779,
                23.48903000261451,
                23.48903000261451,
                23.489030002614502,
                23.48903000261451,
                23.489030002614502,
                23.48903000261451,
                23.48903000261451,
                23.48903000261451,
                23.48903000261451,
                23.48903000261451,
                23.48903000261451,
                23.48903000261451,
                23.48903000261451
            ],
            "Node_7": [
                44.00310518229241,
                43.86116912632194,
                42.339874644505876,
                38.98901269938681,
                36.42124418839619,
                35.30096473525995,
                35.63059128059455,
                37.1042214924068,
                39.337453128136886,
                41.81647684189322,
                43.933677189441774,
                45.243282408662125,
                45.660736930812725,
                44.90036743108108,
                44.092767647344225,
                43.60307244302618,
                43.52550490796646,
                43.89056424121086,
                44.66350952490987,
                45.72595601806056,
                46.840783702557445,
                47.37776122903479,
                46.815469403076094,
                44.729191621413925,
                42.033611509692705,
                39.23885789423474,
                36.760728894320934,
                35.165757624587044,
                35.102115972521744,
                37.04374752756515,
                40.72475429498283,
                43.7334465472224,
                44.00310518229241,
                44.00310518229241,
                44.00310518229241,
                44.00310518229241,
                44.00310518229241,
                44.00310518229241,
                44.00310518229241,
                44.00310518229241,
                44.00310518229241,
                44.00310518229241,
                44.00310518229241,
                44.00310518229241,
                44.00310518229241,
                43.86116912632194,
                42.339874644505876,
                38.98901269938681,
                36.42124418839619,
                35.30096473525995,
                35.63059128059455,
                37.1042214924068,
                39.337453128136886,
                41.81647684189322,
                43.933677189441774,
                45.243282408662125,
                45.660736930812725,
                44.90036743108108,
                44.092767647344225,
                43.60307244302618,
                43.52550490796646,
                43.89056424121086,
                44.66350952490987,
                45.72595601806056,
                46.840783702557445,
                47.37776122903479,
                46.815469403076094,
                44.729191621413925,
                42.033611509692705,
                39.23885789423474,
                36.760728894320934,
                35.165757624587044,
                35.102115972521744,
                37.04374752756515,
                40.72475429498283,
                43.7334465472224,
                44.00310518229241,
                45.660736930812725,
                45.660736930812725,
                45.660736930812725,
                45.660736930812725,
                45.660736930812725,
                45.660736930812725,
                45.660736930812725,
                45.660736930812725,
                45.660736930812725,
                45.660736930812725,
                45.660736930812725,
                45.660736930812725,
                45.660736930812725,
                47.37776122903479,
                47.37776122903479,
                47.37776122903481,
                47.37776122903479,
                47.37776122903481,
                47.37776122903479,
                47.37776122903479,
                47.37776122903479,
                47.37776122903479,
                47.37776122903479,
                47.37776122903479,
                47.37776122903479,
                47.37776122903479
            ],
            "Node_8": [
                44.02621032160688,
                44.07679021604351,
                43.60446932610962,
                43.44586862327558,
                43.55003213421503,
                43.85780078980439,
                44.25730857807252,
                44.68979735409526,
                45.14893606800783,
                45.60800136745996,
                45.99666599338441,
                46.24740378898445,
                46.33150444400898,
                47.183692907813295,
                48.286584527117405,
                49.310617347632174,
                49.38687543895395,
                49.07660676153001,
                48.7873357821716,
                48.504187804379946,
                47.98037698999882,
                47.656744772700115,
                47.130273212582985,
                47.26351752191143,
                47.94126205077447,
                48.52436171439954,
                46.93624967653525,
                45.54891417418371,
                44.587150439416085,
                44.08659732267856,
                44.04002152539944,
                44.32370248200235,
                44.02621032160688,
                44.02621032160688,
                44.02621032160688,
                44.02621032160688,
                44.02621032160688,
                44.02621032160688,
                44.02621032160688,
                44.02621032160688,
                44.02621032160688,
                44.02621032160688,
                44.02621032160688,
                44.02621032160688,
                44.02621032160688,
                44.07679021604351,
                43.60446932610962,
                43.44586862327558,
                43.55003213421503,
                43.85780078980439,
                44.25730857807252,
                44.68979735409526,
                45.14893606800783,
                45.60800136745996,
                45.99666599338441,
                46.24740378898445,
                46.33150444400898,
                47.183692907813295,
                48.286584527117405,
                49.310617347632174,
                49.38687543895395,
                49.07660676153001,
                48.7873357821716,
                48.504187804379946,
                47.98037698999882,
                47.656744772700115,
                47.130273212582985,
                47.26351752191143,
                47.94126205077447,
                48.52436171439954,
                46.93624967653525,
                45.54891417418371,
                44.587150439416085,
                44.08659732267856,
                44.04002152539944,
                44.32370248200235,
                44.02621032160688,
                46.33150444400898,
                46.33150444400898,
                46.33150444400898,
                46.33150444400898,
                46.33150444400898,
                46.33150444400898,
                46.33150444400898,
                46.33150444400898,
                46.33150444400898,
                46.33150444400898,
                46.33150444400898,
                46.33150444400898,
                46.33150444400898,
                47.656744772700115,
                47.656744772700115,
                47.65674477270008,
                47.656744772700115,
                47.65674477270008,
                47.656744772700115,
                47.656744772700115,
                47.656744772700115,
                47.656744772700115,
                47.656744772700115,
                47.656744772700115,
                47.656744772700115,
                47.656744772700115
            ],
            "Node_9": [
                47.273674674402955,
                46.10267706087489,
                45.306527728190346,
                46.32882833070894,
                47.62859144488991,
                48.76752104435752,
                49.51881798396864,
                49.83537295433715,
                50.0162760628005,
                50.1285493881308,
                50.18073448453612,
                50.19390275033554,
                50.194489512223626,
                50.12816040747179,
                49.94748003650683,
                49.69021629307565,
                50.17009025787707,
                50.06611662947568,
                49.41996783618846,
                48.773809496401995,
                48.49534844864756,
                48.45037774917349,
                48.60925316517678,
                48.975914462277565,
                49.361634987969694,
                48.75152310989196,
                49.18876103168701,
                48.94340649490081,
                47.98814884513111,
                46.64241683983786,
                45.27686808296426,
                45.37309028387593,
                47.273674674402955,
                47.273674674402955,
                47.273674674402955,
                47.273674674402955,
                47.273674674402955,
                47.273674674402955,
                47.273674674402955,
                47.273674674402955,
                47.273674674402955,
                47.273674674402955,
                47.273674674402955,
                47.273674674402955,
                47.273674674402955,
                46.10267706087489,
                45.306527728190346,
                46.32882833070894,
                47.62859144488991,
                48.76752104435752,
                49.51881798396864,
                49.83537295433715,
                50.0162760628005,
                50.1285493881308,
                50.18073448453612,
                50.19390275033554,
                50.194489512223626,
                50.12816040747179,
                49.94748003650683,
                49.69021629307565,
                50.17009025787707,
                50.06611662947568,
                49.41996783618846,
                48.773809496401995,
                48.49534844864756,
                48.45037774917349,
                48.60925316517678,
                48.975914462277565,
                49.361634987969694,
                48.75152310989196,
                49.18876103168701,
                48.94340649490081,
                47.98814884513111,
                46.64241683983786,
                45.27686808296426,
                45.37309028387593,
                47.273674674402955,
                50.194489512223626,
                50.194489512223626,
                50.194489512223626,
                50.194489512223626,
                50.194489512223626,
                50.194489512223626,
                50.194489512223626,
                50.194489512223626,
                50.194489512223626,
                50.194489512223626,
                50.194489512223626,
                50.194489512223626,
                50.194489512223626,
                48.45037774917349,
                48.45037774917349,
                48.450377749173484,
                48.45037774917349,
                48.450377749173484,
                48.45037774917349,
                48.45037774917349,
                48.45037774917349,
                48.45037774917349,
                48.45037774917349,
                48.45037774917349,
                48.45037774917349,
                48.45037774917349
            ],
            "Node_10": [
                47.34801746036152,
                47.47908004316827,
                47.91794022335872,
                48.4333824603327,
                48.917413709255925,
                49.32451834137769,
                49.68312889056811,
                50.07151910887336,
                50.31737875096004,
                50.50135803195192,
                50.77500918573069,
                51.17866427188723,
                51.410012088178476,
                51.38141750555439,
                51.271980015218524,
                51.03634580595163,
                50.66080420360857,
                50.899364114541925,
                51.341995640952874,
                51.523820971535564,
                51.45690117504079,
                51.36812628575677,
                51.67499214314187,
                51.30174894677247,
                50.1446244016299,
                49.5784496631285,
                49.49459202594095,
                49.393119843575754,
                49.275141056015705,
                48.914212679225,
                48.28820449323164,
                47.62549783083895,
                47.34801746036152,
                47.34801746036152,
                47.34801746036152,
                47.34801746036152,
                47.34801746036152,
                47.34801746036152,
                47.34801746036152,
                47.34801746036152,
                47.34801746036152,
                47.34801746036152,
                47.34801746036152,
                47.34801746036152,
                47.34801746036152,
                47.47908004316827,
                47.91794022335872,
                48.4333824603327,
                48.917413709255925,
                49.32451834137769,
                49.68312889056811,
                50.07151910887336,
                50.31737875096004,
                50.50135803195192,
                50.77500918573069,
                51.17866427188723,
                51.410012088178476,
                51.38141750555439,
                51.271980015218524,
                51.03634580595163,
                50.66080420360857,
                50.899364114541925,
                51.341995640952874,
                51.523820971535564,
                51.45690117504079,
                51.36812628575677,
                51.67499214314187,
                51.30174894677247,
                50.1446244016299,
                49.5784496631285,
                49.49459202594095,
                49.393119843575754,
                49.275141056015705,
                48.914212679225,
                48.28820449323164,
                47.62549783083895,
                47.34801746036152,
                51.410012088178476,
                51.410012088178476,
                51.410012088178476,
                51.410012088178476,
                51.410012088178476,
                51.410012088178476,
                51.410012088178476,
                51.410012088178476,
                51.410012088178476,
                51.410012088178476,
                51.410012088178476,
                51.410012088178476,
                51.410012088178476,
                51.36812628575677,
                51.36812628575677,
                51.36812628575677,
                51.36812628575677,
                51.36812628575677,
                51.36812628575677,
                51.36812628575677,
                51.36812628575677,
                51.36812628575677,
                51.36812628575677,
                51.36812628575677,
                51.36812628575677,
                51.36812628575677
            ],
            "Node_11": [
                56.23355610716654,
                56.873712157369994,
                58.21895703824642,
                59.34447704263347,
                59.44035867966607,
                59.33121019775807,
                59.240393320213784,
                59.17879360207727,
                59.09077879625863,
                58.853257846672925,
                58.369085453890534,
                57.78927555152283,
                57.50072084191361,
                57.44560665536485,
                57.28482405784428,
                57.022440442996185,
                56.65704990565782,
                56.20236435751105,
                55.70568827655877,
                55.2403134483397,
                54.892855393015225,
                54.752356303254295,
                55.27789648757215,
                56.748994728278554,
                58.184201610174576,
                59.229217031562285,
                59.5208777284888,
                59.51839686970747,
                59.555764822309676,
                59.666999607329366,
                59.16581223177598,
                57.3165729605967,
                56.23355610716654,
                56.23355610716654,
                56.23355610716654,
                56.23355610716654,
                56.23355610716654,
                56.23355610716654,
                56.23355610716654,
                56.23355610716654,
                56.23355610716654,
                56.23355610716654,
                56.23355610716654,
                56.23355610716654,
                56.23355610716654,
                56.873712157369994,
                58.21895703824642,
                59.34447704263347,
                59.44035867966607,
                59.33121019775807,
                59.240393320213784,
                59.17879360207727,
                59.09077879625863,
                58.853257846672925,
                58.369085453890534,
                57.78927555152283,
                57.50072084191361,
                57.44560665536485,
                57.28482405784428,
                57.022440442996185,
                56.65704990565782,
                56.20236435751105,
                55.70568827655877,
                55.2403134483397,
                54.892855393015225,
                54.752356303254295,
                55.27789648757215,
                56.748994728278554,
                58.184201610174576,
                59.229217031562285,
                59.5208777284888,
                59.51839686970747,
                59.555764822309676,
                59.666999607329366,
                59.16581223177598,
                57.3165729605967,
                56.23355610716654,
                57.50072084191361,
                57.50072084191361,
                57.50072084191361,
                57.50072084191361,
                57.50072084191361,
                57.50072084191361,
                57.50072084191361,
                57.50072084191361,
                57.50072084191361,
                57.50072084191361,
                57.50072084191361,
                57.50072084191361,
                57.50072084191361,
                54.752356303254295,
                54.752356303254295,
                54.7523563032543,
                54.752356303254295,
                54.7523563032543,
                54.752356303254295,
                54.752356303254295,
                54.752356303254295,
                54.752356303254295,
                54.752356303254295,
                54.752356303254295,
                54.752356303254295,
                54.752356303254295
            ],
            "Node_12": [
                60.32569850269219,
                60.2669063939068,
                60.144816930097186,
                60.33491078787421,
                61.37665966762226,
                62.209027215329506,
                62.20975763072778,
                61.326388545301235,
                60.46287735017032,
                59.815794006282474,
                59.45111663860265,
                59.274846045386276,
                59.22289772868438,
                59.229703292383256,
                59.24534568956184,
                59.268776539150764,
                59.308234570469196,
                59.361930012410866,
                59.41731251514594,
                59.47194505573551,
                59.52855784384511,
                59.57420748712349,
                59.6363215716313,
                59.7153981015925,
                59.737851895195774,
                59.80423351493919,
                60.631187473271225,
                61.856089307244304,
                62.0617582018317,
                61.02908510497291,
                60.06688365502295,
                60.23320732841964,
                60.32569850269219,
                60.32569850269219,
                60.32569850269219,
                60.32569850269219,
                60.32569850269219,
                60.32569850269219,
                60.32569850269219,
                60.32569850269219,
                60.32569850269219,
                60.32569850269219,
                60.32569850269219,
                60.32569850269219,
                60.32569850269219,
                60.2669063939068,
                60.144816930097186,
                60.33491078787421,
                61.37665966762226,
                62.209027215329506,
                62.20975763072778,
                61.326388545301235,
                60.46287735017032,
                59.815794006282474,
                59.45111663860265,
                59.274846045386276,
                59.22289772868438,
                59.229703292383256,
                59.24534568956184,
                59.268776539150764,
                59.308234570469196,
                59.361930012410866,
                59.41731251514594,
                59.47194505573551,
                59.52855784384511,
                59.57420748712349,
                59.6363215716313,
                59.7153981015925,
                59.737851895195774,
                59.80423351493919,
                60.631187473271225,
                61.856089307244304,
                62.0617582018317,
                61.02908510497291,
                60.06688365502295,
                60.23320732841964,
                60.32569850269219,
                59.22289772868438,
                59.22289772868438,
                59.22289772868438,
                59.22289772868438,
                59.22289772868438,
                59.22289772868438,
                59.22289772868438,
                59.22289772868438,
                59.22289772868438,
                59.22289772868438,
                59.22289772868438,
                59.22289772868438,
                59.22289772868438,
                59.57420748712349,
                59.57420748712349,
                59.57420748712349,
                59.57420748712349,
                59.57420748712349,
                59.57420748712349,
                59.57420748712349,
                59.57420748712349,
                59.57420748712349,
                59.57420748712349,
                59.57420748712349,
                59.57420748712349,
                59.57420748712349
            ],
            "Node_13": [
                67.7524425482183,
                67.74859359875313,
                67.54130753818266,
                66.80478034361334,
                65.52079333311072,
                64.0676607730291,
                63.10228283846634,
                62.81531151591475,
                62.40150241005122,
                61.84089100876298,
                61.291942770899915,
                60.92846450886999,
                60.8096073066778,
                60.7792842360446,
                60.69485040886571,
                60.56822468100372,
                60.41046068343505,
                60.23559696780627,
                60.0593928314159,
                59.89830790776161,
                59.77379784161996,
                59.70938484274737,
                59.75066403873667,
                60.069200452785374,
                60.84612804719504,
                61.83990255865351,
                62.58607949379363,
                62.96540243473868,
                64.00162562229075,
                65.66490783043287,
                66.99231716780476,
                67.62055769754396,
                67.7524425482183,
                67.7524425482183,
                67.7524425482183,
                67.7524425482183,
                67.7524425482183,
                67.7524425482183,
                67.7524425482183,
                67.7524425482183,
                67.7524425482183,
                67.7524425482183,
                67.7524425482183,
                67.7524425482183,
                67.7524425482183,
                67.74859359875313,
                67.54130753818266,
                66.80478034361334,
                65.52079333311072,
                64.0676607730291,
                63.10228283846634,
                62.81531151591475,
                62.40150241005122,
                61.84089100876298,
                61.291942770899915,
                60.92846450886999,
                60.8096073066778,
                60.7792842360446,
                60.69485040886571,
                60.56822468100372,
                60.41046068343505,
                60.23559696780627,
                60.0593928314159,
                59.89830790776161,
                59.77379784161996,
                59.70938484274737,
                59.75066403873667,
                60.069200452785374,
                60.84612804719504,
                61.83990255865351,
                62.58607949379363,
                62.96540243473868,
                64.00162562229075,
                65.66490783043287,
                66.99231716780476,
                67.62055769754396,
                67.7524425482183,
                60.8096073066778,
                60.8096073066778,
                60.8096073066778,
                60.8096073066778,
                60.8096073066778,
                60.8096073066778,
                60.8096073066778,
                60.8096073066778,
                60.8096073066778,
                60.8096073066778,
                60.8096073066778,
                60.8096073066778,
                60.8096073066778,
                59.70938484274737,
                59.70938484274737,
                59.709384842747404,
                59.70938484274737,
                59.709384842747404,
                59.70938484274737,
                59.70938484274737,
                59.70938484274737,
                59.70938484274737,
                59.70938484274737,
                59.70938484274737,
                59.70938484274737,
                59.70938484274737
            ],
            "Node_14": [
                76.88399471058662,
                77.03100269883107,
                77.43360138901818,
                77.88549943868344,
                78.44544574741747,
                79.10538880482405,
                79.82748499644899,
                80.56142695578743,
                81.25227185456326,
                81.84969969865722,
                82.31224186229919,
                82.60629777252879,
                82.70743337607115,
                82.83321194130862,
                83.19733620840755,
                83.76272111471948,
                84.47586709673729,
                85.276853706668,
                86.10893286904475,
                86.9252519424698,
                87.68692081730254,
                88.23080167939919,
                87.25144461959204,
                86.09637757616628,
                84.81868655133472,
                83.45857528854118,
                82.0799883078526,
                80.74296549168537,
                79.50727481783882,
                78.44589811494205,
                77.62268536769261,
                77.07695734815783,
                76.88399471058662,
                76.88399471058662,
                76.88399471058662,
                76.88399471058662,
                76.88399471058662,
                76.88399471058662,
                76.88399471058662,
                76.88399471058662,
                76.88399471058662,
                76.88399471058662,
                76.88399471058662,
                76.88399471058662,
                76.88399471058662,
                77.03100269883107,
                77.43360138901818,
                77.88549943868344,
                78.44544574741747,
                79.10538880482405,
                79.82748499644899,
                80.56142695578743,
                81.25227185456326,
                81.84969969865722,
                82.31224186229919,
                82.60629777252879,
                82.70743337607115,
                82.83321194130862,
                83.19733620840755,
                83.76272111471948,
                84.47586709673729,
                85.276853706668,
                86.10893286904475,
                86.9252519424698,
                87.68692081730254,
                88.23080167939919,
                87.25144461959204,
                86.09637757616628,
                84.81868655133472,
                83.45857528854118,
                82.0799883078526,
                80.74296549168537,
                79.50727481783882,
                78.44589811494205,
                77.62268536769261,
                77.07695734815783,
                76.88399471058662,
                82.70743337607115,
                82.70743337607115,
                82.70743337607115,
                82.70743337607115,
                82.70743337607115,
                82.70743337607115,
                82.70743337607115,
                82.70743337607115,
                82.70743337607115,
                82.70743337607115,
                82.70743337607115,
                82.70743337607115,
                82.70743337607115,
                88.23080167939919,
                88.23080167939919,
                88.23080167939915,
                88.23080167939919,
                88.23080167939915,
                88.23080167939919,
                88.23080167939919,
                88.23080167939919,
                88.23080167939919,
                88.23080167939919,
                88.23080167939919,
                88.23080167939919,
                88.23080167939919
            ],
            "Node_15": [
                77.16675362906955,
                77.26021355143392,
                77.6422335744957,
                78.63294075556392,
                80.17291210396246,
                82.05835114160583,
                83.99855418518172,
                85.78748032351525,
                87.36849485015127,
                88.74755438879885,
                89.8835782395154,
                90.658037487272,
                90.935944090813,
                90.91443433951099,
                90.83892778752933,
                90.69032741943319,
                90.46233699575637,
                90.1611652936428,
                89.79127098102073,
                89.35240754287328,
                88.8496065983439,
                88.41863618965223,
                89.16964876677001,
                89.41572823877613,
                88.99410370935213,
                87.95350096679152,
                86.41437695311426,
                84.42685385637616,
                82.09643558440378,
                79.83273343642566,
                78.19027776689563,
                77.38013032550344,
                77.16675362906955,
                77.16675362906955,
                77.16675362906955,
                77.16675362906955,
                77.16675362906955,
                77.16675362906955,
                77.16675362906955,
                77.16675362906955,
                77.16675362906955,
                77.16675362906955,
                77.16675362906955,
                77.16675362906955,
                77.16675362906955,
                77.26021355143392,
                77.6422335744957,
                78.63294075556392,
                80.17291210396246,
                82.05835114160583,
                83.99855418518172,
                85.78748032351525,
                87.36849485015127,
                88.74755438879885,
                89.8835782395154,
                90.658037487272,
                90.935944090813,
                90.91443433951099,
                90.83892778752933,
                90.69032741943319,
                90.46233699575637,
                90.1611652936428,
                89.79127098102073,
                89.35240754287328,
                88.8496065983439,
                88.41863618965223,
                89.16964876677001,
                89.41572823877613,
                88.99410370935213,
                87.95350096679152,
                86.41437695311426,
                84.42685385637616,
                82.09643558440378,
                79.83273343642566,
                78.19027776689563,
                77.38013032550344,
                77.16675362906955,
                90.935944090813,
                90.935944090813,
                90.935944090813,
                90.935944090813,
                90.935944090813,
                90.935944090813,
                90.935944090813,
                90.935944090813,
                90.935944090813,
                90.935944090813,
                90.935944090813,
                90.935944090813,
                90.935944090813,
                88.41863618965223,
                88.41863618965223,
                88.41863618965223,
                88.41863618965223,
                88.41863618965223,
                88.41863618965223,
                88.41863618965223,
                88.41863618965223,
                88.41863618965223,
                88.41863618965223,
                88.41863618965223,
                88.41863618965223,
                88.41863618965223
            ]
        }
    },
    "Phonon_DOS": {
        "DOS": [
            0.0,
            0.004,
            0.0,
            0.0033333333333333335,
            0.0,
            0.0026666666666666666,
            0.0026666666666666666,
            0.004,
            0.0013333333333333333,
            0.006666666666666667,
            0.0013333333333333333,
            0.012,
            0.005333333333333333,
            0.006666666666666667,
            0.009333333333333334,
            0.009333333333333334,
            0.021333333333333333,
            0.008666666666666666,
            0.02333333333333333,
            0.02,
            0.025333333333333333,
            0.03866666666666666,
            0.03066666666666667,
            0.027999999999999997,
            0.022666666666666665,
            0.016,
            0.012,
            0.004,
            0.02,
            0.002,
            0.01,
            0.008,
            0.004,
            0.012,
            0.024,
            0.0006666666666666666,
            0.0,
            0.0,
            0.0,
            0.012,
            0.004,
            0.004,
            0.004,
            0.005333333333333333,
            0.005333333333333333,
            0.0013333333333333333,
            0.009333333333333334,
            0.02,
            0.014666666666666666,
            0.015333333333333334,
            0.011333333333333332,
            0.016,
            0.034666666666666665,
            0.07,
            0.03,
            0.009333333333333334,
            0.0,
            0.0,
            0.0,
            0.004,
            0.004666666666666667,
            0.017333333333333333,
            0.007333333333333333,
            0.078,
            0.029333333333333333,
            0.02666666666666667,
            0.017333333333333333,
            0.0026666666666666666,
            0.004,
            0.004,
            0.0,
            0.004666666666666667,
            0.0,
            0.0,
            0.0,
            0.0,
            0.0,
            0.0,
            0.0,
            0.0,
            0.0006666666666666666,
            0.007333333333333333,
            0.009333333333333334,
            0.0,
            0.016,
            0.004,
            0.017333333333333333,
            0.008666666666666666,
            0.016,
            0.004,
            0.005333333333333333,
            0.009333333333333334,
            0.006666666666666667,
            0.014666666666666666,
            0.013333333333333334,
            0.0006666666666666666,
            0.0
        ],
        "Energy(meV)": [
            -3.5,
            -2.5,
            -1.5,
            -0.5,
            0.5,
            1.5,
            2.5,
            3.5,
            4.5,
            5.5,
            6.5,
            7.5,
            8.5,
            9.5,
            10.5,
            11.5,
            12.5,
            13.5,
            14.5,
            15.5,
            16.5,
            17.5,
            18.5,
            19.5,
            20.5,
            21.5,
            22.5,
            23.5,
            24.5,
            25.5,
            26.5,
            27.5,
            28.5,
            29.5,
            30.5,
            31.5,
            32.5,
            33.5,
            34.5,
            35.5,
            36.5,
            37.5,
            38.5,
            39.5,
            40.5,
            41.5,
            42.5,
            43.5,
            44.5,
            45.5,
            46.5,
            47.5,
            48.5,
            49.5,
            50.5,
            51.5,
            52.5,
            53.5,
            54.5,
            55.5,
            56.5,
            57.5,
            58.5,
            59.5,
            60.5,
            61.5,
            62.5,
            63.5,
            64.5,
            65.5,
            66.5,
            67.5,
            68.5,
            69.5,
            70.5,
            71.5,
            72.5,
            73.5,
            74.5,
            75.5,
            76.5,
            77.5,
            78.5,
            79.5,
            80.5,
            81.5,
            82.5,
            83.5,
            84.5,
            85.5,
            86.5,
            87.5,
            88.5,
            89.5,
            90.5,
            91.5,
            92.5
        ]
    }
}