{
    "POSCAR": {
        "Atomes": "   W    N\n",
        "coordinate": "Direct\n",
        "unit_cell": {
            "a_vector": "2.789883384623248   7.204615266913593e-07   -1.1754176117203009e-07\n",
            "b_vector": "-1.3949410684175816   2.416109300428974   4.250842357145691e-08\n",
            "c_vector": "-1.6144511252898778e-06   -2.5792191172722063e-07   50.11934217420568\n"
        },
        "positions": {
            "W": [
                "0.6666666622374019   0.33333332700092727   0.14097156800224647\n",
                "0.33333334123281644   0.6666666603913147   0.25902843203055415\n",
                "-2.5954486578649174e-09   -2.9193088682730413e-08   0.19999999735986032\n"
            ],
            "N": [
                "0.33333334387526475   0.6666666879746691   0.16970322915390038\n",
                "0.6666666552499625   0.3333333538261737   0.23029677753593697\n"
            ]
        }
    },
    "Termo_data": {
        "Temperature (K)": [
            0,
            10,
            20,
            30,
            40,
            50,
            60,
            70,
            80,
            90,
            100,
            110,
            120,
            130,
            140,
            150,
            160,
            170,
            180,
            190,
            200,
            210,
            220,
            230,
            240,
            250,
            260,
            270,
            280,
            290,
            300,
            310,
            320,
            330,
            340,
            350,
            360,
            370,
            380,
            390,
            400,
            410,
            420,
            430,
            440,
            450,
            460,
            470,
            480,
            490,
            500,
            510,
            520,
            530,
            540,
            550,
            560,
            570,
            580,
            590,
            600,
            610,
            620,
            630,
            640,
            650,
            660,
            670,
            680,
            690,
            700,
            710,
            720,
            730,
            740,
            750,
            760,
            770,
            780,
            790,
            800,
            810,
            820,
            830,
            840,
            850,
            860,
            870,
            880,
            890,
            900,
            910,
            920,
            930,
            940,
            950,
            960,
            970,
            980,
            990,
            1000,
            1010,
            1020,
            1030,
            1040,
            1050,
            1060,
            1070,
            1080,
            1090,
            1100,
            1110,
            1120,
            1130,
            1140,
            1150,
            1160,
            1170,
            1180,
            1190,
            1200,
            1210,
            1220,
            1230,
            1240,
            1250,
            1260,
            1270,
            1280,
            1290,
            1300,
            1310,
            1320,
            1330,
            1340,
            1350,
            1360,
            1370,
            1380,
            1390,
            1400,
            1410,
            1420,
            1430,
            1440,
            1450,
            1460,
            1470,
            1480,
            1490,
            1500,
            1510,
            1520,
            1530,
            1540,
            1550,
            1560,
            1570,
            1580,
            1590,
            1600,
            1610,
            1620,
            1630,
            1640,
            1650,
            1660,
            1670,
            1680,
            1690,
            1700,
            1710,
            1720,
            1730,
            1740,
            1750,
            1760,
            1770,
            1780,
            1790,
            1800,
            1810,
            1820,
            1830,
            1840,
            1850,
            1860,
            1870,
            1880,
            1890,
            1900,
            1910,
            1920,
            1930,
            1940,
            1950,
            1960,
            1970
        ],
        "Gibbs_free(J/mole)": [
            -623222.4790936707,
            -623222.7392827226,
            -623224.746391371,
            -623231.6782114179,
            -623247.2637454008,
            -623274.0674523237,
            -623313.3945734968,
            -623365.6988243901,
            -623430.9554516895,
            -623508.9051001066,
            -623599.1922636512,
            -623701.4358504635,
            -623815.2613515898,
            -623940.3126742638,
            -624076.2549817595,
            -624222.7730390263,
            -624379.5689896997,
            -624546.3595213533,
            -624722.8739218422,
            -624908.8525530285,
            -625104.0455475535,
            -625308.2120479299,
            -625521.1196149578,
            -625742.5439859788,
            -625972.2685166895,
            -626210.0841600067,
            -626455.7891170424,
            -626709.1886797961,
            -626970.0951280274,
            -627238.3274289735,
            -627513.7110722997,
            -627796.0778171906,
            -628085.2656491768,
            -628381.1183436912,
            -628683.4853841144,
            -628992.221784294,
            -629307.1877174559,
            -629628.2485136187,
            -629955.2743329387,
            -630288.1398685396,
            -630626.7244219927,
            -630970.9114093109,
            -631320.588472096,
            -631675.6469948976,
            -632035.9822678883,
            -632401.4929960734,
            -632772.0814220713,
            -633147.6530205384,
            -633528.1163714852,
            -633913.3830392712,
            -634303.3675347387,
            -634697.9870634478,
            -635097.1613550951,
            -635500.8128416785,
            -635908.8662919233,
            -636321.2487546365,
            -636737.889436889,
            -637158.7197755651,
            -637583.6731666344,
            -638012.6850325376,
            -638445.6926079286,
            -638882.6349510995,
            -639323.4527948124,
            -639768.0886226115,
            -640216.4863841552,
            -640668.5917039479,
            -641124.3516906953,
            -641583.7146950129,
            -642046.6305789433,
            -642513.0504636415,
            -642982.9266846918,
            -643456.2131065994,
            -643932.8642402916,
            -644412.8361216913,
            -644896.0858777983,
            -645382.5715290075,
            -645872.252096733,
            -646365.0877350793,
            -646861.0395159519,
            -647360.069294291,
            -647862.1400565756,
            -648367.2152817082,
            -648875.2597251624,
            -649386.2385529478,
            -649900.1179430208,
            -650416.8647942272,
            -650936.4465908015,
            -651458.8315806844,
            -651983.9889526346,
            -652511.8881132287,
            -653042.4994871481,
            -653575.7938136632,
            -654111.742737246,
            -654650.3183287561,
            -655191.4931101595,
            -655735.240459928,
            -656281.5339276976,
            -656830.3479988906,
            -657381.6572153482,
            -657935.4368886327,
            -658491.6628443237,
            -659050.3110999146,
            -659611.358540663,
            -660174.782049446,
            -660740.5592594788,
            -661308.6679641404,
            -661879.086568292,
            -662451.7938560147,
            -663026.7687355375,
            -663603.9908991773,
            -664183.4400384411,
            -664765.0963766044,
            -665348.9404795594,
            -665934.9532662545,
            -666523.1158182218,
            -667113.4098257666,
            -667705.8169028952,
            -668300.319290525,
            -668896.899508333,
            -669495.5400332413,
            -670096.2241477332,
            -670698.9349001697,
            -671303.656021839,
            -671910.3711563975,
            -672519.0645237222,
            -673129.7203625978,
            -673742.3232681378,
            -674356.8580529296,
            -674973.3095776421,
            -675591.6633619175,
            -676211.9047409797,
            -676834.0195095188,
            -677457.9934392503,
            -678083.8127651785,
            -678711.4638633128,
            -679340.9331030619,
            -679972.2074412195,
            -680605.2736494119,
            -681240.1188085807,
            -681876.7302289465,
            -682515.095481515,
            -683155.2022689781,
            -683797.0380277946,
            -684440.5911129656,
            -685085.8495865916,
            -685732.8018039532,
            -686381.4360829358,
            -687031.7412307131,
            -687683.7059270625,
            -688337.3191353319,
            -688992.5697852012,
            -689649.4475217168,
            -690307.9411186004,
            -690968.0405168905,
            -691629.7352619248,
            -692293.0149802053,
            -692957.869701672,
            -693624.2894431249,
            -694292.2643940417,
            -694961.7846572995,
            -695632.84078437,
            -696305.4232821746,
            -696979.5226971434,
            -697655.1299964354,
            -698332.2357271537,
            -699010.8310668963,
            -699690.9069580635,
            -700372.4546707686,
            -701055.4655233514,
            -701739.9309118798,
            -702425.8422691271,
            -703113.1912230747,
            -703801.9693635702,
            -704492.1687427682,
            -705183.7810478786,
            -705876.7981519563,
            -706571.2121436513,
            -707267.0153521739,
            -707964.1999506308,
            -708662.7582449417,
            -709362.6826545652,
            -710063.9656765229,
            -710766.5998938913,
            -711470.5778961874,
            -712175.8925135371,
            -712882.5365480185,
            -713590.5029226603,
            -714299.7844391024,
            -715010.374383335,
            -715722.2657118582,
            -716435.4516443332,
            -717149.9254528766,
            -717865.6806563438,
            -718582.7103130424,
            -719301.0080743581,
            -720020.5675570314,
            -720741.3822998721,
            -721463.445655265
        ],
        "Cp(J/mole.K)": [
            -0.0,
            0.210463764789165,
            1.0125028164766263,
            2.5087734157947126,
            4.361347406613641,
            6.15526639505697,
            7.714507514523573,
            9.025608138786628,
            10.135186753771272,
            11.098006794069079,
            11.958068994252242,
            12.745170196972325,
            13.477362669305876,
            14.16465081267525,
            14.812132219702466,
            15.422294086689368,
            15.996369680901992,
            16.53528347301178,
            17.04001210594432,
            17.51157003242117,
            17.951220846560325,
            18.360532652470283,
            18.741158880031435,
            19.094735687904176,
            19.423019172716877,
            19.72771610089694,
            20.01051691081958,
            20.273104836975108,
            20.51695330120856,
            20.743438303703442,
            20.953974453499562,
            21.149857169811717,
            21.332126448489703,
            21.501904134236995,
            21.660208643245262,
            21.80787763169788,
            21.94585392720772,
            22.07477867649282,
            22.195299892581453,
            22.3081812040561,
            22.413961049402218,
            22.5131459358992,
            22.6062329733395,
            22.693696758244187,
            22.775894229894007,
            22.853276200272408,
            22.926164515409553,
            22.994743264772048,
            23.059456607652862,
            23.120656668613048,
            23.17832137850928,
            23.23273641894353,
            23.28445141342243,
            23.333428513700923,
            23.379580985504397,
            23.423273459557095,
            23.46481869169503,
            23.5042863625394,
            23.541781745798694,
            23.57737584450228,
            23.61111838422957,
            23.643223248745155,
            23.673773811612,
            23.702820473467,
            23.730747515521898,
            23.757353309047172,
            23.782409818167892,
            23.806402419035926,
            23.82926975082368,
            23.851358217943925,
            23.872537239832887,
            23.89216053784185,
            23.91134743220178,
            23.93011580947802,
            23.947475641942688,
            23.963997666723813,
            23.98028054002212,
            23.99580479410086,
            24.010586739453665,
            24.02474570601771,
            24.03825592598878,
            24.051499740351574,
            24.064026006776665,
            24.076162832629052,
            24.087902836909052,
            24.098658502844046,
            24.10948521278339,
            24.12019773942302,
            24.129979896778366,
            24.13939855557989,
            24.148610064759914,
            24.157803348064707,
            24.166382476116866,
            24.174457383583583,
            24.182544867560367,
            24.190343502647078,
            24.19792827023207,
            24.20477564065063,
            24.211736245802534,
            24.2186708108407,
            24.225168409757458,
            24.23176408006111,
            24.237807314889288,
            24.24353529468637,
            24.249133993219658,
            24.25494009726375,
            24.2603748457566,
            24.26532969600521,
            24.270666276651824,
            24.275483371020528,
            24.280130090424947,
            24.285168918760768,
            24.289713123766546,
            24.29406736002695,
            24.298376131185634,
            24.302102583416936,
            24.306410216528704,
            24.31048802641761,
            24.314000189403053,
            24.318019531405298,
            24.32170411676651,
            24.32520263045444,
            24.328714720858088,
            24.332321165601112,
            24.33575185056543,
            24.33901291078655,
            24.341830029641457,
            24.344689233007195,
            24.348332266136822,
            24.351454528269915,
            24.353988532500992,
            24.3565288915298,
            24.359695113462024,
            24.362548393497036,
            24.36506537758949,
            24.36820357489351,
            24.370484145544566,
            24.372413657567712,
            24.375304227427016,
            24.378725226674483,
            24.38055670802754,
            24.381733944601525,
            24.384994437143703,
            24.388103025569784,
            24.38977516978048,
            24.39166717420449,
            24.39421940643827,
            24.396406131718585,
            24.397851844049825,
            24.400544578771008,
            24.403032226983616,
            24.40389817743002,
            24.40667771561959,
            24.40911564016089,
            24.410141227895366,
            24.412498468212576,
            24.414985227898942,
            24.416448676080414,
            24.41770693606746,
            24.42005753444637,
            24.422089780681517,
            24.42405977717472,
            24.42602480960754,
            24.427001515877087,
            24.428623687615385,
            24.430450321612653,
            24.432437669544015,
            24.43476047247728,
            24.436358048441605,
            24.437696103865164,
            24.438981836370175,
            24.441066331615247,
            24.443736420653295,
            24.444422063728652,
            24.444439870276256,
            24.446585754485817,
            24.449529309384275,
            24.451189534263513,
            24.45229144963112,
            24.453811190199012,
            24.455409262329084,
            24.456666076844748,
            24.457980454981637,
            24.459927161843318,
            24.46183159609791,
            24.46273154474408,
            24.463889714190472,
            24.466059315809183,
            24.467261520517326,
            24.468262541070267,
            24.470817309017647,
            24.47244392862749,
            24.47234881762415,
            24.474251947048195,
            24.477016373636985,
            24.47666444238095,
            24.47700412204722,
            24.480886999013343
        ],
        "S(J/mole.K)": [
            0,
            0.1052318823945825,
            0.46358946890832153,
            1.1348440756599303,
            2.0981414041190876,
            3.2588364694514897,
            4.517238735167485,
            5.8048006570054,
            7.0829361247437195,
            8.332941229858262,
            9.547400612574712,
            10.724629980331521,
            11.865512676263462,
            12.971863716177179,
            14.045662700335381,
            15.088743892023924,
            16.102706914108424,
            17.0889253334899,
            18.048590869952754,
            18.98275532988919,
            19.89236664138007,
            20.77830270188861,
            21.641393670324764,
            22.482432049153434,
            23.30218123165541,
            24.101381786438285,
            24.8807537413566,
            25.640999241608366,
            26.382801275052767,
            27.106820929140664,
            27.81369932469388,
            28.504058960797554,
            29.17850016510056,
            29.83760106713453,
            30.48191997345857,
            31.11199356253055,
            31.72833819832158,
            32.33144954504096,
            32.921800784632794,
            33.49984652740095,
            34.0660233636474,
            34.62074843695882,
            35.1644208182639,
            35.69742283423839,
            36.220120008986854,
            36.73286227998615,
            37.23598501148518,
            37.7298073802187,
            38.21463498156372,
            38.690762722607175,
            39.15847100443934,
            39.61802614390035,
            40.069687025474565,
            40.51370266546438,
            40.95030695127353,
            41.379723402623505,
            41.8021695620031,
            42.21785482229897,
            42.62697916720789,
            43.029733831436886,
            43.42630142117413,
            43.81685765291767,
            44.20157209553143,
            44.580607249075534,
            44.95412133684586,
            45.32226667341893,
            45.685185316376746,
            46.04301480727155,
            46.395889745572646,
            46.74394089344424,
            47.08729494570144,
            47.42606772051804,
            47.76037339602772,
            48.090329322667095,
            48.4160414933227,
            48.73760874561849,
            49.05513373361609,
            49.368715651416274,
            49.678446583224286,
            49.98441595335462,
            50.28671040546178,
            50.58541555277916,
            50.880613466454086,
            51.17238245784683,
            51.460799957373816,
            51.74593714612565,
            52.027865386503976,
            52.30665863824833,
            52.58238262284139,
            52.85509937997267,
            53.12487292340374,
            53.39176705143909,
            53.6558412698665,
            53.91715050604979,
            54.17575126484297,
            54.4316994200315,
            54.68504789382132,
            54.9358456549744,
            55.18414180628024,
            55.42998759208712,
            55.67342995338258,
            55.91451502355048,
            56.15328703262493,
            56.38978687811758,
            56.624056317622305,
            56.856138407338584,
            57.08607385249197,
            57.313898973999315,
            57.539652560827385,
            57.76337218486006,
            57.98509184085124,
            58.2048487213222,
            58.42267759341193,
            58.63860968598892,
            58.85267738440015,
            59.06491052511701,
            59.275340850251084,
            59.484000834276955,
            59.690917233280196,
            59.896119210464526,
            60.099636196937354,
            60.30149399699876,
            60.50171921045694,
            60.70033893233049,
            60.89737883864291,
            61.09286292194156,
            61.28681353719439,
            61.479253334004895,
            61.670209240120315,
            61.859705395702626,
            62.047760065033806,
            62.2343931024283,
            62.41962852555881,
            62.603488625753386,
            62.785991576599194,
            62.96715860548284,
            63.14700857949792,
            63.32555636248871,
            63.50282309696195,
            63.6788326728376,
            63.853599345863046,
            64.02713281212637,
            64.19945551804412,
            64.37059126201493,
            64.54055106885644,
            64.70934698534839,
            64.87699802978314,
            65.0435208503026,
            65.20892699868855,
            65.37323319591378,
            65.5364576587468,
            65.69860870936246,
            65.85970144328604,
            66.0197549191158,
            66.1787769761664,
            66.33678067651053,
            66.49378382935102,
            66.64979637782089,
            66.80482699299027,
            66.95889085122762,
            67.11200251554837,
            67.26417266343341,
            67.4154127462156,
            67.56573116418004,
            67.71513812792546,
            67.86364730680944,
            68.01127065417822,
            68.15802029939223,
            68.30390552097523,
            68.44893365311873,
            68.59311388750794,
            68.73645835208299,
            68.87898083163164,
            69.02068682362878,
            69.16157808561547,
            69.30166811679082,
            69.44097439474426,
            69.57950444170419,
            69.71726181051781,
            69.85425475762312,
            69.99049318518664,
            70.125984728623,
            70.26073683366121,
            70.39475948973995,
            70.52806226028915,
            70.66065011941828,
            70.79252875447273,
            70.92370916976361,
            71.05419894470542,
            71.18400230203261,
            71.31313004297117,
            71.44159091996843,
            71.56938498435629,
            71.69651985719247,
            71.82300974872923,
            71.9488555205331,
            72.07405753563654,
            72.19863310364454
        ]
    },
    "Phonon_data": {
        "Numb_Node": 15,
        "total_n_kpoints": 100,
        "frequency": {
            "Node_1": [
                -0.09083418607908096,
                0.27282221660731976,
                2.188848858797292,
                4.038037840478014,
                5.748964333465238,
                7.205288593260961,
                8.24893642364588,
                8.779841830466646,
                8.592951826402153,
                7.26754468334054,
                5.439766001302718,
                3.7745462452518916,
                3.003605838743049,
                3.218030660225264,
                3.8180965302384613,
                4.6920959624407335,
                5.708236488377082,
                6.758002523018849,
                7.760717906733284,
                8.63803312820804,
                9.28005119971385,
                9.521984084954166,
                9.129826672230234,
                8.802309870249346,
                9.185540426229425,
                10.369110138874317,
                9.879549933540257,
                8.504537923558594,
                6.8608904978444105,
                5.004357551394225,
                2.945095667851643,
                0.7056949210595682,
                -0.09083418607908096,
                -0.09083418607908096,
                -0.09083418607908096,
                -0.09083418607908096,
                -0.09083418607908096,
                -0.09083418607908096,
                -0.09083418607908096,
                -0.09083418607908096,
                -0.09083418607908096,
                -0.09083418607908096,
                -0.09083418607908096,
                -0.09083418607908096,
                -0.09083418607908096,
                0.27282221660731976,
                2.188848858797292,
                4.038037840478014,
                5.748964333465238,
                7.205288593260961,
                8.24893642364588,
                8.779841830466646,
                8.592951826402153,
                7.26754468334054,
                5.439766001302718,
                3.7745462452518916,
                3.003605838743049,
                3.218030660225264,
                3.8180965302384613,
                4.6920959624407335,
                5.708236488377082,
                6.758002523018849,
                7.760717906733284,
                8.63803312820804,
                9.28005119971385,
                9.521984084954166,
                9.129826672230234,
                8.802309870249346,
                9.185540426229425,
                10.369110138874317,
                9.879549933540257,
                8.504537923558594,
                6.8608904978444105,
                5.004357551394225,
                2.945095667851643,
                0.7056949210595682,
                -0.09083418607908096,
                3.003605838743049,
                3.003605838743049,
                3.003605838743049,
                3.003605838743049,
                3.003605838743049,
                3.003605838743049,
                3.003605838743049,
                3.003605838743049,
                3.003605838743049,
                3.003605838743049,
                3.003605838743049,
                3.003605838743049,
                3.003605838743049,
                9.521984084954166,
                9.521984084954166,
                9.521984084954113,
                9.521984084954166,
                9.521984084954113,
                9.521984084954166,
                9.521984084954166,
                9.521984084954166,
                9.521984084954166,
                9.521984084954166,
                9.521984084954166,
                9.521984084954166,
                9.521984084954166
            ],
            "Node_2": [
                -0.02767408943542364,
                2.3169758394704805,
                4.571029921117729,
                6.680196122120848,
                8.551382353306202,
                10.119475587255048,
                10.898041514707659,
                11.367127680310558,
                11.328218392086683,
                11.47989152648082,
                12.001335684506888,
                12.470227816784439,
                12.652529968873386,
                12.591542629652976,
                12.438334165707273,
                12.240881420043813,
                12.03281103625776,
                11.843505679875296,
                11.704286229249183,
                11.63832040367304,
                11.651176017763458,
                11.721538331974992,
                11.8404771970954,
                11.915395118995555,
                11.618393501594284,
                10.937012040783083,
                10.79924677971955,
                10.461809811248635,
                10.26884624307669,
                8.895778961054484,
                6.084882360989119,
                3.0071006868378904,
                -0.02767408943542364,
                -0.02767408943542364,
                -0.02767408943542364,
                -0.02767408943542364,
                -0.02767408943542364,
                -0.02767408943542364,
                -0.02767408943542364,
                -0.02767408943542364,
                -0.02767408943542364,
                -0.02767408943542364,
                -0.02767408943542364,
                -0.02767408943542364,
                -0.02767408943542364,
                2.3169758394704805,
                4.571029921117729,
                6.680196122120848,
                8.551382353306202,
                10.119475587255048,
                10.898041514707659,
                11.367127680310558,
                11.328218392086683,
                11.47989152648082,
                12.001335684506888,
                12.470227816784439,
                12.652529968873386,
                12.591542629652976,
                12.438334165707273,
                12.240881420043813,
                12.03281103625776,
                11.843505679875296,
                11.704286229249183,
                11.63832040367304,
                11.651176017763458,
                11.721538331974992,
                11.8404771970954,
                11.915395118995555,
                11.618393501594284,
                10.937012040783083,
                10.79924677971955,
                10.461809811248635,
                10.26884624307669,
                8.895778961054484,
                6.084882360989119,
                3.0071006868378904,
                -0.02767408943542364,
                12.652529968873386,
                12.652529968873386,
                12.652529968873386,
                12.652529968873386,
                12.652529968873386,
                12.652529968873386,
                12.652529968873386,
                12.652529968873386,
                12.652529968873386,
                12.652529968873386,
                12.652529968873386,
                12.652529968873386,
                12.652529968873386,
                11.721538331974992,
                11.721538331974992,
                11.721538331975006,
                11.721538331974992,
                11.721538331975006,
                11.721538331974992,
                11.721538331974992,
                11.721538331974992,
                11.721538331974992,
                11.721538331974992,
                11.721538331974992,
                11.721538331974992,
                11.721538331974992
            ],
            "Node_3": [
                -0.027055444367209452,
                3.9164424929258574,
                7.290674137723742,
                8.361518880561567,
                9.469132291909082,
                10.479679495068499,
                11.367468066128984,
                12.290667024224202,
                12.900905818416255,
                13.31630501176037,
                13.571320922128093,
                13.706680033643893,
                13.74914415875147,
                13.944796831362106,
                14.453739199170213,
                14.50236092095839,
                14.164634032746315,
                13.709807700243053,
                13.16793072875273,
                12.580241798830784,
                12.041900440241383,
                11.749070077948177,
                11.902628820195561,
                11.940646724767088,
                11.713652663835358,
                11.274875363304297,
                12.04159152449494,
                12.459495185663274,
                10.944781520849897,
                9.165764602957147,
                7.584929688538988,
                4.87029029205526,
                -0.027055444367209452,
                -0.027055444367209452,
                -0.027055444367209452,
                -0.027055444367209452,
                -0.027055444367209452,
                -0.027055444367209452,
                -0.027055444367209452,
                -0.027055444367209452,
                -0.027055444367209452,
                -0.027055444367209452,
                -0.027055444367209452,
                -0.027055444367209452,
                -0.027055444367209452,
                3.9164424929258574,
                7.290674137723742,
                8.361518880561567,
                9.469132291909082,
                10.479679495068499,
                11.367468066128984,
                12.290667024224202,
                12.900905818416255,
                13.31630501176037,
                13.571320922128093,
                13.706680033643893,
                13.74914415875147,
                13.944796831362106,
                14.453739199170213,
                14.50236092095839,
                14.164634032746315,
                13.709807700243053,
                13.16793072875273,
                12.580241798830784,
                12.041900440241383,
                11.749070077948177,
                11.902628820195561,
                11.940646724767088,
                11.713652663835358,
                11.274875363304297,
                12.04159152449494,
                12.459495185663274,
                10.944781520849897,
                9.165764602957147,
                7.584929688538988,
                4.87029029205526,
                -0.027055444367209452,
                13.74914415875147,
                13.74914415875147,
                13.74914415875147,
                13.74914415875147,
                13.74914415875147,
                13.74914415875147,
                13.74914415875147,
                13.74914415875147,
                13.74914415875147,
                13.74914415875147,
                13.74914415875147,
                13.74914415875147,
                13.74914415875147,
                11.749070077948177,
                11.749070077948177,
                11.749070077948192,
                11.749070077948177,
                11.749070077948192,
                11.749070077948177,
                11.749070077948177,
                11.749070077948177,
                11.749070077948177,
                11.749070077948177,
                11.749070077948177,
                11.749070077948177,
                11.749070077948177
            ],
            "Node_4": [
                6.3188550101909255,
                6.609692432757461,
                7.3925747470109675,
                9.453704505069934,
                10.218678029243991,
                10.582805030105426,
                11.506893886421581,
                12.32021721040036,
                12.982719837319516,
                13.423705352067232,
                13.6849053553351,
                13.815473570471353,
                13.854016337977981,
                14.05375969888994,
                14.610324918105787,
                15.424992758897213,
                16.39851234086887,
                17.404883008039196,
                18.339956197876614,
                19.102441317135614,
                19.597477656262694,
                19.745705585025465,
                19.30837834838453,
                18.375579994378974,
                17.167881535581664,
                15.787302794620016,
                14.276019813350901,
                12.646005201051475,
                11.025708965975783,
                10.079746365855456,
                8.811103621845149,
                6.775143974893827,
                6.3188550101909255,
                6.3188550101909255,
                6.3188550101909255,
                6.3188550101909255,
                6.3188550101909255,
                6.3188550101909255,
                6.3188550101909255,
                6.3188550101909255,
                6.3188550101909255,
                6.3188550101909255,
                6.3188550101909255,
                6.3188550101909255,
                6.3188550101909255,
                6.609692432757461,
                7.3925747470109675,
                9.453704505069934,
                10.218678029243991,
                10.582805030105426,
                11.506893886421581,
                12.32021721040036,
                12.982719837319516,
                13.423705352067232,
                13.6849053553351,
                13.815473570471353,
                13.854016337977981,
                14.05375969888994,
                14.610324918105787,
                15.424992758897213,
                16.39851234086887,
                17.404883008039196,
                18.339956197876614,
                19.102441317135614,
                19.597477656262694,
                19.745705585025465,
                19.30837834838453,
                18.375579994378974,
                17.167881535581664,
                15.787302794620016,
                14.276019813350901,
                12.646005201051475,
                11.025708965975783,
                10.079746365855456,
                8.811103621845149,
                6.775143974893827,
                6.3188550101909255,
                13.854016337977981,
                13.854016337977981,
                13.854016337977981,
                13.854016337977981,
                13.854016337977981,
                13.854016337977981,
                13.854016337977981,
                13.854016337977981,
                13.854016337977981,
                13.854016337977981,
                13.854016337977981,
                13.854016337977981,
                13.854016337977981,
                19.745705585025465,
                19.745705585025465,
                19.745705585025473,
                19.745705585025465,
                19.745705585025473,
                19.745705585025465,
                19.745705585025465,
                19.745705585025465,
                19.745705585025465,
                19.745705585025465,
                19.745705585025465,
                19.745705585025465,
                19.745705585025465
            ],
            "Node_5": [
                6.340352052342046,
                7.252384399148472,
                8.800101356139804,
                9.760400968479834,
                10.872801395510274,
                12.045725696595689,
                13.153195147258517,
                13.667737150658837,
                13.463222452388987,
                13.968664630512277,
                14.501214770587541,
                14.867864775662365,
                14.998118110678421,
                14.96104999669108,
                14.879502199182056,
                15.432441986153075,
                16.424477302565446,
                17.491528332880506,
                18.503666074887374,
                19.35400078075554,
                19.93645041132677,
                20.121455252165294,
                19.61490366141283,
                18.58566149115444,
                17.281793233580533,
                15.883898463956383,
                14.5885769045433,
                14.179388901198578,
                12.573119406896799,
                10.61800226880832,
                9.150361837545983,
                7.660735893990128,
                6.340352052342046,
                6.340352052342046,
                6.340352052342046,
                6.340352052342046,
                6.340352052342046,
                6.340352052342046,
                6.340352052342046,
                6.340352052342046,
                6.340352052342046,
                6.340352052342046,
                6.340352052342046,
                6.340352052342046,
                6.340352052342046,
                7.252384399148472,
                8.800101356139804,
                9.760400968479834,
                10.872801395510274,
                12.045725696595689,
                13.153195147258517,
                13.667737150658837,
                13.463222452388987,
                13.968664630512277,
                14.501214770587541,
                14.867864775662365,
                14.998118110678421,
                14.96104999669108,
                14.879502199182056,
                15.432441986153075,
                16.424477302565446,
                17.491528332880506,
                18.503666074887374,
                19.35400078075554,
                19.93645041132677,
                20.121455252165294,
                19.61490366141283,
                18.58566149115444,
                17.281793233580533,
                15.883898463956383,
                14.5885769045433,
                14.179388901198578,
                12.573119406896799,
                10.61800226880832,
                9.150361837545983,
                7.660735893990128,
                6.340352052342046,
                14.998118110678421,
                14.998118110678421,
                14.998118110678421,
                14.998118110678421,
                14.998118110678421,
                14.998118110678421,
                14.998118110678421,
                14.998118110678421,
                14.998118110678421,
                14.998118110678421,
                14.998118110678421,
                14.998118110678421,
                14.998118110678421,
                20.121455252165294,
                20.121455252165294,
                20.121455252165298,
                20.121455252165294,
                20.121455252165298,
                20.121455252165294,
                20.121455252165294,
                20.121455252165294,
                20.121455252165294,
                20.121455252165294,
                20.121455252165294,
                20.121455252165294,
                20.121455252165294
            ],
            "Node_6": [
                7.937572012741354,
                8.170529702359985,
                9.224034140149877,
                11.442952381057568,
                13.50281323099912,
                14.83991020490267,
                14.77325425113012,
                14.247620522459096,
                14.957729699354829,
                15.527414663625123,
                15.914481601321393,
                16.136615923554622,
                16.208931843696483,
                16.45388678012212,
                17.14219279696623,
                18.136116100626374,
                19.246694188425476,
                20.254704375409055,
                20.912262332342845,
                21.132499178727603,
                21.132874992934443,
                21.12215942963817,
                21.09596600680581,
                20.88899909252979,
                20.2289134353118,
                18.864696708586383,
                17.086588784513115,
                15.322849868299278,
                14.883114554626253,
                13.084669949009488,
                10.420299464924849,
                8.347012564895385,
                7.937572012741354,
                7.937572012741354,
                7.937572012741354,
                7.937572012741354,
                7.937572012741354,
                7.937572012741354,
                7.937572012741354,
                7.937572012741354,
                7.937572012741354,
                7.937572012741354,
                7.937572012741354,
                7.937572012741354,
                7.937572012741354,
                8.170529702359985,
                9.224034140149877,
                11.442952381057568,
                13.50281323099912,
                14.83991020490267,
                14.77325425113012,
                14.247620522459096,
                14.957729699354829,
                15.527414663625123,
                15.914481601321393,
                16.136615923554622,
                16.208931843696483,
                16.45388678012212,
                17.14219279696623,
                18.136116100626374,
                19.246694188425476,
                20.254704375409055,
                20.912262332342845,
                21.132499178727603,
                21.132874992934443,
                21.12215942963817,
                21.09596600680581,
                20.88899909252979,
                20.2289134353118,
                18.864696708586383,
                17.086588784513115,
                15.322849868299278,
                14.883114554626253,
                13.084669949009488,
                10.420299464924849,
                8.347012564895385,
                7.937572012741354,
                16.208931843696483,
                16.208931843696483,
                16.208931843696483,
                16.208931843696483,
                16.208931843696483,
                16.208931843696483,
                16.208931843696483,
                16.208931843696483,
                16.208931843696483,
                16.208931843696483,
                16.208931843696483,
                16.208931843696483,
                16.208931843696483,
                21.12215942963817,
                21.12215942963817,
                21.122159429638163,
                21.12215942963817,
                21.122159429638163,
                21.12215942963817,
                21.12215942963817,
                21.12215942963817,
                21.12215942963817,
                21.12215942963817,
                21.12215942963817,
                21.12215942963817,
                21.12215942963817
            ],
            "Node_7": [
                7.9840497599764095,
                8.706925909826298,
                10.41763690322946,
                12.447096122030244,
                14.648986912925581,
                16.662728645521042,
                18.31165017274354,
                19.551751929283558,
                20.407070363400027,
                20.951664419647276,
                21.263576255489216,
                21.40872163231732,
                21.44790068438687,
                21.449371555477423,
                21.456427844262752,
                21.47135434255393,
                21.487292192880098,
                21.488607073006076,
                21.459350004440612,
                21.39130496510542,
                21.30460714473722,
                21.267782493038595,
                21.29900220049344,
                21.038420273109317,
                20.586247592931453,
                20.146860366012437,
                19.443421955233294,
                18.253974909155442,
                16.425539747017897,
                13.979002310077103,
                11.306723068780018,
                9.0323114389872,
                7.9840497599764095,
                7.9840497599764095,
                7.9840497599764095,
                7.9840497599764095,
                7.9840497599764095,
                7.9840497599764095,
                7.9840497599764095,
                7.9840497599764095,
                7.9840497599764095,
                7.9840497599764095,
                7.9840497599764095,
                7.9840497599764095,
                7.9840497599764095,
                8.706925909826298,
                10.41763690322946,
                12.447096122030244,
                14.648986912925581,
                16.662728645521042,
                18.31165017274354,
                19.551751929283558,
                20.407070363400027,
                20.951664419647276,
                21.263576255489216,
                21.40872163231732,
                21.44790068438687,
                21.449371555477423,
                21.456427844262752,
                21.47135434255393,
                21.487292192880098,
                21.488607073006076,
                21.459350004440612,
                21.39130496510542,
                21.30460714473722,
                21.267782493038595,
                21.29900220049344,
                21.038420273109317,
                20.586247592931453,
                20.146860366012437,
                19.443421955233294,
                18.253974909155442,
                16.425539747017897,
                13.979002310077103,
                11.306723068780018,
                9.0323114389872,
                7.9840497599764095,
                21.44790068438687,
                21.44790068438687,
                21.44790068438687,
                21.44790068438687,
                21.44790068438687,
                21.44790068438687,
                21.44790068438687,
                21.44790068438687,
                21.44790068438687,
                21.44790068438687,
                21.44790068438687,
                21.44790068438687,
                21.44790068438687,
                21.267782493038595,
                21.267782493038595,
                21.267782493038588,
                21.267782493038595,
                21.267782493038588,
                21.267782493038595,
                21.267782493038595,
                21.267782493038595,
                21.267782493038595,
                21.267782493038595,
                21.267782493038595,
                21.267782493038595,
                21.267782493038595
            ],
            "Node_8": [
                12.960063036139697,
                13.143294406708865,
                13.919882575666795,
                15.7611188633858,
                18.18485299335781,
                19.812758886117052,
                19.949432971053866,
                20.563016267161174,
                21.261972563303974,
                21.923246153986703,
                22.50602669376903,
                22.924585144015527,
                23.07897670484157,
                23.046713297078515,
                22.96122236081238,
                22.850252679103193,
                22.751941236637357,
                22.7343246674972,
                22.925931120473503,
                23.34662688719114,
                23.76965919430709,
                24.018429850688307,
                23.748059705980594,
                23.005643226118448,
                22.13192133364728,
                21.30335062435931,
                20.526244190064414,
                19.854105859357446,
                19.885873276473998,
                17.444706731935028,
                14.71127053546256,
                13.26698883429438,
                12.960063036139697,
                12.960063036139697,
                12.960063036139697,
                12.960063036139697,
                12.960063036139697,
                12.960063036139697,
                12.960063036139697,
                12.960063036139697,
                12.960063036139697,
                12.960063036139697,
                12.960063036139697,
                12.960063036139697,
                12.960063036139697,
                13.143294406708865,
                13.919882575666795,
                15.7611188633858,
                18.18485299335781,
                19.812758886117052,
                19.949432971053866,
                20.563016267161174,
                21.261972563303974,
                21.923246153986703,
                22.50602669376903,
                22.924585144015527,
                23.07897670484157,
                23.046713297078515,
                22.96122236081238,
                22.850252679103193,
                22.751941236637357,
                22.7343246674972,
                22.925931120473503,
                23.34662688719114,
                23.76965919430709,
                24.018429850688307,
                23.748059705980594,
                23.005643226118448,
                22.13192133364728,
                21.30335062435931,
                20.526244190064414,
                19.854105859357446,
                19.885873276473998,
                17.444706731935028,
                14.71127053546256,
                13.26698883429438,
                12.960063036139697,
                23.07897670484157,
                23.07897670484157,
                23.07897670484157,
                23.07897670484157,
                23.07897670484157,
                23.07897670484157,
                23.07897670484157,
                23.07897670484157,
                23.07897670484157,
                23.07897670484157,
                23.07897670484157,
                23.07897670484157,
                23.07897670484157,
                24.018429850688307,
                24.018429850688307,
                24.018429850688314,
                24.018429850688307,
                24.018429850688314,
                24.018429850688307,
                24.018429850688307,
                24.018429850688307,
                24.018429850688307,
                24.018429850688307,
                24.018429850688307,
                24.018429850688307,
                24.018429850688307
            ],
            "Node_9": [
                23.44922755733805,
                23.27360046497609,
                22.755791144384826,
                21.93705469735496,
                20.95684656044823,
                20.73229269628154,
                22.27907881963406,
                23.447497558793458,
                24.215624445892463,
                24.74509763312807,
                25.163035559041564,
                25.476084945808743,
                25.59793905548191,
                25.566067584275743,
                25.47759509520069,
                25.349835560761512,
                25.202061582894785,
                25.049478536867465,
                24.89990050439679,
                24.75099343266653,
                24.591437250809314,
                24.423564662714693,
                24.342619373332642,
                24.225747616819515,
                23.938972066636747,
                23.49561677792658,
                22.851438610854412,
                21.79558955128539,
                20.102741071021516,
                21.144079877908634,
                22.36636504290943,
                23.173558258272692,
                23.44922755733805,
                23.44922755733805,
                23.44922755733805,
                23.44922755733805,
                23.44922755733805,
                23.44922755733805,
                23.44922755733805,
                23.44922755733805,
                23.44922755733805,
                23.44922755733805,
                23.44922755733805,
                23.44922755733805,
                23.44922755733805,
                23.27360046497609,
                22.755791144384826,
                21.93705469735496,
                20.95684656044823,
                20.73229269628154,
                22.27907881963406,
                23.447497558793458,
                24.215624445892463,
                24.74509763312807,
                25.163035559041564,
                25.476084945808743,
                25.59793905548191,
                25.566067584275743,
                25.47759509520069,
                25.349835560761512,
                25.202061582894785,
                25.049478536867465,
                24.89990050439679,
                24.75099343266653,
                24.591437250809314,
                24.423564662714693,
                24.342619373332642,
                24.225747616819515,
                23.938972066636747,
                23.49561677792658,
                22.851438610854412,
                21.79558955128539,
                20.102741071021516,
                21.144079877908634,
                22.36636504290943,
                23.173558258272692,
                23.44922755733805,
                25.59793905548191,
                25.59793905548191,
                25.59793905548191,
                25.59793905548191,
                25.59793905548191,
                25.59793905548191,
                25.59793905548191,
                25.59793905548191,
                25.59793905548191,
                25.59793905548191,
                25.59793905548191,
                25.59793905548191,
                25.59793905548191,
                24.423564662714693,
                24.423564662714693,
                24.423564662714707,
                24.423564662714693,
                24.423564662714707,
                24.423564662714693,
                24.423564662714693,
                24.423564662714693,
                24.423564662714693,
                24.423564662714693,
                24.423564662714693,
                24.423564662714693,
                24.423564662714693
            ],
            "Node_10": [
                44.92635609896931,
                44.96724293360166,
                45.13139011930537,
                45.53720395305838,
                46.194082215438385,
                46.9990555359992,
                47.83993683412148,
                48.6553630581172,
                49.40565786552644,
                50.04046663568545,
                50.51391274786917,
                50.80347448177617,
                50.90096859256449,
                51.177779045911414,
                51.93660599099423,
                52.99833765335613,
                53.688003412332904,
                53.19290195479013,
                52.81950202281444,
                52.56907351203746,
                52.42783872609,
                52.36485020053421,
                52.316351893903985,
                52.19172034725935,
                51.935412426035,
                51.546230160893224,
                50.83088732159923,
                49.38964423110901,
                47.68393837388924,
                46.2792205689421,
                45.395899115523505,
                45.013089956221584,
                44.92635609896931,
                44.92635609896931,
                44.92635609896931,
                44.92635609896931,
                44.92635609896931,
                44.92635609896931,
                44.92635609896931,
                44.92635609896931,
                44.92635609896931,
                44.92635609896931,
                44.92635609896931,
                44.92635609896931,
                44.92635609896931,
                44.96724293360166,
                45.13139011930537,
                45.53720395305838,
                46.194082215438385,
                46.9990555359992,
                47.83993683412148,
                48.6553630581172,
                49.40565786552644,
                50.04046663568545,
                50.51391274786917,
                50.80347448177617,
                50.90096859256449,
                51.177779045911414,
                51.93660599099423,
                52.99833765335613,
                53.688003412332904,
                53.19290195479013,
                52.81950202281444,
                52.56907351203746,
                52.42783872609,
                52.36485020053421,
                52.316351893903985,
                52.19172034725935,
                51.935412426035,
                51.546230160893224,
                50.83088732159923,
                49.38964423110901,
                47.68393837388924,
                46.2792205689421,
                45.395899115523505,
                45.013089956221584,
                44.92635609896931,
                50.90096859256449,
                50.90096859256449,
                50.90096859256449,
                50.90096859256449,
                50.90096859256449,
                50.90096859256449,
                50.90096859256449,
                50.90096859256449,
                50.90096859256449,
                50.90096859256449,
                50.90096859256449,
                50.90096859256449,
                50.90096859256449,
                52.36485020053421,
                52.36485020053421,
                52.36485020053419,
                52.36485020053421,
                52.36485020053419,
                52.36485020053421,
                52.36485020053421,
                52.36485020053421,
                52.36485020053421,
                52.36485020053421,
                52.36485020053421,
                52.36485020053421,
                52.36485020053421
            ],
            "Node_11": [
                44.9377274481398,
                45.265484725528175,
                46.3066029417898,
                48.01085811972397,
                50.046426393844676,
                51.73155901129015,
                52.49543369552718,
                53.029884366544046,
                53.7021643919478,
                54.48030419492196,
                55.23018034779039,
                55.778365699421,
                55.97931039855679,
                55.675978707761075,
                55.0141159208606,
                54.310954329463655,
                54.164027059026914,
                55.24933683761352,
                56.15466364025101,
                56.8080088739535,
                57.15663758491693,
                57.227715679182474,
                57.05270535860128,
                56.54586278315201,
                55.625027526589086,
                54.372919169626414,
                53.09927683668414,
                52.461502503455485,
                51.32128595853234,
                49.33963259018369,
                47.17026361618341,
                45.53054061471666,
                44.9377274481398,
                44.9377274481398,
                44.9377274481398,
                44.9377274481398,
                44.9377274481398,
                44.9377274481398,
                44.9377274481398,
                44.9377274481398,
                44.9377274481398,
                44.9377274481398,
                44.9377274481398,
                44.9377274481398,
                44.9377274481398,
                45.265484725528175,
                46.3066029417898,
                48.01085811972397,
                50.046426393844676,
                51.73155901129015,
                52.49543369552718,
                53.029884366544046,
                53.7021643919478,
                54.48030419492196,
                55.23018034779039,
                55.778365699421,
                55.97931039855679,
                55.675978707761075,
                55.0141159208606,
                54.310954329463655,
                54.164027059026914,
                55.24933683761352,
                56.15466364025101,
                56.8080088739535,
                57.15663758491693,
                57.227715679182474,
                57.05270535860128,
                56.54586278315201,
                55.625027526589086,
                54.372919169626414,
                53.09927683668414,
                52.461502503455485,
                51.32128595853234,
                49.33963259018369,
                47.17026361618341,
                45.53054061471666,
                44.9377274481398,
                55.97931039855679,
                55.97931039855679,
                55.97931039855679,
                55.97931039855679,
                55.97931039855679,
                55.97931039855679,
                55.97931039855679,
                55.97931039855679,
                55.97931039855679,
                55.97931039855679,
                55.97931039855679,
                55.97931039855679,
                55.97931039855679,
                57.227715679182474,
                57.227715679182474,
                57.22771567918245,
                57.227715679182474,
                57.22771567918245,
                57.227715679182474,
                57.227715679182474,
                57.227715679182474,
                57.227715679182474,
                57.227715679182474,
                57.227715679182474,
                57.227715679182474,
                57.227715679182474
            ],
            "Node_12": [
                56.639886544478856,
                55.511538221123104,
                54.64187669981043,
                54.014356807369964,
                53.62551611310256,
                53.813965248572586,
                54.967696806191015,
                56.35649765228105,
                57.4990766063921,
                57.71138615562588,
                57.709085228558756,
                57.70057272863038,
                57.69571483235765,
                57.66728494041662,
                57.62664699206099,
                57.5974173771133,
                57.579583810600134,
                57.56817039998082,
                57.55991078549229,
                57.566042750931885,
                57.61919585406847,
                57.6920861076221,
                57.551391743473225,
                57.00482828092984,
                56.12447657855908,
                55.04780950288072,
                54.01567562017657,
                53.014429184334396,
                52.81783876763069,
                53.3261119846419,
                54.103199110471465,
                55.17605901575128,
                56.639886544478856,
                56.639886544478856,
                56.639886544478856,
                56.639886544478856,
                56.639886544478856,
                56.639886544478856,
                56.639886544478856,
                56.639886544478856,
                56.639886544478856,
                56.639886544478856,
                56.639886544478856,
                56.639886544478856,
                56.639886544478856,
                55.511538221123104,
                54.64187669981043,
                54.014356807369964,
                53.62551611310256,
                53.813965248572586,
                54.967696806191015,
                56.35649765228105,
                57.4990766063921,
                57.71138615562588,
                57.709085228558756,
                57.70057272863038,
                57.69571483235765,
                57.66728494041662,
                57.62664699206099,
                57.5974173771133,
                57.579583810600134,
                57.56817039998082,
                57.55991078549229,
                57.566042750931885,
                57.61919585406847,
                57.6920861076221,
                57.551391743473225,
                57.00482828092984,
                56.12447657855908,
                55.04780950288072,
                54.01567562017657,
                53.014429184334396,
                52.81783876763069,
                53.3261119846419,
                54.103199110471465,
                55.17605901575128,
                56.639886544478856,
                57.69571483235765,
                57.69571483235765,
                57.69571483235765,
                57.69571483235765,
                57.69571483235765,
                57.69571483235765,
                57.69571483235765,
                57.69571483235765,
                57.69571483235765,
                57.69571483235765,
                57.69571483235765,
                57.69571483235765,
                57.69571483235765,
                57.6920861076221,
                57.6920861076221,
                57.69208610762209,
                57.6920861076221,
                57.69208610762209,
                57.6920861076221,
                57.6920861076221,
                57.6920861076221,
                57.6920861076221,
                57.6920861076221,
                57.6920861076221,
                57.6920861076221,
                57.6920861076221
            ],
            "Node_13": [
                56.68346844768052,
                56.74498967593528,
                56.93667450960535,
                57.18802543472895,
                57.44358733117294,
                57.654604570182556,
                57.78172946367094,
                57.82357581320481,
                57.8947776336211,
                58.64510214659337,
                59.39381499228147,
                59.99409545457062,
                60.28135401458573,
                60.71435322169263,
                61.7065819571278,
                62.87318472784269,
                63.90260930765902,
                64.13178842796844,
                64.38959112278167,
                64.65529455265823,
                64.88881740312827,
                65.0133740290262,
                64.595519005459,
                63.58254859331998,
                62.55099689488908,
                61.515619156077946,
                60.388976407633635,
                59.260790702514264,
                58.292472743203334,
                57.56749937652297,
                57.06821034192459,
                56.758818165476335,
                56.68346844768052,
                56.68346844768052,
                56.68346844768052,
                56.68346844768052,
                56.68346844768052,
                56.68346844768052,
                56.68346844768052,
                56.68346844768052,
                56.68346844768052,
                56.68346844768052,
                56.68346844768052,
                56.68346844768052,
                56.68346844768052,
                56.74498967593528,
                56.93667450960535,
                57.18802543472895,
                57.44358733117294,
                57.654604570182556,
                57.78172946367094,
                57.82357581320481,
                57.8947776336211,
                58.64510214659337,
                59.39381499228147,
                59.99409545457062,
                60.28135401458573,
                60.71435322169263,
                61.7065819571278,
                62.87318472784269,
                63.90260930765902,
                64.13178842796844,
                64.38959112278167,
                64.65529455265823,
                64.88881740312827,
                65.0133740290262,
                64.595519005459,
                63.58254859331998,
                62.55099689488908,
                61.515619156077946,
                60.388976407633635,
                59.260790702514264,
                58.292472743203334,
                57.56749937652297,
                57.06821034192459,
                56.758818165476335,
                56.68346844768052,
                60.28135401458573,
                60.28135401458573,
                60.28135401458573,
                60.28135401458573,
                60.28135401458573,
                60.28135401458573,
                60.28135401458573,
                60.28135401458573,
                60.28135401458573,
                60.28135401458573,
                60.28135401458573,
                60.28135401458573,
                60.28135401458573,
                65.0133740290262,
                65.0133740290262,
                65.01337402902618,
                65.0133740290262,
                65.01337402902618,
                65.0133740290262,
                65.0133740290262,
                65.0133740290262,
                65.0133740290262,
                65.0133740290262,
                65.0133740290262,
                65.0133740290262,
                65.0133740290262
            ],
            "Node_14": [
                56.96894398436011,
                58.62728206768714,
                60.7532073236747,
                62.80654799098192,
                64.52045148420109,
                65.8516037688265,
                66.74485417393458,
                66.96783917771755,
                66.46711212702759,
                65.60369079948184,
                64.67440641507443,
                63.836815176647825,
                63.44191632325784,
                63.47236350218979,
                63.564335947347324,
                63.71263300821271,
                64.01992442549412,
                65.05328594040193,
                65.94795975298611,
                66.70275154892926,
                67.32310714150194,
                67.5753518307073,
                67.2529969266731,
                67.72049369685702,
                68.5246672620655,
                69.37369132608056,
                69.04423617531964,
                67.9572877303004,
                66.32165009557124,
                64.24698747850347,
                61.79029307199492,
                59.15169968942246,
                56.96894398436011,
                56.96894398436011,
                56.96894398436011,
                56.96894398436011,
                56.96894398436011,
                56.96894398436011,
                56.96894398436011,
                56.96894398436011,
                56.96894398436011,
                56.96894398436011,
                56.96894398436011,
                56.96894398436011,
                56.96894398436011,
                58.62728206768714,
                60.7532073236747,
                62.80654799098192,
                64.52045148420109,
                65.8516037688265,
                66.74485417393458,
                66.96783917771755,
                66.46711212702759,
                65.60369079948184,
                64.67440641507443,
                63.836815176647825,
                63.44191632325784,
                63.47236350218979,
                63.564335947347324,
                63.71263300821271,
                64.01992442549412,
                65.05328594040193,
                65.94795975298611,
                66.70275154892926,
                67.32310714150194,
                67.5753518307073,
                67.2529969266731,
                67.72049369685702,
                68.5246672620655,
                69.37369132608056,
                69.04423617531964,
                67.9572877303004,
                66.32165009557124,
                64.24698747850347,
                61.79029307199492,
                59.15169968942246,
                56.96894398436011,
                63.44191632325784,
                63.44191632325784,
                63.44191632325784,
                63.44191632325784,
                63.44191632325784,
                63.44191632325784,
                63.44191632325784,
                63.44191632325784,
                63.44191632325784,
                63.44191632325784,
                63.44191632325784,
                63.44191632325784,
                63.44191632325784,
                67.5753518307073,
                67.5753518307073,
                67.5753518307073,
                67.5753518307073,
                67.5753518307073,
                67.5753518307073,
                67.5753518307073,
                67.5753518307073,
                67.5753518307073,
                67.5753518307073,
                67.5753518307073,
                67.5753518307073,
                67.5753518307073
            ],
            "Node_15": [
                74.58647215504587,
                74.58759957242908,
                74.54820829259478,
                74.37328378086355,
                73.98412643246468,
                73.38145063540607,
                72.71049432363982,
                72.26766992966947,
                72.17510569531234,
                72.21650429383178,
                72.2618261687392,
                72.30911769825235,
                72.33378911052885,
                72.2722164527137,
                72.08234845633896,
                71.76156588197934,
                71.31747112785646,
                70.75251662809812,
                70.06749442432056,
                69.29153109207748,
                68.50633511407375,
                68.09574982615133,
                68.75164070209968,
                69.34541449684917,
                69.6855800589376,
                69.77723949056974,
                70.71559506223048,
                71.95933697983112,
                73.14674055194466,
                74.01034925705699,
                74.44729025000147,
                74.57468874591942,
                74.58647215504587,
                74.58647215504587,
                74.58647215504587,
                74.58647215504587,
                74.58647215504587,
                74.58647215504587,
                74.58647215504587,
                74.58647215504587,
                74.58647215504587,
                74.58647215504587,
                74.58647215504587,
                74.58647215504587,
                74.58647215504587,
                74.58759957242908,
                74.54820829259478,
                74.37328378086355,
                73.98412643246468,
                73.38145063540607,
                72.71049432363982,
                72.26766992966947,
                72.17510569531234,
                72.21650429383178,
                72.2618261687392,
                72.30911769825235,
                72.33378911052885,
                72.2722164527137,
                72.08234845633896,
                71.76156588197934,
                71.31747112785646,
                70.75251662809812,
                70.06749442432056,
                69.29153109207748,
                68.50633511407375,
                68.09574982615133,
                68.75164070209968,
                69.34541449684917,
                69.6855800589376,
                69.77723949056974,
                70.71559506223048,
                71.95933697983112,
                73.14674055194466,
                74.01034925705699,
                74.44729025000147,
                74.57468874591942,
                74.58647215504587,
                72.33378911052885,
                72.33378911052885,
                72.33378911052885,
                72.33378911052885,
                72.33378911052885,
                72.33378911052885,
                72.33378911052885,
                72.33378911052885,
                72.33378911052885,
                72.33378911052885,
                72.33378911052885,
                72.33378911052885,
                72.33378911052885,
                68.09574982615133,
                68.09574982615133,
                68.09574982615133,
                68.09574982615133,
                68.09574982615133,
                68.09574982615133,
                68.09574982615133,
                68.09574982615133,
                68.09574982615133,
                68.09574982615133,
                68.09574982615133,
                68.09574982615133,
                68.09574982615133
            ]
        }
    },
    "Phonon_DOS": {
        "DOS": [
            0.0,
            0.002,
            0.0,
            0.0,
            0.004666666666666667,
            0.0013333333333333333,
            0.0,
            0.016,
            0.009333333333333334,
            0.009333333333333334,
            0.032,
            0.021333333333333333,
            0.03066666666666667,
            0.05466666666666667,
            0.046,
            0.03133333333333333,
            0.055999999999999994,
            0.028666666666666667,
            0.01933333333333333,
            0.027999999999999997,
            0.014666666666666666,
            0.024,
            0.044000000000000004,
            0.038,
            0.036000000000000004,
            0.017333333333333333,
            0.025333333333333333,
            0.01,
            0.0,
            0.0,
            0.0,
            0.0,
            0.0,
            0.0,
            0.0,
            0.0,
            0.0,
            0.0,
            0.0,
            0.0,
            0.0,
            0.0,
            0.0,
            0.0,
            0.0,
            0.0,
            0.0013333333333333333,
            0.004,
            0.012,
            0.0,
            0.006666666666666667,
            0.009333333333333334,
            0.013999999999999999,
            0.010666666666666666,
            0.02666666666666667,
            0.037333333333333336,
            0.02,
            0.016666666666666666,
            0.02,
            0.03866666666666666,
            0.004,
            0.008,
            0.01,
            0.013333333333333334,
            0.008,
            0.004666666666666667,
            0.02,
            0.012,
            0.005333333333333333,
            0.02666666666666667,
            0.004,
            0.004,
            0.016,
            0.021333333333333333,
            0.012666666666666666,
            0.008,
            0.004666666666666667,
            0.0
        ],
        "Energy(meV)": [
            -1.5,
            -0.5,
            0.5,
            1.5,
            2.5,
            3.5,
            4.5,
            5.5,
            6.5,
            7.5,
            8.5,
            9.5,
            10.5,
            11.5,
            12.5,
            13.5,
            14.5,
            15.5,
            16.5,
            17.5,
            18.5,
            19.5,
            20.5,
            21.5,
            22.5,
            23.5,
            24.5,
            25.5,
            26.5,
            27.5,
            28.5,
            29.5,
            30.5,
            31.5,
            32.5,
            33.5,
            34.5,
            35.5,
            36.5,
            37.5,
            38.5,
            39.5,
            40.5,
            41.5,
            42.5,
            43.5,
            44.5,
            45.5,
            46.5,
            47.5,
            48.5,
            49.5,
            50.5,
            51.5,
            52.5,
            53.5,
            54.5,
            55.5,
            56.5,
            57.5,
            58.5,
            59.5,
            60.5,
            61.5,
            62.5,
            63.5,
            64.5,
            65.5,
            66.5,
            67.5,
            68.5,
            69.5,
            70.5,
            71.5,
            72.5,
            73.5,
            74.5,
            75.5
        ]
    }
}