{
    "POSCAR": {
        "Atomes": "   Y    C   I\n",
        "coordinate": "Direct\n",
        "unit_cell": {
            "a_vector": "3.873357433274756   -6.76190665124262e-09   6.556213791851393e-08\n",
            "b_vector": "-1.936678722432347   3.3544255720707437   -2.668281323905013e-09\n",
            "c_vector": "5.25973881174776e-07   2.789532343159242e-07   34.32394553028908\n"
        },
        "positions": {
            "Y": [
                "0.3333333224051155   0.6666666528302432   0.161792529912733\n",
                "0.6666666792107594   0.33333332273721183   0.2382074736754634\n"
            ],
            "C": [
                "-4.331060505816224e-09   2.4151661020653907e-08   0.1999999985885851\n"
            ],
            "I": [
                "0.3333333318343724   0.666666666684622   0.30144883027851316\n",
                "0.6666666706385316   0.33333333374177054   0.09855116754470655\n"
            ]
        }
    },
    "Termo_data": {
        "Temperature (K)": [
            0,
            10,
            20,
            30,
            40,
            50,
            60,
            70,
            80,
            90,
            100,
            110,
            120,
            130,
            140,
            150,
            160,
            170,
            180,
            190,
            200,
            210,
            220,
            230,
            240,
            250,
            260,
            270,
            280,
            290,
            300,
            310,
            320,
            330,
            340,
            350,
            360,
            370,
            380,
            390,
            400,
            410,
            420,
            430,
            440,
            450,
            460,
            470,
            480,
            490,
            500,
            510,
            520,
            530,
            540,
            550,
            560,
            570,
            580,
            590,
            600,
            610,
            620,
            630,
            640,
            650,
            660,
            670,
            680,
            690,
            700,
            710,
            720,
            730,
            740,
            750,
            760,
            770,
            780,
            790,
            800,
            810,
            820,
            830,
            840,
            850,
            860,
            870,
            880,
            890,
            900,
            910,
            920,
            930,
            940,
            950,
            960,
            970,
            980,
            990,
            1000,
            1010,
            1020,
            1030,
            1040,
            1050,
            1060,
            1070,
            1080,
            1090,
            1100,
            1110,
            1120,
            1130,
            1140,
            1150,
            1160,
            1170,
            1180,
            1190,
            1200,
            1210,
            1220,
            1230,
            1240,
            1250,
            1260,
            1270,
            1280,
            1290,
            1300,
            1310,
            1320,
            1330,
            1340,
            1350,
            1360,
            1370,
            1380,
            1390,
            1400,
            1410,
            1420,
            1430,
            1440,
            1450,
            1460,
            1470,
            1480,
            1490,
            1500,
            1510,
            1520,
            1530,
            1540,
            1550,
            1560,
            1570,
            1580,
            1590,
            1600,
            1610,
            1620,
            1630,
            1640,
            1650,
            1660,
            1670,
            1680,
            1690,
            1700,
            1710,
            1720,
            1730,
            1740,
            1750,
            1760,
            1770,
            1780,
            1790,
            1800,
            1810,
            1820,
            1830,
            1840,
            1850,
            1860,
            1870,
            1880,
            1890,
            1900,
            1910,
            1920,
            1930,
            1940,
            1950,
            1960,
            1970
        ],
        "Gibbs_free(J/mole)": [
            -457101.7923748545,
            -457102.1720304354,
            -457105.1128795846,
            -457115.6658985525,
            -457139.6635456522,
            -457180.5928174318,
            -457239.9450763328,
            -457318.0543656712,
            -457414.6561181019,
            -457529.2003934696,
            -457661.0161684983,
            -457809.3946614408,
            -457973.6303835138,
            -458153.04076165555,
            -458346.9754236253,
            -458554.8192420323,
            -458775.9934520345,
            -459009.9546034454,
            -459256.1929869832,
            -459514.23095134227,
            -459783.6209243389,
            -460063.9431450071,
            -460354.80388735584,
            -460655.83355721034,
            -460966.684911148,
            -461287.03127681906,
            -461616.5651991484,
            -461954.9968742154,
            -462302.0528752682,
            -462657.4749571507,
            -463021.0189507217,
            -463392.4536834535,
            -463771.5601449624,
            -464158.13053830905,
            -464551.96755939414,
            -464952.88362955383,
            -465360.7002677731,
            -465775.2474686207,
            -466196.3631414844,
            -466623.89259942295,
            -467057.6880968397,
            -467497.6083913998,
            -467943.51831592334,
            -468395.2884463027,
            -468852.7947311102,
            -469315.9181867557,
            -469784.54459870746,
            -470258.5642420858,
            -470737.8716584066,
            -471222.3653759831,
            -471711.9477079173,
            -472206.52459077374,
            -472706.0053246382,
            -473210.30244135985,
            -473719.3315182547,
            -474233.0110391529,
            -474751.26229741104,
            -475274.0090673323,
            -475801.1777422409,
            -476332.6970514752,
            -476868.498067394,
            -477408.51379101176,
            -477952.6794822314,
            -478500.9323942016,
            -479053.2114539979,
            -479609.4575703765,
            -480169.613383284,
            -480733.62297455297,
            -481301.43220543995,
            -481872.9882671059,
            -482448.24001086294,
            -483027.1375638297,
            -483609.63239252486,
            -484195.6770717649,
            -484785.22576076974,
            -485378.2334816448,
            -485974.65656414983,
            -486574.4525419774,
            -487177.5797184236,
            -487783.99744092365,
            -488393.6663383787,
            -489006.54750976036,
            -489622.60328209365,
            -490241.7971785568,
            -490864.09260026715,
            -491489.4551006072,
            -492117.8496299028,
            -492749.2429918578,
            -493383.60198718996,
            -494020.8947122316,
            -494661.08944723796,
            -495304.1547696404,
            -495950.06169584213,
            -496598.77997915813,
            -497250.280638617,
            -497904.53570155345,
            -498561.5174788922,
            -499221.1975980631,
            -499883.54996504734,
            -500548.54906690266,
            -501216.16878736834,
            -501886.38339433743,
            -502559.1690972571,
            -503234.50020078715,
            -503912.35430997395,
            -504592.70742068713,
            -505275.5373610316,
            -505960.82021891733,
            -506648.53488443594,
            -507338.6587059085,
            -508031.17060691316,
            -508726.0507984904,
            -509423.27739052416,
            -510122.8300619607,
            -510824.6887018558,
            -511528.83466431766,
            -512235.2484556147,
            -512943.91058838106,
            -513654.8029149222,
            -514367.9058950578,
            -515083.2022669649,
            -515800.6737836954,
            -516520.30394425435,
            -517242.07463268866,
            -517965.9689521725,
            -518691.9710082879,
            -519420.06321167457,
            -520150.2301827699,
            -520882.45551232604,
            -521616.7219771769,
            -522353.01768938964,
            -523091.3248735411,
            -523831.6276806446,
            -524573.912839155,
            -525318.165997974,
            -526064.3724589848,
            -526812.5153533567,
            -527562.584741726,
            -528314.5656002519,
            -529068.4402387755,
            -529824.2015980418,
            -530581.8328427742,
            -531341.319881267,
            -532102.6528658707,
            -532865.8171307582,
            -533630.8009328796,
            -534397.5916274212,
            -535166.1751172781,
            -535936.5401481239,
            -536708.6786956281,
            -537482.5728772148,
            -538258.2143543904,
            -539035.5914577956,
            -539814.693558422,
            -540595.507087072,
            -541378.0224628217,
            -542162.2288882228,
            -542948.1165731115,
            -543735.6722568896,
            -544524.88645789,
            -545315.7484002521,
            -546108.2500761568,
            -546902.3778951989,
            -547698.1244365544,
            -548495.4804966636,
            -549294.4323112793,
            -550094.9726531168,
            -550897.0896161089,
            -551700.7780523176,
            -552506.0242625824,
            -553312.821521323,
            -554121.1632929941,
            -554931.0365972243,
            -555742.4293018315,
            -556555.341893081,
            -557369.7575167586,
            -558185.6671011738,
            -559003.070410054,
            -559821.9471780778,
            -560642.3004594973,
            -561464.1158180241,
            -562287.3862774385,
            -563112.1017563358,
            -563938.2559504844,
            -564765.840792407,
            -565594.85275266,
            -566425.2777233548,
            -567257.1095538362,
            -568090.3392357606,
            -568924.9616920444,
            -569760.9693413486,
            -570598.3543073727,
            -571437.1112976274,
            -572277.2270627439,
            -573118.7014122715,
            -573961.5217793005,
            -574805.683861496,
            -575651.1835439613
        ],
        "Cp(J/mole.K)": [
            -0.0,
            0.31836392388213425,
            1.561508066873648,
            3.857478807162261,
            6.573086461302591,
            9.066828670016546,
            11.164426663279304,
            12.894783922827628,
            14.329801725456491,
            15.535854038878464,
            16.56354115477006,
            17.449253866971407,
            18.21924752880586,
            18.893023552655368,
            19.4855459041777,
            20.008830388636845,
            20.47260261583142,
            20.884919255580474,
            21.252781083108857,
            21.582026739809926,
            21.877512830658823,
            22.143564732633255,
            22.38393342634663,
            22.601701758170368,
            22.7995585249504,
            22.979923617240328,
            23.14480227764001,
            23.295927738836326,
            23.434879533562324,
            23.562966441416897,
            23.681339090384448,
            23.791049628387555,
            23.892976152850338,
            23.987895021113218,
            24.07649985515743,
            24.15940434433292,
            24.23714879904871,
            24.310194855206646,
            24.37897756185261,
            24.44389464523402,
            24.505263728322575,
            24.563369499229943,
            24.618505908397402,
            24.670911966316574,
            24.72079765140664,
            24.768354236781338,
            24.813770917206355,
            24.857217316477875,
            24.898787773819777,
            24.938649094279494,
            24.97695901278334,
            25.013760639245447,
            25.049149964260906,
            25.08324004922604,
            25.11619047878481,
            25.14796678120179,
            25.17853194292414,
            25.20818724793357,
            25.23707646874532,
            25.264914205750518,
            25.29163452636567,
            25.317842071167078,
            25.34336324015171,
            25.367852451572432,
            25.391932031419174,
            25.41537050246543,
            25.437873235178948,
            25.45981303057187,
            25.4812715539766,
            25.502407194825548,
            25.523008418138637,
            25.542624900133376,
            25.561775849328743,
            25.580846049194328,
            25.599255000139237,
            25.61746959869202,
            25.635466697986757,
            25.652239331320743,
            25.668758078556912,
            25.685210533681563,
            25.700647519784926,
            25.71668991841865,
            25.732367639971024,
            25.747125501970004,
            25.762194070540374,
            25.776184550501178,
            25.789954450726448,
            25.80382834284531,
            25.817226073844296,
            25.828549902993963,
            25.840774251395615,
            25.85572104772543,
            25.867396592599107,
            25.87844244042102,
            25.892059125721886,
            25.902163521517245,
            25.909550111973658,
            25.92221290006578,
            25.936523606311226,
            25.94507502313354,
            25.953718919335955,
            25.96325951273888,
            25.97150221172764,
            25.9828146344288,
            25.994379685970785,
            26.002143116820662,
            26.008351718863835,
            26.016217435631248,
            26.023137496708813,
            26.03357523469588,
            26.045418117894172,
            26.049399215218727,
            26.052677617710856,
            26.06158235499784,
            26.073060917909444,
            26.080049905911764,
            26.0846460906792,
            26.089194143980983,
            26.0924335689688,
            26.098431333646126,
            26.106975740287623,
            26.114705075889823,
            26.118158417462837,
            26.123744313401403,
            26.130679910193606,
            26.133746508457456,
            26.138829620584147,
            26.13856826204355,
            26.143604518845677,
            26.158303811822588,
            26.155396121976082,
            26.151101792762343,
            26.16347604546482,
            26.173250268285326,
            26.16697747876131,
            26.165237325680017,
            26.183031142316562,
            26.178009005554483,
            26.170840586843934,
            26.191446649062183,
            26.187999023590436,
            26.18165231955043,
            26.19533024408778,
            26.197756986488418,
            26.198089818655827,
            26.19467553781558,
            26.18518774471096,
            26.20052277134112,
            26.21157103645319,
            26.194499536103315,
            26.196943087270693,
            26.211883391661104,
            26.20878504326123,
            26.2001039076368,
            26.203761716437512,
            26.215172824419852,
            26.214113312330145,
            26.202414868205178,
            26.199460047769335,
            26.21009061572482,
            26.213406337425337,
            26.205737076493783,
            26.21608139758395,
            26.216570884125662,
            26.19717545275367,
            26.19139918147994,
            26.19995740239392,
            26.207901363409714,
            26.19989317988535,
            26.213522138996872,
            26.229329306923077,
            26.19283276968951,
            26.187945808330795,
            26.21904133807935,
            26.18661822719757,
            26.18296786087715,
            26.201422769203532,
            26.183415954914857,
            26.204105538636213,
            26.204564028178247,
            26.177842643810436,
            26.171944348779697,
            26.17659480599609,
            26.201615768344553,
            26.210316431779006,
            26.177495377269224,
            26.154303780460296,
            26.15820062510373,
            26.17238795603572,
            26.17875439240015,
            26.18129078138736,
            26.167668704562317,
            26.151160153002365,
            26.160962720146294,
            26.152822715608636,
            26.164359507295636,
            26.17497142453101,
            26.12760357342861
        ],
        "S(J/mole.K)": [
            0,
            0.15918196194106712,
            0.7087409406005463,
            1.7420310918460018,
            3.206580034035869,
            4.934898708700348,
            6.7719504643086115,
            8.623375347402908,
            10.440043949731624,
            12.198759559732569,
            13.890039619630986,
            15.511364580413645,
            17.063647797158044,
            18.549437862883494,
            19.97200496862933,
            21.334878335304523,
            22.64160818000382,
            23.895639342795036,
            25.100256703927876,
            26.258559806114494,
            27.373445698981225,
            28.44761125147706,
            29.48356474289612,
            30.48363184515474,
            31.449963990326793,
            32.38455326527473,
            33.289244089112614,
            34.1657425098434,
            35.015628570751865,
            35.840366604516014,
            36.64131363144915,
            37.41972922319837,
            38.17678358249614,
            38.91356428974978,
            39.63108341895568,
            40.330283941072416,
            41.01204535550205,
            41.67718856884749,
            42.32648073609016,
            42.96064002132334,
            43.58033908260986,
            44.186208165789864,
            44.778838903656286,
            45.35878742432251,
            45.926576648827904,
            46.48269873992176,
            47.02761757715998,
            47.56177096052415,
            48.0855718152583,
            48.59941019906837,
            49.103655800362326,
            49.59865833793374,
            50.08474849657214,
            50.56224004785399,
            51.031431707189036,
            51.49260690626615,
            51.94603310701423,
            52.39196587747647,
            52.83065133106066,
            53.262321777523184,
            53.68719484099785,
            54.1054817577162,
            54.51738701499563,
            54.92310113892382,
            55.32280777023334,
            55.71668508924777,
            56.1048991001393,
            56.487608865717625,
            56.86496976126145,
            57.237132104235926,
            57.60423935935905,
            57.96642420248754,
            58.323814174916336,
            58.67653778151289,
            59.02471699501257,
            59.36846806486064,
            59.70790558168956,
            60.04313295053144,
            60.37424925421874,
            60.70135719886603,
            61.024550869495584,
            61.343924915990655,
            61.6595745962186,
            61.971582442624644,
            62.28003200157619,
            62.585003009856166,
            62.88656922050287,
            63.18480868018597,
            63.47979532873579,
            63.771588326184435,
            64.0602523960748,
            64.34587665438812,
            64.62852473288294,
            64.90823982098664,
            65.18509495071048,
            65.45914584589336,
            65.73041859582227,
            65.99898382344618,
            66.26493267964325,
            66.52829761415634,
            66.7891019411931,
            67.0474015234766,
            67.30324379651503,
            67.55668524999493,
            67.80778839738268,
            68.05658110576988,
            68.30308173923186,
            68.54733375307842,
            68.78938235100141,
            69.02927990929602,
            69.26708824335219,
            69.50281614362902,
            69.73646237624125,
            69.96808570883294,
            70.19775797525871,
            70.42550502693047,
            70.6513303676169,
            70.87525646963985,
            71.09730991149698,
            71.31752834519864,
            71.53596468529432,
            71.75265575532467,
            71.96760939262894,
            72.1808451080622,
            72.39240483543617,
            72.60230546626917,
            72.8105659666704,
            73.01719923010096,
            73.22223043431586,
            73.42574266393203,
            73.62772911578867,
            73.82814015880211,
            74.02705760035315,
            74.22455735398326,
            74.4205910073506,
            74.61513726940902,
            74.80830669970601,
            75.00010802246398,
            75.19047008750059,
            75.37950581055193,
            75.56724821536045,
            75.75361952202366,
            75.93869933906971,
            76.12253696629777,
            76.30510310484969,
            76.48639516186958,
            76.66639692973695,
            76.84518965462485,
            77.02285968387005,
            77.19931329387764,
            77.37453744265659,
            77.54865490214725,
            77.72166232670861,
            77.89349669000367,
            78.06419509303379,
            78.23383731509094,
            78.40242198266787,
            78.56988875772659,
            78.73624562253099,
            78.90157697482937,
            79.06591553823674,
            79.22921670967627,
            79.39151481778536,
            79.5528475783518,
            79.71313594480017,
            79.87237325846364,
            80.03065666911571,
            80.1880389740094,
            80.34448161711771,
            80.5000122889047,
            80.65471217432933,
            80.8084444908469,
            80.96115947061045,
            81.11306479617488,
            81.26409127524822,
            81.41414865780244,
            81.56339299754472,
            81.71179330953456,
            81.85936479941448,
            82.00616894366831,
            82.15208227945841,
            82.29709669783334,
            82.44130860863662,
            82.58481144475228,
            82.72762424482936,
            82.86959791829142,
            83.01065517402459,
            83.15090415515297,
            83.29045328283101,
            83.42931666160877,
            83.56747075924505,
            83.70487064341579,
            83.8414743735164,
            83.97735086790054,
            84.1125295649763,
            84.24702184853378,
            84.3808828361216,
            84.51396943706204
        ]
    },
    "Phonon_data": {
        "Numb_Node": 15,
        "total_n_kpoints": 100,
        "frequency": {
            "Node_1": [
                -0.12259644701369352,
                -0.18256255674264918,
                1.1015231049903924,
                2.363723717246085,
                3.720202811572828,
                5.088455377715878,
                6.408597138654091,
                7.6262450071117485,
                8.256538826010841,
                8.667919342821977,
                8.95020060605189,
                9.121052069165438,
                9.179699912602882,
                9.23572070091222,
                9.395066728061286,
                9.630419091127608,
                9.884894281638012,
                10.077333417604091,
                10.200877237730104,
                10.292381141667546,
                10.368040034907148,
                10.416860766118722,
                10.301899594169058,
                10.147059649590899,
                9.90465228354518,
                9.044214937182133,
                7.928746172761189,
                6.56303225615006,
                5.006253989090928,
                3.3471847319089507,
                1.706536556914207,
                0.250578382854202,
                -0.12259644701369352,
                -0.12259644701369352,
                -0.12259644701369352,
                -0.12259644701369352,
                -0.12259644701369352,
                -0.12259644701369352,
                -0.12259644701369352,
                -0.12259644701369352,
                -0.12259644701369352,
                -0.12259644701369352,
                -0.12259644701369352,
                -0.12259644701369352,
                -0.12259644701369352,
                -0.18256255674264918,
                1.1015231049903924,
                2.363723717246085,
                3.720202811572828,
                5.088455377715878,
                6.408597138654091,
                7.6262450071117485,
                8.256538826010841,
                8.667919342821977,
                8.95020060605189,
                9.121052069165438,
                9.179699912602882,
                9.23572070091222,
                9.395066728061286,
                9.630419091127608,
                9.884894281638012,
                10.077333417604091,
                10.200877237730104,
                10.292381141667546,
                10.368040034907148,
                10.416860766118722,
                10.301899594169058,
                10.147059649590899,
                9.90465228354518,
                9.044214937182133,
                7.928746172761189,
                6.56303225615006,
                5.006253989090928,
                3.3471847319089507,
                1.706536556914207,
                0.250578382854202,
                -0.12259644701369352,
                9.179699912602882,
                9.179699912602882,
                9.179699912602882,
                9.179699912602882,
                9.179699912602882,
                9.179699912602882,
                9.179699912602882,
                9.179699912602882,
                9.179699912602882,
                9.179699912602882,
                9.179699912602882,
                9.179699912602882,
                9.179699912602882,
                10.416860766118722,
                10.416860766118722,
                10.416860766118713,
                10.416860766118722,
                10.416860766118713,
                10.416860766118722,
                10.416860766118722,
                10.416860766118722,
                10.416860766118722,
                10.416860766118722,
                10.416860766118722,
                10.416860766118722,
                10.416860766118722
            ],
            "Node_2": [
                -0.09682922793029343,
                1.315509460237437,
                2.6176178410732005,
                3.8984442732904614,
                5.088086880055953,
                6.112941253503602,
                6.978229113115202,
                7.7028744295478955,
                8.721332536720098,
                9.138482047736478,
                9.298770052368237,
                9.39286878318006,
                9.423311733059817,
                9.49328724756702,
                9.690916150103053,
                9.983418233780284,
                10.297779024360226,
                10.553415513629997,
                10.59830825924886,
                10.54379166817406,
                10.486024576813914,
                10.441027712515199,
                10.520469962428223,
                10.477391541543676,
                9.967297449850697,
                9.746443739918943,
                8.871051101441319,
                7.762529233956599,
                6.484859699625671,
                5.011935319975535,
                3.3652266460381832,
                1.6710359245519912,
                -0.09682922793029343,
                -0.09682922793029343,
                -0.09682922793029343,
                -0.09682922793029343,
                -0.09682922793029343,
                -0.09682922793029343,
                -0.09682922793029343,
                -0.09682922793029343,
                -0.09682922793029343,
                -0.09682922793029343,
                -0.09682922793029343,
                -0.09682922793029343,
                -0.09682922793029343,
                1.315509460237437,
                2.6176178410732005,
                3.8984442732904614,
                5.088086880055953,
                6.112941253503602,
                6.978229113115202,
                7.7028744295478955,
                8.721332536720098,
                9.138482047736478,
                9.298770052368237,
                9.39286878318006,
                9.423311733059817,
                9.49328724756702,
                9.690916150103053,
                9.983418233780284,
                10.297779024360226,
                10.553415513629997,
                10.59830825924886,
                10.54379166817406,
                10.486024576813914,
                10.441027712515199,
                10.520469962428223,
                10.477391541543676,
                9.967297449850697,
                9.746443739918943,
                8.871051101441319,
                7.762529233956599,
                6.484859699625671,
                5.011935319975535,
                3.3652266460381832,
                1.6710359245519912,
                -0.09682922793029343,
                9.423311733059817,
                9.423311733059817,
                9.423311733059817,
                9.423311733059817,
                9.423311733059817,
                9.423311733059817,
                9.423311733059817,
                9.423311733059817,
                9.423311733059817,
                9.423311733059817,
                9.423311733059817,
                9.423311733059817,
                9.423311733059817,
                10.441027712515199,
                10.441027712515199,
                10.44102771251519,
                10.441027712515199,
                10.44102771251519,
                10.441027712515199,
                10.441027712515199,
                10.441027712515199,
                10.441027712515199,
                10.441027712515199,
                10.441027712515199,
                10.441027712515199,
                10.441027712515199
            ],
            "Node_3": [
                -0.02650768996145188,
                2.246288744501673,
                4.420158918249677,
                6.424490973282096,
                7.595143224679879,
                7.953624117143137,
                8.307069469254065,
                8.633076446620358,
                8.914804152543905,
                9.603960396956188,
                9.95301583064159,
                10.00583386252041,
                10.017539966775988,
                10.034592122131073,
                10.084775913174473,
                10.171534745157663,
                10.350216668354856,
                10.644764200709725,
                10.892411958512843,
                11.219713775780258,
                11.504533602653755,
                11.704934512666725,
                11.268201421621875,
                10.776662386812596,
                10.450723641384043,
                9.805547125388731,
                9.406752306382923,
                8.793889372257594,
                8.133542933364247,
                7.45905668411286,
                5.4112968309949565,
                2.7611369646731085,
                -0.02650768996145188,
                -0.02650768996145188,
                -0.02650768996145188,
                -0.02650768996145188,
                -0.02650768996145188,
                -0.02650768996145188,
                -0.02650768996145188,
                -0.02650768996145188,
                -0.02650768996145188,
                -0.02650768996145188,
                -0.02650768996145188,
                -0.02650768996145188,
                -0.02650768996145188,
                2.246288744501673,
                4.420158918249677,
                6.424490973282096,
                7.595143224679879,
                7.953624117143137,
                8.307069469254065,
                8.633076446620358,
                8.914804152543905,
                9.603960396956188,
                9.95301583064159,
                10.00583386252041,
                10.017539966775988,
                10.034592122131073,
                10.084775913174473,
                10.171534745157663,
                10.350216668354856,
                10.644764200709725,
                10.892411958512843,
                11.219713775780258,
                11.504533602653755,
                11.704934512666725,
                11.268201421621875,
                10.776662386812596,
                10.450723641384043,
                9.805547125388731,
                9.406752306382923,
                8.793889372257594,
                8.133542933364247,
                7.45905668411286,
                5.4112968309949565,
                2.7611369646731085,
                -0.02650768996145188,
                10.017539966775988,
                10.017539966775988,
                10.017539966775988,
                10.017539966775988,
                10.017539966775988,
                10.017539966775988,
                10.017539966775988,
                10.017539966775988,
                10.017539966775988,
                10.017539966775988,
                10.017539966775988,
                10.017539966775988,
                10.017539966775988,
                11.704934512666725,
                11.704934512666725,
                11.704934512666735,
                11.704934512666725,
                11.704934512666735,
                11.704934512666725,
                11.704934512666725,
                11.704934512666725,
                11.704934512666725,
                11.704934512666725,
                11.704934512666725,
                11.704934512666725,
                11.704934512666725
            ],
            "Node_4": [
                6.716444858792735,
                6.802810987434565,
                6.985963466328633,
                7.261548862858724,
                8.160716268708045,
                9.404598828073546,
                9.688525482526712,
                9.760075857454177,
                9.851774363124392,
                9.975110857911496,
                10.367757629676365,
                10.735249792066169,
                10.851822653906895,
                10.842484887945737,
                10.816318648294486,
                10.776932343921915,
                10.729264743663943,
                10.739670368516315,
                11.064740693413118,
                11.373315881424933,
                11.623218739561775,
                11.733042322675983,
                11.80657118277472,
                11.491921970891795,
                10.978064414547863,
                10.37046829938775,
                9.866497407046557,
                9.691112628489087,
                9.407890654918996,
                7.877389084185473,
                7.134249605026286,
                6.827562817527877,
                6.716444858792735,
                6.716444858792735,
                6.716444858792735,
                6.716444858792735,
                6.716444858792735,
                6.716444858792735,
                6.716444858792735,
                6.716444858792735,
                6.716444858792735,
                6.716444858792735,
                6.716444858792735,
                6.716444858792735,
                6.716444858792735,
                6.802810987434565,
                6.985963466328633,
                7.261548862858724,
                8.160716268708045,
                9.404598828073546,
                9.688525482526712,
                9.760075857454177,
                9.851774363124392,
                9.975110857911496,
                10.367757629676365,
                10.735249792066169,
                10.851822653906895,
                10.842484887945737,
                10.816318648294486,
                10.776932343921915,
                10.729264743663943,
                10.739670368516315,
                11.064740693413118,
                11.373315881424933,
                11.623218739561775,
                11.733042322675983,
                11.80657118277472,
                11.491921970891795,
                10.978064414547863,
                10.37046829938775,
                9.866497407046557,
                9.691112628489087,
                9.407890654918996,
                7.877389084185473,
                7.134249605026286,
                6.827562817527877,
                6.716444858792735,
                10.851822653906895,
                10.851822653906895,
                10.851822653906895,
                10.851822653906895,
                10.851822653906895,
                10.851822653906895,
                10.851822653906895,
                10.851822653906895,
                10.851822653906895,
                10.851822653906895,
                10.851822653906895,
                10.851822653906895,
                10.851822653906895,
                11.733042322675983,
                11.733042322675983,
                11.733042322675994,
                11.733042322675983,
                11.733042322675994,
                11.733042322675983,
                11.733042322675983,
                11.733042322675983,
                11.733042322675983,
                11.733042322675983,
                11.733042322675983,
                11.733042322675983,
                11.733042322675983
            ],
            "Node_5": [
                6.746907220769133,
                7.062083266745377,
                7.870861771778275,
                8.847516393023643,
                9.806032972398725,
                10.169277149645007,
                10.974422313248471,
                11.568557931011373,
                11.842071253815902,
                12.039249578953173,
                12.252408981752005,
                12.493266943597344,
                12.625128125304094,
                12.620773468249018,
                12.613530878425198,
                12.614187964512093,
                12.628564290801833,
                12.626264392813761,
                12.438648321705413,
                12.230634749889928,
                12.002462673488633,
                11.816883230838453,
                11.84934967381866,
                11.713475760776117,
                11.497654678265992,
                11.449114666540035,
                11.421300105440563,
                11.033564956016711,
                10.11663392254771,
                9.568969593436064,
                8.374375231943711,
                7.2546941624959285,
                6.746907220769133,
                6.746907220769133,
                6.746907220769133,
                6.746907220769133,
                6.746907220769133,
                6.746907220769133,
                6.746907220769133,
                6.746907220769133,
                6.746907220769133,
                6.746907220769133,
                6.746907220769133,
                6.746907220769133,
                6.746907220769133,
                7.062083266745377,
                7.870861771778275,
                8.847516393023643,
                9.806032972398725,
                10.169277149645007,
                10.974422313248471,
                11.568557931011373,
                11.842071253815902,
                12.039249578953173,
                12.252408981752005,
                12.493266943597344,
                12.625128125304094,
                12.620773468249018,
                12.613530878425198,
                12.614187964512093,
                12.628564290801833,
                12.626264392813761,
                12.438648321705413,
                12.230634749889928,
                12.002462673488633,
                11.816883230838453,
                11.84934967381866,
                11.713475760776117,
                11.497654678265992,
                11.449114666540035,
                11.421300105440563,
                11.033564956016711,
                10.11663392254771,
                9.568969593436064,
                8.374375231943711,
                7.2546941624959285,
                6.746907220769133,
                12.625128125304094,
                12.625128125304094,
                12.625128125304094,
                12.625128125304094,
                12.625128125304094,
                12.625128125304094,
                12.625128125304094,
                12.625128125304094,
                12.625128125304094,
                12.625128125304094,
                12.625128125304094,
                12.625128125304094,
                12.625128125304094,
                11.816883230838453,
                11.816883230838453,
                11.816883230838464,
                11.816883230838453,
                11.816883230838464,
                11.816883230838453,
                11.816883230838453,
                11.816883230838453,
                11.816883230838453,
                11.816883230838453,
                11.816883230838453,
                11.816883230838453,
                11.816883230838453
            ],
            "Node_6": [
                11.382168992792227,
                10.949303619832271,
                10.563459945704915,
                10.26001417548357,
                10.072248727989308,
                10.6394415160757,
                11.290473924405449,
                11.925228945808973,
                12.512128431470183,
                12.91812653165055,
                13.138757611883538,
                13.190015009000328,
                13.167042526798165,
                13.138327248744142,
                13.058326114796168,
                12.939787661472584,
                12.793786947431343,
                12.654723335664402,
                12.684556430552835,
                12.706500885720889,
                12.712170648449344,
                12.707620780324334,
                12.733385203724753,
                12.766033365291463,
                12.66458634576849,
                12.36210591268762,
                11.840779273417077,
                11.192773076219325,
                10.563390131897544,
                10.107533949996448,
                10.417736571586671,
                10.863295831799313,
                11.382168992792227,
                11.382168992792227,
                11.382168992792227,
                11.382168992792227,
                11.382168992792227,
                11.382168992792227,
                11.382168992792227,
                11.382168992792227,
                11.382168992792227,
                11.382168992792227,
                11.382168992792227,
                11.382168992792227,
                11.382168992792227,
                10.949303619832271,
                10.563459945704915,
                10.26001417548357,
                10.072248727989308,
                10.6394415160757,
                11.290473924405449,
                11.925228945808973,
                12.512128431470183,
                12.91812653165055,
                13.138757611883538,
                13.190015009000328,
                13.167042526798165,
                13.138327248744142,
                13.058326114796168,
                12.939787661472584,
                12.793786947431343,
                12.654723335664402,
                12.684556430552835,
                12.706500885720889,
                12.712170648449344,
                12.707620780324334,
                12.733385203724753,
                12.766033365291463,
                12.66458634576849,
                12.36210591268762,
                11.840779273417077,
                11.192773076219325,
                10.563390131897544,
                10.107533949996448,
                10.417736571586671,
                10.863295831799313,
                11.382168992792227,
                13.167042526798165,
                13.167042526798165,
                13.167042526798165,
                13.167042526798165,
                13.167042526798165,
                13.167042526798165,
                13.167042526798165,
                13.167042526798165,
                13.167042526798165,
                13.167042526798165,
                13.167042526798165,
                13.167042526798165,
                13.167042526798165,
                12.707620780324334,
                12.707620780324334,
                12.70762078032436,
                12.707620780324334,
                12.70762078032436,
                12.707620780324334,
                12.707620780324334,
                12.707620780324334,
                12.707620780324334,
                12.707620780324334,
                12.707620780324334,
                12.707620780324334,
                12.707620780324334
            ],
            "Node_7": [
                11.507675688726575,
                11.673131841523158,
                11.868571967780266,
                12.14471443096063,
                12.472148569882899,
                12.849529102076001,
                13.28661744011418,
                13.766595325541376,
                14.234188456963325,
                14.632488480392713,
                14.937271343165067,
                15.137255844538602,
                15.20897619849108,
                15.263919221571612,
                15.41609468849339,
                15.638050897816301,
                15.8997208396999,
                16.169241942509164,
                16.415129922645974,
                16.611790645454985,
                16.740709707638796,
                16.789087331680914,
                16.679275999226814,
                16.34303461032609,
                15.807345827508605,
                15.120914679123013,
                14.35036127819369,
                13.57899845282475,
                12.89834237506239,
                12.348223685807463,
                11.925398227750003,
                11.641623108917084,
                11.507675688726575,
                11.507675688726575,
                11.507675688726575,
                11.507675688726575,
                11.507675688726575,
                11.507675688726575,
                11.507675688726575,
                11.507675688726575,
                11.507675688726575,
                11.507675688726575,
                11.507675688726575,
                11.507675688726575,
                11.507675688726575,
                11.673131841523158,
                11.868571967780266,
                12.14471443096063,
                12.472148569882899,
                12.849529102076001,
                13.28661744011418,
                13.766595325541376,
                14.234188456963325,
                14.632488480392713,
                14.937271343165067,
                15.137255844538602,
                15.20897619849108,
                15.263919221571612,
                15.41609468849339,
                15.638050897816301,
                15.8997208396999,
                16.169241942509164,
                16.415129922645974,
                16.611790645454985,
                16.740709707638796,
                16.789087331680914,
                16.679275999226814,
                16.34303461032609,
                15.807345827508605,
                15.120914679123013,
                14.35036127819369,
                13.57899845282475,
                12.89834237506239,
                12.348223685807463,
                11.925398227750003,
                11.641623108917084,
                11.507675688726575,
                15.20897619849108,
                15.20897619849108,
                15.20897619849108,
                15.20897619849108,
                15.20897619849108,
                15.20897619849108,
                15.20897619849108,
                15.20897619849108,
                15.20897619849108,
                15.20897619849108,
                15.20897619849108,
                15.20897619849108,
                15.20897619849108,
                16.789087331680914,
                16.789087331680914,
                16.789087331680914,
                16.789087331680914,
                16.789087331680914,
                16.789087331680914,
                16.789087331680914,
                16.789087331680914,
                16.789087331680914,
                16.789087331680914,
                16.789087331680914,
                16.789087331680914,
                16.789087331680914
            ],
            "Node_8": [
                11.637001748896873,
                12.203989524378672,
                13.199340834872343,
                14.365231556585941,
                15.492840523850418,
                15.738790583160588,
                15.90059408409706,
                16.203609272886276,
                16.62236205243635,
                17.050265403396793,
                17.200103630902095,
                17.277596970590263,
                17.30383177787314,
                17.320051997136456,
                17.347417106088326,
                17.373730201074995,
                17.41678951491853,
                17.4973674151783,
                17.62883854000896,
                17.816990554158338,
                18.05795839390934,
                18.317562637620263,
                17.890229833730306,
                17.39230724779003,
                16.89213855847325,
                16.401885766283506,
                15.958222597255672,
                15.6438330691456,
                15.553457040004794,
                15.294528043186018,
                13.813466223263788,
                12.47149483925456,
                11.637001748896873,
                11.637001748896873,
                11.637001748896873,
                11.637001748896873,
                11.637001748896873,
                11.637001748896873,
                11.637001748896873,
                11.637001748896873,
                11.637001748896873,
                11.637001748896873,
                11.637001748896873,
                11.637001748896873,
                11.637001748896873,
                12.203989524378672,
                13.199340834872343,
                14.365231556585941,
                15.492840523850418,
                15.738790583160588,
                15.90059408409706,
                16.203609272886276,
                16.62236205243635,
                17.050265403396793,
                17.200103630902095,
                17.277596970590263,
                17.30383177787314,
                17.320051997136456,
                17.347417106088326,
                17.373730201074995,
                17.41678951491853,
                17.4973674151783,
                17.62883854000896,
                17.816990554158338,
                18.05795839390934,
                18.317562637620263,
                17.890229833730306,
                17.39230724779003,
                16.89213855847325,
                16.401885766283506,
                15.958222597255672,
                15.6438330691456,
                15.553457040004794,
                15.294528043186018,
                13.813466223263788,
                12.47149483925456,
                11.637001748896873,
                17.30383177787314,
                17.30383177787314,
                17.30383177787314,
                17.30383177787314,
                17.30383177787314,
                17.30383177787314,
                17.30383177787314,
                17.30383177787314,
                17.30383177787314,
                17.30383177787314,
                17.30383177787314,
                17.30383177787314,
                17.30383177787314,
                18.317562637620263,
                18.317562637620263,
                18.317562637620266,
                18.317562637620263,
                18.317562637620266,
                18.317562637620263,
                18.317562637620263,
                18.317562637620263,
                18.317562637620263,
                18.317562637620263,
                18.317562637620263,
                18.317562637620263,
                18.317562637620263
            ],
            "Node_9": [
                16.222617352817025,
                16.16498689059252,
                16.021507213805332,
                15.884613386094317,
                15.905770333941568,
                16.531506833747727,
                16.657554301073784,
                16.803877415984438,
                16.959921459661746,
                17.165267985870766,
                17.63354111767441,
                18.05545615636032,
                18.238011125760078,
                18.35697757855331,
                18.706909464457798,
                19.237187431423003,
                19.52132196815659,
                19.368991803848957,
                19.171209079137082,
                18.93444137924675,
                18.669402882924565,
                18.40388657845939,
                18.79771257251957,
                19.051929411749413,
                18.864314657137726,
                18.32464252797785,
                17.661096572849203,
                17.00001583187912,
                16.34051906025522,
                15.69021676999533,
                15.949258762920437,
                16.177461377983718,
                16.222617352817025,
                16.222617352817025,
                16.222617352817025,
                16.222617352817025,
                16.222617352817025,
                16.222617352817025,
                16.222617352817025,
                16.222617352817025,
                16.222617352817025,
                16.222617352817025,
                16.222617352817025,
                16.222617352817025,
                16.222617352817025,
                16.16498689059252,
                16.021507213805332,
                15.884613386094317,
                15.905770333941568,
                16.531506833747727,
                16.657554301073784,
                16.803877415984438,
                16.959921459661746,
                17.165267985870766,
                17.63354111767441,
                18.05545615636032,
                18.238011125760078,
                18.35697757855331,
                18.706909464457798,
                19.237187431423003,
                19.52132196815659,
                19.368991803848957,
                19.171209079137082,
                18.93444137924675,
                18.669402882924565,
                18.40388657845939,
                18.79771257251957,
                19.051929411749413,
                18.864314657137726,
                18.32464252797785,
                17.661096572849203,
                17.00001583187912,
                16.34051906025522,
                15.69021676999533,
                15.949258762920437,
                16.177461377983718,
                16.222617352817025,
                18.238011125760078,
                18.238011125760078,
                18.238011125760078,
                18.238011125760078,
                18.238011125760078,
                18.238011125760078,
                18.238011125760078,
                18.238011125760078,
                18.238011125760078,
                18.238011125760078,
                18.238011125760078,
                18.238011125760078,
                18.238011125760078,
                18.40388657845939,
                18.40388657845939,
                18.403886578459392,
                18.40388657845939,
                18.403886578459392,
                18.40388657845939,
                18.40388657845939,
                18.40388657845939,
                18.40388657845939,
                18.40388657845939,
                18.40388657845939,
                18.40388657845939,
                18.40388657845939
            ],
            "Node_10": [
                16.354973995474573,
                16.34526978741082,
                16.35030435254621,
                16.38115741394974,
                16.441931274637366,
                16.866233003407917,
                17.878599262158847,
                18.666124097390192,
                19.236821939152577,
                19.618600923435782,
                19.800826566621062,
                19.796861523500603,
                19.75091027488492,
                19.739660921011467,
                19.702874198588965,
                19.634042505509235,
                19.87457586884261,
                20.543424596653267,
                21.197112058819123,
                21.782553862816762,
                22.156447483245003,
                22.216331205927013,
                21.98281517363088,
                21.652651887996218,
                21.64203387811213,
                21.5124762552999,
                20.725455600740503,
                19.40975943030198,
                17.861048594402455,
                16.764475056156872,
                16.392048850674993,
                16.30794741755063,
                16.354973995474573,
                16.354973995474573,
                16.354973995474573,
                16.354973995474573,
                16.354973995474573,
                16.354973995474573,
                16.354973995474573,
                16.354973995474573,
                16.354973995474573,
                16.354973995474573,
                16.354973995474573,
                16.354973995474573,
                16.354973995474573,
                16.34526978741082,
                16.35030435254621,
                16.38115741394974,
                16.441931274637366,
                16.866233003407917,
                17.878599262158847,
                18.666124097390192,
                19.236821939152577,
                19.618600923435782,
                19.800826566621062,
                19.796861523500603,
                19.75091027488492,
                19.739660921011467,
                19.702874198588965,
                19.634042505509235,
                19.87457586884261,
                20.543424596653267,
                21.197112058819123,
                21.782553862816762,
                22.156447483245003,
                22.216331205927013,
                21.98281517363088,
                21.652651887996218,
                21.64203387811213,
                21.5124762552999,
                20.725455600740503,
                19.40975943030198,
                17.861048594402455,
                16.764475056156872,
                16.392048850674993,
                16.30794741755063,
                16.354973995474573,
                19.75091027488492,
                19.75091027488492,
                19.75091027488492,
                19.75091027488492,
                19.75091027488492,
                19.75091027488492,
                19.75091027488492,
                19.75091027488492,
                19.75091027488492,
                19.75091027488492,
                19.75091027488492,
                19.75091027488492,
                19.75091027488492,
                22.216331205927013,
                22.216331205927013,
                22.216331205927005,
                22.216331205927013,
                22.216331205927005,
                22.216331205927013,
                22.216331205927013,
                22.216331205927013,
                22.216331205927013,
                22.216331205927013,
                22.216331205927013,
                22.216331205927013,
                22.216331205927013
            ],
            "Node_11": [
                20.246130521005533,
                20.29789518280684,
                20.430262877682967,
                20.625714078104952,
                20.923268162550528,
                21.400908092350072,
                22.091840802475986,
                22.82268038486822,
                23.088575208681895,
                22.809197316768543,
                22.47734139036628,
                22.28407113395585,
                22.22866467578222,
                22.221876707571425,
                22.20373248186165,
                22.180464135812365,
                22.16098213755243,
                22.154180738952945,
                22.16562818217995,
                22.199486870476306,
                22.322743369596616,
                22.46252409567732,
                22.36319502595092,
                22.340964928128546,
                22.237186993616376,
                22.019714222331658,
                21.704371193794074,
                21.33761766884247,
                20.993320532840166,
                20.714444304414872,
                20.49257829222216,
                20.319289291951147,
                20.246130521005533,
                20.246130521005533,
                20.246130521005533,
                20.246130521005533,
                20.246130521005533,
                20.246130521005533,
                20.246130521005533,
                20.246130521005533,
                20.246130521005533,
                20.246130521005533,
                20.246130521005533,
                20.246130521005533,
                20.246130521005533,
                20.29789518280684,
                20.430262877682967,
                20.625714078104952,
                20.923268162550528,
                21.400908092350072,
                22.091840802475986,
                22.82268038486822,
                23.088575208681895,
                22.809197316768543,
                22.47734139036628,
                22.28407113395585,
                22.22866467578222,
                22.221876707571425,
                22.20373248186165,
                22.180464135812365,
                22.16098213755243,
                22.154180738952945,
                22.16562818217995,
                22.199486870476306,
                22.322743369596616,
                22.46252409567732,
                22.36319502595092,
                22.340964928128546,
                22.237186993616376,
                22.019714222331658,
                21.704371193794074,
                21.33761766884247,
                20.993320532840166,
                20.714444304414872,
                20.49257829222216,
                20.319289291951147,
                20.246130521005533,
                22.22866467578222,
                22.22866467578222,
                22.22866467578222,
                22.22866467578222,
                22.22866467578222,
                22.22866467578222,
                22.22866467578222,
                22.22866467578222,
                22.22866467578222,
                22.22866467578222,
                22.22866467578222,
                22.22866467578222,
                22.22866467578222,
                22.46252409567732,
                22.46252409567732,
                22.46252409567732,
                22.46252409567732,
                22.46252409567732,
                22.46252409567732,
                22.46252409567732,
                22.46252409567732,
                22.46252409567732,
                22.46252409567732,
                22.46252409567732,
                22.46252409567732,
                22.46252409567732
            ],
            "Node_12": [
                30.303389480782645,
                30.058211178761223,
                29.445648340489615,
                28.60625797419091,
                27.64708445673276,
                26.674679810990753,
                25.791530543520548,
                25.151817196566615,
                25.111865057715157,
                25.639704897491175,
                26.224837262348352,
                26.650313985299853,
                26.807487919244277,
                26.697301522157346,
                26.39953233951402,
                25.9805290750399,
                25.496183903209502,
                24.98189808221913,
                24.464145409118927,
                23.975095600567858,
                23.573078616160966,
                23.40806811963338,
                23.6229698643082,
                23.71199770822781,
                23.594632885818843,
                23.687126439056584,
                24.348835202837883,
                25.369531739757942,
                26.57447151381317,
                27.847728184144653,
                29.031344373084846,
                29.928521241240148,
                30.303389480782645,
                30.303389480782645,
                30.303389480782645,
                30.303389480782645,
                30.303389480782645,
                30.303389480782645,
                30.303389480782645,
                30.303389480782645,
                30.303389480782645,
                30.303389480782645,
                30.303389480782645,
                30.303389480782645,
                30.303389480782645,
                30.058211178761223,
                29.445648340489615,
                28.60625797419091,
                27.64708445673276,
                26.674679810990753,
                25.791530543520548,
                25.151817196566615,
                25.111865057715157,
                25.639704897491175,
                26.224837262348352,
                26.650313985299853,
                26.807487919244277,
                26.697301522157346,
                26.39953233951402,
                25.9805290750399,
                25.496183903209502,
                24.98189808221913,
                24.464145409118927,
                23.975095600567858,
                23.573078616160966,
                23.40806811963338,
                23.6229698643082,
                23.71199770822781,
                23.594632885818843,
                23.687126439056584,
                24.348835202837883,
                25.369531739757942,
                26.57447151381317,
                27.847728184144653,
                29.031344373084846,
                29.928521241240148,
                30.303389480782645,
                26.807487919244277,
                26.807487919244277,
                26.807487919244277,
                26.807487919244277,
                26.807487919244277,
                26.807487919244277,
                26.807487919244277,
                26.807487919244277,
                26.807487919244277,
                26.807487919244277,
                26.807487919244277,
                26.807487919244277,
                26.807487919244277,
                23.40806811963338,
                23.40806811963338,
                23.408068119633384,
                23.40806811963338,
                23.408068119633384,
                23.40806811963338,
                23.40806811963338,
                23.40806811963338,
                23.40806811963338,
                23.40806811963338,
                23.40806811963338,
                23.40806811963338,
                23.40806811963338
            ],
            "Node_13": [
                35.52754445947351,
                35.385386069433885,
                35.12100019925742,
                35.04935945546396,
                35.28872523349735,
                35.67201926207864,
                35.97607725791458,
                36.155230742888534,
                36.307106913384686,
                36.483495694570905,
                36.629666788453164,
                36.69566714357882,
                36.70757861083167,
                37.08738363227504,
                38.136458815161106,
                39.631859272690505,
                41.31221808450035,
                42.43175928751151,
                42.22672925296748,
                42.013236864686725,
                41.86262872414248,
                41.811770674024395,
                42.006660606493305,
                42.52411826835869,
                42.30728468810043,
                40.644785225932715,
                38.94964044834981,
                37.496031971362626,
                36.340770671750185,
                35.53314956793324,
                35.2309926103873,
                35.37928902684088,
                35.52754445947351,
                35.52754445947351,
                35.52754445947351,
                35.52754445947351,
                35.52754445947351,
                35.52754445947351,
                35.52754445947351,
                35.52754445947351,
                35.52754445947351,
                35.52754445947351,
                35.52754445947351,
                35.52754445947351,
                35.52754445947351,
                35.385386069433885,
                35.12100019925742,
                35.04935945546396,
                35.28872523349735,
                35.67201926207864,
                35.97607725791458,
                36.155230742888534,
                36.307106913384686,
                36.483495694570905,
                36.629666788453164,
                36.69566714357882,
                36.70757861083167,
                37.08738363227504,
                38.136458815161106,
                39.631859272690505,
                41.31221808450035,
                42.43175928751151,
                42.22672925296748,
                42.013236864686725,
                41.86262872414248,
                41.811770674024395,
                42.006660606493305,
                42.52411826835869,
                42.30728468810043,
                40.644785225932715,
                38.94964044834981,
                37.496031971362626,
                36.340770671750185,
                35.53314956793324,
                35.2309926103873,
                35.37928902684088,
                35.52754445947351,
                36.70757861083167,
                36.70757861083167,
                36.70757861083167,
                36.70757861083167,
                36.70757861083167,
                36.70757861083167,
                36.70757861083167,
                36.70757861083167,
                36.70757861083167,
                36.70757861083167,
                36.70757861083167,
                36.70757861083167,
                36.70757861083167,
                41.811770674024395,
                41.811770674024395,
                41.811770674024395,
                41.811770674024395,
                41.811770674024395,
                41.811770674024395,
                41.811770674024395,
                41.811770674024395,
                41.811770674024395,
                41.811770674024395,
                41.811770674024395,
                41.811770674024395,
                41.811770674024395
            ],
            "Node_14": [
                35.53024355914546,
                36.634941403240454,
                39.460833533199,
                43.03001784457106,
                46.39869620143674,
                48.72434118641387,
                48.574266506122676,
                47.31320596618216,
                46.04215322811023,
                44.91266284468077,
                44.017715468630776,
                43.4432503394326,
                43.24571193558042,
                43.2122896885241,
                43.113158426542036,
                42.95438562822271,
                42.75595800589011,
                43.0825268529035,
                44.606140956605344,
                45.9919605641455,
                47.198902756437974,
                48.20596709442379,
                46.52293480219326,
                44.80259946183467,
                44.164398211332966,
                45.33054884234541,
                46.91489466551004,
                48.68526276485533,
                48.99491643328413,
                45.81374693326594,
                41.480925702828976,
                37.33995454765085,
                35.53024355914546,
                35.53024355914546,
                35.53024355914546,
                35.53024355914546,
                35.53024355914546,
                35.53024355914546,
                35.53024355914546,
                35.53024355914546,
                35.53024355914546,
                35.53024355914546,
                35.53024355914546,
                35.53024355914546,
                35.53024355914546,
                36.634941403240454,
                39.460833533199,
                43.03001784457106,
                46.39869620143674,
                48.72434118641387,
                48.574266506122676,
                47.31320596618216,
                46.04215322811023,
                44.91266284468077,
                44.017715468630776,
                43.4432503394326,
                43.24571193558042,
                43.2122896885241,
                43.113158426542036,
                42.95438562822271,
                42.75595800589011,
                43.0825268529035,
                44.606140956605344,
                45.9919605641455,
                47.198902756437974,
                48.20596709442379,
                46.52293480219326,
                44.80259946183467,
                44.164398211332966,
                45.33054884234541,
                46.91489466551004,
                48.68526276485533,
                48.99491643328413,
                45.81374693326594,
                41.480925702828976,
                37.33995454765085,
                35.53024355914546,
                43.24571193558042,
                43.24571193558042,
                43.24571193558042,
                43.24571193558042,
                43.24571193558042,
                43.24571193558042,
                43.24571193558042,
                43.24571193558042,
                43.24571193558042,
                43.24571193558042,
                43.24571193558042,
                43.24571193558042,
                43.24571193558042,
                48.20596709442379,
                48.20596709442379,
                48.205967094423805,
                48.20596709442379,
                48.205967094423805,
                48.20596709442379,
                48.20596709442379,
                48.20596709442379,
                48.20596709442379,
                48.20596709442379,
                48.20596709442379,
                48.20596709442379,
                48.20596709442379
            ],
            "Node_15": [
                55.54866517032075,
                55.30649181250265,
                54.60437572484122,
                53.521163347695605,
                52.20963671913024,
                51.0682366975975,
                51.489833757526796,
                52.360874094621,
                52.914047678423806,
                53.249759446219095,
                53.42634276689839,
                53.48337142780834,
                53.489161196111866,
                53.40619202892395,
                53.1676781126194,
                52.79110251193523,
                52.2851290431524,
                51.65724037709486,
                50.923246480874816,
                50.09878844379453,
                49.19387001088178,
                48.26151969456342,
                49.6713924829172,
                50.74192678045535,
                51.445700762139275,
                51.750378413941725,
                51.60076025855188,
                50.82654469252675,
                50.5929820329738,
                52.43631397314092,
                54.048842628016,
                55.15498944859035,
                55.54866517032075,
                55.54866517032075,
                55.54866517032075,
                55.54866517032075,
                55.54866517032075,
                55.54866517032075,
                55.54866517032075,
                55.54866517032075,
                55.54866517032075,
                55.54866517032075,
                55.54866517032075,
                55.54866517032075,
                55.54866517032075,
                55.30649181250265,
                54.60437572484122,
                53.521163347695605,
                52.20963671913024,
                51.0682366975975,
                51.489833757526796,
                52.360874094621,
                52.914047678423806,
                53.249759446219095,
                53.42634276689839,
                53.48337142780834,
                53.489161196111866,
                53.40619202892395,
                53.1676781126194,
                52.79110251193523,
                52.2851290431524,
                51.65724037709486,
                50.923246480874816,
                50.09878844379453,
                49.19387001088178,
                48.26151969456342,
                49.6713924829172,
                50.74192678045535,
                51.445700762139275,
                51.750378413941725,
                51.60076025855188,
                50.82654469252675,
                50.5929820329738,
                52.43631397314092,
                54.048842628016,
                55.15498944859035,
                55.54866517032075,
                53.489161196111866,
                53.489161196111866,
                53.489161196111866,
                53.489161196111866,
                53.489161196111866,
                53.489161196111866,
                53.489161196111866,
                53.489161196111866,
                53.489161196111866,
                53.489161196111866,
                53.489161196111866,
                53.489161196111866,
                53.489161196111866,
                48.26151969456342,
                48.26151969456342,
                48.26151969456341,
                48.26151969456342,
                48.26151969456341,
                48.26151969456342,
                48.26151969456342,
                48.26151969456342,
                48.26151969456342,
                48.26151969456342,
                48.26151969456342,
                48.26151969456342,
                48.26151969456342
            ]
        }
    },
    "Phonon_DOS": {
        "DOS": [
            0.0,
            0.002,
            0.0,
            0.004,
            0.0,
            0.008,
            0.004,
            0.010666666666666666,
            0.010666666666666666,
            0.027999999999999997,
            0.036000000000000004,
            0.08866666666666667,
            0.09133333333333332,
            0.057999999999999996,
            0.057999999999999996,
            0.03,
            0.014666666666666666,
            0.042,
            0.050666666666666665,
            0.046,
            0.03266666666666666,
            0.03133333333333333,
            0.012666666666666666,
            0.032,
            0.042,
            0.008,
            0.02,
            0.021333333333333333,
            0.008666666666666666,
            0.004,
            0.0,
            0.004,
            0.0006666666666666666,
            0.0,
            0.0,
            0.0,
            0.0013333333333333333,
            0.012,
            0.01,
            0.008,
            0.008,
            0.012,
            0.004,
            0.0013333333333333333,
            0.014666666666666666,
            0.01933333333333333,
            0.006666666666666667,
            0.010666666666666666,
            0.009333333333333334,
            0.004,
            0.012,
            0.004,
            0.0,
            0.032,
            0.02,
            0.006,
            0.004,
            0.0006666666666666666,
            0.0
        ],
        "Energy(meV)": [
            -1.5,
            -0.5,
            0.5,
            1.5,
            2.5,
            3.5,
            4.5,
            5.5,
            6.5,
            7.5,
            8.5,
            9.5,
            10.5,
            11.5,
            12.5,
            13.5,
            14.5,
            15.5,
            16.5,
            17.5,
            18.5,
            19.5,
            20.5,
            21.5,
            22.5,
            23.5,
            24.5,
            25.5,
            26.5,
            27.5,
            28.5,
            29.5,
            30.5,
            31.5,
            32.5,
            33.5,
            34.5,
            35.5,
            36.5,
            37.5,
            38.5,
            39.5,
            40.5,
            41.5,
            42.5,
            43.5,
            44.5,
            45.5,
            46.5,
            47.5,
            48.5,
            49.5,
            50.5,
            51.5,
            52.5,
            53.5,
            54.5,
            55.5,
            56.5
        ]
    }
}