{
    "POSCAR": {
        "Atomes": "   Y    F   N\n",
        "coordinate": "Direct\n",
        "unit_cell": {
            "a_vector": "3.472764465469775   1.1321340537365812e-06   6.784314557445924e-07\n",
            "b_vector": "-1.7363818182656923   3.00750212507992   -6.482822602185991e-07\n",
            "c_vector": "7.520978315221262e-06   -3.956303533618978e-06   27.1353642008424\n"
        },
        "positions": {
            "Y": [
                "0.666666773899519   0.33333327585824557   0.24825987704581057\n",
                "0.33333321566890844   0.6666667412111588   0.15174012209291918\n"
            ],
            "F": [
                "0.33333313666436093   0.6666668538937376   0.2941046457741323\n",
                "0.666666872368479   0.3333331459607685   0.10589535322097968\n"
            ],
            "N": [
                "1.3987314037163933e-09   -1.69239105005364e-08   0.20000000186615893\n"
            ]
        }
    },
    "Termo_data": {
        "Temperature (K)": [
            0,
            10,
            20,
            30,
            40,
            50,
            60,
            70,
            80,
            90,
            100,
            110,
            120,
            130,
            140,
            150,
            160,
            170,
            180,
            190,
            200,
            210,
            220,
            230,
            240,
            250,
            260,
            270,
            280,
            290,
            300,
            310,
            320,
            330,
            340,
            350,
            360,
            370,
            380,
            390,
            400,
            410,
            420,
            430,
            440,
            450,
            460,
            470,
            480,
            490,
            500,
            510,
            520,
            530,
            540,
            550,
            560,
            570,
            580,
            590,
            600,
            610,
            620,
            630,
            640,
            650,
            660,
            670,
            680,
            690,
            700,
            710,
            720,
            730,
            740,
            750,
            760,
            770,
            780,
            790,
            800,
            810,
            820,
            830,
            840,
            850,
            860,
            870,
            880,
            890,
            900,
            910,
            920,
            930,
            940,
            950,
            960,
            970,
            980,
            990,
            1000,
            1010,
            1020,
            1030,
            1040,
            1050,
            1060,
            1070,
            1080,
            1090,
            1100,
            1110,
            1120,
            1130,
            1140,
            1150,
            1160,
            1170,
            1180,
            1190,
            1200,
            1210,
            1220,
            1230,
            1240,
            1250,
            1260,
            1270,
            1280,
            1290,
            1300,
            1310,
            1320,
            1330,
            1340,
            1350,
            1360,
            1370,
            1380,
            1390,
            1400,
            1410,
            1420,
            1430,
            1440,
            1450,
            1460,
            1470,
            1480,
            1490,
            1500,
            1510,
            1520,
            1530,
            1540,
            1550,
            1560,
            1570,
            1580,
            1590,
            1600,
            1610,
            1620,
            1630,
            1640,
            1650,
            1660,
            1670,
            1680,
            1690,
            1700,
            1710,
            1720,
            1730,
            1740,
            1750,
            1760,
            1770,
            1780,
            1790,
            1800,
            1810,
            1820,
            1830,
            1840,
            1850,
            1860,
            1870,
            1880,
            1890,
            1900,
            1910,
            1920,
            1930,
            1940,
            1950,
            1960,
            1970
        ],
        "Gibbs_free(J/mole)": [
            -576343.6796230911,
            -576343.9248983214,
            -576345.3505221342,
            -576348.6547351546,
            -576354.9664630315,
            -576365.8518867311,
            -576382.9510088234,
            -576407.6919947073,
            -576441.1872664478,
            -576484.2393379397,
            -576537.3887115426,
            -576600.9688532074,
            -576675.1549773266,
            -576760.0035226342,
            -576855.4829272085,
            -576961.4972215261,
            -577077.9039833861,
            -577204.5279933425,
            -577341.1715869367,
            -577487.6224792008,
            -577643.6596720897,
            -577809.0578846785,
            -577983.5908534895,
            -578167.0337777371,
            -578359.165091718,
            -578559.7677456285,
            -578768.6300873313,
            -578985.5464607684,
            -579210.3175746781,
            -579442.7507080471,
            -579682.6597825175,
            -579929.8653489654,
            -580184.1945042348,
            -580445.480739209,
            -580713.5637921299,
            -580988.2894257748,
            -581269.5092452811,
            -581557.0804458511,
            -581850.8656248188,
            -582150.7325291679,
            -582456.5538517438,
            -582768.2070101362,
            -583085.5739262106,
            -583408.5408451052,
            -583736.9981191189,
            -584070.8400285341,
            -584409.9646002155,
            -584754.2734299111,
            -585103.671544478,
            -585458.0672029174,
            -585817.3718033256,
            -586181.4996699208,
            -586550.3679901146,
            -586923.8966662679,
            -587302.0081467617,
            -587684.6274133464,
            -588071.6817525389,
            -588463.1007749009,
            -588858.8161704881,
            -589258.7618258017,
            -589662.8735054707,
            -590071.088944095,
            -590483.3476594393,
            -590899.5909365029,
            -591319.7617432016,
            -591743.804646717,
            -592171.6658070628,
            -592603.2928311421,
            -593038.634697552,
            -593477.6419003083,
            -593920.2661527963,
            -594366.4604370131,
            -594816.1790850747,
            -595269.3773885082,
            -595726.0119953059,
            -596186.0404728946,
            -596649.4216260058,
            -597116.1150967317,
            -597586.0816249142,
            -598059.2828280815,
            -598535.6812766191,
            -599015.2405235384,
            -599497.9247352505,
            -599983.699150616,
            -600472.5296699706,
            -600964.3829934198,
            -601459.2266031053,
            -601957.028605116,
            -602457.7580341261,
            -602961.3842529346,
            -603467.8776312943,
            -603977.2089308134,
            -604489.3497079347,
            -605004.2719758135,
            -605521.9483885764,
            -606042.3520818045,
            -606565.4570354279,
            -607091.2373182266,
            -607619.6678772067,
            -608150.7239849669,
            -608684.3813319926,
            -609220.6163375763,
            -609759.4057453402,
            -610300.7265335292,
            -610844.5565081743,
            -611390.8736946069,
            -611939.6564473505,
            -612490.883533407,
            -613044.534414196,
            -613600.5885838912,
            -614159.0260442377,
            -614719.827062433,
            -615282.9723978115,
            -615848.4431105682,
            -616416.220470418,
            -616986.2863078996,
            -617558.6225057091,
            -618133.2115519204,
            -618710.0359529345,
            -619289.0786732149,
            -619870.3227004161,
            -620453.7519140929,
            -621039.3498175672,
            -621627.1005107103,
            -622216.9881474426,
            -622808.9974037609,
            -623403.1130170616,
            -623999.3200050385,
            -624597.6038640225,
            -625197.9497326203,
            -625800.3435848204,
            -626404.7711714832,
            -627011.2189028511,
            -627619.6731714493,
            -628230.1204639762,
            -628842.5473539456,
            -629456.941143171,
            -630073.2888582386,
            -630691.577950409,
            -631311.7960800442,
            -631933.9309373323,
            -632557.9706006658,
            -633183.9025062548,
            -633811.7157895962,
            -634441.3986415502,
            -635072.9390254822,
            -635706.3266817589,
            -636341.5500449607,
            -636978.5981250668,
            -637617.4605816323,
            -638258.1265616645,
            -638900.585250672,
            -639544.8268202002,
            -640190.8410400426,
            -640838.6174893801,
            -641488.1467799932,
            -642139.4189201363,
            -642792.4243265417,
            -643447.1531778574,
            -644103.596666523,
            -644761.7449174604,
            -645421.589193133,
            -646083.120256761,
            -646746.3294476245,
            -647411.2080491789,
            -648077.7468553073,
            -648745.9376770899,
            -649415.7723614135,
            -650087.2419364048,
            -650760.3384603865,
            -651435.054115243,
            -652111.3800237315,
            -652789.3098554432,
            -653468.8339085198,
            -654149.9455998349,
            -654832.6363532593,
            -655516.9000721186,
            -656202.7277422333,
            -656890.1133058328,
            -657579.0484404347,
            -658269.5268099488,
            -658961.5408383589,
            -659655.0835670356,
            -660350.1481466622,
            -661046.7278381115,
            -661744.8156131317,
            -662444.4047457259,
            -663145.4891604998,
            -663848.0622720546,
            -664552.1172759612,
            -665257.6470145453,
            -665964.6467537261,
            -666673.1094027185,
            -667383.0290516183,
            -668094.3996294949,
            -668807.2150254849,
            -669521.469130606,
            -670237.1563999901
        ],
        "Cp(J/mole.K)": [
            -0.0,
            0.1059821593167726,
            0.39725209270836787,
            0.9350486057490343,
            1.8368604894611056,
            3.0803695499635078,
            4.537756774888839,
            6.073766169816371,
            7.593037494062447,
            9.040988707976068,
            10.391205172316402,
            11.63391739371582,
            12.768505229358563,
            13.799184576194968,
            14.732587203488217,
            15.576402346661776,
            16.33861894919538,
            17.027078467831593,
            17.649216721113763,
            18.211936819172106,
            18.721548123343386,
            19.183755979989655,
            19.603681255818802,
            19.985893028887254,
            20.334454430895875,
            20.652967030327975,
            20.944619626773065,
            21.212234193604672,
            21.45830434478117,
            21.685035388782882,
            21.894385408493733,
            22.088080727079024,
            22.267652942147095,
            22.434469465856118,
            22.589740467775858,
            22.73454182161369,
            22.86983374783298,
            22.996483497519474,
            23.11525501788713,
            23.226837710212607,
            23.33184754184913,
            23.430837850671423,
            23.524324363464316,
            23.61274959438885,
            23.696517007320622,
            23.77599519171044,
            23.851532640668964,
            23.923436664359212,
            23.99197750207975,
            24.057400146391696,
            24.119909926812433,
            24.179774913299443,
            24.237160815484785,
            24.29221971914234,
            24.345156325679234,
            24.396094904353802,
            24.44513704085253,
            24.492457318588357,
            24.538229698303745,
            24.582449403862036,
            24.62522847909696,
            24.666683024898564,
            24.706891180243154,
            24.7459555447248,
            24.783968158066273,
            24.821020592746255,
            24.856963936326792,
            24.891981941478978,
            24.926360083813872,
            24.95983150395613,
            24.992584809457234,
            25.024686252872925,
            25.05596031511658,
            25.086692526578602,
            25.116932867094874,
            25.146636470162772,
            25.17569959616516,
            25.204231961921327,
            25.232322953146653,
            25.26017911151872,
            25.28761385311384,
            25.31438653171062,
            25.341025981714367,
            25.367322632070746,
            25.393196670664594,
            25.41875889626681,
            25.444170455174692,
            25.469328566378866,
            25.493965524178805,
            25.518591883737827,
            25.543078812392324,
            25.567285201261726,
            25.591189203190282,
            25.614666803597554,
            25.63842059299912,
            25.662184773813284,
            25.685267825424603,
            25.70846852163959,
            25.731401867373194,
            25.754072526175808,
            25.777396404300745,
            25.800054442347243,
            25.822191190643935,
            25.845185196294622,
            25.867858489486167,
            25.889529021180575,
            25.911773323628736,
            25.934691254963248,
            25.956890629464837,
            25.978591457175362,
            26.000489713536652,
            26.022755621609473,
            26.04481329154231,
            26.066696479270387,
            26.088793651003087,
            26.11088423187878,
            26.13309460973808,
            26.154991025649693,
            26.17623575546895,
            26.1982057610525,
            26.221109008532864,
            26.242951111411266,
            26.26419880928006,
            26.28601153237105,
            26.308273205184378,
            26.330338209299864,
            26.35282862695749,
            26.375126015627757,
            26.396396278217708,
            26.418268881848597,
            26.440691006748054,
            26.463837612924,
            26.486602211371064,
            26.50750691256554,
            26.52904553386606,
            26.55221106430652,
            26.5748353465695,
            26.59758248058225,
            26.620819914346598,
            26.64386338529284,
            26.66503699723428,
            26.686605788799252,
            26.71221062364047,
            26.734017866058373,
            26.754857687791908,
            26.780715523054823,
            26.80342131258211,
            26.825725684681988,
            26.85087517184459,
            26.872643070734494,
            26.894332267547938,
            26.919979249538002,
            26.943560447915957,
            26.96606096848511,
            26.99143206896886,
            27.015750566847352,
            27.038025163043553,
            27.062064223691976,
            27.08705343334631,
            27.110241849191244,
            27.134398790541354,
            27.15960472271009,
            27.18543512531323,
            27.2093992545323,
            27.231525521446482,
            27.25840599676303,
            27.284720326180576,
            27.306975219028647,
            27.333261997788213,
            27.35883697154956,
            27.38513578844092,
            27.41267417019456,
            27.434018023614527,
            27.457521788839458,
            27.486466330237207,
            27.514131025891153,
            27.53855029423721,
            27.5646933313964,
            27.59120328791981,
            27.6183562593651,
            27.644638368451666,
            27.669969465210777,
            27.698188650271234,
            27.725223610985942,
            27.75012807762198,
            27.778124155361326,
            27.809877021209104,
            27.83760583668984,
            27.85791596127754,
            27.883936883619754,
            27.91881699208062,
            27.947216108275732,
            27.973625295237525,
            28.00273657633543,
            28.029480523691745,
            28.057578112987436,
            28.08872028278364,
            28.116541551920818
        ],
        "S(J/mole.K)": [
            0,
            0.0529910796583863,
            0.20529518249386458,
            0.46044963996246224,
            0.8458986354366061,
            1.3835431516155952,
            2.069726504519349,
            2.881713343127922,
            3.790118627207994,
            4.7669606210300115,
            5.788798030088946,
            6.83717271569185,
            7.898008193902205,
            8.96076711344067,
            10.01766881045187,
            11.06304605070327,
            12.092841304421018,
            13.104219572107832,
            14.095272017663229,
            15.064789532935539,
            16.012089731260495,
            16.93688452910574,
            17.839178834226917,
            18.71919297999703,
            19.577303382717947,
            20.413997190634838,
            21.229837677910112,
            22.025437976312244,
            22.80144113420247,
            23.558505060855534,
            24.297291404826687,
            25.018457194867374,
            25.722648638654206,
            26.410496919903377,
            27.082615189634087,
            27.73959642421687,
            28.38201217292808,
            29.01041204326611,
            29.625323426113752,
            30.227251489098123,
            30.816679554014993,
            31.394069573296296,
            31.959862978821917,
            32.514481315088055,
            33.058326773192675,
            33.59178309990093,
            34.11521661382576,
            34.62897704876377,
            35.13339812644263,
            35.62879823371914,
            36.11548100795044,
            36.59373672401562,
            37.063842964038486,
            37.52606447140715,
            37.980654469676665,
            38.427855264752,
            38.86789809785114,
            39.30100436683133,
            39.72738694657746,
            40.14724925189948,
            40.560785331630896,
            40.9681814953903,
            41.369616544245204,
            41.7652621392437,
            42.15528336305579,
            42.53983904192719,
            42.919080302414656,
            43.29315169453039,
            43.66219481323496,
            44.026345216906336,
            44.3857320240626,
            44.74048067186668,
            45.0907105811566,
            45.43653696670808,
            45.77807263370778,
            46.11542588270095,
            46.44869972844172,
            46.77799317495665,
            47.1034026788213,
            47.42502289011609,
            47.74294502803678,
            48.05725425987621,
            48.368034356241694,
            48.67536800392845,
            48.979333180689714,
            49.280005272026756,
            49.577458606757865,
            49.87176528186538,
            50.162992810238215,
            50.45120776283147,
            50.736476631984985,
            51.01886221440509,
            51.29842435344035,
            51.57522016584262,
            51.84930800584989,
            52.12074671386072,
            52.38958828083996,
            52.65588359640824,
            52.9196841379744,
            53.181037873927565,
            53.439995929313596,
            53.696605953128895,
            53.95090836350428,
            54.20294979614555,
            54.45277656448161,
            54.70042474028742,
            54.94593355768302,
            55.18934904960042,
            55.43070998560288,
            55.6700486262751,
            55.907400521148524,
            56.142804185218125,
            56.37629529304395,
            56.60790614590515,
            56.8376700444147,
            57.0656201615886,
            57.291788394385364,
            57.51620450948685,
            57.73889422860957,
            57.95988697660505,
            58.17921809226827,
            58.396914659878526,
            58.612996765674325,
            58.827490630144894,
            59.040426082356134,
            59.251829181988434,
            59.461725251599276,
            59.6701390471746,
            59.87708904893807,
            60.08259636291477,
            60.28668771934026,
            60.48938969854061,
            60.69072475100984,
            60.89070507131546,
            61.08934632881428,
            61.28667682714731,
            61.48271995014656,
            61.67749301959266,
            61.87101673456637,
            62.063310215831734,
            62.25438372602075,
            62.444249354871864,
            62.63293978839356,
            62.82047245499852,
            63.00684685335873,
            63.19209295968176,
            63.376232793330566,
            63.55926929698617,
            63.74122567802115,
            63.92211474874203,
            64.10193917756698,
            64.28072595592967,
            64.45849509311957,
            64.63524960842187,
            64.81100851037627,
            64.98579061255441,
            65.15959853208915,
            65.33244378706004,
            65.50434722849313,
            65.67531808487547,
            65.84536541395501,
            66.01450700869319,
            66.18275927117793,
            66.35012935003616,
            66.5166167085903,
            66.68224088254647,
            66.84702500538843,
            67.01096530877258,
            67.17407171364903,
            67.33636401233963,
            67.497851834014,
            67.65855036908033,
            67.81845443951607,
            67.97756149130001,
            68.13590258933982,
            68.29349849092105,
            68.45034481173352,
            68.6064456949578,
            68.76181544032298,
            68.91646506687977,
            69.07040197554889,
            69.22362901742163,
            69.37615932202317,
            69.52800522396575,
            69.6791651577776,
            69.82964912574099,
            69.97948287089967,
            70.12867270599527,
            70.27719500918757,
            70.42505224000489,
            70.57228983982932,
            70.71892066245346,
            70.86492889658547,
            71.01032282880479,
            71.15510970766918,
            71.29929314483597,
            71.44289055149856,
            71.58590723076776
        ]
    },
    "Phonon_data": {
        "Numb_Node": 15,
        "total_n_kpoints": 100,
        "frequency": {
            "Node_1": [
                -0.04913348887719169,
                -0.6324979391172901,
                0.5649555544879962,
                2.423593133760062,
                4.407702459424079,
                6.5418406003887455,
                8.749533157823786,
                10.94754026980344,
                13.050862716331704,
                14.988168059171711,
                16.68266462430485,
                17.57389243266233,
                17.78203517778985,
                17.837333115523347,
                18.002651986326278,
                18.27391370632982,
                18.63884088892985,
                19.063695056182155,
                19.446435518978273,
                19.72092233422139,
                19.950097234061232,
                20.111899364898367,
                19.74237893591486,
                18.421829527243084,
                16.57013030193287,
                14.375606913599144,
                11.909578405911411,
                9.256047732714073,
                6.536681270020446,
                3.896528799890068,
                1.4816739543264599,
                -0.7082494624520151,
                -0.04913348887719169,
                -0.04913348887719169,
                -0.04913348887719169,
                -0.04913348887719169,
                -0.04913348887719169,
                -0.04913348887719169,
                -0.04913348887719169,
                -0.04913348887719169,
                -0.04913348887719169,
                -0.04913348887719169,
                -0.04913348887719169,
                -0.04913348887719169,
                -0.04913348887719169,
                -0.6324979391172901,
                0.5649555544879962,
                2.423593133760062,
                4.407702459424079,
                6.5418406003887455,
                8.749533157823786,
                10.94754026980344,
                13.050862716331704,
                14.988168059171711,
                16.68266462430485,
                17.57389243266233,
                17.78203517778985,
                17.837333115523347,
                18.002651986326278,
                18.27391370632982,
                18.63884088892985,
                19.063695056182155,
                19.446435518978273,
                19.72092233422139,
                19.950097234061232,
                20.111899364898367,
                19.74237893591486,
                18.421829527243084,
                16.57013030193287,
                14.375606913599144,
                11.909578405911411,
                9.256047732714073,
                6.536681270020446,
                3.896528799890068,
                1.4816739543264599,
                -0.7082494624520151,
                -0.04913348887719169,
                17.78203517778985,
                17.78203517778985,
                17.78203517778985,
                17.78203517778985,
                17.78203517778985,
                17.78203517778985,
                17.78203517778985,
                17.78203517778985,
                17.78203517778985,
                17.78203517778985,
                17.78203517778985,
                17.78203517778985,
                17.78203517778985,
                20.111899364898367,
                20.111899364898367,
                20.111899364898367,
                20.111899364898367,
                20.111899364898367,
                20.111899364898367,
                20.111899364898367,
                20.111899364898367,
                20.111899364898367,
                20.111899364898367,
                20.111899364898367,
                20.111899364898367,
                20.111899364898367
            ],
            "Node_2": [
                -0.03664063598751915,
                2.07264167287638,
                4.121863139023094,
                6.15199219102609,
                8.143158858962192,
                10.060466741259091,
                11.86163575398789,
                13.503613557501371,
                14.94598424967432,
                16.149472152901122,
                17.094336180261433,
                18.229453540391216,
                19.01804558881086,
                19.03220015785495,
                19.075923576934578,
                19.154160307500476,
                19.276386773754336,
                19.462394808741163,
                19.7766787546431,
                20.1930922893401,
                20.439471518557383,
                20.42582088241012,
                20.365819330092485,
                19.40916542381543,
                18.19986119057181,
                16.668877820974014,
                14.824701078909724,
                12.707030514403568,
                10.362684626963134,
                7.85773872173515,
                5.270348184793294,
                2.6477973599391285,
                -0.03664063598751915,
                -0.03664063598751915,
                -0.03664063598751915,
                -0.03664063598751915,
                -0.03664063598751915,
                -0.03664063598751915,
                -0.03664063598751915,
                -0.03664063598751915,
                -0.03664063598751915,
                -0.03664063598751915,
                -0.03664063598751915,
                -0.03664063598751915,
                -0.03664063598751915,
                2.07264167287638,
                4.121863139023094,
                6.15199219102609,
                8.143158858962192,
                10.060466741259091,
                11.86163575398789,
                13.503613557501371,
                14.94598424967432,
                16.149472152901122,
                17.094336180261433,
                18.229453540391216,
                19.01804558881086,
                19.03220015785495,
                19.075923576934578,
                19.154160307500476,
                19.276386773754336,
                19.462394808741163,
                19.7766787546431,
                20.1930922893401,
                20.439471518557383,
                20.42582088241012,
                20.365819330092485,
                19.40916542381543,
                18.19986119057181,
                16.668877820974014,
                14.824701078909724,
                12.707030514403568,
                10.362684626963134,
                7.85773872173515,
                5.270348184793294,
                2.6477973599391285,
                -0.03664063598751915,
                19.01804558881086,
                19.01804558881086,
                19.01804558881086,
                19.01804558881086,
                19.01804558881086,
                19.01804558881086,
                19.01804558881086,
                19.01804558881086,
                19.01804558881086,
                19.01804558881086,
                19.01804558881086,
                19.01804558881086,
                19.01804558881086,
                20.42582088241012,
                20.42582088241012,
                20.425820882410115,
                20.42582088241012,
                20.425820882410115,
                20.42582088241012,
                20.42582088241012,
                20.42582088241012,
                20.42582088241012,
                20.42582088241012,
                20.42582088241012,
                20.42582088241012,
                20.42582088241012
            ],
            "Node_3": [
                -0.015330024089921441,
                3.444337936101996,
                6.7943910054274435,
                9.990831103760298,
                12.966353935647806,
                15.599566590408598,
                17.74965518411188,
                18.935430065067926,
                19.410051101105125,
                19.803970956317933,
                20.092879936069583,
                20.26408867024538,
                20.277931227058943,
                20.299126867577517,
                20.358384574391863,
                20.445907610812032,
                20.55130261338837,
                20.664082735854546,
                20.776646610174367,
                20.91077729521476,
                21.174334842030863,
                21.441909598717945,
                20.45910647787308,
                20.285809908194242,
                19.997750306869932,
                19.533291235094957,
                18.877588940105774,
                17.837190777425327,
                15.62010784419302,
                12.329838888671915,
                8.479296456673334,
                4.318287738057674,
                -0.015330024089921441,
                -0.015330024089921441,
                -0.015330024089921441,
                -0.015330024089921441,
                -0.015330024089921441,
                -0.015330024089921441,
                -0.015330024089921441,
                -0.015330024089921441,
                -0.015330024089921441,
                -0.015330024089921441,
                -0.015330024089921441,
                -0.015330024089921441,
                -0.015330024089921441,
                3.444337936101996,
                6.7943910054274435,
                9.990831103760298,
                12.966353935647806,
                15.599566590408598,
                17.74965518411188,
                18.935430065067926,
                19.410051101105125,
                19.803970956317933,
                20.092879936069583,
                20.26408867024538,
                20.277931227058943,
                20.299126867577517,
                20.358384574391863,
                20.445907610812032,
                20.55130261338837,
                20.664082735854546,
                20.776646610174367,
                20.91077729521476,
                21.174334842030863,
                21.441909598717945,
                20.45910647787308,
                20.285809908194242,
                19.997750306869932,
                19.533291235094957,
                18.877588940105774,
                17.837190777425327,
                15.62010784419302,
                12.329838888671915,
                8.479296456673334,
                4.318287738057674,
                -0.015330024089921441,
                20.277931227058943,
                20.277931227058943,
                20.277931227058943,
                20.277931227058943,
                20.277931227058943,
                20.277931227058943,
                20.277931227058943,
                20.277931227058943,
                20.277931227058943,
                20.277931227058943,
                20.277931227058943,
                20.277931227058943,
                20.277931227058943,
                21.441909598717945,
                21.441909598717945,
                21.441909598717938,
                21.441909598717945,
                21.441909598717938,
                21.441909598717945,
                21.441909598717945,
                21.441909598717945,
                21.441909598717945,
                21.441909598717945,
                21.441909598717945,
                21.441909598717945,
                21.441909598717945
            ],
            "Node_4": [
                16.303616496846274,
                16.382074612826695,
                16.596739184637126,
                16.935565941201645,
                17.373872222062168,
                17.879085309716643,
                18.412936771086745,
                19.348360796765526,
                20.430829134090885,
                21.045904273363128,
                21.16771726790093,
                20.78794081499447,
                20.369549514998894,
                20.392822761593276,
                20.462245355918185,
                20.574127875279306,
                20.718484812929233,
                20.881856453686755,
                21.05265326640785,
                21.22589800397407,
                21.413562549369594,
                21.623728805519153,
                22.004576684305015,
                22.508312815121393,
                22.621615804806755,
                22.20064445756938,
                20.923540667773896,
                19.285340147726654,
                18.0723009289137,
                17.316909154747517,
                16.773376034466963,
                16.434524599039833,
                16.303616496846274,
                16.303616496846274,
                16.303616496846274,
                16.303616496846274,
                16.303616496846274,
                16.303616496846274,
                16.303616496846274,
                16.303616496846274,
                16.303616496846274,
                16.303616496846274,
                16.303616496846274,
                16.303616496846274,
                16.303616496846274,
                16.382074612826695,
                16.596739184637126,
                16.935565941201645,
                17.373872222062168,
                17.879085309716643,
                18.412936771086745,
                19.348360796765526,
                20.430829134090885,
                21.045904273363128,
                21.16771726790093,
                20.78794081499447,
                20.369549514998894,
                20.392822761593276,
                20.462245355918185,
                20.574127875279306,
                20.718484812929233,
                20.881856453686755,
                21.05265326640785,
                21.22589800397407,
                21.413562549369594,
                21.623728805519153,
                22.004576684305015,
                22.508312815121393,
                22.621615804806755,
                22.20064445756938,
                20.923540667773896,
                19.285340147726654,
                18.0723009289137,
                17.316909154747517,
                16.773376034466963,
                16.434524599039833,
                16.303616496846274,
                20.369549514998894,
                20.369549514998894,
                20.369549514998894,
                20.369549514998894,
                20.369549514998894,
                20.369549514998894,
                20.369549514998894,
                20.369549514998894,
                20.369549514998894,
                20.369549514998894,
                20.369549514998894,
                20.369549514998894,
                20.369549514998894,
                21.623728805519153,
                21.623728805519153,
                21.623728805519168,
                21.623728805519153,
                21.623728805519168,
                21.623728805519153,
                21.623728805519153,
                21.623728805519153,
                21.623728805519153,
                21.623728805519153,
                21.623728805519153,
                21.623728805519153,
                21.623728805519153
            ],
            "Node_5": [
                16.324960074455962,
                16.559579025080776,
                17.190700231173512,
                18.039172751388595,
                18.970174007453974,
                19.922715752569655,
                20.877968822631356,
                21.816752540405282,
                22.691015777127358,
                23.429622854957312,
                23.967211752975405,
                24.27046046188552,
                24.35345316929376,
                24.322919252778732,
                24.230436009524674,
                24.07330827856539,
                23.84765639358104,
                23.549558261902693,
                23.175518286256224,
                22.722670075665228,
                22.19160007176726,
                21.724683555662544,
                22.308817828961267,
                22.680461526014877,
                22.806122810064334,
                22.29061364779766,
                21.654128161074887,
                20.80106648751771,
                19.79978113585639,
                18.70071377682824,
                17.58923254224711,
                16.678458187052318,
                16.324960074455962,
                16.324960074455962,
                16.324960074455962,
                16.324960074455962,
                16.324960074455962,
                16.324960074455962,
                16.324960074455962,
                16.324960074455962,
                16.324960074455962,
                16.324960074455962,
                16.324960074455962,
                16.324960074455962,
                16.324960074455962,
                16.559579025080776,
                17.190700231173512,
                18.039172751388595,
                18.970174007453974,
                19.922715752569655,
                20.877968822631356,
                21.816752540405282,
                22.691015777127358,
                23.429622854957312,
                23.967211752975405,
                24.27046046188552,
                24.35345316929376,
                24.322919252778732,
                24.230436009524674,
                24.07330827856539,
                23.84765639358104,
                23.549558261902693,
                23.175518286256224,
                22.722670075665228,
                22.19160007176726,
                21.724683555662544,
                22.308817828961267,
                22.680461526014877,
                22.806122810064334,
                22.29061364779766,
                21.654128161074887,
                20.80106648751771,
                19.79978113585639,
                18.70071377682824,
                17.58923254224711,
                16.678458187052318,
                16.324960074455962,
                24.35345316929376,
                24.35345316929376,
                24.35345316929376,
                24.35345316929376,
                24.35345316929376,
                24.35345316929376,
                24.35345316929376,
                24.35345316929376,
                24.35345316929376,
                24.35345316929376,
                24.35345316929376,
                24.35345316929376,
                24.35345316929376,
                21.724683555662544,
                21.724683555662544,
                21.724683555662548,
                21.724683555662544,
                21.724683555662548,
                21.724683555662544,
                21.724683555662544,
                21.724683555662544,
                21.724683555662544,
                21.724683555662544,
                21.724683555662544,
                21.724683555662544,
                21.724683555662544
            ],
            "Node_6": [
                26.149962981108356,
                26.11028431306483,
                26.00155393351185,
                25.85233085236797,
                25.710257678331065,
                25.63197031212357,
                25.621959428381725,
                25.58228898901026,
                25.39925399365134,
                25.07450122714151,
                24.741810658971154,
                24.552234139372985,
                24.514112521327117,
                24.53667835088015,
                24.602808454814298,
                24.706430486206564,
                24.836897293040078,
                24.98183864392666,
                25.127455277856406,
                25.257590242607684,
                25.355027370916538,
                25.40168915529735,
                25.324004674034374,
                25.052815086607247,
                24.84514742407634,
                25.09338622995038,
                25.441342794340457,
                25.572053361831188,
                25.59716255560958,
                25.71512632427919,
                25.91479890401988,
                26.08495904047641,
                26.149962981108356,
                26.149962981108356,
                26.149962981108356,
                26.149962981108356,
                26.149962981108356,
                26.149962981108356,
                26.149962981108356,
                26.149962981108356,
                26.149962981108356,
                26.149962981108356,
                26.149962981108356,
                26.149962981108356,
                26.149962981108356,
                26.11028431306483,
                26.00155393351185,
                25.85233085236797,
                25.710257678331065,
                25.63197031212357,
                25.621959428381725,
                25.58228898901026,
                25.39925399365134,
                25.07450122714151,
                24.741810658971154,
                24.552234139372985,
                24.514112521327117,
                24.53667835088015,
                24.602808454814298,
                24.706430486206564,
                24.836897293040078,
                24.98183864392666,
                25.127455277856406,
                25.257590242607684,
                25.355027370916538,
                25.40168915529735,
                25.324004674034374,
                25.052815086607247,
                24.84514742407634,
                25.09338622995038,
                25.441342794340457,
                25.572053361831188,
                25.59716255560958,
                25.71512632427919,
                25.91479890401988,
                26.08495904047641,
                26.149962981108356,
                24.514112521327117,
                24.514112521327117,
                24.514112521327117,
                24.514112521327117,
                24.514112521327117,
                24.514112521327117,
                24.514112521327117,
                24.514112521327117,
                24.514112521327117,
                24.514112521327117,
                24.514112521327117,
                24.514112521327117,
                24.514112521327117,
                25.40168915529735,
                25.40168915529735,
                25.401689155297344,
                25.40168915529735,
                25.401689155297344,
                25.40168915529735,
                25.40168915529735,
                25.40168915529735,
                25.40168915529735,
                25.40168915529735,
                25.40168915529735,
                25.40168915529735,
                25.40168915529735
            ],
            "Node_7": [
                28.970998698538917,
                28.99524514528049,
                29.049266229872934,
                29.095108828769053,
                28.962906312027183,
                28.88064285041295,
                28.965415893424247,
                29.230289712198143,
                29.549218079329275,
                29.59624481792088,
                29.604852727570858,
                29.604095505116085,
                29.603764402022875,
                29.615257023842112,
                29.646409463302874,
                29.692461594905097,
                29.75116503811813,
                29.81961933032917,
                29.893237101363123,
                29.964776106890813,
                30.01957431565706,
                30.03520013709695,
                29.945393199115323,
                29.772785564052437,
                29.63069542549208,
                29.60158804881862,
                29.33803420325729,
                28.93642086060548,
                28.805750177294943,
                28.911509444515435,
                29.08130493890074,
                29.05437991606498,
                28.970998698538917,
                28.970998698538917,
                28.970998698538917,
                28.970998698538917,
                28.970998698538917,
                28.970998698538917,
                28.970998698538917,
                28.970998698538917,
                28.970998698538917,
                28.970998698538917,
                28.970998698538917,
                28.970998698538917,
                28.970998698538917,
                28.99524514528049,
                29.049266229872934,
                29.095108828769053,
                28.962906312027183,
                28.88064285041295,
                28.965415893424247,
                29.230289712198143,
                29.549218079329275,
                29.59624481792088,
                29.604852727570858,
                29.604095505116085,
                29.603764402022875,
                29.615257023842112,
                29.646409463302874,
                29.692461594905097,
                29.75116503811813,
                29.81961933032917,
                29.893237101363123,
                29.964776106890813,
                30.01957431565706,
                30.03520013709695,
                29.945393199115323,
                29.772785564052437,
                29.63069542549208,
                29.60158804881862,
                29.33803420325729,
                28.93642086060548,
                28.805750177294943,
                28.911509444515435,
                29.08130493890074,
                29.05437991606498,
                28.970998698538917,
                29.603764402022875,
                29.603764402022875,
                29.603764402022875,
                29.603764402022875,
                29.603764402022875,
                29.603764402022875,
                29.603764402022875,
                29.603764402022875,
                29.603764402022875,
                29.603764402022875,
                29.603764402022875,
                29.603764402022875,
                29.603764402022875,
                30.03520013709695,
                30.03520013709695,
                30.035200137096968,
                30.03520013709695,
                30.035200137096968,
                30.03520013709695,
                30.03520013709695,
                30.03520013709695,
                30.03520013709695,
                30.03520013709695,
                30.03520013709695,
                30.03520013709695,
                30.03520013709695
            ],
            "Node_8": [
                29.0859012854759,
                29.1531128151774,
                29.285470339830617,
                29.21472007706756,
                29.26051349436341,
                29.350851481801268,
                29.435225629650887,
                29.514294374851207,
                29.63930143838913,
                30.01136324186941,
                30.293782372875082,
                30.430016271277232,
                30.505633806906683,
                30.482914961170533,
                30.43739110857824,
                30.384746200574277,
                30.340300052703267,
                30.315899591297647,
                30.313330842371478,
                30.323819678178243,
                30.333685921940578,
                30.33297522934801,
                30.30475058108054,
                30.256169078779763,
                30.19075701774173,
                29.896195872795985,
                29.703139087603052,
                29.780091070061562,
                29.596105782569996,
                29.409483137713536,
                29.340415826229997,
                29.15073940050046,
                29.0859012854759,
                29.0859012854759,
                29.0859012854759,
                29.0859012854759,
                29.0859012854759,
                29.0859012854759,
                29.0859012854759,
                29.0859012854759,
                29.0859012854759,
                29.0859012854759,
                29.0859012854759,
                29.0859012854759,
                29.0859012854759,
                29.1531128151774,
                29.285470339830617,
                29.21472007706756,
                29.26051349436341,
                29.350851481801268,
                29.435225629650887,
                29.514294374851207,
                29.63930143838913,
                30.01136324186941,
                30.293782372875082,
                30.430016271277232,
                30.505633806906683,
                30.482914961170533,
                30.43739110857824,
                30.384746200574277,
                30.340300052703267,
                30.315899591297647,
                30.313330842371478,
                30.323819678178243,
                30.333685921940578,
                30.33297522934801,
                30.30475058108054,
                30.256169078779763,
                30.19075701774173,
                29.896195872795985,
                29.703139087603052,
                29.780091070061562,
                29.596105782569996,
                29.409483137713536,
                29.340415826229997,
                29.15073940050046,
                29.0859012854759,
                30.505633806906683,
                30.505633806906683,
                30.505633806906683,
                30.505633806906683,
                30.505633806906683,
                30.505633806906683,
                30.505633806906683,
                30.505633806906683,
                30.505633806906683,
                30.505633806906683,
                30.505633806906683,
                30.505633806906683,
                30.505633806906683,
                30.33297522934801,
                30.33297522934801,
                30.33297522934801,
                30.33297522934801,
                30.33297522934801,
                30.33297522934801,
                30.33297522934801,
                30.33297522934801,
                30.33297522934801,
                30.33297522934801,
                30.33297522934801,
                30.33297522934801,
                30.33297522934801
            ],
            "Node_9": [
                29.634480016065364,
                29.626073804414023,
                29.596055898514162,
                29.808562108907378,
                29.967246252462964,
                30.03527841627349,
                30.12756577737287,
                30.23577785611036,
                30.308346450192264,
                30.30508052277837,
                30.369530134394616,
                30.51978845114317,
                30.557332099237524,
                30.58634088676246,
                30.654462735692846,
                30.755643686500726,
                30.879052485004543,
                31.00497097837383,
                31.105113851426307,
                31.151978157707354,
                31.154812126515104,
                31.12589018336944,
                31.017482572268136,
                30.804474999603322,
                30.449722030020613,
                30.15146707286555,
                30.007167796441824,
                29.847875218130156,
                29.828699574543265,
                29.710666447992875,
                29.46372121679332,
                29.54973419945092,
                29.634480016065364,
                29.634480016065364,
                29.634480016065364,
                29.634480016065364,
                29.634480016065364,
                29.634480016065364,
                29.634480016065364,
                29.634480016065364,
                29.634480016065364,
                29.634480016065364,
                29.634480016065364,
                29.634480016065364,
                29.634480016065364,
                29.626073804414023,
                29.596055898514162,
                29.808562108907378,
                29.967246252462964,
                30.03527841627349,
                30.12756577737287,
                30.23577785611036,
                30.308346450192264,
                30.30508052277837,
                30.369530134394616,
                30.51978845114317,
                30.557332099237524,
                30.58634088676246,
                30.654462735692846,
                30.755643686500726,
                30.879052485004543,
                31.00497097837383,
                31.105113851426307,
                31.151978157707354,
                31.154812126515104,
                31.12589018336944,
                31.017482572268136,
                30.804474999603322,
                30.449722030020613,
                30.15146707286555,
                30.007167796441824,
                29.847875218130156,
                29.828699574543265,
                29.710666447992875,
                29.46372121679332,
                29.54973419945092,
                29.634480016065364,
                30.557332099237524,
                30.557332099237524,
                30.557332099237524,
                30.557332099237524,
                30.557332099237524,
                30.557332099237524,
                30.557332099237524,
                30.557332099237524,
                30.557332099237524,
                30.557332099237524,
                30.557332099237524,
                30.557332099237524,
                30.557332099237524,
                31.12589018336944,
                31.12589018336944,
                31.12589018336943,
                31.12589018336944,
                31.12589018336943,
                31.12589018336944,
                31.12589018336944,
                31.12589018336944,
                31.12589018336944,
                31.12589018336944,
                31.12589018336944,
                31.12589018336944,
                31.12589018336944
            ],
            "Node_10": [
                29.68417254131066,
                29.71356894774122,
                29.82778233205465,
                29.943193937754728,
                30.14828477695877,
                30.359982898781038,
                30.459485839495827,
                30.461493170551968,
                30.442220941888454,
                30.501489169669963,
                30.570299264583653,
                30.60884411855175,
                30.622525425147064,
                30.6497669285379,
                30.7252223736551,
                30.83116895228467,
                30.947434911780082,
                31.05493701551997,
                31.14458799472872,
                31.22134881851385,
                31.273723835377368,
                31.300555207684074,
                31.304014055356006,
                31.244717656696093,
                31.096082987374675,
                30.8797611020038,
                30.64509830900475,
                30.440359985197848,
                30.278253673991028,
                30.098910158683733,
                29.909157262541942,
                29.74778341659663,
                29.68417254131066,
                29.68417254131066,
                29.68417254131066,
                29.68417254131066,
                29.68417254131066,
                29.68417254131066,
                29.68417254131066,
                29.68417254131066,
                29.68417254131066,
                29.68417254131066,
                29.68417254131066,
                29.68417254131066,
                29.68417254131066,
                29.71356894774122,
                29.82778233205465,
                29.943193937754728,
                30.14828477695877,
                30.359982898781038,
                30.459485839495827,
                30.461493170551968,
                30.442220941888454,
                30.501489169669963,
                30.570299264583653,
                30.60884411855175,
                30.622525425147064,
                30.6497669285379,
                30.7252223736551,
                30.83116895228467,
                30.947434911780082,
                31.05493701551997,
                31.14458799472872,
                31.22134881851385,
                31.273723835377368,
                31.300555207684074,
                31.304014055356006,
                31.244717656696093,
                31.096082987374675,
                30.8797611020038,
                30.64509830900475,
                30.440359985197848,
                30.278253673991028,
                30.098910158683733,
                29.909157262541942,
                29.74778341659663,
                29.68417254131066,
                30.622525425147064,
                30.622525425147064,
                30.622525425147064,
                30.622525425147064,
                30.622525425147064,
                30.622525425147064,
                30.622525425147064,
                30.622525425147064,
                30.622525425147064,
                30.622525425147064,
                30.622525425147064,
                30.622525425147064,
                30.622525425147064,
                31.300555207684074,
                31.300555207684074,
                31.300555207684084,
                31.300555207684074,
                31.300555207684084,
                31.300555207684074,
                31.300555207684074,
                31.300555207684074,
                31.300555207684074,
                31.300555207684074,
                31.300555207684074,
                31.300555207684074,
                31.300555207684074
            ],
            "Node_11": [
                42.33237817563695,
                42.26601826450762,
                42.08745630211432,
                41.84319027752612,
                41.571311309824345,
                41.27661875020854,
                40.751921778049216,
                39.825414123617584,
                39.081036385516825,
                38.56566020696792,
                38.25733164707271,
                38.106000311314865,
                38.06282627323575,
                38.03032679178363,
                37.93761354413649,
                37.798848655345566,
                37.63667083161623,
                37.48014593951952,
                37.360937325720016,
                37.307226758076006,
                37.337395773521,
                37.447426979725044,
                37.30037598499238,
                37.36042864136955,
                37.68792479859262,
                38.30377952737747,
                39.224445731730405,
                40.42708045352784,
                41.22081332585889,
                41.614555302638514,
                41.96197254966977,
                42.228814069125754,
                42.33237817563695,
                42.33237817563695,
                42.33237817563695,
                42.33237817563695,
                42.33237817563695,
                42.33237817563695,
                42.33237817563695,
                42.33237817563695,
                42.33237817563695,
                42.33237817563695,
                42.33237817563695,
                42.33237817563695,
                42.33237817563695,
                42.26601826450762,
                42.08745630211432,
                41.84319027752612,
                41.571311309824345,
                41.27661875020854,
                40.751921778049216,
                39.825414123617584,
                39.081036385516825,
                38.56566020696792,
                38.25733164707271,
                38.106000311314865,
                38.06282627323575,
                38.03032679178363,
                37.93761354413649,
                37.798848655345566,
                37.63667083161623,
                37.48014593951952,
                37.360937325720016,
                37.307226758076006,
                37.337395773521,
                37.447426979725044,
                37.30037598499238,
                37.36042864136955,
                37.68792479859262,
                38.30377952737747,
                39.224445731730405,
                40.42708045352784,
                41.22081332585889,
                41.614555302638514,
                41.96197254966977,
                42.228814069125754,
                42.33237817563695,
                38.06282627323575,
                38.06282627323575,
                38.06282627323575,
                38.06282627323575,
                38.06282627323575,
                38.06282627323575,
                38.06282627323575,
                38.06282627323575,
                38.06282627323575,
                38.06282627323575,
                38.06282627323575,
                38.06282627323575,
                38.06282627323575,
                37.447426979725044,
                37.447426979725044,
                37.447426979725044,
                37.447426979725044,
                37.447426979725044,
                37.447426979725044,
                37.447426979725044,
                37.447426979725044,
                37.447426979725044,
                37.447426979725044,
                37.447426979725044,
                37.447426979725044,
                37.447426979725044
            ],
            "Node_12": [
                45.90485469771163,
                45.66907144668598,
                45.01982795088095,
                44.08771862923455,
                43.005280124275856,
                41.883208629038094,
                41.014508924525636,
                40.666635236999,
                40.349065072240506,
                40.058326992370084,
                39.80255278296256,
                39.61040837216297,
                39.53591639416902,
                39.49318978886599,
                39.36817843892381,
                39.16896350970161,
                38.908050337245285,
                38.604593522586626,
                38.28387041368081,
                37.97323408404222,
                37.69942212062067,
                37.49642849054776,
                37.84271350928636,
                38.3945007772089,
                39.02928523134625,
                39.66138830782747,
                40.24457099357303,
                40.7682318412676,
                41.8221080406461,
                43.262737084497715,
                44.57967697871784,
                45.54375940379995,
                45.90485469771163,
                45.90485469771163,
                45.90485469771163,
                45.90485469771163,
                45.90485469771163,
                45.90485469771163,
                45.90485469771163,
                45.90485469771163,
                45.90485469771163,
                45.90485469771163,
                45.90485469771163,
                45.90485469771163,
                45.90485469771163,
                45.66907144668598,
                45.01982795088095,
                44.08771862923455,
                43.005280124275856,
                41.883208629038094,
                41.014508924525636,
                40.666635236999,
                40.349065072240506,
                40.058326992370084,
                39.80255278296256,
                39.61040837216297,
                39.53591639416902,
                39.49318978886599,
                39.36817843892381,
                39.16896350970161,
                38.908050337245285,
                38.604593522586626,
                38.28387041368081,
                37.97323408404222,
                37.69942212062067,
                37.49642849054776,
                37.84271350928636,
                38.3945007772089,
                39.02928523134625,
                39.66138830782747,
                40.24457099357303,
                40.7682318412676,
                41.8221080406461,
                43.262737084497715,
                44.57967697871784,
                45.54375940379995,
                45.90485469771163,
                39.53591639416902,
                39.53591639416902,
                39.53591639416902,
                39.53591639416902,
                39.53591639416902,
                39.53591639416902,
                39.53591639416902,
                39.53591639416902,
                39.53591639416902,
                39.53591639416902,
                39.53591639416902,
                39.53591639416902,
                39.53591639416902,
                37.49642849054776,
                37.49642849054776,
                37.496428490547764,
                37.49642849054776,
                37.496428490547764,
                37.49642849054776,
                37.49642849054776,
                37.49642849054776,
                37.49642849054776,
                37.49642849054776,
                37.49642849054776,
                37.49642849054776,
                37.49642849054776
            ],
            "Node_13": [
                55.95722023888775,
                55.99963270005968,
                55.99477880281067,
                55.95972051141343,
                55.81250848818758,
                55.23635355274677,
                54.56249809483626,
                54.02884910244664,
                53.654065571659636,
                53.41866329525846,
                53.28779131076732,
                53.22432420005098,
                53.205268621776675,
                53.20785083634439,
                53.21585849628068,
                53.22969955091643,
                53.25004541370123,
                53.27826689956813,
                53.3143416576107,
                53.35413964667902,
                53.391799317541555,
                53.424737206448356,
                53.47151311492546,
                53.526823147873216,
                53.62462465677101,
                53.79430660770064,
                54.072952307127615,
                54.53355002476129,
                55.2269358663092,
                55.828663780151125,
                55.97688268845926,
                55.97752938932274,
                55.95722023888775,
                55.95722023888775,
                55.95722023888775,
                55.95722023888775,
                55.95722023888775,
                55.95722023888775,
                55.95722023888775,
                55.95722023888775,
                55.95722023888775,
                55.95722023888775,
                55.95722023888775,
                55.95722023888775,
                55.95722023888775,
                55.99963270005968,
                55.99477880281067,
                55.95972051141343,
                55.81250848818758,
                55.23635355274677,
                54.56249809483626,
                54.02884910244664,
                53.654065571659636,
                53.41866329525846,
                53.28779131076732,
                53.22432420005098,
                53.205268621776675,
                53.20785083634439,
                53.21585849628068,
                53.22969955091643,
                53.25004541370123,
                53.27826689956813,
                53.3143416576107,
                53.35413964667902,
                53.391799317541555,
                53.424737206448356,
                53.47151311492546,
                53.526823147873216,
                53.62462465677101,
                53.79430660770064,
                54.072952307127615,
                54.53355002476129,
                55.2269358663092,
                55.828663780151125,
                55.97688268845926,
                55.97752938932274,
                55.95722023888775,
                53.205268621776675,
                53.205268621776675,
                53.205268621776675,
                53.205268621776675,
                53.205268621776675,
                53.205268621776675,
                53.205268621776675,
                53.205268621776675,
                53.205268621776675,
                53.205268621776675,
                53.205268621776675,
                53.205268621776675,
                53.205268621776675,
                53.424737206448356,
                53.424737206448356,
                53.42473720644837,
                53.424737206448356,
                53.42473720644837,
                53.424737206448356,
                53.424737206448356,
                53.424737206448356,
                53.424737206448356,
                53.424737206448356,
                53.424737206448356,
                53.424737206448356,
                53.424737206448356
            ],
            "Node_14": [
                56.01683126864969,
                56.092710317082165,
                56.36972806725414,
                56.56240558154781,
                56.29340201479948,
                56.09168151966711,
                56.076312233647805,
                56.10835542024633,
                56.15860457569546,
                56.212370217745175,
                56.26118172847508,
                56.296934826744526,
                56.31036691510132,
                56.33305767068889,
                56.39870976190026,
                56.500869439979056,
                56.62933659561892,
                56.767837570770006,
                56.89019029748146,
                56.961037169058876,
                56.985723625796794,
                57.00165346795051,
                56.82685609273046,
                56.480791015316676,
                56.22234961734853,
                56.24810525344474,
                56.55257155413854,
                56.701273765639165,
                56.69308588803599,
                56.85341223412367,
                56.5680873464694,
                56.175292793961155,
                56.01683126864969,
                56.01683126864969,
                56.01683126864969,
                56.01683126864969,
                56.01683126864969,
                56.01683126864969,
                56.01683126864969,
                56.01683126864969,
                56.01683126864969,
                56.01683126864969,
                56.01683126864969,
                56.01683126864969,
                56.01683126864969,
                56.092710317082165,
                56.36972806725414,
                56.56240558154781,
                56.29340201479948,
                56.09168151966711,
                56.076312233647805,
                56.10835542024633,
                56.15860457569546,
                56.212370217745175,
                56.26118172847508,
                56.296934826744526,
                56.31036691510132,
                56.33305767068889,
                56.39870976190026,
                56.500869439979056,
                56.62933659561892,
                56.767837570770006,
                56.89019029748146,
                56.961037169058876,
                56.985723625796794,
                57.00165346795051,
                56.82685609273046,
                56.480791015316676,
                56.22234961734853,
                56.24810525344474,
                56.55257155413854,
                56.701273765639165,
                56.69308588803599,
                56.85341223412367,
                56.5680873464694,
                56.175292793961155,
                56.01683126864969,
                56.31036691510132,
                56.31036691510132,
                56.31036691510132,
                56.31036691510132,
                56.31036691510132,
                56.31036691510132,
                56.31036691510132,
                56.31036691510132,
                56.31036691510132,
                56.31036691510132,
                56.31036691510132,
                56.31036691510132,
                56.31036691510132,
                57.00165346795051,
                57.00165346795051,
                57.00165346795051,
                57.00165346795051,
                57.00165346795051,
                57.00165346795051,
                57.00165346795051,
                57.00165346795051,
                57.00165346795051,
                57.00165346795051,
                57.00165346795051,
                57.00165346795051,
                57.00165346795051
            ],
            "Node_15": [
                60.177541156850644,
                59.88444189121081,
                59.13130772930355,
                58.298221905845054,
                57.97207292223955,
                58.031870429680126,
                58.06781203688845,
                57.992770463885726,
                57.8278827163166,
                57.625237619850736,
                57.44206199057635,
                57.32091519979398,
                57.279633708311984,
                57.26851283576907,
                57.23709974668488,
                57.19194781037208,
                57.14349063611125,
                57.10242243118182,
                57.07967042938228,
                57.08928802646177,
                57.10376578044526,
                57.0662572869557,
                57.05667769429261,
                57.098424894041365,
                57.09888904936798,
                57.032617821147696,
                56.92787838314354,
                57.05770511970551,
                57.26671336799282,
                57.48892670221728,
                58.591254941024104,
                59.720003873981206,
                60.177541156850644,
                60.177541156850644,
                60.177541156850644,
                60.177541156850644,
                60.177541156850644,
                60.177541156850644,
                60.177541156850644,
                60.177541156850644,
                60.177541156850644,
                60.177541156850644,
                60.177541156850644,
                60.177541156850644,
                60.177541156850644,
                59.88444189121081,
                59.13130772930355,
                58.298221905845054,
                57.97207292223955,
                58.031870429680126,
                58.06781203688845,
                57.992770463885726,
                57.8278827163166,
                57.625237619850736,
                57.44206199057635,
                57.32091519979398,
                57.279633708311984,
                57.26851283576907,
                57.23709974668488,
                57.19194781037208,
                57.14349063611125,
                57.10242243118182,
                57.07967042938228,
                57.08928802646177,
                57.10376578044526,
                57.0662572869557,
                57.05667769429261,
                57.098424894041365,
                57.09888904936798,
                57.032617821147696,
                56.92787838314354,
                57.05770511970551,
                57.26671336799282,
                57.48892670221728,
                58.591254941024104,
                59.720003873981206,
                60.177541156850644,
                57.279633708311984,
                57.279633708311984,
                57.279633708311984,
                57.279633708311984,
                57.279633708311984,
                57.279633708311984,
                57.279633708311984,
                57.279633708311984,
                57.279633708311984,
                57.279633708311984,
                57.279633708311984,
                57.279633708311984,
                57.279633708311984,
                57.0662572869557,
                57.0662572869557,
                57.06625728695569,
                57.0662572869557,
                57.06625728695569,
                57.0662572869557,
                57.0662572869557,
                57.0662572869557,
                57.0662572869557,
                57.0662572869557,
                57.0662572869557,
                57.0662572869557,
                57.0662572869557
            ]
        }
    },
    "Phonon_DOS": {
        "DOS": [
            0.0,
            0.002,
            0.0,
            0.004,
            0.0,
            0.0,
            0.006666666666666667,
            0.0013333333333333333,
            0.004,
            0.0,
            0.008,
            0.012,
            0.0,
            0.004,
            0.008,
            0.012,
            0.008,
            0.010666666666666666,
            0.018666666666666668,
            0.035333333333333335,
            0.018666666666666668,
            0.05266666666666667,
            0.04533333333333333,
            0.029333333333333333,
            0.02666666666666667,
            0.016,
            0.032,
            0.044000000000000004,
            0.0006666666666666666,
            0.0,
            0.013999999999999999,
            0.10933333333333334,
            0.11933333333333333,
            0.024,
            0.0,
            0.0,
            0.0,
            0.0,
            0.0,
            0.028666666666666667,
            0.02666666666666667,
            0.03,
            0.022666666666666665,
            0.012,
            0.008666666666666666,
            0.0,
            0.004,
            0.0006666666666666666,
            0.0,
            0.0,
            0.0,
            0.0,
            0.0,
            0.0,
            0.0,
            0.04466666666666667,
            0.009333333333333334,
            0.016666666666666666,
            0.07,
            0.052000000000000005,
            0.006666666666666667,
            0.0,
            0.0006666666666666666,
            0.0
        ],
        "Energy(meV)": [
            -1.5,
            -0.5,
            0.5,
            1.5,
            2.5,
            3.5,
            4.5,
            5.5,
            6.5,
            7.5,
            8.5,
            9.5,
            10.5,
            11.5,
            12.5,
            13.5,
            14.5,
            15.5,
            16.5,
            17.5,
            18.5,
            19.5,
            20.5,
            21.5,
            22.5,
            23.5,
            24.5,
            25.5,
            26.5,
            27.5,
            28.5,
            29.5,
            30.5,
            31.5,
            32.5,
            33.5,
            34.5,
            35.5,
            36.5,
            37.5,
            38.5,
            39.5,
            40.5,
            41.5,
            42.5,
            43.5,
            44.5,
            45.5,
            46.5,
            47.5,
            48.5,
            49.5,
            50.5,
            51.5,
            52.5,
            53.5,
            54.5,
            55.5,
            56.5,
            57.5,
            58.5,
            59.5,
            60.5,
            61.5
        ]
    }
}