{
    "POSCAR": {
        "Atomes": "   Y    N\n",
        "coordinate": "Direct\n",
        "unit_cell": {
            "a_vector": "3.470134243126676   2.437256637294483e-07   3.0912857465855976e-08\n",
            "b_vector": "-1.735066910545378   3.005223569897302   4.073599805980088e-07\n",
            "c_vector": "4.245920512292352e-07   6.705851167908664e-06   46.68618370756399\n"
        },
        "positions": {
            "Y": [
                "0.6666666338431116   0.3333333227102834   0.14195665994881237\n",
                "0.3333333172026199   0.6666666690777644   0.2580433417944683\n",
                "2.9827463071535835e-08   7.463689681789966e-09   0.19999999923037884\n"
            ],
            "N": [
                "0.3333333451981272   0.6666666581935752   0.16851279094457197\n",
                "0.6666666739286767   0.3333333425546861   0.23148721216426635\n"
            ]
        }
    },
    "Termo_data": {
        "Temperature (K)": [
            0,
            10,
            20,
            30,
            40,
            50,
            60,
            70,
            80,
            90,
            100,
            110,
            120,
            130,
            140,
            150,
            160,
            170,
            180,
            190,
            200,
            210,
            220,
            230,
            240,
            250,
            260,
            270,
            280,
            290,
            300,
            310,
            320,
            330,
            340,
            350,
            360,
            370,
            380,
            390,
            400,
            410,
            420,
            430,
            440,
            450,
            460,
            470,
            480,
            490,
            500,
            510,
            520,
            530,
            540,
            550,
            560,
            570,
            580,
            590,
            600,
            610,
            620,
            630,
            640,
            650,
            660,
            670,
            680,
            690,
            700,
            710,
            720,
            730,
            740,
            750,
            760,
            770,
            780,
            790,
            800,
            810,
            820,
            830,
            840,
            850,
            860,
            870,
            880,
            890,
            900,
            910,
            920,
            930,
            940,
            950,
            960,
            970,
            980,
            990,
            1000,
            1010,
            1020,
            1030,
            1040,
            1050,
            1060,
            1070,
            1080,
            1090,
            1100,
            1110,
            1120,
            1130,
            1140,
            1150,
            1160,
            1170,
            1180,
            1190,
            1200,
            1210,
            1220,
            1230,
            1240,
            1250,
            1260,
            1270,
            1280,
            1290,
            1300,
            1310,
            1320,
            1330,
            1340,
            1350,
            1360,
            1370,
            1380,
            1390,
            1400,
            1410,
            1420,
            1430,
            1440,
            1450,
            1460,
            1470,
            1480,
            1490,
            1500,
            1510,
            1520,
            1530,
            1540,
            1550,
            1560,
            1570,
            1580,
            1590,
            1600,
            1610,
            1620,
            1630,
            1640,
            1650,
            1660,
            1670,
            1680,
            1690,
            1700,
            1710,
            1720,
            1730,
            1740,
            1750,
            1760,
            1770,
            1780,
            1790,
            1800,
            1810,
            1820,
            1830,
            1840,
            1850,
            1860,
            1870,
            1880,
            1890,
            1900,
            1910,
            1920,
            1930,
            1940,
            1950,
            1960,
            1970
        ],
        "Gibbs_free(J/mole)": [
            -540062.7742896263,
            -540062.9987063805,
            -540064.2812249659,
            -540067.7191926272,
            -540075.6024072965,
            -540090.4884563899,
            -540114.3445531895,
            -540148.4404063241,
            -540193.5268313058,
            -540250.0166380486,
            -540318.106528797,
            -540397.8502974876,
            -540489.2030262725,
            -540592.0493499164,
            -540706.2230391816,
            -540831.5213911873,
            -540967.7162328567,
            -541114.5625096663,
            -541271.804898039,
            -541439.1829565235,
            -541616.4350361528,
            -541803.3012095084,
            -541999.5254821267,
            -542204.8573421922,
            -542419.0528546482,
            -542641.8754090567,
            -542873.096169251,
            -543112.4943026267,
            -543359.8570784514,
            -543614.97981784,
            -543877.6657737541,
            -544147.7259390476,
            -544424.9788266338,
            -544709.2502010558,
            -545000.3728117817,
            -545298.1861002053,
            -545602.5359202987,
            -545913.2742471345,
            -546230.2588978814,
            -546553.353258017,
            -546882.4260173705,
            -547217.3509146799,
            -547558.0064918547,
            -547904.2758686803,
            -548256.0465083867,
            -548613.2100177949,
            -548975.6619415239,
            -549343.301574897,
            -549716.031778259,
            -550093.75882341,
            -550476.392204058,
            -550863.8445135197,
            -551256.0312877117,
            -551652.8708546737,
            -552054.2842507954,
            -552460.1950333696,
            -552870.5292333018,
            -553285.2151944349,
            -553704.1835090031,
            -554127.3668821357,
            -554554.7000908942,
            -554986.1198216755,
            -555421.5646882226,
            -555860.9750513468,
            -556304.2930254546,
            -556751.462340619,
            -557202.4283825088,
            -557657.1379525311,
            -558115.539375062,
            -558577.5823611515,
            -559043.2180090758,
            -559512.3986636165,
            -559985.0779220469,
            -560461.2106081266,
            -560940.7526739517,
            -561423.661203983,
            -561909.8943810577,
            -562399.4113562913,
            -562892.172367048,
            -563388.1385059173,
            -563887.2718437483,
            -564389.535435769,
            -564894.8931001959,
            -565403.3094828316,
            -565914.7500830538,
            -566429.1812333927,
            -566946.5699052941,
            -567466.8838571802,
            -567990.0915827213,
            -568516.1623366578,
            -569045.0657581514,
            -569576.7724939225,
            -570111.2535314353,
            -570648.4805390212,
            -571188.4259406552,
            -571731.0625370457,
            -572276.3636915067,
            -572824.3033770559,
            -573374.8560693717,
            -573927.9966073603,
            -574483.7007178282,
            -575041.9441557376,
            -575602.7033658786,
            -576165.9551832081,
            -576731.6769407815,
            -577299.8462581687,
            -577870.4413448246,
            -578443.440727619,
            -579018.8234508714,
            -579596.5685390182,
            -580176.6558682338,
            -580759.0655866307,
            -581343.7778052974,
            -581930.7734709138,
            -582520.0336084979,
            -583111.5395902874,
            -583705.2731204202,
            -584301.2163569998,
            -584899.3514728275,
            -585499.6612896409,
            -586102.1285260682,
            -586706.7364611776,
            -587313.4686267485,
            -587922.308613867,
            -588533.2407530966,
            -589146.2488923451,
            -589761.3176869514,
            -590378.4321735776,
            -590997.5769380796,
            -591618.7376339932,
            -592241.8992147901,
            -592867.0475923675,
            -593494.168850986,
            -594123.2488175815,
            -594754.2739320259,
            -595387.2309041917,
            -596022.1062535493,
            -596658.8867191265,
            -597297.5597791555,
            -597938.1124794558,
            -598580.5324408228,
            -599224.8072506347,
            -599870.9246508587,
            -600518.8728739029,
            -601168.6399828055,
            -601820.2142854392,
            -602473.5843750538,
            -603128.7389762321,
            -603785.6664316254,
            -604444.3561897079,
            -605104.797953013,
            -605766.979286429,
            -606430.8912311862,
            -607096.5224488974,
            -607763.8632232365,
            -608432.9026936939,
            -609103.6313332327,
            -609776.0395384472,
            -610450.1164448329,
            -611125.8535472712,
            -611803.2404856799,
            -612482.2684782977,
            -613162.9276091566,
            -613845.2091632468,
            -614529.1041359119,
            -615214.6032544317,
            -615901.6978236741,
            -616590.3793755672,
            -617280.6390967609,
            -617972.4682089578,
            -618665.8584518774,
            -619360.8019745767,
            -620057.2900838943,
            -620755.3146732891,
            -621454.8678469758,
            -622155.9419325133,
            -622858.5288455205,
            -623562.6209886158,
            -624268.2102779351,
            -624975.2895606156,
            -625683.8520293421,
            -626393.8889750662,
            -627105.3939603436,
            -627818.3594666519,
            -628532.7786591402,
            -629248.6441736007,
            -629965.9488250068,
            -630684.6870578142,
            -631404.8507885808,
            -632126.4327940397,
            -632849.4277752616,
            -633573.8288076314,
            -634299.6288856759,
            -635026.8221286788,
            -635755.4014677539,
            -636485.3613485651,
            -637216.6952658957,
            -637949.3966787263
        ],
        "Cp(J/mole.K)": [
            -0.0,
            0.10679131845827214,
            0.49071234954753895,
            1.3536583136912668,
            2.7420963562326506,
            4.397835771451355,
            6.066019833512836,
            7.634249313289183,
            9.079483874957077,
            10.407921235769754,
            11.62919999609585,
            12.750483072202774,
            13.777054630068594,
            14.71372137368307,
            15.565613268135346,
            16.338403953021047,
            17.038188602821904,
            17.671214560733652,
            18.243662819231396,
            18.761457910688478,
            19.23015393002423,
            19.654886841878746,
            20.040309601154885,
            20.390612153901014,
            20.70956524880603,
            21.000516690983194,
            21.266436488443315,
            21.509969609230776,
            21.733450271596666,
            21.93893934584048,
            22.128268182714237,
            22.303059120418016,
            22.46474581463258,
            22.614600641629682,
            22.753754863661015,
            22.88321680719671,
            23.003882159187928,
            23.1165491568653,
            23.22193481113066,
            23.320679635906625,
            23.413354994961963,
            23.50047977088252,
            23.582519150327485,
            23.659884747696985,
            23.732958265615068,
            23.802083986083744,
            23.867564137594407,
            23.929687407740857,
            23.988706876756623,
            24.044840955879668,
            24.09832231831377,
            24.14933008156673,
            24.198043258988875,
            24.244634743023198,
            24.289226220647144,
            24.33197575787183,
            24.373010472999766,
            24.412425455745122,
            24.450343975098804,
            24.48684646229663,
            24.522023155877832,
            24.555992450716353,
            24.588796850684,
            24.620493871238477,
            24.65123171545565,
            24.681024290039208,
            24.709798573341683,
            24.737734486238285,
            24.764990483166088,
            24.791516882079353,
            24.817238175048356,
            24.842264629958667,
            24.86671008076519,
            24.890538707038026,
            24.91386712228403,
            24.93666834721786,
            24.958929880079918,
            24.98071983666159,
            25.00190688453726,
            25.022815945808603,
            25.043559494661167,
            25.063662352037557,
            25.083239141094964,
            25.102734759260784,
            25.12196270293795,
            25.140605606342312,
            25.158988651953344,
            25.177486125615665,
            25.19549560614402,
            25.21298307660618,
            25.23059517127688,
            25.247694822240867,
            25.26466265275363,
            25.281940552455225,
            25.2985528342658,
            25.314749716140863,
            25.331104832422056,
            25.34704646336925,
            25.36306294926908,
            25.379437230492336,
            25.394998984411288,
            25.410284710169215,
            25.425863474293436,
            25.441122287063553,
            25.45615576428827,
            25.471410535494066,
            25.48691030976464,
            25.501689713238815,
            25.515840552106965,
            25.531168681482086,
            25.546179178491002,
            25.560071760575944,
            25.574825183302323,
            25.589514130875127,
            25.60356985685042,
            25.618111099159915,
            25.632637406745843,
            25.646885341333192,
            25.661167458433276,
            25.674960714223477,
            25.68914231902454,
            25.703367987217174,
            25.717678286624228,
            25.731986800051352,
            25.74490327051599,
            25.75938360751051,
            25.774299411394168,
            25.78791890621924,
            25.801681863516478,
            25.81450591717167,
            25.828918327664816,
            25.8438988996204,
            25.85696798474547,
            25.871364142838488,
            25.886255620146308,
            25.898833095096148,
            25.912093881308298,
            25.927062976255645,
            25.941019410715867,
            25.95481270235905,
            25.968419290321947,
            25.982253615031368,
            25.997082783334392,
            26.01094305836616,
            26.024617085605655,
            26.039387305063432,
            26.052474780130225,
            26.065020859491987,
            26.08301981918069,
            26.096915089039037,
            26.106587946123483,
            26.123248195772693,
            26.139112732815985,
            26.15183990520665,
            26.16505409180536,
            26.18182483250006,
            26.196306255273303,
            26.207868977786543,
            26.2237705253528,
            26.238665754773407,
            26.252330518327653,
            26.266159538174048,
            26.28208327866741,
            26.297630411298947,
            26.310360128001776,
            26.325873545821636,
            26.342479097354694,
            26.355573665321575,
            26.367944524577126,
            26.384838664288196,
            26.40217682678461,
            26.414938974956506,
            26.42836357789298,
            26.44547421344032,
            26.462074264605093,
            26.476611342731715,
            26.4899090281217,
            26.50360784526856,
            26.523419515573693,
            26.540519967940817,
            26.550808175350795,
            26.56662403574977,
            26.584593468153358,
            26.60003528627302,
            26.61314852174837,
            26.631569849283814,
            26.6528593393339,
            26.660833156134252,
            26.67260860168608,
            26.697560555120894,
            26.714587734633284,
            26.72714310109204,
            26.74306398555609,
            26.758961897692643,
            26.777897909237623,
            26.793537590244974,
            26.807244360272307,
            26.82783233883176
        ],
        "S(J/mole.K)": [
            0,
            0.05339565922913607,
            0.2294694058451569,
            0.5777572121805861,
            1.1461289756582118,
            1.9286745973324286,
            2.8739598272703004,
            3.924765002440836,
            5.037536267003452,
            6.183221855619922,
            7.342899701856368,
            8.503927114034013,
            9.657538469326392,
            10.797494772772188,
            11.919321892874722,
            13.019850117551686,
            14.096906976490573,
            15.149091975056217,
            16.175601991428994,
            17.176092979671377,
            18.150569404519047,
            19.09929674900486,
            20.0227318270845,
            20.921467586187646,
            21.796191039463153,
            22.64765064929961,
            23.47663091558934,
            24.283933618600713,
            25.070363715420534,
            25.83671861662733,
            26.583780661267518,
            27.312311890986166,
            28.02305030434654,
            28.716707421967293,
            29.39396692834707,
            30.0554840677054,
            30.701885528273124,
            31.33376969101228,
            31.951707264260044,
            32.55624211034592,
            33.14789212003816,
            33.727150274193264,
            34.294485766510476,
            34.85034498103632,
            35.39515262752684,
            35.92931293493602,
            36.45321057975525,
            36.967211767364645,
            37.47166527329973,
            37.96690315655723,
            38.45324189969833,
            38.93098326093604,
            39.40041489186551,
            39.86181135401421,
            40.31543456607178,
            40.761534588472564,
            41.20035053302708,
            41.632110780909706,
            42.05703369122638,
            42.47532816658349,
            42.8871940075347,
            43.29282282714557,
            43.692398202586624,
            44.08609569639229,
            44.47408418917912,
            44.85652596995642,
            45.23357544669416,
            45.605380849284124,
            45.97208632639522,
            46.33383051771234,
            46.69074517773552,
            47.04295669026324,
            47.39058770249831,
            47.73375633099931,
            48.07257641284377,
            48.40715780850732,
            48.7376057502086,
            49.064021702733584,
            49.38650280308065,
            49.705143689777465,
            50.02003818944067,
            50.331274401418334,
            50.638934946682994,
            50.94310282054211,
            51.243859606551986,
            51.541281014162806,
            51.83544011933117,
            52.12641150529233,
            52.41426592645148,
            52.69906812382687,
            52.980884069341116,
            53.259777640439275,
            53.53580918756342,
            53.809041548335514,
            54.07953273030289,
            54.34733502551971,
            54.61250338801037,
            54.87509110435639,
            55.135149365427786,
            55.39273172373359,
            55.64788569456722,
            55.90065417815348,
            56.15108425247598,
            56.39922143176081,
            56.645107389638724,
            56.888785185011514,
            57.130298891178974,
            57.369686940585964,
            57.60698260639183,
            57.84222695050412,
            58.07546139943734,
            58.306715854084175,
            58.53602463917632,
            58.76342590451968,
            58.98895020217314,
            59.21262965292989,
            59.43449825072893,
            59.65458583090075,
            59.872921665426105,
            60.08953341203741,
            60.304449491227565,
            60.51769984863349,
            60.7293124338903,
            60.939314327095055,
            61.14772599328571,
            61.35457362154848,
            61.55989012189676,
            61.763696327603256,
            61.96601138717087,
            62.166855431435394,
            62.3662536494885,
            62.56423647855117,
            62.76082037459419,
            62.956024202596744,
            63.14987547609635,
            63.34238758619758,
            63.53357424128772,
            63.72346360975353,
            63.912077127948585,
            64.09942896433205,
            64.28553595456033,
            64.47041596028576,
            64.65409063528787,
            64.83657701252378,
            65.01788761964417,
            65.19804186412075,
            65.37705365886941,
            65.55493099644664,
            65.73170584018226,
            65.90739769094944,
            66.08199319133709,
            66.25551597299781,
            66.42800071830133,
            66.59944817086652,
            66.76986317429255,
            66.93927214807627,
            67.1076921675849,
            67.27511923851853,
            67.44157040498976,
            67.60706854810705,
            67.77161860850755,
            67.93522906540892,
            68.09791853042407,
            68.25970364935637,
            68.42058573989051,
            68.58057562685715,
            68.73969581779673,
            68.89794953754462,
            69.05533446610497,
            69.21187214432865,
            69.36758725843683,
            69.52247738336155,
            69.67654068533884,
            69.8297993300439,
            69.98227177973021,
            70.13395968399854,
            70.28486256835312,
            70.4349869404439,
            70.58435987656266,
            70.73299939460266,
            70.8808871701709,
            71.02802787928958,
            71.17445094091671,
            71.32016323039569,
            71.465159260809,
            71.6094548149922,
            71.75307950214338,
            71.89601262363576,
            72.03823606262011,
            72.17980231853143,
            72.32073233227857,
            72.46100022214523,
            72.60060996113752,
            72.7395770924195,
            72.87791602870274,
            73.01563260793628,
            73.15271981382247,
            73.28919658629457
        ]
    },
    "Phonon_data": {
        "Numb_Node": 15,
        "total_n_kpoints": 100,
        "frequency": {
            "Node_1": [
                -0.07231351353829572,
                0.09766918615788532,
                1.7370418103701784,
                3.7148595633900623,
                5.858849725969351,
                7.948286363741626,
                9.854850003890173,
                11.508145962501475,
                12.829219857366168,
                13.705343383004127,
                14.207732813275133,
                14.485871935765909,
                14.578113942654168,
                14.606449394176526,
                14.690861978586357,
                14.829246018774066,
                15.0164886950704,
                15.242576354093034,
                15.492522702088365,
                15.74781809103372,
                15.9880087179694,
                16.17460789188082,
                15.86649784184077,
                15.369018584108733,
                14.772496739753077,
                13.831312328373889,
                12.30527948932894,
                10.359814376384724,
                8.0061113436576,
                5.37598380053457,
                2.747934326994504,
                0.5722427287627273,
                -0.07231351353829572,
                -0.07231351353829572,
                -0.07231351353829572,
                -0.07231351353829572,
                -0.07231351353829572,
                -0.07231351353829572,
                -0.07231351353829572,
                -0.07231351353829572,
                -0.07231351353829572,
                -0.07231351353829572,
                -0.07231351353829572,
                -0.07231351353829572,
                -0.07231351353829572,
                0.09766918615788532,
                1.7370418103701784,
                3.7148595633900623,
                5.858849725969351,
                7.948286363741626,
                9.854850003890173,
                11.508145962501475,
                12.829219857366168,
                13.705343383004127,
                14.207732813275133,
                14.485871935765909,
                14.578113942654168,
                14.606449394176526,
                14.690861978586357,
                14.829246018774066,
                15.0164886950704,
                15.242576354093034,
                15.492522702088365,
                15.74781809103372,
                15.9880087179694,
                16.17460789188082,
                15.86649784184077,
                15.369018584108733,
                14.772496739753077,
                13.831312328373889,
                12.30527948932894,
                10.359814376384724,
                8.0061113436576,
                5.37598380053457,
                2.747934326994504,
                0.5722427287627273,
                -0.07231351353829572,
                14.578113942654168,
                14.578113942654168,
                14.578113942654168,
                14.578113942654168,
                14.578113942654168,
                14.578113942654168,
                14.578113942654168,
                14.578113942654168,
                14.578113942654168,
                14.578113942654168,
                14.578113942654168,
                14.578113942654168,
                14.578113942654168,
                16.17460789188082,
                16.17460789188082,
                16.17460789188082,
                16.17460789188082,
                16.17460789188082,
                16.17460789188082,
                16.17460789188082,
                16.17460789188082,
                16.17460789188082,
                16.17460789188082,
                16.17460789188082,
                16.17460789188082,
                16.17460789188082
            ],
            "Node_2": [
                -0.06310049706754638,
                2.114340570184492,
                4.208020257744374,
                6.257508726031082,
                8.216458758165297,
                10.040049095685967,
                11.705215786515206,
                13.183769125335356,
                14.26871533959328,
                15.05542545474912,
                15.92285747212997,
                16.584936814310584,
                16.737707332962184,
                16.61321176911368,
                16.484272735478342,
                16.399564104241666,
                16.355819574525913,
                16.341474609987266,
                16.33732553540002,
                16.320057971143306,
                16.27678872654501,
                16.20258481434108,
                16.13028979346809,
                15.727917549805335,
                14.978586913982673,
                14.181408752229649,
                13.620575886788476,
                12.42377336972026,
                10.2020027159488,
                7.8373640095852,
                5.313488145895332,
                2.680482079220986,
                -0.06310049706754638,
                -0.06310049706754638,
                -0.06310049706754638,
                -0.06310049706754638,
                -0.06310049706754638,
                -0.06310049706754638,
                -0.06310049706754638,
                -0.06310049706754638,
                -0.06310049706754638,
                -0.06310049706754638,
                -0.06310049706754638,
                -0.06310049706754638,
                -0.06310049706754638,
                2.114340570184492,
                4.208020257744374,
                6.257508726031082,
                8.216458758165297,
                10.040049095685967,
                11.705215786515206,
                13.183769125335356,
                14.26871533959328,
                15.05542545474912,
                15.92285747212997,
                16.584936814310584,
                16.737707332962184,
                16.61321176911368,
                16.484272735478342,
                16.399564104241666,
                16.355819574525913,
                16.341474609987266,
                16.33732553540002,
                16.320057971143306,
                16.27678872654501,
                16.20258481434108,
                16.13028979346809,
                15.727917549805335,
                14.978586913982673,
                14.181408752229649,
                13.620575886788476,
                12.42377336972026,
                10.2020027159488,
                7.8373640095852,
                5.313488145895332,
                2.680482079220986,
                -0.06310049706754638,
                16.737707332962184,
                16.737707332962184,
                16.737707332962184,
                16.737707332962184,
                16.737707332962184,
                16.737707332962184,
                16.737707332962184,
                16.737707332962184,
                16.737707332962184,
                16.737707332962184,
                16.737707332962184,
                16.737707332962184,
                16.737707332962184,
                16.20258481434108,
                16.20258481434108,
                16.20258481434108,
                16.20258481434108,
                16.20258481434108,
                16.20258481434108,
                16.20258481434108,
                16.20258481434108,
                16.20258481434108,
                16.20258481434108,
                16.20258481434108,
                16.20258481434108,
                16.20258481434108
            ],
            "Node_3": [
                -0.041721299916264526,
                3.32051770962613,
                6.5027048627089865,
                9.290510834037002,
                11.318978733469482,
                12.48544060440957,
                13.15483753544974,
                13.682819008826367,
                14.439633178166533,
                15.435207043904505,
                16.157709412035274,
                16.617409699487855,
                16.88285377483078,
                17.054998615084134,
                17.196693707430235,
                16.96497861701142,
                16.760016475952266,
                16.599943002367926,
                16.488610462738457,
                16.420242505996708,
                16.368666063310766,
                16.31378117017642,
                16.46242418109616,
                16.609436230283013,
                16.60095682244788,
                16.111567568634626,
                14.504580054976953,
                13.075446983129998,
                12.343334479562822,
                10.89543155382703,
                8.015453878308895,
                4.176392920559554,
                -0.041721299916264526,
                -0.041721299916264526,
                -0.041721299916264526,
                -0.041721299916264526,
                -0.041721299916264526,
                -0.041721299916264526,
                -0.041721299916264526,
                -0.041721299916264526,
                -0.041721299916264526,
                -0.041721299916264526,
                -0.041721299916264526,
                -0.041721299916264526,
                -0.041721299916264526,
                3.32051770962613,
                6.5027048627089865,
                9.290510834037002,
                11.318978733469482,
                12.48544060440957,
                13.15483753544974,
                13.682819008826367,
                14.439633178166533,
                15.435207043904505,
                16.157709412035274,
                16.617409699487855,
                16.88285377483078,
                17.054998615084134,
                17.196693707430235,
                16.96497861701142,
                16.760016475952266,
                16.599943002367926,
                16.488610462738457,
                16.420242505996708,
                16.368666063310766,
                16.31378117017642,
                16.46242418109616,
                16.609436230283013,
                16.60095682244788,
                16.111567568634626,
                14.504580054976953,
                13.075446983129998,
                12.343334479562822,
                10.89543155382703,
                8.015453878308895,
                4.176392920559554,
                -0.041721299916264526,
                16.88285377483078,
                16.88285377483078,
                16.88285377483078,
                16.88285377483078,
                16.88285377483078,
                16.88285377483078,
                16.88285377483078,
                16.88285377483078,
                16.88285377483078,
                16.88285377483078,
                16.88285377483078,
                16.88285377483078,
                16.88285377483078,
                16.31378117017642,
                16.31378117017642,
                16.313781170176405,
                16.31378117017642,
                16.313781170176405,
                16.31378117017642,
                16.31378117017642,
                16.31378117017642,
                16.31378117017642,
                16.31378117017642,
                16.31378117017642,
                16.31378117017642,
                16.31378117017642
            ],
            "Node_4": [
                10.471392115638594,
                10.621981709915135,
                11.024071001543634,
                11.642959984728751,
                12.415661908662669,
                13.277411556706033,
                14.171200085467465,
                15.047070650125699,
                15.854185184534773,
                16.5422663299067,
                17.07109050340079,
                17.409602397915755,
                17.528026385674238,
                17.424092954795704,
                17.328807332511243,
                17.62398754818884,
                17.92493975284339,
                18.197288405571076,
                18.41119687753892,
                18.551449528171272,
                18.624018416409715,
                18.64537347407344,
                18.588980299245616,
                18.375561647874626,
                17.910741590609184,
                17.134943887719988,
                16.10926983234855,
                14.926122219020689,
                13.679450413084489,
                12.364709212084268,
                11.335334582537556,
                10.69735062831784,
                10.471392115638594,
                10.471392115638594,
                10.471392115638594,
                10.471392115638594,
                10.471392115638594,
                10.471392115638594,
                10.471392115638594,
                10.471392115638594,
                10.471392115638594,
                10.471392115638594,
                10.471392115638594,
                10.471392115638594,
                10.471392115638594,
                10.621981709915135,
                11.024071001543634,
                11.642959984728751,
                12.415661908662669,
                13.277411556706033,
                14.171200085467465,
                15.047070650125699,
                15.854185184534773,
                16.5422663299067,
                17.07109050340079,
                17.409602397915755,
                17.528026385674238,
                17.424092954795704,
                17.328807332511243,
                17.62398754818884,
                17.92493975284339,
                18.197288405571076,
                18.41119687753892,
                18.551449528171272,
                18.624018416409715,
                18.64537347407344,
                18.588980299245616,
                18.375561647874626,
                17.910741590609184,
                17.134943887719988,
                16.10926983234855,
                14.926122219020689,
                13.679450413084489,
                12.364709212084268,
                11.335334582537556,
                10.69735062831784,
                10.471392115638594,
                17.528026385674238,
                17.528026385674238,
                17.528026385674238,
                17.528026385674238,
                17.528026385674238,
                17.528026385674238,
                17.528026385674238,
                17.528026385674238,
                17.528026385674238,
                17.528026385674238,
                17.528026385674238,
                17.528026385674238,
                17.528026385674238,
                18.64537347407344,
                18.64537347407344,
                18.645373474073438,
                18.64537347407344,
                18.645373474073438,
                18.64537347407344,
                18.64537347407344,
                18.64537347407344,
                18.64537347407344,
                18.64537347407344,
                18.64537347407344,
                18.64537347407344,
                18.64537347407344
            ],
            "Node_5": [
                10.486443071246656,
                10.87190097569027,
                11.824948467292854,
                12.968163291289382,
                14.116874080008406,
                15.18586801576569,
                16.18039843599332,
                17.116962319008056,
                17.922434021151343,
                18.495951422408563,
                18.785736136172453,
                18.84004361161492,
                18.817148653620823,
                18.97054855975038,
                19.33890619845727,
                19.81635850400598,
                20.35341816606418,
                20.914578075655474,
                21.455701459772147,
                21.71721419839307,
                21.953416574751174,
                22.15401482550097,
                21.461416387313708,
                20.25834092627173,
                18.773176066297697,
                17.34913042941056,
                16.585075336560035,
                15.881055805531314,
                14.942112878465705,
                13.75808466951837,
                12.390920421307367,
                11.086064227567599,
                10.486443071246656,
                10.486443071246656,
                10.486443071246656,
                10.486443071246656,
                10.486443071246656,
                10.486443071246656,
                10.486443071246656,
                10.486443071246656,
                10.486443071246656,
                10.486443071246656,
                10.486443071246656,
                10.486443071246656,
                10.486443071246656,
                10.87190097569027,
                11.824948467292854,
                12.968163291289382,
                14.116874080008406,
                15.18586801576569,
                16.18039843599332,
                17.116962319008056,
                17.922434021151343,
                18.495951422408563,
                18.785736136172453,
                18.84004361161492,
                18.817148653620823,
                18.97054855975038,
                19.33890619845727,
                19.81635850400598,
                20.35341816606418,
                20.914578075655474,
                21.455701459772147,
                21.71721419839307,
                21.953416574751174,
                22.15401482550097,
                21.461416387313708,
                20.25834092627173,
                18.773176066297697,
                17.34913042941056,
                16.585075336560035,
                15.881055805531314,
                14.942112878465705,
                13.75808466951837,
                12.390920421307367,
                11.086064227567599,
                10.486443071246656,
                18.817148653620823,
                18.817148653620823,
                18.817148653620823,
                18.817148653620823,
                18.817148653620823,
                18.817148653620823,
                18.817148653620823,
                18.817148653620823,
                18.817148653620823,
                18.817148653620823,
                18.817148653620823,
                18.817148653620823,
                18.817148653620823,
                22.15401482550097,
                22.15401482550097,
                22.154014825500965,
                22.15401482550097,
                22.154014825500965,
                22.15401482550097,
                22.15401482550097,
                22.15401482550097,
                22.15401482550097,
                22.15401482550097,
                22.15401482550097,
                22.15401482550097,
                22.15401482550097
            ],
            "Node_6": [
                16.226249804515685,
                15.987192547637449,
                15.736103762890417,
                15.746003944649734,
                16.190985301273106,
                17.126186854012207,
                18.284641215237016,
                19.431159997984633,
                20.00455407223702,
                20.425621118225767,
                20.748776361216304,
                20.95384864765079,
                21.024570810352582,
                21.043198519944777,
                21.090979497104684,
                21.154267050450823,
                21.233186307206076,
                21.34456633749053,
                21.506285128559988,
                21.91364160937553,
                22.186393889868622,
                22.17444323935516,
                22.35270047753175,
                22.194591081314805,
                21.649153441461053,
                20.776230839529752,
                19.67571473832115,
                18.409780477839075,
                17.053330960022787,
                16.002376666146084,
                15.68576370006165,
                15.90695820762149,
                16.226249804515685,
                16.226249804515685,
                16.226249804515685,
                16.226249804515685,
                16.226249804515685,
                16.226249804515685,
                16.226249804515685,
                16.226249804515685,
                16.226249804515685,
                16.226249804515685,
                16.226249804515685,
                16.226249804515685,
                16.226249804515685,
                15.987192547637449,
                15.736103762890417,
                15.746003944649734,
                16.190985301273106,
                17.126186854012207,
                18.284641215237016,
                19.431159997984633,
                20.00455407223702,
                20.425621118225767,
                20.748776361216304,
                20.95384864765079,
                21.024570810352582,
                21.043198519944777,
                21.090979497104684,
                21.154267050450823,
                21.233186307206076,
                21.34456633749053,
                21.506285128559988,
                21.91364160937553,
                22.186393889868622,
                22.17444323935516,
                22.35270047753175,
                22.194591081314805,
                21.649153441461053,
                20.776230839529752,
                19.67571473832115,
                18.409780477839075,
                17.053330960022787,
                16.002376666146084,
                15.68576370006165,
                15.90695820762149,
                16.226249804515685,
                21.024570810352582,
                21.024570810352582,
                21.024570810352582,
                21.024570810352582,
                21.024570810352582,
                21.024570810352582,
                21.024570810352582,
                21.024570810352582,
                21.024570810352582,
                21.024570810352582,
                21.024570810352582,
                21.024570810352582,
                21.024570810352582,
                22.17444323935516,
                22.17444323935516,
                22.17444323935516,
                22.17444323935516,
                22.17444323935516,
                22.17444323935516,
                22.17444323935516,
                22.17444323935516,
                22.17444323935516,
                22.17444323935516,
                22.17444323935516,
                22.17444323935516,
                22.17444323935516
            ],
            "Node_7": [
                16.945482838605106,
                17.03144820342544,
                17.23412735954756,
                17.559299714224785,
                17.981058890933898,
                18.46729496387522,
                18.988380562707025,
                19.51337834323996,
                20.487105427886746,
                21.40639925715707,
                22.135685254427305,
                22.611730148021966,
                22.77815433038272,
                22.827674905386093,
                22.979771643293937,
                23.240850319568285,
                23.608471029264567,
                24.063224096022637,
                24.571854701483982,
                24.953506549842814,
                24.72551837061571,
                24.64644770091146,
                24.65418375700974,
                24.084126309214387,
                23.13646596548834,
                22.041656369600936,
                20.884137485038444,
                19.752284782815693,
                18.747440258164787,
                17.948233408709207,
                17.384769511322443,
                17.057152219781088,
                16.945482838605106,
                16.945482838605106,
                16.945482838605106,
                16.945482838605106,
                16.945482838605106,
                16.945482838605106,
                16.945482838605106,
                16.945482838605106,
                16.945482838605106,
                16.945482838605106,
                16.945482838605106,
                16.945482838605106,
                16.945482838605106,
                17.03144820342544,
                17.23412735954756,
                17.559299714224785,
                17.981058890933898,
                18.46729496387522,
                18.988380562707025,
                19.51337834323996,
                20.487105427886746,
                21.40639925715707,
                22.135685254427305,
                22.611730148021966,
                22.77815433038272,
                22.827674905386093,
                22.979771643293937,
                23.240850319568285,
                23.608471029264567,
                24.063224096022637,
                24.571854701483982,
                24.953506549842814,
                24.72551837061571,
                24.64644770091146,
                24.65418375700974,
                24.084126309214387,
                23.13646596548834,
                22.041656369600936,
                20.884137485038444,
                19.752284782815693,
                18.747440258164787,
                17.948233408709207,
                17.384769511322443,
                17.057152219781088,
                16.945482838605106,
                22.77815433038272,
                22.77815433038272,
                22.77815433038272,
                22.77815433038272,
                22.77815433038272,
                22.77815433038272,
                22.77815433038272,
                22.77815433038272,
                22.77815433038272,
                22.77815433038272,
                22.77815433038272,
                22.77815433038272,
                22.77815433038272,
                24.64644770091146,
                24.64644770091146,
                24.64644770091145,
                24.64644770091146,
                24.64644770091145,
                24.64644770091146,
                24.64644770091146,
                24.64644770091146,
                24.64644770091146,
                24.64644770091146,
                24.64644770091146,
                24.64644770091146,
                24.64644770091146
            ],
            "Node_8": [
                16.969307556340507,
                17.34366297351923,
                18.092631671532722,
                19.042795280238977,
                20.196654740013937,
                21.521051379324398,
                22.905052897749982,
                24.213374520346044,
                25.30155858285134,
                25.936688809758458,
                26.18048147457909,
                26.30769777385596,
                26.35353502859578,
                26.319790597784074,
                26.21933488395588,
                26.054841669697456,
                25.83168791562136,
                25.559311464011934,
                25.255135826534033,
                25.094780935013855,
                25.585042007558602,
                25.99451365083633,
                25.485966174817488,
                25.53419477974795,
                25.791930173866994,
                25.398127522398354,
                24.316225453363558,
                22.920144096339282,
                21.34239024199096,
                19.81964702343744,
                18.53193542183482,
                17.518516865255773,
                16.969307556340507,
                16.969307556340507,
                16.969307556340507,
                16.969307556340507,
                16.969307556340507,
                16.969307556340507,
                16.969307556340507,
                16.969307556340507,
                16.969307556340507,
                16.969307556340507,
                16.969307556340507,
                16.969307556340507,
                16.969307556340507,
                17.34366297351923,
                18.092631671532722,
                19.042795280238977,
                20.196654740013937,
                21.521051379324398,
                22.905052897749982,
                24.213374520346044,
                25.30155858285134,
                25.936688809758458,
                26.18048147457909,
                26.30769777385596,
                26.35353502859578,
                26.319790597784074,
                26.21933488395588,
                26.054841669697456,
                25.83168791562136,
                25.559311464011934,
                25.255135826534033,
                25.094780935013855,
                25.585042007558602,
                25.99451365083633,
                25.485966174817488,
                25.53419477974795,
                25.791930173866994,
                25.398127522398354,
                24.316225453363558,
                22.920144096339282,
                21.34239024199096,
                19.81964702343744,
                18.53193542183482,
                17.518516865255773,
                16.969307556340507,
                26.35353502859578,
                26.35353502859578,
                26.35353502859578,
                26.35353502859578,
                26.35353502859578,
                26.35353502859578,
                26.35353502859578,
                26.35353502859578,
                26.35353502859578,
                26.35353502859578,
                26.35353502859578,
                26.35353502859578,
                26.35353502859578,
                25.99451365083633,
                25.99451365083633,
                25.99451365083631,
                25.99451365083633,
                25.99451365083631,
                25.99451365083633,
                25.99451365083633,
                25.99451365083633,
                25.99451365083633,
                25.99451365083633,
                25.99451365083633,
                25.99451365083633,
                25.99451365083633
            ],
            "Node_9": [
                28.686761221055516,
                28.61325586508796,
                28.407727624807563,
                28.100992075588994,
                27.725821233098987,
                27.326380383663164,
                26.96428946932788,
                26.71108174453119,
                26.662782957936503,
                26.993481729515874,
                27.55346902046131,
                27.964635703837374,
                28.108719814876647,
                28.077152908791387,
                27.982387588269777,
                27.826506163226956,
                27.616085592199955,
                27.359628025685197,
                27.06367532365572,
                26.732924555446676,
                26.373258276672416,
                26.003229020118585,
                26.429459189973908,
                26.474682086282513,
                26.124748534887203,
                26.06952834037634,
                26.391787700556264,
                26.79992290348952,
                27.29296193107183,
                27.8108365179468,
                28.26372621507046,
                28.574605687922993,
                28.686761221055516,
                28.686761221055516,
                28.686761221055516,
                28.686761221055516,
                28.686761221055516,
                28.686761221055516,
                28.686761221055516,
                28.686761221055516,
                28.686761221055516,
                28.686761221055516,
                28.686761221055516,
                28.686761221055516,
                28.686761221055516,
                28.61325586508796,
                28.407727624807563,
                28.100992075588994,
                27.725821233098987,
                27.326380383663164,
                26.96428946932788,
                26.71108174453119,
                26.662782957936503,
                26.993481729515874,
                27.55346902046131,
                27.964635703837374,
                28.108719814876647,
                28.077152908791387,
                27.982387588269777,
                27.826506163226956,
                27.616085592199955,
                27.359628025685197,
                27.06367532365572,
                26.732924555446676,
                26.373258276672416,
                26.003229020118585,
                26.429459189973908,
                26.474682086282513,
                26.124748534887203,
                26.06952834037634,
                26.391787700556264,
                26.79992290348952,
                27.29296193107183,
                27.8108365179468,
                28.26372621507046,
                28.574605687922993,
                28.686761221055516,
                28.108719814876647,
                28.108719814876647,
                28.108719814876647,
                28.108719814876647,
                28.108719814876647,
                28.108719814876647,
                28.108719814876647,
                28.108719814876647,
                28.108719814876647,
                28.108719814876647,
                28.108719814876647,
                28.108719814876647,
                28.108719814876647,
                26.003229020118585,
                26.003229020118585,
                26.00322902011858,
                26.003229020118585,
                26.00322902011858,
                26.003229020118585,
                26.003229020118585,
                26.003229020118585,
                26.003229020118585,
                26.003229020118585,
                26.003229020118585,
                26.003229020118585,
                26.003229020118585
            ],
            "Node_10": [
                36.669750678859835,
                36.74379573347166,
                37.016949098449004,
                37.55840740391291,
                38.3144550153174,
                39.11588279087868,
                39.848086083814955,
                40.524855908078806,
                41.19502508302851,
                41.87076022580016,
                42.5306141160655,
                43.12852542370023,
                43.45467710868553,
                43.500963321080775,
                43.6328554720618,
                43.83113272771631,
                44.06379153514932,
                44.27056896147722,
                44.40292128696748,
                44.513902589876245,
                44.62765929240132,
                44.72762415595215,
                44.328266424903724,
                43.61056014114258,
                42.776532608582784,
                41.89644641536038,
                40.99043063458403,
                40.058876721435624,
                39.08259675497361,
                38.10138335807302,
                37.29001437796369,
                36.81337244047699,
                36.669750678859835,
                36.669750678859835,
                36.669750678859835,
                36.669750678859835,
                36.669750678859835,
                36.669750678859835,
                36.669750678859835,
                36.669750678859835,
                36.669750678859835,
                36.669750678859835,
                36.669750678859835,
                36.669750678859835,
                36.669750678859835,
                36.74379573347166,
                37.016949098449004,
                37.55840740391291,
                38.3144550153174,
                39.11588279087868,
                39.848086083814955,
                40.524855908078806,
                41.19502508302851,
                41.87076022580016,
                42.5306141160655,
                43.12852542370023,
                43.45467710868553,
                43.500963321080775,
                43.6328554720618,
                43.83113272771631,
                44.06379153514932,
                44.27056896147722,
                44.40292128696748,
                44.513902589876245,
                44.62765929240132,
                44.72762415595215,
                44.328266424903724,
                43.61056014114258,
                42.776532608582784,
                41.89644641536038,
                40.99043063458403,
                40.058876721435624,
                39.08259675497361,
                38.10138335807302,
                37.29001437796369,
                36.81337244047699,
                36.669750678859835,
                43.45467710868553,
                43.45467710868553,
                43.45467710868553,
                43.45467710868553,
                43.45467710868553,
                43.45467710868553,
                43.45467710868553,
                43.45467710868553,
                43.45467710868553,
                43.45467710868553,
                43.45467710868553,
                43.45467710868553,
                43.45467710868553,
                44.72762415595215,
                44.72762415595215,
                44.727624155952135,
                44.72762415595215,
                44.727624155952135,
                44.72762415595215,
                44.72762415595215,
                44.72762415595215,
                44.72762415595215,
                44.72762415595215,
                44.72762415595215,
                44.72762415595215,
                44.72762415595215
            ],
            "Node_11": [
                43.95729133728369,
                43.68462344337412,
                43.083863914833124,
                42.57319395066667,
                42.4573859883885,
                42.80946819874685,
                43.49629934383093,
                44.27269251737884,
                44.852104977746336,
                45.065615044477696,
                44.94859059106513,
                44.62850255322608,
                44.38541182777043,
                44.36584002607222,
                44.33195256668773,
                44.32224859618689,
                44.356988877583845,
                44.463916150923254,
                44.65160627979294,
                44.81764641839394,
                44.88299571820237,
                44.824705932506276,
                44.988973651953486,
                45.17121029576187,
                45.21666064958568,
                44.98206801287267,
                44.348146627710946,
                43.4585909818018,
                42.739784955203554,
                42.54424282159041,
                42.941020251019516,
                43.61741555481786,
                43.95729133728369,
                43.95729133728369,
                43.95729133728369,
                43.95729133728369,
                43.95729133728369,
                43.95729133728369,
                43.95729133728369,
                43.95729133728369,
                43.95729133728369,
                43.95729133728369,
                43.95729133728369,
                43.95729133728369,
                43.95729133728369,
                43.68462344337412,
                43.083863914833124,
                42.57319395066667,
                42.4573859883885,
                42.80946819874685,
                43.49629934383093,
                44.27269251737884,
                44.852104977746336,
                45.065615044477696,
                44.94859059106513,
                44.62850255322608,
                44.38541182777043,
                44.36584002607222,
                44.33195256668773,
                44.32224859618689,
                44.356988877583845,
                44.463916150923254,
                44.65160627979294,
                44.81764641839394,
                44.88299571820237,
                44.824705932506276,
                44.988973651953486,
                45.17121029576187,
                45.21666064958568,
                44.98206801287267,
                44.348146627710946,
                43.4585909818018,
                42.739784955203554,
                42.54424282159041,
                42.941020251019516,
                43.61741555481786,
                43.95729133728369,
                44.38541182777043,
                44.38541182777043,
                44.38541182777043,
                44.38541182777043,
                44.38541182777043,
                44.38541182777043,
                44.38541182777043,
                44.38541182777043,
                44.38541182777043,
                44.38541182777043,
                44.38541182777043,
                44.38541182777043,
                44.38541182777043,
                44.824705932506276,
                44.824705932506276,
                44.82470593250625,
                44.824705932506276,
                44.82470593250625,
                44.824705932506276,
                44.824705932506276,
                44.824705932506276,
                44.824705932506276,
                44.824705932506276,
                44.824705932506276,
                44.824705932506276,
                44.824705932506276
            ],
            "Node_12": [
                43.97205716617348,
                43.856203167538055,
                43.66211301375472,
                43.622216350245644,
                43.810608112502514,
                44.1232906544018,
                44.45070299247036,
                44.78423135823645,
                45.156717289950315,
                45.556979267393245,
                45.93060086354255,
                46.22145363626206,
                46.3496233792173,
                46.47550699199323,
                46.80517237624579,
                47.12280726775496,
                47.342974276353836,
                47.5177041885563,
                47.63502491835314,
                47.69218150261009,
                47.7128946870758,
                47.73262449744965,
                47.765039143762515,
                47.6541860394981,
                47.257060679175055,
                46.55734558581892,
                45.687218476603384,
                44.84838417375052,
                44.19635410602277,
                43.80754348190544,
                43.71648683334009,
                43.855317332435575,
                43.97205716617348,
                43.97205716617348,
                43.97205716617348,
                43.97205716617348,
                43.97205716617348,
                43.97205716617348,
                43.97205716617348,
                43.97205716617348,
                43.97205716617348,
                43.97205716617348,
                43.97205716617348,
                43.97205716617348,
                43.97205716617348,
                43.856203167538055,
                43.66211301375472,
                43.622216350245644,
                43.810608112502514,
                44.1232906544018,
                44.45070299247036,
                44.78423135823645,
                45.156717289950315,
                45.556979267393245,
                45.93060086354255,
                46.22145363626206,
                46.3496233792173,
                46.47550699199323,
                46.80517237624579,
                47.12280726775496,
                47.342974276353836,
                47.5177041885563,
                47.63502491835314,
                47.69218150261009,
                47.7128946870758,
                47.73262449744965,
                47.765039143762515,
                47.6541860394981,
                47.257060679175055,
                46.55734558581892,
                45.687218476603384,
                44.84838417375052,
                44.19635410602277,
                43.80754348190544,
                43.71648683334009,
                43.855317332435575,
                43.97205716617348,
                46.3496233792173,
                46.3496233792173,
                46.3496233792173,
                46.3496233792173,
                46.3496233792173,
                46.3496233792173,
                46.3496233792173,
                46.3496233792173,
                46.3496233792173,
                46.3496233792173,
                46.3496233792173,
                46.3496233792173,
                46.3496233792173,
                47.73262449744965,
                47.73262449744965,
                47.73262449744965,
                47.73262449744965,
                47.73262449744965,
                47.73262449744965,
                47.73262449744965,
                47.73262449744965,
                47.73262449744965,
                47.73262449744965,
                47.73262449744965,
                47.73262449744965,
                47.73262449744965
            ],
            "Node_13": [
                45.27730068792329,
                45.336940566501205,
                45.440143896698004,
                45.596765114187676,
                45.89733742629412,
                46.199430137848495,
                46.47019853739811,
                46.68722747781891,
                46.84926649104035,
                46.9504903561524,
                46.97425097559079,
                46.92075658206343,
                46.86784121590692,
                46.91616269024754,
                47.07999446268783,
                47.508841518119254,
                48.210033004300364,
                49.054211246618166,
                49.97922149231438,
                50.91685592217306,
                51.78092018525096,
                52.35341272391143,
                51.56983416321408,
                50.487876966295,
                49.38789668413151,
                48.362439011583135,
                47.47015041651096,
                46.74963475612787,
                46.2051871720533,
                45.78013121229698,
                45.44522914320033,
                45.31014701429452,
                45.27730068792329,
                45.27730068792329,
                45.27730068792329,
                45.27730068792329,
                45.27730068792329,
                45.27730068792329,
                45.27730068792329,
                45.27730068792329,
                45.27730068792329,
                45.27730068792329,
                45.27730068792329,
                45.27730068792329,
                45.27730068792329,
                45.336940566501205,
                45.440143896698004,
                45.596765114187676,
                45.89733742629412,
                46.199430137848495,
                46.47019853739811,
                46.68722747781891,
                46.84926649104035,
                46.9504903561524,
                46.97425097559079,
                46.92075658206343,
                46.86784121590692,
                46.91616269024754,
                47.07999446268783,
                47.508841518119254,
                48.210033004300364,
                49.054211246618166,
                49.97922149231438,
                50.91685592217306,
                51.78092018525096,
                52.35341272391143,
                51.56983416321408,
                50.487876966295,
                49.38789668413151,
                48.362439011583135,
                47.47015041651096,
                46.74963475612787,
                46.2051871720533,
                45.78013121229698,
                45.44522914320033,
                45.31014701429452,
                45.27730068792329,
                46.86784121590692,
                46.86784121590692,
                46.86784121590692,
                46.86784121590692,
                46.86784121590692,
                46.86784121590692,
                46.86784121590692,
                46.86784121590692,
                46.86784121590692,
                46.86784121590692,
                46.86784121590692,
                46.86784121590692,
                46.86784121590692,
                52.35341272391143,
                52.35341272391143,
                52.35341272391142,
                52.35341272391143,
                52.35341272391142,
                52.35341272391143,
                52.35341272391143,
                52.35341272391143,
                52.35341272391143,
                52.35341272391143,
                52.35341272391143,
                52.35341272391143,
                52.35341272391143
            ],
            "Node_14": [
                45.386061967400295,
                45.40468649984515,
                45.50217897229465,
                45.6942971768741,
                45.98662817094931,
                46.59347792451899,
                47.523066739896166,
                48.70971406609218,
                50.049556379684866,
                51.282275573717165,
                52.202603092072415,
                52.80070014887814,
                53.010961818157774,
                52.98721818988287,
                52.92000520301056,
                52.821618404537226,
                52.71132664273371,
                52.61106512052969,
                52.53734023821912,
                52.48856155479542,
                52.44021648962059,
                52.37269798336149,
                52.0670675768354,
                51.50223845448042,
                50.67054071231474,
                49.640528849610725,
                48.51650685631441,
                47.43012485926422,
                46.50133040468585,
                45.86990988469052,
                45.58844265097884,
                45.43928050785147,
                45.386061967400295,
                45.386061967400295,
                45.386061967400295,
                45.386061967400295,
                45.386061967400295,
                45.386061967400295,
                45.386061967400295,
                45.386061967400295,
                45.386061967400295,
                45.386061967400295,
                45.386061967400295,
                45.386061967400295,
                45.386061967400295,
                45.40468649984515,
                45.50217897229465,
                45.6942971768741,
                45.98662817094931,
                46.59347792451899,
                47.523066739896166,
                48.70971406609218,
                50.049556379684866,
                51.282275573717165,
                52.202603092072415,
                52.80070014887814,
                53.010961818157774,
                52.98721818988287,
                52.92000520301056,
                52.821618404537226,
                52.71132664273371,
                52.61106512052969,
                52.53734023821912,
                52.48856155479542,
                52.44021648962059,
                52.37269798336149,
                52.0670675768354,
                51.50223845448042,
                50.67054071231474,
                49.640528849610725,
                48.51650685631441,
                47.43012485926422,
                46.50133040468585,
                45.86990988469052,
                45.58844265097884,
                45.43928050785147,
                45.386061967400295,
                53.010961818157774,
                53.010961818157774,
                53.010961818157774,
                53.010961818157774,
                53.010961818157774,
                53.010961818157774,
                53.010961818157774,
                53.010961818157774,
                53.010961818157774,
                53.010961818157774,
                53.010961818157774,
                53.010961818157774,
                53.010961818157774,
                52.37269798336149,
                52.37269798336149,
                52.37269798336149,
                52.37269798336149,
                52.37269798336149,
                52.37269798336149,
                52.37269798336149,
                52.37269798336149,
                52.37269798336149,
                52.37269798336149,
                52.37269798336149,
                52.37269798336149,
                52.37269798336149
            ],
            "Node_15": [
                47.75214988163123,
                47.85091019037058,
                48.10154028519665,
                48.440913024482846,
                48.82821542286282,
                49.22527089700248,
                49.62668810521772,
                50.12494516421267,
                50.88959737978171,
                52.03478458872619,
                53.30301470838397,
                54.21516684612124,
                54.538945692716354,
                54.529064802359564,
                54.49558366968273,
                54.426045892133075,
                54.3040534271598,
                54.118657475046234,
                53.86259952142096,
                53.52600719412355,
                53.108175786434316,
                52.737648530169196,
                53.25357111959587,
                53.17952773220618,
                52.42030777644575,
                51.316196790603684,
                50.336959717212764,
                49.69737114838227,
                49.23970244898168,
                48.781504896258895,
                48.30847769041003,
                47.91645120557337,
                47.75214988163123,
                47.75214988163123,
                47.75214988163123,
                47.75214988163123,
                47.75214988163123,
                47.75214988163123,
                47.75214988163123,
                47.75214988163123,
                47.75214988163123,
                47.75214988163123,
                47.75214988163123,
                47.75214988163123,
                47.75214988163123,
                47.85091019037058,
                48.10154028519665,
                48.440913024482846,
                48.82821542286282,
                49.22527089700248,
                49.62668810521772,
                50.12494516421267,
                50.88959737978171,
                52.03478458872619,
                53.30301470838397,
                54.21516684612124,
                54.538945692716354,
                54.529064802359564,
                54.49558366968273,
                54.426045892133075,
                54.3040534271598,
                54.118657475046234,
                53.86259952142096,
                53.52600719412355,
                53.108175786434316,
                52.737648530169196,
                53.25357111959587,
                53.17952773220618,
                52.42030777644575,
                51.316196790603684,
                50.336959717212764,
                49.69737114838227,
                49.23970244898168,
                48.781504896258895,
                48.30847769041003,
                47.91645120557337,
                47.75214988163123,
                54.538945692716354,
                54.538945692716354,
                54.538945692716354,
                54.538945692716354,
                54.538945692716354,
                54.538945692716354,
                54.538945692716354,
                54.538945692716354,
                54.538945692716354,
                54.538945692716354,
                54.538945692716354,
                54.538945692716354,
                54.538945692716354,
                52.737648530169196,
                52.737648530169196,
                52.737648530169196,
                52.737648530169196,
                52.737648530169196,
                52.737648530169196,
                52.737648530169196,
                52.737648530169196,
                52.737648530169196,
                52.737648530169196,
                52.737648530169196,
                52.737648530169196,
                52.737648530169196
            ]
        }
    },
    "Phonon_DOS": {
        "DOS": [
            0.0,
            0.002,
            0.0,
            0.0,
            0.004,
            0.0,
            0.0,
            0.004,
            0.004,
            0.008,
            0.004,
            0.004,
            0.009333333333333334,
            0.012,
            0.02,
            0.034666666666666665,
            0.046,
            0.04533333333333333,
            0.07533333333333334,
            0.03266666666666666,
            0.042,
            0.032,
            0.02333333333333333,
            0.04666666666666666,
            0.013999999999999999,
            0.016,
            0.012,
            0.027999999999999997,
            0.05,
            0.024,
            0.006666666666666667,
            0.0,
            0.0,
            0.0,
            0.0,
            0.0,
            0.0,
            0.0,
            0.0006666666666666666,
            0.004,
            0.008,
            0.0026666666666666666,
            0.009333333333333334,
            0.013333333333333334,
            0.018666666666666668,
            0.03266666666666666,
            0.05266666666666667,
            0.03866666666666666,
            0.04666666666666666,
            0.04333333333333334,
            0.013333333333333334,
            0.027999999999999997,
            0.014666666666666666,
            0.024,
            0.029333333333333333,
            0.012666666666666666,
            0.007333333333333333,
            0.0
        ],
        "Energy(meV)": [
            -1.5,
            -0.5,
            0.5,
            1.5,
            2.5,
            3.5,
            4.5,
            5.5,
            6.5,
            7.5,
            8.5,
            9.5,
            10.5,
            11.5,
            12.5,
            13.5,
            14.5,
            15.5,
            16.5,
            17.5,
            18.5,
            19.5,
            20.5,
            21.5,
            22.5,
            23.5,
            24.5,
            25.5,
            26.5,
            27.5,
            28.5,
            29.5,
            30.5,
            31.5,
            32.5,
            33.5,
            34.5,
            35.5,
            36.5,
            37.5,
            38.5,
            39.5,
            40.5,
            41.5,
            42.5,
            43.5,
            44.5,
            45.5,
            46.5,
            47.5,
            48.5,
            49.5,
            50.5,
            51.5,
            52.5,
            53.5,
            54.5,
            55.5
        ]
    }
}