{
    "POSCAR": {
        "Atomes": "   Zr    C   I\n",
        "coordinate": "Direct\n",
        "unit_cell": {
            "a_vector": "3.620651505671865   -6.905935610796911e-08   -2.1403401326707472e-07\n",
            "b_vector": "-1.8103258125860568   3.1355758347704907   3.5642764737135736e-07\n",
            "c_vector": "-1.7170931922118517e-06   2.310443847056079e-06   32.308957403582795\n"
        },
        "positions": {
            "Zr": [
                "0.33333331352492895   0.6666666244481513   0.16352746660971582\n",
                "0.6666666531063331   0.3333333441683996   0.23647252855802683\n"
            ],
            "C": [
                "4.166776139494981e-08   3.287104659943804e-08   0.20000000522571487\n"
            ],
            "I": [
                "0.3333333275284574   0.6666666619760345   0.3014870011499312\n",
                "0.6666666639302381   0.33333333668187665   0.09851299845661222\n"
            ]
        }
    },
    "Termo_data": {
        "Temperature (K)": [
            0,
            10,
            20,
            30,
            40,
            50,
            60,
            70,
            80,
            90,
            100,
            110,
            120,
            130,
            140,
            150,
            160,
            170,
            180,
            190,
            200,
            210,
            220,
            230,
            240,
            250,
            260,
            270,
            280,
            290,
            300,
            310,
            320,
            330,
            340,
            350,
            360,
            370,
            380,
            390,
            400,
            410,
            420,
            430,
            440,
            450,
            460,
            470,
            480,
            490,
            500,
            510,
            520,
            530,
            540,
            550,
            560,
            570,
            580,
            590,
            600,
            610,
            620,
            630,
            640,
            650,
            660,
            670,
            680,
            690,
            700,
            710,
            720,
            730,
            740,
            750,
            760,
            770,
            780,
            790,
            800,
            810,
            820,
            830,
            840,
            850,
            860,
            870,
            880,
            890,
            900,
            910,
            920,
            930,
            940,
            950,
            960,
            970,
            980,
            990,
            1000,
            1010,
            1020,
            1030,
            1040,
            1050,
            1060,
            1070,
            1080,
            1090,
            1100,
            1110,
            1120,
            1130,
            1140,
            1150,
            1160,
            1170,
            1180,
            1190,
            1200,
            1210,
            1220,
            1230,
            1240,
            1250,
            1260,
            1270,
            1280,
            1290,
            1300,
            1310,
            1320,
            1330,
            1340,
            1350,
            1360,
            1370,
            1380,
            1390,
            1400,
            1410,
            1420,
            1430,
            1440,
            1450,
            1460,
            1470,
            1480,
            1490,
            1500,
            1510,
            1520,
            1530,
            1540,
            1550,
            1560,
            1570,
            1580,
            1590,
            1600,
            1610,
            1620,
            1630,
            1640,
            1650,
            1660,
            1670,
            1680,
            1690,
            1700,
            1710,
            1720,
            1730,
            1740,
            1750,
            1760,
            1770,
            1780,
            1790,
            1800,
            1810,
            1820,
            1830,
            1840,
            1850,
            1860,
            1870,
            1880,
            1890,
            1900,
            1910,
            1920,
            1930,
            1940,
            1950,
            1960,
            1970
        ],
        "Gibbs_free(J/mole)": [
            -526699.4016194821,
            -526699.6235943136,
            -526701.3783784171,
            -526707.3297150092,
            -526721.6351536221,
            -526747.7630298188,
            -526787.8454995885,
            -526842.9327263203,
            -526913.3624064187,
            -526999.0493132219,
            -527099.6766313204,
            -527214.8117118344,
            -527343.9723174027,
            -527486.6629139001,
            -527642.3938214846,
            -527810.6908441096,
            -527991.0996986799,
            -528183.1877210096,
            -528386.544103987,
            -528600.7794300682,
            -528825.5248299765,
            -529060.430971452,
            -529305.1669939372,
            -529559.4194588708,
            -529822.891300666,
            -530095.3008331592,
            -530376.3808153936,
            -530665.8775330888,
            -530963.5499815625,
            -531269.1690594694,
            -531582.5168345603,
            -531903.38584863,
            -532231.578474097,
            -532566.9063054572,
            -532909.1896058283,
            -533258.2567763402,
            -533613.9438646035,
            -533976.0941234144,
            -534344.5575707428,
            -534719.190608582,
            -535099.8556495028,
            -535486.4207776785,
            -535878.7594220381,
            -536276.7500700348,
            -536680.2759805045,
            -537089.2249314197,
            -537503.4889719076,
            -537922.9641998727,
            -538347.5505505711,
            -538777.1515973645,
            -539211.6743616794,
            -539651.0291556816,
            -540095.1293942037,
            -540543.8914715422,
            -540997.234588097,
            -541455.0806403898,
            -541917.3540825711,
            -542383.9818045516,
            -542854.8930220263,
            -543330.0191922368,
            -543809.2938756264,
            -544292.6526590431,
            -544780.0331073005,
            -545271.3745844215,
            -545766.6182858177,
            -546265.7070674469,
            -546768.5854463568,
            -547275.1995145954,
            -547785.4968003473,
            -548299.4263609209,
            -548816.9385984229,
            -549337.9852281149,
            -549862.5192451102,
            -550390.4949125038,
            -550921.867656222,
            -551456.5940307755,
            -551994.6316809185,
            -552535.939343388,
            -553080.4767568759,
            -553628.2046072492,
            -554179.0845956838,
            -554733.0792737596,
            -555290.1521113238,
            -555850.2674247272,
            -556413.3903580016,
            -556979.486830746,
            -557548.5235771846,
            -558120.4680115946,
            -558695.2882871843,
            -559272.9533351231,
            -559853.4326333302,
            -560436.6963993711,
            -561022.7154681567,
            -561611.4612794353,
            -562202.9057787734,
            -562797.021727317,
            -563393.7822010518,
            -563993.1608656117,
            -564595.1320753526,
            -565199.6705712166,
            -565806.7515229471,
            -566416.3507087489,
            -567028.4442948756,
            -567643.0089300948,
            -568260.0218653221,
            -568879.4603320212,
            -569501.30249348,
            -570125.5266899811,
            -570752.1116262361,
            -571381.0364394223,
            -572012.2805941346,
            -572645.8240264461,
            -573281.646945591,
            -573919.7299289985,
            -574560.053959318,
            -575202.6002284837,
            -575847.3502365098,
            -576494.2858954793,
            -577143.3895158692,
            -577794.6434905233,
            -578448.0305571613,
            -579103.5338231649,
            -579761.1366047652,
            -580420.8225482344,
            -581082.5754042121,
            -581746.3794348575,
            -582412.2189835917,
            -583080.0785477705,
            -583749.9432288759,
            -584421.7980010117,
            -585095.6281678601,
            -585771.4192071069,
            -586449.1571023706,
            -587128.8277882657,
            -587810.4172581263,
            -588493.9122014864,
            -589179.2989187253,
            -589866.5645733397,
            -590555.6957945074,
            -591246.6799381381,
            -591939.5043213182,
            -592634.1565823347,
            -593330.624533579,
            -594028.8956970213,
            -594728.958468658,
            -595430.8009802916,
            -596134.411567505,
            -596839.7788342591,
            -597546.89146377,
            -598255.7385100777,
            -598966.308672648,
            -599678.5913374953,
            -600392.5756450412,
            -601108.2512988147,
            -601825.607643344,
            -602544.6344276239,
            -603265.3214426653,
            -603987.6590118167,
            -604711.6368139707,
            -605437.2456562158,
            -606164.4753979625,
            -606893.3165477177,
            -607623.7601016893,
            -608355.7964296144,
            -609089.4166107143,
            -609824.6112518584,
            -610561.3718258336,
            -611299.6894220026,
            -612039.5550852562,
            -612780.9603957166,
            -613523.8968611242,
            -614268.3560869233,
            -615014.3293779978,
            -615761.809150608,
            -616510.7869552769,
            -617261.2549192843,
            -618013.2048216363,
            -618766.6294463938,
            -619521.5206038295,
            -620277.8703088514,
            -621035.6716231025,
            -621794.9171075248,
            -622555.5988684879,
            -623317.7099097585,
            -624081.2430924883,
            -624846.1910080289,
            -625612.5466234748,
            -626380.3034963827,
            -627149.4537909221,
            -627919.99145416,
            -628691.9094608511,
            -629465.201137036,
            -630239.8600630293,
            -631015.8794398917,
            -631793.2526759325,
            -632571.9735439137,
            -633352.0361328193,
            -634133.4336082401
        ],
        "Cp(J/mole.K)": [
            -0.0,
            0.18155427581223194,
            0.9140008135000243,
            2.454539558550459,
            4.595357076136861,
            6.842047711499617,
            8.895984129561112,
            10.665705820004225,
            12.159463614318518,
            13.42030763494258,
            14.495365295151712,
            15.424420949644997,
            16.237745399877895,
            16.95743664674227,
            17.5995305896562,
            18.17585500891438,
            18.69541124477982,
            19.165303667425178,
            19.591344307019614,
            19.978420354472487,
            20.330718985642307,
            20.65189666833319,
            20.94517852244319,
            21.213409950092345,
            21.459124799282264,
            21.684578525673714,
            21.89177343683551,
            22.082507854446874,
            22.258380780217713,
            22.42081551553272,
            22.57108990414414,
            22.710342441633124,
            22.83959375573329,
            22.959761595961798,
            23.071657987369694,
            23.17601666731925,
            23.273502627597143,
            23.364702736437955,
            23.450153989734773,
            23.530341830648887,
            23.605693775229213,
            23.6766013412677,
            23.743425227649247,
            23.80648670583326,
            23.866076230502316,
            23.922457951528582,
            23.97587534926712,
            24.026551620580655,
            24.07467893385325,
            24.12044701109404,
            24.16402677001308,
            24.205565867867044,
            24.245209779706784,
            24.283080207847487,
            24.31930578412721,
            24.353993556898708,
            24.387222973443727,
            24.41911852102801,
            24.44977551017069,
            24.47921670346683,
            24.507567110995296,
            24.534899322551748,
            24.56121760670794,
            24.5866282939563,
            24.611171235144184,
            24.63494170013291,
            24.6579191948635,
            24.680118621309425,
            24.701754944527153,
            24.722735998244172,
            24.742985070537493,
            24.762700520918383,
            24.78197596399119,
            24.800716836203563,
            24.8188851318846,
            24.836614388914313,
            24.853997395548504,
            24.870906153935135,
            24.887387558701448,
            24.903570231981575,
            24.919353663921413,
            24.9348060258404,
            24.949998627602938,
            24.96485423136619,
            24.97944226108963,
            24.993771513123466,
            25.0077052556792,
            25.021510328940472,
            25.035199521738292,
            25.048473100835754,
            25.061599531327374,
            25.07463098179426,
            25.087194317288166,
            25.099695175734748,
            25.112362405319963,
            25.124389730961614,
            25.136284853518077,
            25.148625727079274,
            25.160454569669604,
            25.171819020385808,
            25.18331083498211,
            25.194661629246404,
            25.206236220983556,
            25.217439995045424,
            25.227950049541107,
            25.239259587717093,
            25.250537185196073,
            25.261072212472513,
            25.271554884442594,
            25.282107412669575,
            25.292804784257896,
            25.30332559189992,
            25.31385435774007,
            25.32442133500267,
            25.33440087478383,
            25.344181592474833,
            25.354706285905394,
            25.36538954181239,
            25.375197701517195,
            25.384894352485013,
            25.395018935319627,
            25.405137094535682,
            25.414893121243395,
            25.424596777494124,
            25.434817791136624,
            25.444457155754385,
            25.45409759973937,
            25.46458054210234,
            25.47421984001994,
            25.483152954145762,
            25.49298546052924,
            25.503653333025262,
            25.513030108948982,
            25.52214160624407,
            25.532041225227104,
            25.541860384633956,
            25.551731622289708,
            25.5607508373796,
            25.570196049310614,
            25.580445908350715,
            25.590899074682767,
            25.60020847748323,
            25.608716004959447,
            25.619052686633108,
            25.628989564440527,
            25.6380687776689,
            25.647810575762662,
            25.65819530238826,
            25.668056668561714,
            25.676989706209017,
            25.686613181460416,
            25.696930479538125,
            25.707098456634924,
            25.716115648732668,
            25.724933921371555,
            25.73563961108448,
            25.746130738081632,
            25.756086309781395,
            25.766690110875057,
            25.774882233437253,
            25.784478940068993,
            25.796186339496305,
            25.805811457947133,
            25.814881914997585,
            25.824694986502408,
            25.836310088488972,
            25.84638385897246,
            25.85495490358153,
            25.86576907031656,
            25.876931406769778,
            25.88564927384141,
            25.8952673437474,
            25.907759743603435,
            25.918449088169055,
            25.92725749971578,
            25.938318145781025,
            25.950829668483266,
            25.958533914871104,
            25.966805004956626,
            25.981564566201996,
            25.99301750573744,
            26.00066611015962,
            26.012252698403188,
            26.023954367803526,
            26.032812136248424,
            26.0451791354852,
            26.056909542385256,
            26.065319555101716,
            26.077961664343917,
            26.09015109144702,
            26.10092818364528,
            26.112660402996156,
            26.12165147960104,
            26.13124062751413,
            26.145593320572516,
            26.159056483912337,
            26.168646082736643,
            26.179528369941657
        ],
        "S(J/mole.K)": [
            0,
            0.09077713790611597,
            0.410054479187238,
            1.0476446089873206,
            2.0311541699295046,
            3.289778575596574,
            4.715315357543295,
            6.2184834983403565,
            7.740286104235565,
            9.245825226516171,
            10.716166137659457,
            12.142044445582723,
            13.519727213743318,
            14.84850904053601,
            16.129272806250082,
            17.363689303796853,
            18.553782738826705,
            19.70169974220917,
            20.809589152720584,
            21.879541065313973,
            22.913556944020094,
            23.913536744097655,
            24.88127535413514,
            25.818463224607697,
            26.726689410464317,
            27.607446080962838,
            28.46213329449238,
            29.29206426814635,
            30.098470684145287,
            30.882507554256883,
            31.645258170743183,
            32.38773884831171,
            33.110903346577835,
            33.81564717470756,
            34.502811438453506,
            35.173186478893335,
            35.827515523333574,
            36.466497841551615,
            37.09079172547936,
            37.701017432349914,
            38.297759653651156,
            38.88156986658869,
            39.45296873147454,
            40.01244816847175,
            40.56047319304053,
            41.0974836931011,
            41.623896122204314,
            42.14010507594212,
            42.646484594487994,
            43.14338951036625,
            43.63115678838366,
            44.11010652537661,
            44.580543011781984,
            45.042755691232735,
            45.49702011083136,
            45.94359880951814,
            46.382741813207396,
            46.81468766951439,
            47.239664390370315,
            47.65788930619456,
            48.06957002113195,
            48.47490547920898,
            48.87408554689901,
            49.267291853023934,
            49.654698598885446,
            50.03647292569949,
            50.41277489538188,
            50.78375730323605,
            51.149567844010015,
            51.510348655929555,
            51.8662345244331,
            52.21735534701584,
            52.56383761725738,
            52.90580259609851,
            53.24336568944418,
            53.57663828851364,
            53.90572885853326,
            54.230741389903415,
            54.551775316146085,
            54.868927384892594,
            55.18229087840591,
            55.49195539452048,
            55.79800808820873,
            56.100532914322685,
            56.39961075877945,
            56.69532010046677,
            56.98773592104553,
            57.27693133975262,
            57.56297857508034,
            57.84594578590186,
            58.12589865340269,
            58.402902459612235,
            58.67701860469097,
            58.948306649786545,
            59.21682764327853,
            59.48263766921446,
            59.74578944965615,
            60.00633969131159,
            60.264341448860065,
            60.51984151412471,
            60.77288846739248,
            61.023531069236924,
            61.271817098381874,
            61.517791837114785,
            61.76149481576431,
            62.00296998757403,
            62.242263245469076,
            62.47941194646264,
            62.714452279258694,
            62.94742318832141,
            63.178363452578196,
            63.40730969115975,
            63.634296913650175,
            63.85936015369225,
            64.08253090866201,
            64.30383879585278,
            64.52331841682752,
            64.74100504452798,
            64.95692616929298,
            65.17110741342037,
            65.38357921228598,
            65.59437169653246,
            65.80351099991967,
            66.01102241737826,
            66.21693418595677,
            66.4212717637376,
            66.62405791616911,
            66.82532049408036,
            67.02508341943322,
            67.22336400135828,
            67.42018585611223,
            67.61557798848517,
            67.80956044234335,
            68.00214860868292,
            68.19336532000015,
            68.3832336134481,
            68.57177328614199,
            68.75900088774506,
            68.94493393742015,
            69.12959556775604,
            69.31300762835599,
            69.49518457760568,
            69.67613699396024,
            69.8558856364849,
            70.03445229087956,
            70.21184897169442,
            70.38809107313573,
            70.56319881399833,
            70.73718799479975,
            70.91006879745109,
            71.08185523637657,
            71.25256645408808,
            71.4222184517319,
            71.59082086922571,
            71.75838297558074,
            71.9249236806063,
            72.09046152270166,
            72.25500692508213,
            72.41857283623976,
            72.58116608360288,
            72.74279566907498,
            72.90348454569903,
            73.06324449186359,
            73.2220788124323,
            73.37999939295113,
            73.5370250678825,
            73.69316747042758,
            73.84842806884117,
            74.00281956902909,
            74.15635999325458,
            74.30905322448379,
            74.46090464302978,
            74.61193505407427,
            74.76215712153643,
            74.91156954743491,
            75.06018264135636,
            75.20801606969471,
            75.35506920946646,
            75.50133886481345,
            75.64685353100941,
            75.79163056011312,
            75.93565843102115,
            76.07894570821227,
            76.22151164135867,
            76.36335667914392,
            76.50449039251252,
            76.64492822431347,
            76.78466704786698,
            76.92371669668356,
            77.06209454143973,
            77.19980275828857,
            77.33684716114949,
            77.473230044957,
            77.60895269359753,
            77.74403575797187,
            77.87849581157207,
            78.01232706558802,
            78.14552931927611
        ]
    },
    "Phonon_data": {
        "Numb_Node": 15,
        "total_n_kpoints": 100,
        "frequency": {
            "Node_1": [
                -0.05275256690764541,
                0.6657283094754365,
                1.8071474976183004,
                3.292451895723323,
                4.955372004174128,
                6.663304596580723,
                8.264714124317182,
                9.569679246281844,
                10.394461162957503,
                10.839333974173005,
                11.136505689000662,
                11.346026985964192,
                11.431124930205756,
                11.421447278265664,
                11.421272240575323,
                11.439321481108253,
                11.468090338979515,
                11.498299784147223,
                11.520918017707812,
                11.52525150103712,
                11.516012761795622,
                11.508792298136898,
                11.485074517037447,
                11.39260708926041,
                11.207942278581887,
                10.806747166241609,
                9.754723966733078,
                8.279125164482474,
                6.472554202522641,
                4.483804589148014,
                2.53778587633063,
                0.9317830364515355,
                -0.05275256690764541,
                -0.05275256690764541,
                -0.05275256690764541,
                -0.05275256690764541,
                -0.05275256690764541,
                -0.05275256690764541,
                -0.05275256690764541,
                -0.05275256690764541,
                -0.05275256690764541,
                -0.05275256690764541,
                -0.05275256690764541,
                -0.05275256690764541,
                -0.05275256690764541,
                0.6657283094754365,
                1.8071474976183004,
                3.292451895723323,
                4.955372004174128,
                6.663304596580723,
                8.264714124317182,
                9.569679246281844,
                10.394461162957503,
                10.839333974173005,
                11.136505689000662,
                11.346026985964192,
                11.431124930205756,
                11.421447278265664,
                11.421272240575323,
                11.439321481108253,
                11.468090338979515,
                11.498299784147223,
                11.520918017707812,
                11.52525150103712,
                11.516012761795622,
                11.508792298136898,
                11.485074517037447,
                11.39260708926041,
                11.207942278581887,
                10.806747166241609,
                9.754723966733078,
                8.279125164482474,
                6.472554202522641,
                4.483804589148014,
                2.53778587633063,
                0.9317830364515355,
                -0.05275256690764541,
                11.431124930205756,
                11.431124930205756,
                11.431124930205756,
                11.431124930205756,
                11.431124930205756,
                11.431124930205756,
                11.431124930205756,
                11.431124930205756,
                11.431124930205756,
                11.431124930205756,
                11.431124930205756,
                11.431124930205756,
                11.431124930205756,
                11.508792298136898,
                11.508792298136898,
                11.508792298136907,
                11.508792298136898,
                11.508792298136907,
                11.508792298136898,
                11.508792298136898,
                11.508792298136898,
                11.508792298136898,
                11.508792298136898,
                11.508792298136898,
                11.508792298136898,
                11.508792298136898
            ],
            "Node_2": [
                -0.04038345312125571,
                1.6819583619040348,
                3.350589351395387,
                4.96833039020534,
                6.467796138207704,
                7.797063120253606,
                8.943511101859684,
                9.903011752844087,
                10.629965255016474,
                11.108195960671711,
                11.417737343461145,
                11.581846113440129,
                11.625654797087003,
                11.708402850533101,
                11.802546197156898,
                11.77579441158628,
                11.714581929555107,
                11.649942748742747,
                11.59923653544836,
                11.577413754132875,
                11.579187970067073,
                11.584267218323264,
                11.585275990456834,
                11.551867454841894,
                11.368234027312406,
                10.967210626331065,
                10.728222120059842,
                10.140924412846225,
                8.327148785826541,
                6.355001872663977,
                4.280375514315631,
                2.148910509124842,
                -0.04038345312125571,
                -0.04038345312125571,
                -0.04038345312125571,
                -0.04038345312125571,
                -0.04038345312125571,
                -0.04038345312125571,
                -0.04038345312125571,
                -0.04038345312125571,
                -0.04038345312125571,
                -0.04038345312125571,
                -0.04038345312125571,
                -0.04038345312125571,
                -0.04038345312125571,
                1.6819583619040348,
                3.350589351395387,
                4.96833039020534,
                6.467796138207704,
                7.797063120253606,
                8.943511101859684,
                9.903011752844087,
                10.629965255016474,
                11.108195960671711,
                11.417737343461145,
                11.581846113440129,
                11.625654797087003,
                11.708402850533101,
                11.802546197156898,
                11.77579441158628,
                11.714581929555107,
                11.649942748742747,
                11.59923653544836,
                11.577413754132875,
                11.579187970067073,
                11.584267218323264,
                11.585275990456834,
                11.551867454841894,
                11.368234027312406,
                10.967210626331065,
                10.728222120059842,
                10.140924412846225,
                8.327148785826541,
                6.355001872663977,
                4.280375514315631,
                2.148910509124842,
                -0.04038345312125571,
                11.625654797087003,
                11.625654797087003,
                11.625654797087003,
                11.625654797087003,
                11.625654797087003,
                11.625654797087003,
                11.625654797087003,
                11.625654797087003,
                11.625654797087003,
                11.625654797087003,
                11.625654797087003,
                11.625654797087003,
                11.625654797087003,
                11.584267218323264,
                11.584267218323264,
                11.584267218323268,
                11.584267218323264,
                11.584267218323268,
                11.584267218323264,
                11.584267218323264,
                11.584267218323264,
                11.584267218323264,
                11.584267218323264,
                11.584267218323264,
                11.584267218323264,
                11.584267218323264
            ],
            "Node_3": [
                -0.038656091119253715,
                2.7710271548118914,
                5.419055036857473,
                7.795844012065498,
                9.582464815235557,
                10.247020912636248,
                10.477458798264703,
                10.729138603521145,
                11.156492913538905,
                11.612196195459457,
                11.86138232316169,
                11.956186226793719,
                11.976966627051205,
                11.982049337988125,
                12.128611186351462,
                12.523120659813832,
                13.050703675342048,
                13.643561501477107,
                14.239837388121867,
                14.769125918090424,
                15.110728128635378,
                15.25280219582143,
                14.907981435320362,
                14.307720096056617,
                13.6133833314427,
                12.8269514319644,
                11.705784316283353,
                10.554175433863657,
                10.312473281740541,
                9.201870400888856,
                6.718231972437246,
                3.5155125345351816,
                -0.038656091119253715,
                -0.038656091119253715,
                -0.038656091119253715,
                -0.038656091119253715,
                -0.038656091119253715,
                -0.038656091119253715,
                -0.038656091119253715,
                -0.038656091119253715,
                -0.038656091119253715,
                -0.038656091119253715,
                -0.038656091119253715,
                -0.038656091119253715,
                -0.038656091119253715,
                2.7710271548118914,
                5.419055036857473,
                7.795844012065498,
                9.582464815235557,
                10.247020912636248,
                10.477458798264703,
                10.729138603521145,
                11.156492913538905,
                11.612196195459457,
                11.86138232316169,
                11.956186226793719,
                11.976966627051205,
                11.982049337988125,
                12.128611186351462,
                12.523120659813832,
                13.050703675342048,
                13.643561501477107,
                14.239837388121867,
                14.769125918090424,
                15.110728128635378,
                15.25280219582143,
                14.907981435320362,
                14.307720096056617,
                13.6133833314427,
                12.8269514319644,
                11.705784316283353,
                10.554175433863657,
                10.312473281740541,
                9.201870400888856,
                6.718231972437246,
                3.5155125345351816,
                -0.038656091119253715,
                11.976966627051205,
                11.976966627051205,
                11.976966627051205,
                11.976966627051205,
                11.976966627051205,
                11.976966627051205,
                11.976966627051205,
                11.976966627051205,
                11.976966627051205,
                11.976966627051205,
                11.976966627051205,
                11.976966627051205,
                11.976966627051205,
                15.25280219582143,
                15.25280219582143,
                15.252802195821427,
                15.25280219582143,
                15.252802195821427,
                15.25280219582143,
                15.25280219582143,
                15.25280219582143,
                15.25280219582143,
                15.25280219582143,
                15.25280219582143,
                15.25280219582143,
                15.25280219582143
            ],
            "Node_4": [
                8.639564717038887,
                8.742879688857075,
                9.017158700530567,
                9.425731545003353,
                9.918915561835622,
                10.450881865304396,
                10.914547920789097,
                11.327020272101716,
                11.662901975217585,
                11.915133944127106,
                12.07297840674482,
                12.143617884349215,
                12.162653817342084,
                12.257165897274364,
                12.516899203767638,
                12.907374653490647,
                13.384327741725505,
                13.894882832414984,
                14.385608502608385,
                14.80926007355325,
                15.151423928454118,
                15.258981848297841,
                15.116570141381978,
                14.667415725353763,
                14.02643492419549,
                13.249537818691689,
                12.386839028562347,
                11.488131459948471,
                10.645503537704448,
                9.961107358018554,
                9.254414194505976,
                8.813100719734567,
                8.639564717038887,
                8.639564717038887,
                8.639564717038887,
                8.639564717038887,
                8.639564717038887,
                8.639564717038887,
                8.639564717038887,
                8.639564717038887,
                8.639564717038887,
                8.639564717038887,
                8.639564717038887,
                8.639564717038887,
                8.639564717038887,
                8.742879688857075,
                9.017158700530567,
                9.425731545003353,
                9.918915561835622,
                10.450881865304396,
                10.914547920789097,
                11.327020272101716,
                11.662901975217585,
                11.915133944127106,
                12.07297840674482,
                12.143617884349215,
                12.162653817342084,
                12.257165897274364,
                12.516899203767638,
                12.907374653490647,
                13.384327741725505,
                13.894882832414984,
                14.385608502608385,
                14.80926007355325,
                15.151423928454118,
                15.258981848297841,
                15.116570141381978,
                14.667415725353763,
                14.02643492419549,
                13.249537818691689,
                12.386839028562347,
                11.488131459948471,
                10.645503537704448,
                9.961107358018554,
                9.254414194505976,
                8.813100719734567,
                8.639564717038887,
                12.162653817342084,
                12.162653817342084,
                12.162653817342084,
                12.162653817342084,
                12.162653817342084,
                12.162653817342084,
                12.162653817342084,
                12.162653817342084,
                12.162653817342084,
                12.162653817342084,
                12.162653817342084,
                12.162653817342084,
                12.162653817342084,
                15.258981848297841,
                15.258981848297841,
                15.258981848297838,
                15.258981848297841,
                15.258981848297838,
                15.258981848297841,
                15.258981848297841,
                15.258981848297841,
                15.258981848297841,
                15.258981848297841,
                15.258981848297841,
                15.258981848297841,
                15.258981848297841
            ],
            "Node_5": [
                8.66803032459546,
                9.064464942919283,
                10.06280598163962,
                11.282630019789702,
                11.62498899181206,
                12.75115230325363,
                14.203144277892193,
                14.804095435761743,
                15.161385890724594,
                15.520254998196695,
                15.887337794455416,
                16.18063284656546,
                16.298938294722646,
                16.302594632843846,
                16.311670765383887,
                16.321131935445685,
                16.323779283847777,
                16.310637101883945,
                16.273035878139666,
                16.207922116308154,
                16.10720378756222,
                16.060823638879917,
                16.04945775192421,
                15.798584982508395,
                15.312313512732711,
                14.769474751319342,
                14.40155821932916,
                14.044780091639462,
                12.576562962542814,
                11.438992735481357,
                10.673411410706844,
                9.268976922852545,
                8.66803032459546,
                8.66803032459546,
                8.66803032459546,
                8.66803032459546,
                8.66803032459546,
                8.66803032459546,
                8.66803032459546,
                8.66803032459546,
                8.66803032459546,
                8.66803032459546,
                8.66803032459546,
                8.66803032459546,
                8.66803032459546,
                9.064464942919283,
                10.06280598163962,
                11.282630019789702,
                11.62498899181206,
                12.75115230325363,
                14.203144277892193,
                14.804095435761743,
                15.161385890724594,
                15.520254998196695,
                15.887337794455416,
                16.18063284656546,
                16.298938294722646,
                16.302594632843846,
                16.311670765383887,
                16.321131935445685,
                16.323779283847777,
                16.310637101883945,
                16.273035878139666,
                16.207922116308154,
                16.10720378756222,
                16.060823638879917,
                16.04945775192421,
                15.798584982508395,
                15.312313512732711,
                14.769474751319342,
                14.40155821932916,
                14.044780091639462,
                12.576562962542814,
                11.438992735481357,
                10.673411410706844,
                9.268976922852545,
                8.66803032459546,
                16.298938294722646,
                16.298938294722646,
                16.298938294722646,
                16.298938294722646,
                16.298938294722646,
                16.298938294722646,
                16.298938294722646,
                16.298938294722646,
                16.298938294722646,
                16.298938294722646,
                16.298938294722646,
                16.298938294722646,
                16.298938294722646,
                16.060823638879917,
                16.060823638879917,
                16.06082363887991,
                16.060823638879917,
                16.06082363887991,
                16.060823638879917,
                16.060823638879917,
                16.060823638879917,
                16.060823638879917,
                16.060823638879917,
                16.060823638879917,
                16.060823638879917,
                16.060823638879917
            ],
            "Node_6": [
                12.727655353961149,
                12.413268138116221,
                11.879634870868008,
                11.53311550925819,
                12.544637424385115,
                13.58243667284747,
                14.346859074772714,
                15.47231923367445,
                16.33951155981008,
                16.839640639192897,
                17.06067177867273,
                17.10902268010946,
                17.101246680188037,
                17.06574003507131,
                16.977236963212,
                16.861217860458613,
                16.728496349797208,
                16.581477527395823,
                16.422022065731326,
                16.259500322535985,
                16.14786852195664,
                16.1032940695153,
                16.149125252349464,
                16.217773497586503,
                16.209055069865734,
                15.993102821986513,
                15.380467192605456,
                14.239950187075937,
                13.40406614052694,
                12.20625653272884,
                11.628479733198333,
                12.263389228846506,
                12.727655353961149,
                12.727655353961149,
                12.727655353961149,
                12.727655353961149,
                12.727655353961149,
                12.727655353961149,
                12.727655353961149,
                12.727655353961149,
                12.727655353961149,
                12.727655353961149,
                12.727655353961149,
                12.727655353961149,
                12.727655353961149,
                12.413268138116221,
                11.879634870868008,
                11.53311550925819,
                12.544637424385115,
                13.58243667284747,
                14.346859074772714,
                15.47231923367445,
                16.33951155981008,
                16.839640639192897,
                17.06067177867273,
                17.10902268010946,
                17.101246680188037,
                17.06574003507131,
                16.977236963212,
                16.861217860458613,
                16.728496349797208,
                16.581477527395823,
                16.422022065731326,
                16.259500322535985,
                16.14786852195664,
                16.1032940695153,
                16.149125252349464,
                16.217773497586503,
                16.209055069865734,
                15.993102821986513,
                15.380467192605456,
                14.239950187075937,
                13.40406614052694,
                12.20625653272884,
                11.628479733198333,
                12.263389228846506,
                12.727655353961149,
                17.101246680188037,
                17.101246680188037,
                17.101246680188037,
                17.101246680188037,
                17.101246680188037,
                17.101246680188037,
                17.101246680188037,
                17.101246680188037,
                17.101246680188037,
                17.101246680188037,
                17.101246680188037,
                17.101246680188037,
                17.101246680188037,
                16.1032940695153,
                16.1032940695153,
                16.103294069515275,
                16.1032940695153,
                16.103294069515275,
                16.1032940695153,
                16.1032940695153,
                16.1032940695153,
                16.1032940695153,
                16.1032940695153,
                16.1032940695153,
                16.1032940695153,
                16.1032940695153
            ],
            "Node_7": [
                14.729086837503662,
                14.77712605408017,
                14.88269548915146,
                15.09578755955892,
                15.423467758656164,
                15.834413895895059,
                16.28677046318793,
                16.752742135849104,
                17.209471499775532,
                17.620594358759863,
                17.943108504931537,
                18.14622764780084,
                18.21528608344967,
                18.29640960361143,
                18.513429119496674,
                18.815157565447077,
                19.148923186697786,
                19.45457914905163,
                19.6398117866519,
                19.669119225505273,
                19.661730375659445,
                19.673341898753343,
                19.744635129409023,
                19.684951349128486,
                19.21889516036499,
                18.49148799730954,
                17.637095923680715,
                16.770609024945827,
                16.01135298109451,
                15.43793698726733,
                15.058534591558839,
                14.857970506930217,
                14.729086837503662,
                14.729086837503662,
                14.729086837503662,
                14.729086837503662,
                14.729086837503662,
                14.729086837503662,
                14.729086837503662,
                14.729086837503662,
                14.729086837503662,
                14.729086837503662,
                14.729086837503662,
                14.729086837503662,
                14.729086837503662,
                14.77712605408017,
                14.88269548915146,
                15.09578755955892,
                15.423467758656164,
                15.834413895895059,
                16.28677046318793,
                16.752742135849104,
                17.209471499775532,
                17.620594358759863,
                17.943108504931537,
                18.14622764780084,
                18.21528608344967,
                18.29640960361143,
                18.513429119496674,
                18.815157565447077,
                19.148923186697786,
                19.45457914905163,
                19.6398117866519,
                19.669119225505273,
                19.661730375659445,
                19.673341898753343,
                19.744635129409023,
                19.684951349128486,
                19.21889516036499,
                18.49148799730954,
                17.637095923680715,
                16.770609024945827,
                16.01135298109451,
                15.43793698726733,
                15.058534591558839,
                14.857970506930217,
                14.729086837503662,
                18.21528608344967,
                18.21528608344967,
                18.21528608344967,
                18.21528608344967,
                18.21528608344967,
                18.21528608344967,
                18.21528608344967,
                18.21528608344967,
                18.21528608344967,
                18.21528608344967,
                18.21528608344967,
                18.21528608344967,
                18.21528608344967,
                19.673341898753343,
                19.673341898753343,
                19.67334189875334,
                19.673341898753343,
                19.67334189875334,
                19.673341898753343,
                19.673341898753343,
                19.673341898753343,
                19.673341898753343,
                19.673341898753343,
                19.673341898753343,
                19.673341898753343,
                19.673341898753343
            ],
            "Node_8": [
                14.828026473424243,
                15.191117909302854,
                15.956449832914071,
                16.802621089660267,
                17.653857262452572,
                18.467399327802532,
                19.144334288761495,
                19.622323629230543,
                20.042213915842314,
                20.43100998435312,
                20.73490363199178,
                20.91561035643602,
                20.972603550438265,
                20.886443442489917,
                20.684015819893254,
                20.448712139946796,
                20.233425449849072,
                20.079451264169446,
                20.047286392255963,
                20.129821027046415,
                20.1844615039232,
                20.187944723760246,
                20.151973547085735,
                20.155024319003413,
                20.25754543092902,
                20.09744818278407,
                19.812315688900927,
                19.4697470166621,
                18.545247402485863,
                17.478436292098525,
                16.385510006953307,
                15.339991756125539,
                14.828026473424243,
                14.828026473424243,
                14.828026473424243,
                14.828026473424243,
                14.828026473424243,
                14.828026473424243,
                14.828026473424243,
                14.828026473424243,
                14.828026473424243,
                14.828026473424243,
                14.828026473424243,
                14.828026473424243,
                14.828026473424243,
                15.191117909302854,
                15.956449832914071,
                16.802621089660267,
                17.653857262452572,
                18.467399327802532,
                19.144334288761495,
                19.622323629230543,
                20.042213915842314,
                20.43100998435312,
                20.73490363199178,
                20.91561035643602,
                20.972603550438265,
                20.886443442489917,
                20.684015819893254,
                20.448712139946796,
                20.233425449849072,
                20.079451264169446,
                20.047286392255963,
                20.129821027046415,
                20.1844615039232,
                20.187944723760246,
                20.151973547085735,
                20.155024319003413,
                20.25754543092902,
                20.09744818278407,
                19.812315688900927,
                19.4697470166621,
                18.545247402485863,
                17.478436292098525,
                16.385510006953307,
                15.339991756125539,
                14.828026473424243,
                20.972603550438265,
                20.972603550438265,
                20.972603550438265,
                20.972603550438265,
                20.972603550438265,
                20.972603550438265,
                20.972603550438265,
                20.972603550438265,
                20.972603550438265,
                20.972603550438265,
                20.972603550438265,
                20.972603550438265,
                20.972603550438265,
                20.187944723760246,
                20.187944723760246,
                20.18794472376025,
                20.187944723760246,
                20.18794472376025,
                20.187944723760246,
                20.187944723760246,
                20.187944723760246,
                20.187944723760246,
                20.187944723760246,
                20.187944723760246,
                20.187944723760246,
                20.187944723760246
            ],
            "Node_9": [
                20.86611362699239,
                20.825178223584686,
                20.60132034703234,
                20.30802940343444,
                20.034672977735845,
                19.8903295437741,
                20.039021052345266,
                20.526561574507777,
                21.076898795509926,
                21.49865998386158,
                21.755520621347255,
                21.882775413691128,
                21.920657197370826,
                21.89277919570955,
                21.80329411303218,
                21.659243965363494,
                21.479925535764753,
                21.28961261081767,
                21.119688819781572,
                21.008056160183514,
                20.97110575533974,
                20.96859040238866,
                20.913524117104302,
                20.76363362567083,
                20.57636209165685,
                20.49556960625943,
                20.245330289811637,
                19.73841752830772,
                19.73889614014727,
                20.00861528271472,
                20.391850341469592,
                20.73383437481686,
                20.86611362699239,
                20.86611362699239,
                20.86611362699239,
                20.86611362699239,
                20.86611362699239,
                20.86611362699239,
                20.86611362699239,
                20.86611362699239,
                20.86611362699239,
                20.86611362699239,
                20.86611362699239,
                20.86611362699239,
                20.86611362699239,
                20.825178223584686,
                20.60132034703234,
                20.30802940343444,
                20.034672977735845,
                19.8903295437741,
                20.039021052345266,
                20.526561574507777,
                21.076898795509926,
                21.49865998386158,
                21.755520621347255,
                21.882775413691128,
                21.920657197370826,
                21.89277919570955,
                21.80329411303218,
                21.659243965363494,
                21.479925535764753,
                21.28961261081767,
                21.119688819781572,
                21.008056160183514,
                20.97110575533974,
                20.96859040238866,
                20.913524117104302,
                20.76363362567083,
                20.57636209165685,
                20.49556960625943,
                20.245330289811637,
                19.73841752830772,
                19.73889614014727,
                20.00861528271472,
                20.391850341469592,
                20.73383437481686,
                20.86611362699239,
                21.920657197370826,
                21.920657197370826,
                21.920657197370826,
                21.920657197370826,
                21.920657197370826,
                21.920657197370826,
                21.920657197370826,
                21.920657197370826,
                21.920657197370826,
                21.920657197370826,
                21.920657197370826,
                21.920657197370826,
                21.920657197370826,
                20.96859040238866,
                20.96859040238866,
                20.968590402388656,
                20.96859040238866,
                20.968590402388656,
                20.96859040238866,
                20.96859040238866,
                20.96859040238866,
                20.96859040238866,
                20.96859040238866,
                20.96859040238866,
                20.96859040238866,
                20.96859040238866
            ],
            "Node_10": [
                20.9572333863049,
                20.918377633356055,
                20.95124595899061,
                21.026269380681622,
                21.131873035082364,
                21.26675104363351,
                21.429097710899352,
                21.613541610920386,
                21.810244186638545,
                22.003744732647366,
                22.171120267087154,
                22.28512952288211,
                22.325442896464814,
                22.39174935061533,
                22.54899231224253,
                22.72977275047982,
                22.894551115001043,
                23.024068822294883,
                23.11239832468015,
                23.16467720065383,
                23.189635759395827,
                23.193388723992097,
                23.161390801714234,
                23.074091938511803,
                22.885844643890508,
                22.540466115266177,
                22.07801899404399,
                21.67396497986582,
                21.38285232382537,
                21.166026029707954,
                21.025884104860463,
                20.96145579665958,
                20.9572333863049,
                20.9572333863049,
                20.9572333863049,
                20.9572333863049,
                20.9572333863049,
                20.9572333863049,
                20.9572333863049,
                20.9572333863049,
                20.9572333863049,
                20.9572333863049,
                20.9572333863049,
                20.9572333863049,
                20.9572333863049,
                20.918377633356055,
                20.95124595899061,
                21.026269380681622,
                21.131873035082364,
                21.26675104363351,
                21.429097710899352,
                21.613541610920386,
                21.810244186638545,
                22.003744732647366,
                22.171120267087154,
                22.28512952288211,
                22.325442896464814,
                22.39174935061533,
                22.54899231224253,
                22.72977275047982,
                22.894551115001043,
                23.024068822294883,
                23.11239832468015,
                23.16467720065383,
                23.189635759395827,
                23.193388723992097,
                23.161390801714234,
                23.074091938511803,
                22.885844643890508,
                22.540466115266177,
                22.07801899404399,
                21.67396497986582,
                21.38285232382537,
                21.166026029707954,
                21.025884104860463,
                20.96145579665958,
                20.9572333863049,
                22.325442896464814,
                22.325442896464814,
                22.325442896464814,
                22.325442896464814,
                22.325442896464814,
                22.325442896464814,
                22.325442896464814,
                22.325442896464814,
                22.325442896464814,
                22.325442896464814,
                22.325442896464814,
                22.325442896464814,
                22.325442896464814,
                23.193388723992097,
                23.193388723992097,
                23.1933887239921,
                23.193388723992097,
                23.1933887239921,
                23.193388723992097,
                23.193388723992097,
                23.193388723992097,
                23.193388723992097,
                23.193388723992097,
                23.193388723992097,
                23.193388723992097,
                23.193388723992097
            ],
            "Node_11": [
                23.45709165045982,
                23.558260485087096,
                23.812092301286665,
                24.1411699400277,
                24.502216143888077,
                24.869318961460323,
                25.221715239597994,
                25.55212604100791,
                25.86523086906063,
                26.17324650805917,
                26.49714877332351,
                26.844898334946723,
                27.08531332380893,
                27.071120871306018,
                27.03231519869433,
                26.976645891093334,
                26.91251267553627,
                26.8516849294122,
                26.810368457644298,
                26.80440894531653,
                26.843402248233748,
                26.874311446924096,
                26.654059422939408,
                26.389807496526036,
                26.11945641939057,
                25.843296245935473,
                25.535998557416764,
                25.178617214761555,
                24.777935105526648,
                24.356539011410238,
                23.944075823873774,
                23.60175372584343,
                23.45709165045982,
                23.45709165045982,
                23.45709165045982,
                23.45709165045982,
                23.45709165045982,
                23.45709165045982,
                23.45709165045982,
                23.45709165045982,
                23.45709165045982,
                23.45709165045982,
                23.45709165045982,
                23.45709165045982,
                23.45709165045982,
                23.558260485087096,
                23.812092301286665,
                24.1411699400277,
                24.502216143888077,
                24.869318961460323,
                25.221715239597994,
                25.55212604100791,
                25.86523086906063,
                26.17324650805917,
                26.49714877332351,
                26.844898334946723,
                27.08531332380893,
                27.071120871306018,
                27.03231519869433,
                26.976645891093334,
                26.91251267553627,
                26.8516849294122,
                26.810368457644298,
                26.80440894531653,
                26.843402248233748,
                26.874311446924096,
                26.654059422939408,
                26.389807496526036,
                26.11945641939057,
                25.843296245935473,
                25.535998557416764,
                25.178617214761555,
                24.777935105526648,
                24.356539011410238,
                23.944075823873774,
                23.60175372584343,
                23.45709165045982,
                27.08531332380893,
                27.08531332380893,
                27.08531332380893,
                27.08531332380893,
                27.08531332380893,
                27.08531332380893,
                27.08531332380893,
                27.08531332380893,
                27.08531332380893,
                27.08531332380893,
                27.08531332380893,
                27.08531332380893,
                27.08531332380893,
                26.874311446924096,
                26.874311446924096,
                26.874311446924096,
                26.874311446924096,
                26.874311446924096,
                26.874311446924096,
                26.874311446924096,
                26.874311446924096,
                26.874311446924096,
                26.874311446924096,
                26.874311446924096,
                26.874311446924096,
                26.874311446924096
            ],
            "Node_12": [
                32.87259996557382,
                32.73458656970234,
                32.350117888636696,
                31.79608270375909,
                31.167094756519596,
                30.54367888356762,
                29.97566297695343,
                29.48209188770285,
                29.052455585792057,
                28.651670726711355,
                28.245712485512456,
                27.837243634239904,
                27.574277086430502,
                27.563283832415426,
                27.53051069562299,
                27.477487588988392,
                27.40812156370177,
                27.3273624161448,
                27.238054145625686,
                27.139668092279223,
                27.031865080200017,
                26.972134762898573,
                27.230152305926442,
                27.62602076391403,
                28.102572189217998,
                28.618316557525926,
                29.165001985961897,
                29.780904043564973,
                30.501075562169767,
                31.301558907538645,
                32.077238510738354,
                32.656433823898766,
                32.87259996557382,
                32.87259996557382,
                32.87259996557382,
                32.87259996557382,
                32.87259996557382,
                32.87259996557382,
                32.87259996557382,
                32.87259996557382,
                32.87259996557382,
                32.87259996557382,
                32.87259996557382,
                32.87259996557382,
                32.87259996557382,
                32.73458656970234,
                32.350117888636696,
                31.79608270375909,
                31.167094756519596,
                30.54367888356762,
                29.97566297695343,
                29.48209188770285,
                29.052455585792057,
                28.651670726711355,
                28.245712485512456,
                27.837243634239904,
                27.574277086430502,
                27.563283832415426,
                27.53051069562299,
                27.477487588988392,
                27.40812156370177,
                27.3273624161448,
                27.238054145625686,
                27.139668092279223,
                27.031865080200017,
                26.972134762898573,
                27.230152305926442,
                27.62602076391403,
                28.102572189217998,
                28.618316557525926,
                29.165001985961897,
                29.780904043564973,
                30.501075562169767,
                31.301558907538645,
                32.077238510738354,
                32.656433823898766,
                32.87259996557382,
                27.574277086430502,
                27.574277086430502,
                27.574277086430502,
                27.574277086430502,
                27.574277086430502,
                27.574277086430502,
                27.574277086430502,
                27.574277086430502,
                27.574277086430502,
                27.574277086430502,
                27.574277086430502,
                27.574277086430502,
                27.574277086430502,
                26.972134762898573,
                26.972134762898573,
                26.972134762898584,
                26.972134762898573,
                26.972134762898584,
                26.972134762898573,
                26.972134762898573,
                26.972134762898573,
                26.972134762898573,
                26.972134762898573,
                26.972134762898573,
                26.972134762898573,
                26.972134762898573
            ],
            "Node_13": [
                57.44856833223051,
                57.388577853808755,
                57.17559113722637,
                56.77012350545011,
                56.22906091809395,
                55.71361210099436,
                55.378568420379565,
                55.27242433763609,
                55.350781580874084,
                55.54677951605542,
                55.79651695022286,
                56.01522272845677,
                56.10386382597206,
                56.0853302309764,
                56.03305208025481,
                55.96024867591905,
                55.88854259998399,
                55.83520151147532,
                55.80626288549806,
                55.801175997530336,
                55.81233399390161,
                55.82063711786295,
                55.776867350436525,
                55.638034464523436,
                55.425893992404056,
                55.22557823569645,
                55.13936495294826,
                55.2531857789101,
                55.633212017000545,
                56.242565278602804,
                56.87657695875737,
                57.30642260274244,
                57.44856833223051,
                57.44856833223051,
                57.44856833223051,
                57.44856833223051,
                57.44856833223051,
                57.44856833223051,
                57.44856833223051,
                57.44856833223051,
                57.44856833223051,
                57.44856833223051,
                57.44856833223051,
                57.44856833223051,
                57.44856833223051,
                57.388577853808755,
                57.17559113722637,
                56.77012350545011,
                56.22906091809395,
                55.71361210099436,
                55.378568420379565,
                55.27242433763609,
                55.350781580874084,
                55.54677951605542,
                55.79651695022286,
                56.01522272845677,
                56.10386382597206,
                56.0853302309764,
                56.03305208025481,
                55.96024867591905,
                55.88854259998399,
                55.83520151147532,
                55.80626288549806,
                55.801175997530336,
                55.81233399390161,
                55.82063711786295,
                55.776867350436525,
                55.638034464523436,
                55.425893992404056,
                55.22557823569645,
                55.13936495294826,
                55.2531857789101,
                55.633212017000545,
                56.242565278602804,
                56.87657695875737,
                57.30642260274244,
                57.44856833223051,
                56.10386382597206,
                56.10386382597206,
                56.10386382597206,
                56.10386382597206,
                56.10386382597206,
                56.10386382597206,
                56.10386382597206,
                56.10386382597206,
                56.10386382597206,
                56.10386382597206,
                56.10386382597206,
                56.10386382597206,
                56.10386382597206,
                55.82063711786295,
                55.82063711786295,
                55.82063711786295,
                55.82063711786295,
                55.82063711786295,
                55.82063711786295,
                55.82063711786295,
                55.82063711786295,
                55.82063711786295,
                55.82063711786295,
                55.82063711786295,
                55.82063711786295,
                55.82063711786295
            ],
            "Node_14": [
                60.9510037227862,
                60.80965862115077,
                60.348797977410946,
                59.749826256177634,
                59.192201305594104,
                58.79965120024192,
                58.654766212924656,
                58.815016130767276,
                59.27953947248551,
                59.92299860966904,
                60.374684897822874,
                60.47915640631595,
                60.498273860400175,
                60.46463292696364,
                60.37192702785561,
                60.239446337806804,
                60.09174952458747,
                59.95974429351154,
                59.875716342074185,
                59.858666013795535,
                59.906586176730315,
                59.982109268998734,
                59.86882975157922,
                59.84117645222439,
                59.81190505292369,
                59.292282490553625,
                58.76354920061137,
                58.51921348101775,
                58.70230734780669,
                59.26218733394455,
                60.02082637843259,
                60.69322875635855,
                60.9510037227862,
                60.9510037227862,
                60.9510037227862,
                60.9510037227862,
                60.9510037227862,
                60.9510037227862,
                60.9510037227862,
                60.9510037227862,
                60.9510037227862,
                60.9510037227862,
                60.9510037227862,
                60.9510037227862,
                60.9510037227862,
                60.80965862115077,
                60.348797977410946,
                59.749826256177634,
                59.192201305594104,
                58.79965120024192,
                58.654766212924656,
                58.815016130767276,
                59.27953947248551,
                59.92299860966904,
                60.374684897822874,
                60.47915640631595,
                60.498273860400175,
                60.46463292696364,
                60.37192702785561,
                60.239446337806804,
                60.09174952458747,
                59.95974429351154,
                59.875716342074185,
                59.858666013795535,
                59.906586176730315,
                59.982109268998734,
                59.86882975157922,
                59.84117645222439,
                59.81190505292369,
                59.292282490553625,
                58.76354920061137,
                58.51921348101775,
                58.70230734780669,
                59.26218733394455,
                60.02082637843259,
                60.69322875635855,
                60.9510037227862,
                60.498273860400175,
                60.498273860400175,
                60.498273860400175,
                60.498273860400175,
                60.498273860400175,
                60.498273860400175,
                60.498273860400175,
                60.498273860400175,
                60.498273860400175,
                60.498273860400175,
                60.498273860400175,
                60.498273860400175,
                60.498273860400175,
                59.982109268998734,
                59.982109268998734,
                59.98210926899873,
                59.982109268998734,
                59.98210926899873,
                59.982109268998734,
                59.982109268998734,
                59.982109268998734,
                59.982109268998734,
                59.982109268998734,
                59.982109268998734,
                59.982109268998734,
                59.982109268998734
            ],
            "Node_15": [
                61.04532994453289,
                60.94391041204738,
                60.78809034264126,
                60.64617027388661,
                60.56092877820605,
                60.519951857721296,
                60.49027141351699,
                60.47009787933944,
                60.48640931931156,
                60.571015079603505,
                60.877809077727356,
                61.328271296258315,
                61.509842833715126,
                61.46521803296185,
                61.33936178383639,
                61.15196386115311,
                60.92731749482267,
                60.69095209830932,
                60.466297534671746,
                60.269398374593926,
                60.10816686702375,
                60.00416899932282,
                60.15553203971011,
                60.13640839168418,
                59.91421495644574,
                60.01980009073758,
                60.17680892978941,
                60.347184997883254,
                60.505442158402694,
                60.650629341312225,
                60.806691730545886,
                60.96108457127371,
                61.04532994453289,
                61.04532994453289,
                61.04532994453289,
                61.04532994453289,
                61.04532994453289,
                61.04532994453289,
                61.04532994453289,
                61.04532994453289,
                61.04532994453289,
                61.04532994453289,
                61.04532994453289,
                61.04532994453289,
                61.04532994453289,
                60.94391041204738,
                60.78809034264126,
                60.64617027388661,
                60.56092877820605,
                60.519951857721296,
                60.49027141351699,
                60.47009787933944,
                60.48640931931156,
                60.571015079603505,
                60.877809077727356,
                61.328271296258315,
                61.509842833715126,
                61.46521803296185,
                61.33936178383639,
                61.15196386115311,
                60.92731749482267,
                60.69095209830932,
                60.466297534671746,
                60.269398374593926,
                60.10816686702375,
                60.00416899932282,
                60.15553203971011,
                60.13640839168418,
                59.91421495644574,
                60.01980009073758,
                60.17680892978941,
                60.347184997883254,
                60.505442158402694,
                60.650629341312225,
                60.806691730545886,
                60.96108457127371,
                61.04532994453289,
                61.509842833715126,
                61.509842833715126,
                61.509842833715126,
                61.509842833715126,
                61.509842833715126,
                61.509842833715126,
                61.509842833715126,
                61.509842833715126,
                61.509842833715126,
                61.509842833715126,
                61.509842833715126,
                61.509842833715126,
                61.509842833715126,
                60.00416899932282,
                60.00416899932282,
                60.00416899932281,
                60.00416899932282,
                60.00416899932281,
                60.00416899932282,
                60.00416899932282,
                60.00416899932282,
                60.00416899932282,
                60.00416899932282,
                60.00416899932282,
                60.00416899932282,
                60.00416899932282
            ]
        }
    },
    "Phonon_DOS": {
        "DOS": [
            0.0,
            0.002,
            0.0,
            0.0,
            0.004,
            0.0013333333333333333,
            0.0026666666666666666,
            0.004,
            0.012,
            0.004,
            0.009333333333333334,
            0.018666666666666668,
            0.04933333333333333,
            0.10400000000000001,
            0.04466666666666667,
            0.024,
            0.036000000000000004,
            0.04133333333333334,
            0.06866666666666667,
            0.02066666666666667,
            0.016666666666666666,
            0.04933333333333333,
            0.06666666666666667,
            0.04533333333333333,
            0.03133333333333333,
            0.015333333333333334,
            0.008,
            0.024,
            0.028666666666666667,
            0.027333333333333334,
            0.016,
            0.012,
            0.004,
            0.004,
            0.004666666666666667,
            0.0,
            0.0,
            0.0,
            0.0,
            0.0,
            0.0,
            0.0,
            0.0,
            0.0,
            0.0,
            0.0,
            0.0,
            0.0,
            0.0,
            0.0,
            0.0,
            0.0,
            0.0,
            0.0,
            0.0,
            0.0,
            0.0,
            0.055999999999999994,
            0.006,
            0.004666666666666667,
            0.016,
            0.036000000000000004,
            0.076,
            0.005333333333333333,
            0.0
        ],
        "Energy(meV)": [
            -1.5,
            -0.5,
            0.5,
            1.5,
            2.5,
            3.5,
            4.5,
            5.5,
            6.5,
            7.5,
            8.5,
            9.5,
            10.5,
            11.5,
            12.5,
            13.5,
            14.5,
            15.5,
            16.5,
            17.5,
            18.5,
            19.5,
            20.5,
            21.5,
            22.5,
            23.5,
            24.5,
            25.5,
            26.5,
            27.5,
            28.5,
            29.5,
            30.5,
            31.5,
            32.5,
            33.5,
            34.5,
            35.5,
            36.5,
            37.5,
            38.5,
            39.5,
            40.5,
            41.5,
            42.5,
            43.5,
            44.5,
            45.5,
            46.5,
            47.5,
            48.5,
            49.5,
            50.5,
            51.5,
            52.5,
            53.5,
            54.5,
            55.5,
            56.5,
            57.5,
            58.5,
            59.5,
            60.5,
            61.5,
            62.5
        ]
    }
}