{
    "POSCAR": {
        "Atomes": "   Zr    I   N\n",
        "coordinate": "Direct\n",
        "unit_cell": {
            "a_vector": "3.6183980331650107   1.037704913190165e-06   1.659671883698987e-06\n",
            "b_vector": "-1.8091987076265437   3.1336244259625095   -1.192255917705664e-06\n",
            "c_vector": "1.839884656455855e-05   -4.639269265260195e-06   32.380745469897064\n"
        },
        "positions": {
            "Zr": [
                "0.6666666419584606   0.3333333237475968   0.23466253019551828\n",
                "0.33333334832201983   0.6666666822819936   0.16533747104079108\n"
            ],
            "I": [
                "0.3333331501648936   0.6666668810062873   0.3000528704178901\n",
                "0.666666852106418   0.3333331221243896   0.09994712895855806\n"
            ],
            "N": [
                "7.4482057176467e-09   -9.160269735184184e-09   0.19999999938724225\n"
            ]
        }
    },
    "Termo_data": {
        "Temperature (K)": [
            0,
            10,
            20,
            30,
            40,
            50,
            60,
            70,
            80,
            90,
            100,
            110,
            120,
            130,
            140,
            150,
            160,
            170,
            180,
            190,
            200,
            210,
            220,
            230,
            240,
            250,
            260,
            270,
            280,
            290,
            300,
            310,
            320,
            330,
            340,
            350,
            360,
            370,
            380,
            390,
            400,
            410,
            420,
            430,
            440,
            450,
            460,
            470,
            480,
            490,
            500,
            510,
            520,
            530,
            540,
            550,
            560,
            570,
            580,
            590,
            600,
            610,
            620,
            630,
            640,
            650,
            660,
            670,
            680,
            690,
            700,
            710,
            720,
            730,
            740,
            750,
            760,
            770,
            780,
            790,
            800,
            810,
            820,
            830,
            840,
            850,
            860,
            870,
            880,
            890,
            900,
            910,
            920,
            930,
            940,
            950,
            960,
            970,
            980,
            990,
            1000,
            1010,
            1020,
            1030,
            1040,
            1050,
            1060,
            1070,
            1080,
            1090,
            1100,
            1110,
            1120,
            1130,
            1140,
            1150,
            1160,
            1170,
            1180,
            1190,
            1200,
            1210,
            1220,
            1230,
            1240,
            1250,
            1260,
            1270,
            1280,
            1290,
            1300,
            1310,
            1320,
            1330,
            1340,
            1350,
            1360,
            1370,
            1380,
            1390,
            1400,
            1410,
            1420,
            1430,
            1440,
            1450,
            1460,
            1470,
            1480,
            1490,
            1500,
            1510,
            1520,
            1530,
            1540,
            1550,
            1560,
            1570,
            1580,
            1590,
            1600,
            1610,
            1620,
            1630,
            1640,
            1650,
            1660,
            1670,
            1680,
            1690,
            1700,
            1710,
            1720,
            1730,
            1740,
            1750,
            1760,
            1770,
            1780,
            1790,
            1800,
            1810,
            1820,
            1830,
            1840,
            1850,
            1860,
            1870,
            1880,
            1890,
            1900,
            1910,
            1920,
            1930,
            1940,
            1950,
            1960,
            1970
        ],
        "Gibbs_free(J/mole)": [
            -496437.494505504,
            -496438.00303258543,
            -496440.54244155483,
            -496447.8262036181,
            -496464.1622714878,
            -496492.96419492114,
            -496536.268692725,
            -496595.05952570605,
            -496669.65467562777,
            -496759.98437161517,
            -496865.76250496757,
            -496986.58641904045,
            -497121.9944038415,
            -497271.4989791402,
            -497434.6065895043,
            -497610.8292955073,
            -497799.6918681515,
            -498000.73589086736,
            -498213.52204067353,
            -498437.6311562502,
            -498672.6645557788,
            -498918.2437629502,
            -499174.0100304651,
            -499439.6235197024,
            -499714.7624710254,
            -499999.1222125757,
            -500292.41426886676,
            -500594.36534979264,
            -500904.7164505847,
            -501223.2219909245,
            -501549.64890867966,
            -501883.77590289025,
            -502225.3926726775,
            -502574.29921505274,
            -502930.30516137613,
            -503293.2291772552,
            -503662.8983757217,
            -504039.14781035384,
            -504421.819981704,
            -504810.7643599594,
            -505205.83699373173,
            -505606.90008625254,
            -506013.82166073704,
            -506426.4751959524,
            -506844.73933321156,
            -507268.4975717415,
            -507697.6379896938,
            -508132.05301939166,
            -508571.63917066826,
            -509016.29684996634,
            -509465.93013225007,
            -509920.44655382494,
            -510379.7569888604,
            -510843.7754221103,
            -511312.4188097588,
            -511785.6069639727,
            -512263.26238420105,
            -512745.3101109139,
            -513231.67764404125,
            -513722.2948239312,
            -514217.0936695984,
            -514716.00838058355,
            -515218.975119211,
            -515725.93199667253,
            -516236.8190464407,
            -516751.57795695064,
            -517270.15219048003,
            -517792.486800517,
            -518318.52844786964,
            -518848.22520296933,
            -519381.52663610195,
            -519918.38362452725,
            -520458.74840910116,
            -521002.57460847223,
            -521549.8167951586,
            -522100.43095921626,
            -522654.37420558865,
            -523211.6044376922,
            -523772.08098806714,
            -524335.7640761863,
            -524902.6146392856,
            -525472.5948775639,
            -526045.6679205749,
            -526621.7973825367,
            -527200.9480981098,
            -527783.0856011469,
            -528368.176117078,
            -528956.1868261317,
            -529547.0854928879,
            -530140.8405958825,
            -530737.4213962192,
            -531336.7977051542,
            -531938.9401412761,
            -532543.8196595302,
            -533151.4082422707,
            -533761.6780369314,
            -534374.6021082731,
            -534990.1537117432,
            -535608.3071307116,
            -536229.0367014493,
            -536852.3174424894,
            -537478.1249264617,
            -538106.4350782679,
            -538737.2243297057,
            -539370.4697798503,
            -540006.1485263403,
            -540644.2385614244,
            -541284.7177154844,
            -541927.5649803731,
            -542572.7590237684,
            -543220.2793082739,
            -543870.1055935136,
            -544522.2178619831,
            -545176.5966358072,
            -545833.2225529546,
            -546492.0769869344,
            -547153.1412376123,
            -547816.396960447,
            -548481.8263806602,
            -549149.4117173592,
            -549819.1355658859,
            -550490.9812000756,
            -551164.9316289683,
            -551840.9701873352,
            -552519.0810489659,
            -553199.2479292594,
            -553881.4551055768,
            -554565.6870692588,
            -555251.9289402711,
            -555940.1656019554,
            -556630.3819387389,
            -557322.5639374604,
            -558016.6967650537,
            -558712.766806841,
            -559410.7597586882,
            -560110.6621724347,
            -560812.4608516295,
            -561516.1418701202,
            -562221.6926075799,
            -562929.1001021126,
            -563638.3515719824,
            -564349.4346235256,
            -565062.336788834,
            -565777.0459852271,
            -566493.5500774573,
            -567211.8373957033,
            -567931.8963060817,
            -568653.7150094719,
            -569377.2825374594,
            -570102.5873892715,
            -570829.6185177132,
            -571558.3653113826,
            -572288.8172367384,
            -573020.9629762076,
            -573754.7920298728,
            -574490.294947205,
            -575227.461188187,
            -575966.2800591536,
            -576706.7424558846,
            -577448.8382643025,
            -578192.5575402111,
            -578937.8914087669,
            -579684.8297134808,
            -580433.3633766706,
            -581183.4832159313,
            -581935.1801557577,
            -582688.4458746258,
            -583443.2702626382,
            -584199.6454562956,
            -584957.5627504498,
            -585717.013022386,
            -586477.9883101089,
            -587240.4801519383,
            -588004.4803269786,
            -588769.9810438058,
            -589536.973369796,
            -590305.4500056992,
            -591075.4031992386,
            -591846.8252859989,
            -592619.7076586472,
            -593394.0438795232,
            -594169.8256383309,
            -594947.0454502282,
            -595725.6963581489,
            -596505.7712697338,
            -597287.2631902617,
            -598070.164695103,
            -598854.4677229794,
            -599640.1674161144,
            -600427.2555241172,
            -601215.7258884744,
            -602005.5712610114,
            -602796.7853258906,
            -603589.3611731264,
            -604383.2934047178,
            -605178.5739875619,
            -605975.1980140256,
            -606773.1580724838
        ],
        "Cp(J/mole.K)": [
            -0.0,
            0.2201529217432835,
            1.028594694106141,
            2.6486115202802463,
            4.848659130418674,
            7.119667435232261,
            9.191934249841141,
            10.99516514673596,
            12.544369287404695,
            13.877370341138155,
            15.03101738353144,
            16.035390985473352,
            16.914086036657675,
            17.685770786891215,
            18.365582544542864,
            18.96610462237005,
            19.49795754994264,
            19.970184759669056,
            20.39055416244082,
            20.765737125648585,
            21.101479790522717,
            21.40275377742657,
            21.6738312307105,
            21.918388269607362,
            22.1396143686259,
            22.340277714793057,
            22.52274951977597,
            22.689115142563253,
            22.84119346391526,
            22.980521354568232,
            23.108479427173734,
            23.22628515247625,
            23.334979760600277,
            23.43548628295839,
            23.52861679991768,
            23.615087034188015,
            23.69555247304956,
            23.770572768888083,
            23.840635743166786,
            23.906197270390084,
            23.967654977575847,
            24.02536799188389,
            24.079655742671576,
            24.130811045959096,
            24.179082408477427,
            24.224705843647794,
            24.26790316608686,
            24.308849936327864,
            24.347736728796633,
            24.38469477280021,
            24.419868785626164,
            24.453434644106892,
            24.48545357453986,
            24.51604248959342,
            24.545367284191812,
            24.573456983358444,
            24.600359557114928,
            24.626231658438297,
            24.651110289574717,
            24.67504436172021,
            24.698136083199813,
            24.72034064084591,
            24.7418403064773,
            24.762692097872787,
            24.782746895402624,
            24.802185343425478,
            24.821137027972192,
            24.839511133961977,
            24.857282432581993,
            24.874532957161136,
            24.891273342087565,
            24.90779823703036,
            24.923903504828868,
            24.939294408260473,
            24.95469508930411,
            24.969614497349383,
            24.983806892041937,
            24.99835803501628,
            25.01239404293889,
            25.02554669471876,
            25.039260141667796,
            25.052699780426337,
            25.0651373035101,
            25.07785579762695,
            25.090467010019168,
            25.102638545853733,
            25.11491720940103,
            25.1267848662798,
            25.138360547204627,
            25.149930433821282,
            25.161393882706697,
            25.172522612402293,
            25.183518656611042,
            25.194683533668087,
            25.205547768284966,
            25.21608134993585,
            25.22677544681369,
            25.23773861885122,
            25.247958881221642,
            25.257957383067907,
            25.268310001701977,
            25.27822503470212,
            25.28851779992692,
            25.298842980744666,
            25.308607978420554,
            25.31810533776312,
            25.327739042730386,
            25.337918698805304,
            25.34735417060989,
            25.35683748203415,
            25.36662097310213,
            25.375911321779604,
            25.3851843343582,
            25.39479745494836,
            25.40488200601507,
            25.413914357836056,
            25.42272933113904,
            25.43224144411215,
            25.440924424870005,
            25.45030926729669,
            25.460633569978768,
            25.469001243132688,
            25.47773859128938,
            25.487920593985123,
            25.49637350115262,
            25.504368984548442,
            25.514300963032113,
            25.52507181384972,
            25.533324074744996,
            25.541364057205282,
            25.550940503017042,
            25.559848442417383,
            25.568952154974088,
            25.577549908659424,
            25.587632677931296,
            25.597120809601424,
            25.604254230717007,
            25.613980001412372,
            25.62386915987008,
            25.632605736335574,
            25.64188357174842,
            25.65086201710801,
            25.65965478987241,
            25.668674369534504,
            25.67858400349485,
            25.68748693481112,
            25.69601004982209,
            25.70576516408099,
            25.714070841344494,
            25.723145110305843,
            25.735270393051483,
            25.7445287451175,
            25.74908161470688,
            25.75872110924414,
            25.773305942479052,
            25.7809211858255,
            25.787226595008033,
            25.799390811316197,
            25.808575684442896,
            25.817383779041798,
            25.82835577242122,
            25.83576434356487,
            25.8443831826672,
            25.85510557188268,
            25.86754060008144,
            25.877477148023903,
            25.883230347413573,
            25.894940386945144,
            25.905534566798224,
            25.912228556148577,
            25.923144712841406,
            25.934104575205858,
            25.945177955738956,
            25.954437223481364,
            25.96110461218025,
            25.973441485692916,
            25.98780098790303,
            25.99523759947624,
            26.002743849530816,
            26.015503230878238,
            26.02339731302294,
            26.03114910801763,
            26.04533204300148,
            26.05971374816727,
            26.070986972260812,
            26.07436529800232,
            26.083224736398023,
            26.10177986383681,
            26.112031338479767,
            26.119496449401396,
            26.12958401715204,
            26.13918667886383,
            26.153478772379458,
            26.165503696468384,
            26.173172830859855,
            26.184943621701677,
            26.192603926430735,
            26.20582445640231
        ],
        "S(J/mole.K)": [
            0,
            0.11007646087164175,
            0.47730159526981875,
            1.175885522176395,
            2.2234031668587706,
            3.541452301684331,
            5.0194135660276515,
            6.570777025900315,
            8.140169045415679,
            9.695157144830592,
            11.217673032959283,
            12.698105310566461,
            14.131740303857805,
            15.516715842060512,
            16.852851457707583,
            18.14096860742502,
            19.382483268273063,
            20.579152816993155,
            21.732915474567562,
            22.845786523322023,
            23.919790284549528,
            24.95691665496561,
            25.959093104043863,
            26.928166878982307,
            27.865895546508543,
            28.773943066817445,
            29.653878419570535,
            30.50717701696412,
            31.33522427061325,
            32.13931861074961,
            32.92067581995943,
            33.68043464620495,
            34.41966120742363,
            35.13935339168238,
            35.84044558776877,
            36.52381304455848,
            37.190276326220186,
            37.84060517801553,
            38.47552170991984,
            39.09570399408257,
            39.701789389897016,
            40.29437736970066,
            40.874032230649746,
            41.44128562513069,
            41.99663875134283,
            42.54056444970192,
            43.073509404117786,
            43.59589574682758,
            44.1081227909759,
            44.61056846461651,
            45.10359056852175,
            45.587528811712396,
            46.06270542064812,
            46.52942589396261,
            46.98798123297383,
            47.43864821575698,
            47.8816893467163,
            48.31735499014175,
            48.74588413755482,
            49.167504254454975,
            49.582432600586614,
            49.9908761442377,
            50.39303285740898,
            50.78909312998658,
            51.17923764247098,
            51.56363889369459,
            51.942463851676436,
            52.315872254629355,
            52.68401587623739,
            53.04704025059109,
            53.405085298997435,
            53.75828713842202,
            54.10677683148824,
            54.45067657970431,
            54.79010646934985,
            55.12518337065631,
            55.456014617910846,
            55.78270876874376,
            56.105371628220745,
            56.42409702351288,
            56.738981935440826,
            57.05012360626715,
            57.35760610427823,
            57.66151372781605,
            57.96193316620047,
            58.25894376379874,
            58.55262330400001,
            58.843047074096106,
            59.13028547769063,
            59.41440881571907,
            59.6954860812999,
            59.9735821666749,
            60.24875967970002,
            60.52108191673615,
            60.79060926714883,
            61.057397547377334,
            61.32150322046073,
            61.582984112092525,
            61.841891665013094,
            62.09827322308264,
            62.352180214419775,
            62.60366149232285,
            62.852764542766074,
            63.09953778269699,
            63.344023699975516,
            63.58626210624207,
            63.82629497979506,
            64.0641669362245,
            64.29991728737222,
            64.53358191753941,
            64.76520050841063,
            64.9948092378705,
            65.22244186050375,
            65.44813493670226,
            65.6719262182014,
            65.8938464190971,
            66.11392242878938,
            66.33218795116119,
            66.54867327088142,
            66.76340787065712,
            66.97642791641701,
            67.18775769641506,
            67.39741846464457,
            67.60544485939317,
            67.811862250368,
            68.01668768397212,
            68.21995238595409,
            68.4216920207138,
            68.62192397659673,
            68.82066105886915,
            69.01793144206313,
            69.213760963596,
            69.40816972853645,
            69.6011780226967,
            69.7928104666964,
            69.98309085917863,
            70.17202829793823,
            70.35964326438844,
            70.5459650488774,
            70.73100877228572,
            70.9147905456557,
            71.09732920487586,
            71.27864060563006,
            71.45874211246118,
            71.63765447215701,
            71.81539376332367,
            71.99197133889538,
            72.16740594870062,
            72.34171238503913,
            72.51490352488327,
            72.68700703842042,
            72.85803805698815,
            73.02798576727655,
            73.19686552079511,
            73.36472391269781,
            73.53156773933588,
            73.69738336851734,
            73.86219840081321,
            74.02603477367957,
            74.18889422298525,
            74.3507945762176,
            74.51174348099886,
            74.67174538875261,
            74.83082214330497,
            74.98899673614505,
            75.14627778661234,
            75.3026559212216,
            75.45814722005017,
            75.61277678694606,
            75.76653999029949,
            75.91944793166768,
            76.07152319007292,
            76.2227759341462,
            76.37321078743263,
            76.52282448710031,
            76.67163519523892,
            76.81967400813446,
            76.96693586278852,
            77.11341015267098,
            77.25912057141686,
            77.40407678961347,
            77.54827325605146,
            77.69173561773931,
            77.83449013143108,
            77.9765366084088,
            78.11785293926513,
            78.25844039235525,
            78.39834744313411,
            78.53758519024268,
            78.67613127905642,
            78.81399253921555,
            78.95118179267737,
            79.0877170005726,
            79.2236112972154,
            79.35885420722916,
            79.49345171931782,
            79.62741046755836,
            79.76074057953083
        ]
    },
    "Phonon_data": {
        "Numb_Node": 15,
        "total_n_kpoints": 100,
        "frequency": {
            "Node_1": [
                -0.056004893324263366,
                -0.273124852126362,
                1.3751364983637173,
                3.0284275931524163,
                4.79647305067781,
                6.5319966009563295,
                8.0013282484671,
                8.892177232493776,
                9.599727940372775,
                10.105499320819174,
                10.436610080613102,
                10.630591577022507,
                10.69660404639362,
                10.626270489200989,
                10.504404125595109,
                10.355348431688197,
                10.199483888456431,
                10.060831852815797,
                9.959875455853572,
                9.91014411096351,
                9.908305199721708,
                9.882229796591899,
                9.854132759601246,
                9.975076867290253,
                10.096410771422729,
                10.104104431279477,
                9.51698688534654,
                8.068315617207801,
                6.291963374582993,
                4.271626957658388,
                2.1750718966124336,
                0.28478563996459855,
                -0.056004893324263366,
                -0.056004893324263366,
                -0.056004893324263366,
                -0.056004893324263366,
                -0.056004893324263366,
                -0.056004893324263366,
                -0.056004893324263366,
                -0.056004893324263366,
                -0.056004893324263366,
                -0.056004893324263366,
                -0.056004893324263366,
                -0.056004893324263366,
                -0.056004893324263366,
                -0.273124852126362,
                1.3751364983637173,
                3.0284275931524163,
                4.79647305067781,
                6.5319966009563295,
                8.0013282484671,
                8.892177232493776,
                9.599727940372775,
                10.105499320819174,
                10.436610080613102,
                10.630591577022507,
                10.69660404639362,
                10.626270489200989,
                10.504404125595109,
                10.355348431688197,
                10.199483888456431,
                10.060831852815797,
                9.959875455853572,
                9.91014411096351,
                9.908305199721708,
                9.882229796591899,
                9.854132759601246,
                9.975076867290253,
                10.096410771422729,
                10.104104431279477,
                9.51698688534654,
                8.068315617207801,
                6.291963374582993,
                4.271626957658388,
                2.1750718966124336,
                0.28478563996459855,
                -0.056004893324263366,
                10.69660404639362,
                10.69660404639362,
                10.69660404639362,
                10.69660404639362,
                10.69660404639362,
                10.69660404639362,
                10.69660404639362,
                10.69660404639362,
                10.69660404639362,
                10.69660404639362,
                10.69660404639362,
                10.69660404639362,
                10.69660404639362,
                9.882229796591899,
                9.882229796591899,
                9.882229796591888,
                9.882229796591899,
                9.882229796591888,
                9.882229796591899,
                9.882229796591899,
                9.882229796591899,
                9.882229796591899,
                9.882229796591899,
                9.882229796591899,
                9.882229796591899,
                9.882229796591899
            ],
            "Node_2": [
                -0.05302963126862397,
                1.4924611121540658,
                2.9784325578653768,
                4.425317534354471,
                5.768162304300545,
                6.959754487982848,
                8.141690534154426,
                9.517039921448028,
                10.287365607242547,
                10.56806701505379,
                10.745258039161579,
                10.827542257744842,
                10.847389322616996,
                10.993975707834801,
                11.342386640226087,
                11.624233366146482,
                11.340826618877994,
                11.010231451050393,
                10.668539944381735,
                10.357327019184108,
                10.124526639109686,
                10.06945659480283,
                10.289553800614916,
                10.602586106179606,
                10.796854320170901,
                10.502063398991053,
                10.01727251509973,
                9.310798978244485,
                7.544327192873775,
                5.700354979785298,
                3.8038868762603184,
                1.8930145386717854,
                -0.05302963126862397,
                -0.05302963126862397,
                -0.05302963126862397,
                -0.05302963126862397,
                -0.05302963126862397,
                -0.05302963126862397,
                -0.05302963126862397,
                -0.05302963126862397,
                -0.05302963126862397,
                -0.05302963126862397,
                -0.05302963126862397,
                -0.05302963126862397,
                -0.05302963126862397,
                1.4924611121540658,
                2.9784325578653768,
                4.425317534354471,
                5.768162304300545,
                6.959754487982848,
                8.141690534154426,
                9.517039921448028,
                10.287365607242547,
                10.56806701505379,
                10.745258039161579,
                10.827542257744842,
                10.847389322616996,
                10.993975707834801,
                11.342386640226087,
                11.624233366146482,
                11.340826618877994,
                11.010231451050393,
                10.668539944381735,
                10.357327019184108,
                10.124526639109686,
                10.06945659480283,
                10.289553800614916,
                10.602586106179606,
                10.796854320170901,
                10.502063398991053,
                10.01727251509973,
                9.310798978244485,
                7.544327192873775,
                5.700354979785298,
                3.8038868762603184,
                1.8930145386717854,
                -0.05302963126862397,
                10.847389322616996,
                10.847389322616996,
                10.847389322616996,
                10.847389322616996,
                10.847389322616996,
                10.847389322616996,
                10.847389322616996,
                10.847389322616996,
                10.847389322616996,
                10.847389322616996,
                10.847389322616996,
                10.847389322616996,
                10.847389322616996,
                10.06945659480283,
                10.06945659480283,
                10.06945659480286,
                10.06945659480283,
                10.06945659480286,
                10.06945659480283,
                10.06945659480283,
                10.06945659480283,
                10.06945659480283,
                10.06945659480283,
                10.06945659480283,
                10.06945659480283,
                10.06945659480283
            ],
            "Node_3": [
                -0.045400321329431864,
                2.5184420638477234,
                4.944601794898841,
                7.132912164761895,
                8.772380411181706,
                9.555551755555294,
                9.871768960406765,
                10.140410942185781,
                10.710840625468414,
                11.373943982420155,
                11.755332721992719,
                11.949065271552746,
                12.01083555023676,
                11.966837549782595,
                11.83709204379208,
                11.863881634010854,
                12.525186625649747,
                13.277141488180144,
                14.056984633568545,
                14.691217667470326,
                15.080450141632275,
                15.326017968260466,
                14.888213308480445,
                14.253663695744589,
                13.387534557061379,
                12.293025325076593,
                10.935859420394745,
                9.883856445163698,
                9.588669595667522,
                8.461755259149625,
                6.123014891713884,
                3.168583655510489,
                -0.045400321329431864,
                -0.045400321329431864,
                -0.045400321329431864,
                -0.045400321329431864,
                -0.045400321329431864,
                -0.045400321329431864,
                -0.045400321329431864,
                -0.045400321329431864,
                -0.045400321329431864,
                -0.045400321329431864,
                -0.045400321329431864,
                -0.045400321329431864,
                -0.045400321329431864,
                2.5184420638477234,
                4.944601794898841,
                7.132912164761895,
                8.772380411181706,
                9.555551755555294,
                9.871768960406765,
                10.140410942185781,
                10.710840625468414,
                11.373943982420155,
                11.755332721992719,
                11.949065271552746,
                12.01083555023676,
                11.966837549782595,
                11.83709204379208,
                11.863881634010854,
                12.525186625649747,
                13.277141488180144,
                14.056984633568545,
                14.691217667470326,
                15.080450141632275,
                15.326017968260466,
                14.888213308480445,
                14.253663695744589,
                13.387534557061379,
                12.293025325076593,
                10.935859420394745,
                9.883856445163698,
                9.588669595667522,
                8.461755259149625,
                6.123014891713884,
                3.168583655510489,
                -0.045400321329431864,
                12.01083555023676,
                12.01083555023676,
                12.01083555023676,
                12.01083555023676,
                12.01083555023676,
                12.01083555023676,
                12.01083555023676,
                12.01083555023676,
                12.01083555023676,
                12.01083555023676,
                12.01083555023676,
                12.01083555023676,
                12.01083555023676,
                15.326017968260466,
                15.326017968260466,
                15.326017968260471,
                15.326017968260466,
                15.326017968260471,
                15.326017968260466,
                15.326017968260466,
                15.326017968260466,
                15.326017968260466,
                15.326017968260466,
                15.326017968260466,
                15.326017968260466,
                15.326017968260466
            ],
            "Node_4": [
                8.625672763207799,
                8.746052905993118,
                9.038608980616493,
                9.469230520052413,
                9.977572085344036,
                10.504026322282272,
                10.999420806633166,
                11.428985145192847,
                11.77389645867843,
                12.029411500837245,
                12.200163847073734,
                12.29588026041343,
                12.326396409851782,
                12.396824227508832,
                12.599105096020281,
                12.914230757894744,
                13.315615374315671,
                13.77006682869115,
                14.241148189648673,
                14.788327007243991,
                15.318513241810958,
                15.359913526200295,
                15.372663695413005,
                14.798541545649858,
                14.114507441611853,
                13.545319289056659,
                12.635674720218562,
                11.66980853559608,
                10.747105430253782,
                9.973079236384669,
                9.298468488420005,
                8.845280299074124,
                8.625672763207799,
                8.625672763207799,
                8.625672763207799,
                8.625672763207799,
                8.625672763207799,
                8.625672763207799,
                8.625672763207799,
                8.625672763207799,
                8.625672763207799,
                8.625672763207799,
                8.625672763207799,
                8.625672763207799,
                8.625672763207799,
                8.746052905993118,
                9.038608980616493,
                9.469230520052413,
                9.977572085344036,
                10.504026322282272,
                10.999420806633166,
                11.428985145192847,
                11.77389645867843,
                12.029411500837245,
                12.200163847073734,
                12.29588026041343,
                12.326396409851782,
                12.396824227508832,
                12.599105096020281,
                12.914230757894744,
                13.315615374315671,
                13.77006682869115,
                14.241148189648673,
                14.788327007243991,
                15.318513241810958,
                15.359913526200295,
                15.372663695413005,
                14.798541545649858,
                14.114507441611853,
                13.545319289056659,
                12.635674720218562,
                11.66980853559608,
                10.747105430253782,
                9.973079236384669,
                9.298468488420005,
                8.845280299074124,
                8.625672763207799,
                12.326396409851782,
                12.326396409851782,
                12.326396409851782,
                12.326396409851782,
                12.326396409851782,
                12.326396409851782,
                12.326396409851782,
                12.326396409851782,
                12.326396409851782,
                12.326396409851782,
                12.326396409851782,
                12.326396409851782,
                12.326396409851782,
                15.359913526200295,
                15.359913526200295,
                15.359913526200307,
                15.359913526200295,
                15.359913526200307,
                15.359913526200295,
                15.359913526200295,
                15.359913526200295,
                15.359913526200295,
                15.359913526200295,
                15.359913526200295,
                15.359913526200295,
                15.359913526200295
            ],
            "Node_5": [
                8.712264262550603,
                9.11254096655106,
                10.123606950563385,
                11.33799833528984,
                12.133173761698847,
                13.122654738342643,
                14.090231337130472,
                14.505263675411726,
                14.786888717320636,
                15.07760387625637,
                15.384105631792695,
                15.615162566653186,
                15.699338002765197,
                15.727224178447985,
                15.810669337217155,
                15.946212019346152,
                16.120667595333277,
                16.30440657691099,
                16.193355510748354,
                15.995583485198354,
                15.8375419557998,
                15.86602884065784,
                15.513363363605608,
                14.962999283680452,
                14.333543842034372,
                13.735023895358434,
                13.7309560862618,
                13.692775814088888,
                12.936573965069694,
                11.9642255511196,
                10.68438940319163,
                9.289725587605417,
                8.712264262550603,
                8.712264262550603,
                8.712264262550603,
                8.712264262550603,
                8.712264262550603,
                8.712264262550603,
                8.712264262550603,
                8.712264262550603,
                8.712264262550603,
                8.712264262550603,
                8.712264262550603,
                8.712264262550603,
                8.712264262550603,
                9.11254096655106,
                10.123606950563385,
                11.33799833528984,
                12.133173761698847,
                13.122654738342643,
                14.090231337130472,
                14.505263675411726,
                14.786888717320636,
                15.07760387625637,
                15.384105631792695,
                15.615162566653186,
                15.699338002765197,
                15.727224178447985,
                15.810669337217155,
                15.946212019346152,
                16.120667595333277,
                16.30440657691099,
                16.193355510748354,
                15.995583485198354,
                15.8375419557998,
                15.86602884065784,
                15.513363363605608,
                14.962999283680452,
                14.333543842034372,
                13.735023895358434,
                13.7309560862618,
                13.692775814088888,
                12.936573965069694,
                11.9642255511196,
                10.68438940319163,
                9.289725587605417,
                8.712264262550603,
                15.699338002765197,
                15.699338002765197,
                15.699338002765197,
                15.699338002765197,
                15.699338002765197,
                15.699338002765197,
                15.699338002765197,
                15.699338002765197,
                15.699338002765197,
                15.699338002765197,
                15.699338002765197,
                15.699338002765197,
                15.699338002765197,
                15.86602884065784,
                15.86602884065784,
                15.866028840657844,
                15.86602884065784,
                15.866028840657844,
                15.86602884065784,
                15.86602884065784,
                15.86602884065784,
                15.86602884065784,
                15.86602884065784,
                15.86602884065784,
                15.86602884065784,
                15.86602884065784
            ],
            "Node_6": [
                13.097670669442403,
                12.827678761791866,
                12.318413265218796,
                11.963631827596581,
                12.497342623006887,
                13.447498049719373,
                14.507285223960954,
                15.721870024743273,
                16.34441703122584,
                16.45800339089438,
                16.542910531147562,
                16.59574660562619,
                16.613865439686784,
                16.621232132518298,
                16.626222134976274,
                16.59550996088677,
                16.51048969305977,
                16.37652421331066,
                16.474279082534505,
                16.580280184551963,
                16.61326783058335,
                16.603288052871136,
                16.645743137081592,
                16.626946146452454,
                16.43892259838925,
                16.085976204823876,
                15.443875370077395,
                14.363739434836619,
                13.200129237458635,
                12.131554826137132,
                12.097958809997705,
                12.707710818775777,
                13.097670669442403,
                13.097670669442403,
                13.097670669442403,
                13.097670669442403,
                13.097670669442403,
                13.097670669442403,
                13.097670669442403,
                13.097670669442403,
                13.097670669442403,
                13.097670669442403,
                13.097670669442403,
                13.097670669442403,
                13.097670669442403,
                12.827678761791866,
                12.318413265218796,
                11.963631827596581,
                12.497342623006887,
                13.447498049719373,
                14.507285223960954,
                15.721870024743273,
                16.34441703122584,
                16.45800339089438,
                16.542910531147562,
                16.59574660562619,
                16.613865439686784,
                16.621232132518298,
                16.626222134976274,
                16.59550996088677,
                16.51048969305977,
                16.37652421331066,
                16.474279082534505,
                16.580280184551963,
                16.61326783058335,
                16.603288052871136,
                16.645743137081592,
                16.626946146452454,
                16.43892259838925,
                16.085976204823876,
                15.443875370077395,
                14.363739434836619,
                13.200129237458635,
                12.131554826137132,
                12.097958809997705,
                12.707710818775777,
                13.097670669442403,
                16.613865439686784,
                16.613865439686784,
                16.613865439686784,
                16.613865439686784,
                16.613865439686784,
                16.613865439686784,
                16.613865439686784,
                16.613865439686784,
                16.613865439686784,
                16.613865439686784,
                16.613865439686784,
                16.613865439686784,
                16.613865439686784,
                16.603288052871136,
                16.603288052871136,
                16.603288052871147,
                16.603288052871136,
                16.603288052871147,
                16.603288052871136,
                16.603288052871136,
                16.603288052871136,
                16.603288052871136,
                16.603288052871136,
                16.603288052871136,
                16.603288052871136,
                16.603288052871136
            ],
            "Node_7": [
                15.448691104172175,
                15.517071886213614,
                15.553850688852748,
                15.63355364111235,
                15.758767781153603,
                15.908790858404414,
                16.062659735447088,
                16.21022977464797,
                16.62076779630441,
                17.197712813308204,
                17.530113394151318,
                17.6966265507952,
                17.746796103447807,
                17.774936378862346,
                17.862943110181597,
                18.003920221816788,
                18.14943280451569,
                18.208073200278694,
                18.106642690125938,
                17.870920868878127,
                17.63240333975868,
                17.499008468129087,
                17.459542982389433,
                17.70175096236146,
                18.13801243394751,
                17.90050385412714,
                17.176628763927013,
                16.504567646033756,
                16.010255025542172,
                15.715753826364981,
                15.555085296491043,
                15.483815524093266,
                15.448691104172175,
                15.448691104172175,
                15.448691104172175,
                15.448691104172175,
                15.448691104172175,
                15.448691104172175,
                15.448691104172175,
                15.448691104172175,
                15.448691104172175,
                15.448691104172175,
                15.448691104172175,
                15.448691104172175,
                15.448691104172175,
                15.517071886213614,
                15.553850688852748,
                15.63355364111235,
                15.758767781153603,
                15.908790858404414,
                16.062659735447088,
                16.21022977464797,
                16.62076779630441,
                17.197712813308204,
                17.530113394151318,
                17.6966265507952,
                17.746796103447807,
                17.774936378862346,
                17.862943110181597,
                18.003920221816788,
                18.14943280451569,
                18.208073200278694,
                18.106642690125938,
                17.870920868878127,
                17.63240333975868,
                17.499008468129087,
                17.459542982389433,
                17.70175096236146,
                18.13801243394751,
                17.90050385412714,
                17.176628763927013,
                16.504567646033756,
                16.010255025542172,
                15.715753826364981,
                15.555085296491043,
                15.483815524093266,
                15.448691104172175,
                17.746796103447807,
                17.746796103447807,
                17.746796103447807,
                17.746796103447807,
                17.746796103447807,
                17.746796103447807,
                17.746796103447807,
                17.746796103447807,
                17.746796103447807,
                17.746796103447807,
                17.746796103447807,
                17.746796103447807,
                17.746796103447807,
                17.499008468129087,
                17.499008468129087,
                17.499008468129087,
                17.499008468129087,
                17.499008468129087,
                17.499008468129087,
                17.499008468129087,
                17.499008468129087,
                17.499008468129087,
                17.499008468129087,
                17.499008468129087,
                17.499008468129087,
                17.499008468129087
            ],
            "Node_8": [
                15.537015511005627,
                15.775639130139016,
                16.417379780278868,
                17.152312587291913,
                17.8809115598982,
                18.54878527750779,
                19.105683407994352,
                19.516007849507698,
                19.81832966615065,
                20.048636580477343,
                20.181273295001446,
                20.195481383773124,
                20.195299855040364,
                20.070986091431596,
                19.70113422477321,
                19.30294562987785,
                18.91738042300584,
                18.556521325763395,
                18.233972039899665,
                17.97384356233357,
                17.777290415532914,
                17.72121435318352,
                18.145785859463036,
                18.61207717011222,
                18.525626748654194,
                18.596161267731997,
                18.86206210102326,
                18.84621823539062,
                18.456154094174746,
                17.72171693828725,
                16.824490367259543,
                15.960874932336223,
                15.537015511005627,
                15.537015511005627,
                15.537015511005627,
                15.537015511005627,
                15.537015511005627,
                15.537015511005627,
                15.537015511005627,
                15.537015511005627,
                15.537015511005627,
                15.537015511005627,
                15.537015511005627,
                15.537015511005627,
                15.537015511005627,
                15.775639130139016,
                16.417379780278868,
                17.152312587291913,
                17.8809115598982,
                18.54878527750779,
                19.105683407994352,
                19.516007849507698,
                19.81832966615065,
                20.048636580477343,
                20.181273295001446,
                20.195481383773124,
                20.195299855040364,
                20.070986091431596,
                19.70113422477321,
                19.30294562987785,
                18.91738042300584,
                18.556521325763395,
                18.233972039899665,
                17.97384356233357,
                17.777290415532914,
                17.72121435318352,
                18.145785859463036,
                18.61207717011222,
                18.525626748654194,
                18.596161267731997,
                18.86206210102326,
                18.84621823539062,
                18.456154094174746,
                17.72171693828725,
                16.824490367259543,
                15.960874932336223,
                15.537015511005627,
                20.195299855040364,
                20.195299855040364,
                20.195299855040364,
                20.195299855040364,
                20.195299855040364,
                20.195299855040364,
                20.195299855040364,
                20.195299855040364,
                20.195299855040364,
                20.195299855040364,
                20.195299855040364,
                20.195299855040364,
                20.195299855040364,
                17.72121435318352,
                17.72121435318352,
                17.72121435318351,
                17.72121435318352,
                17.72121435318351,
                17.72121435318352,
                17.72121435318352,
                17.72121435318352,
                17.72121435318352,
                17.72121435318352,
                17.72121435318352,
                17.72121435318352,
                17.72121435318352
            ],
            "Node_9": [
                19.659877691323665,
                19.671960465747407,
                19.695738561719097,
                19.685464036693876,
                19.619052663274964,
                19.565322596763234,
                19.607050053095563,
                19.779974919354668,
                19.98762941097575,
                20.124119271845096,
                20.19975333682776,
                20.27612199789822,
                20.299524461838775,
                20.18793677366205,
                20.085007350741325,
                19.94837939012744,
                19.81234508856424,
                19.741983933824024,
                19.78131717854967,
                19.887705430862614,
                19.98506995432546,
                20.0244389503866,
                19.920350993248352,
                19.6651751456595,
                19.5541980451425,
                19.572287422897524,
                19.51109987249703,
                19.43130662932741,
                19.430005342879966,
                19.51465970459932,
                19.607061271426005,
                19.651446422323612,
                19.659877691323665,
                19.659877691323665,
                19.659877691323665,
                19.659877691323665,
                19.659877691323665,
                19.659877691323665,
                19.659877691323665,
                19.659877691323665,
                19.659877691323665,
                19.659877691323665,
                19.659877691323665,
                19.659877691323665,
                19.659877691323665,
                19.671960465747407,
                19.695738561719097,
                19.685464036693876,
                19.619052663274964,
                19.565322596763234,
                19.607050053095563,
                19.779974919354668,
                19.98762941097575,
                20.124119271845096,
                20.19975333682776,
                20.27612199789822,
                20.299524461838775,
                20.18793677366205,
                20.085007350741325,
                19.94837939012744,
                19.81234508856424,
                19.741983933824024,
                19.78131717854967,
                19.887705430862614,
                19.98506995432546,
                20.0244389503866,
                19.920350993248352,
                19.6651751456595,
                19.5541980451425,
                19.572287422897524,
                19.51109987249703,
                19.43130662932741,
                19.430005342879966,
                19.51465970459932,
                19.607061271426005,
                19.651446422323612,
                19.659877691323665,
                20.299524461838775,
                20.299524461838775,
                20.299524461838775,
                20.299524461838775,
                20.299524461838775,
                20.299524461838775,
                20.299524461838775,
                20.299524461838775,
                20.299524461838775,
                20.299524461838775,
                20.299524461838775,
                20.299524461838775,
                20.299524461838775,
                20.0244389503866,
                20.0244389503866,
                20.02443895038661,
                20.0244389503866,
                20.02443895038661,
                20.0244389503866,
                20.0244389503866,
                20.0244389503866,
                20.0244389503866,
                20.0244389503866,
                20.0244389503866,
                20.0244389503866,
                20.0244389503866
            ],
            "Node_10": [
                20.03690396553091,
                20.01917820416287,
                19.979140809022315,
                19.970741071363612,
                20.040428842714057,
                20.164492406319393,
                20.321932087131035,
                20.50207968485145,
                20.694893328055052,
                20.88383339601959,
                21.044748759737544,
                21.152386424465295,
                21.189997204328105,
                21.403717821495434,
                21.81418423038551,
                22.260873240860448,
                22.699934946953714,
                23.108236785438752,
                23.465892748689107,
                23.751437077898565,
                23.93917728143144,
                24.00973964147512,
                23.90282127207465,
                23.628356175566573,
                23.241821218244176,
                22.715520007491126,
                22.017968656224706,
                21.2411186348865,
                20.616230787816004,
                20.263821245823113,
                20.104321867747082,
                20.048348404001175,
                20.03690396553091,
                20.03690396553091,
                20.03690396553091,
                20.03690396553091,
                20.03690396553091,
                20.03690396553091,
                20.03690396553091,
                20.03690396553091,
                20.03690396553091,
                20.03690396553091,
                20.03690396553091,
                20.03690396553091,
                20.03690396553091,
                20.01917820416287,
                19.979140809022315,
                19.970741071363612,
                20.040428842714057,
                20.164492406319393,
                20.321932087131035,
                20.50207968485145,
                20.694893328055052,
                20.88383339601959,
                21.044748759737544,
                21.152386424465295,
                21.189997204328105,
                21.403717821495434,
                21.81418423038551,
                22.260873240860448,
                22.699934946953714,
                23.108236785438752,
                23.465892748689107,
                23.751437077898565,
                23.93917728143144,
                24.00973964147512,
                23.90282127207465,
                23.628356175566573,
                23.241821218244176,
                22.715520007491126,
                22.017968656224706,
                21.2411186348865,
                20.616230787816004,
                20.263821245823113,
                20.104321867747082,
                20.048348404001175,
                20.03690396553091,
                21.189997204328105,
                21.189997204328105,
                21.189997204328105,
                21.189997204328105,
                21.189997204328105,
                21.189997204328105,
                21.189997204328105,
                21.189997204328105,
                21.189997204328105,
                21.189997204328105,
                21.189997204328105,
                21.189997204328105,
                21.189997204328105,
                24.00973964147512,
                24.00973964147512,
                24.00973964147513,
                24.00973964147512,
                24.00973964147513,
                24.00973964147512,
                24.00973964147512,
                24.00973964147512,
                24.00973964147512,
                24.00973964147512,
                24.00973964147512,
                24.00973964147512,
                24.00973964147512
            ],
            "Node_11": [
                23.60039975173095,
                23.60541859565974,
                23.623939561005617,
                23.670765164310023,
                23.777973061502195,
                23.98262643716711,
                24.29847282350594,
                24.70601035646059,
                25.172176499427483,
                25.683278888309772,
                26.255268025197456,
                26.902753160421874,
                27.599106310856268,
                27.578376216525616,
                27.47490487873303,
                27.313098884636876,
                27.113745939455235,
                26.902071394348656,
                26.712283360090165,
                26.588294746282415,
                26.577023996522943,
                26.698140757332748,
                26.32679773378729,
                25.847931021916988,
                25.36063023586902,
                24.90609074091376,
                24.4905328661372,
                24.119270448230584,
                23.82811490053057,
                23.656527783593507,
                23.596756794063143,
                23.594862366368236,
                23.60039975173095,
                23.60039975173095,
                23.60039975173095,
                23.60039975173095,
                23.60039975173095,
                23.60039975173095,
                23.60039975173095,
                23.60039975173095,
                23.60039975173095,
                23.60039975173095,
                23.60039975173095,
                23.60039975173095,
                23.60039975173095,
                23.60541859565974,
                23.623939561005617,
                23.670765164310023,
                23.777973061502195,
                23.98262643716711,
                24.29847282350594,
                24.70601035646059,
                25.172176499427483,
                25.683278888309772,
                26.255268025197456,
                26.902753160421874,
                27.599106310856268,
                27.578376216525616,
                27.47490487873303,
                27.313098884636876,
                27.113745939455235,
                26.902071394348656,
                26.712283360090165,
                26.588294746282415,
                26.577023996522943,
                26.698140757332748,
                26.32679773378729,
                25.847931021916988,
                25.36063023586902,
                24.90609074091376,
                24.4905328661372,
                24.119270448230584,
                23.82811490053057,
                23.656527783593507,
                23.596756794063143,
                23.594862366368236,
                23.60039975173095,
                27.599106310856268,
                27.599106310856268,
                27.599106310856268,
                27.599106310856268,
                27.599106310856268,
                27.599106310856268,
                27.599106310856268,
                27.599106310856268,
                27.599106310856268,
                27.599106310856268,
                27.599106310856268,
                27.599106310856268,
                27.599106310856268,
                26.698140757332748,
                26.698140757332748,
                26.69814075733275,
                26.698140757332748,
                26.69814075733275,
                26.698140757332748,
                26.698140757332748,
                26.698140757332748,
                26.698140757332748,
                26.698140757332748,
                26.698140757332748,
                26.698140757332748,
                26.698140757332748
            ],
            "Node_12": [
                33.493014911540975,
                33.38395287424279,
                33.07622560976331,
                32.62158098932584,
                32.08824386335191,
                31.542985873836244,
                31.033312072690087,
                30.569595310681386,
                30.11620889263331,
                29.61142253829107,
                29.014031326395397,
                28.331970434265234,
                27.620492104158757,
                27.595977150015308,
                27.567954824913272,
                27.52350462148486,
                27.4591893640192,
                27.3736272131853,
                27.264083571435034,
                27.125780304207638,
                26.95418432600638,
                26.75856308373084,
                27.22142256957151,
                27.95127422864058,
                28.753080193768632,
                29.514736154675358,
                30.191616472122174,
                30.829392152716288,
                31.498252880043186,
                32.20091049863125,
                32.85233076202986,
                33.32142937503861,
                33.493014911540975,
                33.493014911540975,
                33.493014911540975,
                33.493014911540975,
                33.493014911540975,
                33.493014911540975,
                33.493014911540975,
                33.493014911540975,
                33.493014911540975,
                33.493014911540975,
                33.493014911540975,
                33.493014911540975,
                33.493014911540975,
                33.38395287424279,
                33.07622560976331,
                32.62158098932584,
                32.08824386335191,
                31.542985873836244,
                31.033312072690087,
                30.569595310681386,
                30.11620889263331,
                29.61142253829107,
                29.014031326395397,
                28.331970434265234,
                27.620492104158757,
                27.595977150015308,
                27.567954824913272,
                27.52350462148486,
                27.4591893640192,
                27.3736272131853,
                27.264083571435034,
                27.125780304207638,
                26.95418432600638,
                26.75856308373084,
                27.22142256957151,
                27.95127422864058,
                28.753080193768632,
                29.514736154675358,
                30.191616472122174,
                30.829392152716288,
                31.498252880043186,
                32.20091049863125,
                32.85233076202986,
                33.32142937503861,
                33.493014911540975,
                27.620492104158757,
                27.620492104158757,
                27.620492104158757,
                27.620492104158757,
                27.620492104158757,
                27.620492104158757,
                27.620492104158757,
                27.620492104158757,
                27.620492104158757,
                27.620492104158757,
                27.620492104158757,
                27.620492104158757,
                27.620492104158757,
                26.75856308373084,
                26.75856308373084,
                26.75856308373086,
                26.75856308373084,
                26.75856308373086,
                26.75856308373084,
                26.75856308373084,
                26.75856308373084,
                26.75856308373084,
                26.75856308373084,
                26.75856308373084,
                26.75856308373084,
                26.75856308373084
            ],
            "Node_13": [
                44.81424708016953,
                44.69965375506001,
                44.44580229387649,
                44.23296495260599,
                44.16407096822987,
                44.19908923449115,
                44.23121061162835,
                44.15957306907132,
                43.86827227654635,
                43.346119731876314,
                42.78328546174479,
                42.36133782271361,
                42.20386712431354,
                42.26240542126936,
                42.43846004033816,
                42.728748781039705,
                43.124496471345395,
                43.61789869778286,
                44.19876592715983,
                44.84208935015041,
                45.50392441630545,
                45.96394134043867,
                45.36378209499,
                44.99425270126649,
                44.93931231804785,
                44.74419948546078,
                44.44899407388658,
                44.228910129182545,
                44.125794740528804,
                44.162784562362575,
                44.37163989249545,
                44.66811578077889,
                44.81424708016953,
                44.81424708016953,
                44.81424708016953,
                44.81424708016953,
                44.81424708016953,
                44.81424708016953,
                44.81424708016953,
                44.81424708016953,
                44.81424708016953,
                44.81424708016953,
                44.81424708016953,
                44.81424708016953,
                44.81424708016953,
                44.69965375506001,
                44.44580229387649,
                44.23296495260599,
                44.16407096822987,
                44.19908923449115,
                44.23121061162835,
                44.15957306907132,
                43.86827227654635,
                43.346119731876314,
                42.78328546174479,
                42.36133782271361,
                42.20386712431354,
                42.26240542126936,
                42.43846004033816,
                42.728748781039705,
                43.124496471345395,
                43.61789869778286,
                44.19876592715983,
                44.84208935015041,
                45.50392441630545,
                45.96394134043867,
                45.36378209499,
                44.99425270126649,
                44.93931231804785,
                44.74419948546078,
                44.44899407388658,
                44.228910129182545,
                44.125794740528804,
                44.162784562362575,
                44.37163989249545,
                44.66811578077889,
                44.81424708016953,
                42.20386712431354,
                42.20386712431354,
                42.20386712431354,
                42.20386712431354,
                42.20386712431354,
                42.20386712431354,
                42.20386712431354,
                42.20386712431354,
                42.20386712431354,
                42.20386712431354,
                42.20386712431354,
                42.20386712431354,
                42.20386712431354,
                45.96394134043867,
                45.96394134043867,
                45.96394134043868,
                45.96394134043867,
                45.96394134043868,
                45.96394134043867,
                45.96394134043867,
                45.96394134043867,
                45.96394134043867,
                45.96394134043867,
                45.96394134043867,
                45.96394134043867,
                45.96394134043867
            ],
            "Node_14": [
                51.0589322444614,
                50.885161160236436,
                50.366409417195094,
                49.731828399388185,
                49.10250911917411,
                48.44145891342799,
                47.685695461847374,
                46.927012536816186,
                46.43154691042643,
                46.33130046710157,
                46.439782853643926,
                46.55824417111617,
                46.60319231619634,
                46.5971056549416,
                46.58105621623262,
                46.55659837402532,
                46.5207816877013,
                46.47141436541204,
                46.407499693686816,
                46.321341859076114,
                46.194130383423094,
                46.041538567236145,
                45.91656463515369,
                45.61355862652014,
                45.39116516183391,
                45.70920253991237,
                46.48481684718213,
                47.45389034695595,
                48.421779190989795,
                49.299884666552266,
                50.11628060717961,
                50.793410497167926,
                51.0589322444614,
                51.0589322444614,
                51.0589322444614,
                51.0589322444614,
                51.0589322444614,
                51.0589322444614,
                51.0589322444614,
                51.0589322444614,
                51.0589322444614,
                51.0589322444614,
                51.0589322444614,
                51.0589322444614,
                51.0589322444614,
                50.885161160236436,
                50.366409417195094,
                49.731828399388185,
                49.10250911917411,
                48.44145891342799,
                47.685695461847374,
                46.927012536816186,
                46.43154691042643,
                46.33130046710157,
                46.439782853643926,
                46.55824417111617,
                46.60319231619634,
                46.5971056549416,
                46.58105621623262,
                46.55659837402532,
                46.5207816877013,
                46.47141436541204,
                46.407499693686816,
                46.321341859076114,
                46.194130383423094,
                46.041538567236145,
                45.91656463515369,
                45.61355862652014,
                45.39116516183391,
                45.70920253991237,
                46.48481684718213,
                47.45389034695595,
                48.421779190989795,
                49.299884666552266,
                50.11628060717961,
                50.793410497167926,
                51.0589322444614,
                46.60319231619634,
                46.60319231619634,
                46.60319231619634,
                46.60319231619634,
                46.60319231619634,
                46.60319231619634,
                46.60319231619634,
                46.60319231619634,
                46.60319231619634,
                46.60319231619634,
                46.60319231619634,
                46.60319231619634,
                46.60319231619634,
                46.041538567236145,
                46.041538567236145,
                46.04153856723613,
                46.041538567236145,
                46.04153856723613,
                46.041538567236145,
                46.041538567236145,
                46.041538567236145,
                46.041538567236145,
                46.041538567236145,
                46.041538567236145,
                46.041538567236145,
                46.041538567236145
            ],
            "Node_15": [
                51.12012967835844,
                51.00126897335488,
                50.820777768591554,
                50.69821998835211,
                50.68732041297756,
                50.71734350512219,
                50.695340374654286,
                50.61529054105848,
                50.540791025919475,
                50.50958480860826,
                50.49994543552907,
                50.485845483925814,
                50.47669137750691,
                50.416475279589136,
                50.2362284729162,
                49.933514304459415,
                49.504711205768295,
                48.95941324354388,
                48.328294302784236,
                47.65820570640245,
                47.023507685634364,
                46.66081515364442,
                47.46685768050569,
                48.43839062631098,
                49.241180033144886,
                49.84561245157177,
                50.27033802725642,
                50.55229060078341,
                50.70608230270725,
                50.77386769365901,
                50.866152497581126,
                51.02151483732653,
                51.12012967835844,
                51.12012967835844,
                51.12012967835844,
                51.12012967835844,
                51.12012967835844,
                51.12012967835844,
                51.12012967835844,
                51.12012967835844,
                51.12012967835844,
                51.12012967835844,
                51.12012967835844,
                51.12012967835844,
                51.12012967835844,
                51.00126897335488,
                50.820777768591554,
                50.69821998835211,
                50.68732041297756,
                50.71734350512219,
                50.695340374654286,
                50.61529054105848,
                50.540791025919475,
                50.50958480860826,
                50.49994543552907,
                50.485845483925814,
                50.47669137750691,
                50.416475279589136,
                50.2362284729162,
                49.933514304459415,
                49.504711205768295,
                48.95941324354388,
                48.328294302784236,
                47.65820570640245,
                47.023507685634364,
                46.66081515364442,
                47.46685768050569,
                48.43839062631098,
                49.241180033144886,
                49.84561245157177,
                50.27033802725642,
                50.55229060078341,
                50.70608230270725,
                50.77386769365901,
                50.866152497581126,
                51.02151483732653,
                51.12012967835844,
                50.47669137750691,
                50.47669137750691,
                50.47669137750691,
                50.47669137750691,
                50.47669137750691,
                50.47669137750691,
                50.47669137750691,
                50.47669137750691,
                50.47669137750691,
                50.47669137750691,
                50.47669137750691,
                50.47669137750691,
                50.47669137750691,
                46.66081515364442,
                46.66081515364442,
                46.66081515364443,
                46.66081515364442,
                46.66081515364443,
                46.66081515364442,
                46.66081515364442,
                46.66081515364442,
                46.66081515364442,
                46.66081515364442,
                46.66081515364442,
                46.66081515364442,
                46.66081515364442
            ]
        }
    },
    "Phonon_DOS": {
        "DOS": [
            0.0,
            0.002,
            0.0,
            0.0,
            0.004,
            0.004,
            0.004,
            0.004,
            0.012,
            0.0,
            0.014666666666666666,
            0.036000000000000004,
            0.08666666666666668,
            0.046,
            0.038,
            0.04466666666666667,
            0.032,
            0.04333333333333334,
            0.057999999999999996,
            0.03933333333333334,
            0.03866666666666666,
            0.078,
            0.03666666666666667,
            0.016666666666666666,
            0.012,
            0.028666666666666667,
            0.016,
            0.017333333333333333,
            0.018666666666666668,
            0.012,
            0.016,
            0.016,
            0.012,
            0.008,
            0.004,
            0.0006666666666666666,
            0.0,
            0.0,
            0.0,
            0.0,
            0.0,
            0.0,
            0.0,
            0.0,
            0.012666666666666666,
            0.010666666666666666,
            0.03933333333333334,
            0.012,
            0.036000000000000004,
            0.013999999999999999,
            0.008,
            0.02066666666666667,
            0.04533333333333333,
            0.0013333333333333333,
            0.0
        ],
        "Energy(meV)": [
            -1.5,
            -0.5,
            0.5,
            1.5,
            2.5,
            3.5,
            4.5,
            5.5,
            6.5,
            7.5,
            8.5,
            9.5,
            10.5,
            11.5,
            12.5,
            13.5,
            14.5,
            15.5,
            16.5,
            17.5,
            18.5,
            19.5,
            20.5,
            21.5,
            22.5,
            23.5,
            24.5,
            25.5,
            26.5,
            27.5,
            28.5,
            29.5,
            30.5,
            31.5,
            32.5,
            33.5,
            34.5,
            35.5,
            36.5,
            37.5,
            38.5,
            39.5,
            40.5,
            41.5,
            42.5,
            43.5,
            44.5,
            45.5,
            46.5,
            47.5,
            48.5,
            49.5,
            50.5,
            51.5,
            52.5
        ]
    }
}