{
    "POSCAR": {
        "Atomes": "   Zr    N\n",
        "coordinate": "Direct\n",
        "unit_cell": {
            "a_vector": "3.2248752891382404   -5.241216815617379e-07   -4.02462739761803e-07\n",
            "b_vector": "-1.612438098522603   2.792824562310779   3.3560076613824185e-08\n",
            "c_vector": "-5.527877210583765e-06   -2.6592599365495415e-06   44.581268033251725\n"
        },
        "positions": {
            "Zr": [
                "0.6666666494593108   0.3333332922435954   0.1414875286970911\n",
                "0.3333333518401544   0.6666666915901819   0.2585124719726984\n",
                "5.398442260240251e-08   7.559420138351224e-08   0.20000000333458295\n"
            ],
            "N": [
                "0.33333336093691474   0.6666667092382763   0.16983139390471166\n",
                "0.6666665837791933   0.3333332313337431   0.23016860617341472\n"
            ]
        }
    },
    "Termo_data": {
        "Temperature (K)": [
            0,
            10,
            20,
            30,
            40,
            50,
            60,
            70,
            80,
            90,
            100,
            110,
            120,
            130,
            140,
            150,
            160,
            170,
            180,
            190,
            200,
            210,
            220,
            230,
            240,
            250,
            260,
            270,
            280,
            290,
            300,
            310,
            320,
            330,
            340,
            350,
            360,
            370,
            380,
            390,
            400,
            410,
            420,
            430,
            440,
            450,
            460,
            470,
            480,
            490,
            500,
            510,
            520,
            530,
            540,
            550,
            560,
            570,
            580,
            590,
            600,
            610,
            620,
            630,
            640,
            650,
            660,
            670,
            680,
            690,
            700,
            710,
            720,
            730,
            740,
            750,
            760,
            770,
            780,
            790,
            800,
            810,
            820,
            830,
            840,
            850,
            860,
            870,
            880,
            890,
            900,
            910,
            920,
            930,
            940,
            950,
            960,
            970,
            980,
            990,
            1000,
            1010,
            1020,
            1030,
            1040,
            1050,
            1060,
            1070,
            1080,
            1090,
            1100,
            1110,
            1120,
            1130,
            1140,
            1150,
            1160,
            1170,
            1180,
            1190,
            1200,
            1210,
            1220,
            1230,
            1240,
            1250,
            1260,
            1270,
            1280,
            1290,
            1300,
            1310,
            1320,
            1330,
            1340,
            1350,
            1360,
            1370,
            1380,
            1390,
            1400,
            1410,
            1420,
            1430,
            1440,
            1450,
            1460,
            1470,
            1480,
            1490,
            1500,
            1510,
            1520,
            1530,
            1540,
            1550,
            1560,
            1570,
            1580,
            1590,
            1600,
            1610,
            1620,
            1630,
            1640,
            1650,
            1660,
            1670,
            1680,
            1690,
            1700,
            1710,
            1720,
            1730,
            1740,
            1750,
            1760,
            1770,
            1780,
            1790,
            1800,
            1810,
            1820,
            1830,
            1840,
            1850,
            1860,
            1870,
            1880,
            1890,
            1900,
            1910,
            1920,
            1930,
            1940,
            1950,
            1960,
            1970
        ],
        "Gibbs_free(J/mole)": [
            -650983.9504148461,
            -650984.1314688908,
            -650985.1195073308,
            -650987.6006119797,
            -650993.2567293018,
            -651004.3190390456,
            -651022.7298758953,
            -651049.8400659737,
            -651086.4739881894,
            -651133.0870651036,
            -651189.9007001852,
            -651256.992741191,
            -651334.3521074745,
            -651421.9103024264,
            -651519.5597374737,
            -651627.1651665212,
            -651744.5709751584,
            -651871.6066063292,
            -652008.0908270009,
            -652153.834860992,
            -652308.6453101394,
            -652472.3263211818,
            -652644.6814493557,
            -652825.5151394429,
            -653014.6339105031,
            -653211.847283232,
            -653416.9685191297,
            -653629.8151061301,
            -653850.2091688802,
            -654077.9777364378,
            -654312.9528599913,
            -654554.971747226,
            -654803.8767465166,
            -655059.5153270961,
            -655321.7400375281,
            -655590.4083484656,
            -655865.3825910316,
            -656146.5298089883,
            -656433.7215981989,
            -656726.83398644,
            -657025.7472498206,
            -657330.3457763627,
            -657640.5179029817,
            -657956.1557709059,
            -658277.1551560076,
            -658603.4153443343,
            -658934.8389775057,
            -659271.3319154863,
            -659612.803105379,
            -659959.1644571716,
            -660310.3307012928,
            -660666.219312271,
            -661026.7503361703,
            -661391.8463497682,
            -661761.4323014009,
            -662135.435424632,
            -662513.7851846641,
            -662896.413138654,
            -663283.2528729922,
            -663674.2399107947,
            -664069.3116538225,
            -664468.4072869978,
            -664871.4677282124,
            -665278.4355386673,
            -665689.2548645317,
            -666103.8714085248,
            -666522.2322969619,
            -666944.2861475268,
            -667369.982843024,
            -667799.2736513871,
            -668232.1111169296,
            -668668.4488823827,
            -669108.2419109537,
            -669551.4462179013,
            -669998.018976546,
            -670447.9182765391,
            -670901.1033416522,
            -671357.5343468412,
            -671817.1724519785,
            -672279.9796270207,
            -672745.9188515552,
            -673214.9538871723,
            -673687.0493087138,
            -674162.1705569988,
            -674640.2838140624,
            -675121.3559767975,
            -675605.3547073341,
            -676092.2484073294,
            -676582.0060891495,
            -677074.5974685294,
            -677569.9928123652,
            -678068.1631752821,
            -678569.0800888019,
            -679072.7156562827,
            -679579.0426283978,
            -680088.0343035103,
            -680599.664371323,
            -681113.9073019376,
            -681630.7377485818,
            -682150.1311231626,
            -682672.0632214065,
            -683196.5101995571,
            -683723.4487930074,
            -684252.8561671006,
            -684784.7099422051,
            -685318.9879547433,
            -685855.6686594381,
            -686394.7308053704,
            -686936.1535510068,
            -687479.9164794997,
            -688025.999348052,
            -688574.3824924547,
            -689125.0465147618,
            -689677.9722586356,
            -690233.141066626,
            -690790.5344465607,
            -691350.1343320605,
            -691911.9227416539,
            -692475.8823552168,
            -693041.9958695257,
            -693610.2462988812,
            -694180.6170606269,
            -694753.0917097474,
            -695327.6539838766,
            -695904.2882023506,
            -696482.9785944147,
            -697063.7098752566,
            -697646.4667938587,
            -698231.2344683191,
            -698817.9983020062,
            -699406.7437716261,
            -699997.4564563859,
            -700590.1226958421,
            -701184.7283744199,
            -701781.2600121668,
            -702379.7041366218,
            -702980.047731971,
            -703582.277479708,
            -704186.3806874902,
            -704792.344688766,
            -705400.1571065907,
            -706009.8054627316,
            -706621.2778662391,
            -707234.5622096193,
            -707849.6467101879,
            -708466.5198571815,
            -709085.1700233056,
            -709705.5861471018,
            -710327.7568179677,
            -710951.6712631774,
            -711577.3184794921,
            -712204.6878839461,
            -712833.7688095889,
            -713464.5507751344,
            -714097.0237508981,
            -714731.1773119763,
            -715367.001574328,
            -716004.4866177595,
            -716643.6227554356,
            -717284.4001888115,
            -717926.8095316226,
            -718570.841409286,
            -719216.4864122391,
            -719863.7353861105,
            -720512.5794343462,
            -721163.0094971417,
            -721815.0167708723,
            -722468.5924958412,
            -723123.728298564,
            -723780.4152769934,
            -724438.6454886855,
            -725098.4102257001,
            -725759.701274842,
            -726422.5109309693,
            -727086.8308227056,
            -727752.6532353563,
            -728419.9701274461,
            -729088.7740914149,
            -729759.0570580643,
            -730430.811811682,
            -731104.0308558368,
            -731778.7067855932,
            -732454.8320437025,
            -733132.3997328706,
            -733811.4026357342,
            -734491.8336859725,
            -735173.6858577273,
            -735856.9521690938,
            -736541.6262857731,
            -737227.7008139921,
            -737915.169617547,
            -738604.0258444069,
            -739294.2628030739,
            -739985.8743272789,
            -740678.8538174997,
            -741373.1952558797,
            -742068.8922549433,
            -742765.9387778122
        ],
        "Cp(J/mole.K)": [
            -0.0,
            0.07767587498528883,
            0.3484064743097406,
            0.9936962982726983,
            2.1335924622602764,
            3.600324982777238,
            5.140644855075515,
            6.60204513531353,
            7.93651994036045,
            9.148202315432718,
            10.256173823348943,
            11.278268415734054,
            12.226866813004014,
            13.109623429269412,
            13.931262689881267,
            14.694965892456825,
            15.403445663163438,
            16.059396313302564,
            16.665584083175055,
            17.225022625314896,
            17.740828038891756,
            18.216112987391526,
            18.653977062145714,
            19.057412178674703,
            19.429288487462344,
            19.77229944306602,
            20.088926730613448,
            20.381495001519223,
            20.652128952369104,
            20.90275084831516,
            21.135146560583973,
            21.350916038535082,
            21.551523589063436,
            21.73828923694964,
            21.91237311817238,
            22.07488425912743,
            22.22680829737805,
            22.36901315922154,
            22.50231223176232,
            22.627422159296096,
            22.74500153935513,
            22.85565973599728,
            22.959929858031668,
            23.058297301613493,
            23.151225319388338,
            23.23912243894311,
            23.32235233152172,
            23.40126537673049,
            23.476161648659,
            23.547333932266373,
            23.61504870452329,
            23.679532557225393,
            23.74102945908686,
            23.799699510721144,
            23.85573934391141,
            23.909378842392588,
            23.960727090970494,
            24.00990781924039,
            24.05708412823737,
            24.102390992076835,
            24.14594033919279,
            24.187835086218634,
            24.228145990741773,
            24.266998646204414,
            24.304473777488056,
            24.340662359740328,
            24.375637492403527,
            24.409381137575743,
            24.442137334100067,
            24.473829308519054,
            24.504410207358834,
            24.534235528251106,
            24.563288822863203,
            24.59136969248944,
            24.6185041005956,
            24.64502187060118,
            24.671015918313056,
            24.696229014016044,
            24.720714038098286,
            24.744735444939582,
            24.768115163780635,
            24.790879591705686,
            24.81329878961545,
            24.83515619226679,
            24.85641463851789,
            24.877397808042527,
            24.89805036900804,
            24.91817170294538,
            24.9377510805148,
            24.957036354928277,
            24.976244747405936,
            24.994911414096585,
            25.013105266075712,
            25.031336477631967,
            25.049127823713867,
            25.066584099171383,
            25.083922400884262,
            25.10074528452817,
            25.11763413645115,
            25.134256544490857,
            25.150246940320287,
            25.166400151373747,
            25.182722871919395,
            25.198486755378255,
            25.213676891871728,
            25.229040333870216,
            25.244361989403842,
            25.259552868478703,
            25.2744447865407,
            25.288923300235183,
            25.303766577737328,
            25.318415201539914,
            25.332678432343528,
            25.347091427523992,
            25.361333675414627,
            25.375058108300355,
            25.38879739319681,
            25.403135877530357,
            25.416965499083744,
            25.430488107178995,
            25.444401605171407,
            25.45758974942146,
            25.47079929775183,
            25.48463841172043,
            25.498058938875417,
            25.511215331062154,
            25.524198492779576,
            25.537505133490686,
            25.551072782650408,
            25.563434099024835,
            25.576267953816476,
            25.590075967533448,
            25.602693959162664,
            25.61528185856878,
            25.628851656202364,
            25.641835484290105,
            25.653801430971555,
            25.666490953823086,
            25.679949355363984,
            25.692638053509096,
            25.705191917717656,
            25.718304550467188,
            25.730699266527942,
            25.74321991115315,
            25.75608900790093,
            25.76882854853466,
            25.7817076374021,
            25.794186120451087,
            25.807007390051254,
            25.819854981853545,
            25.83250714655172,
            25.84467083376679,
            25.857522607338183,
            25.870944625514785,
            25.883096164901833,
            25.895729646988578,
            25.90909494271014,
            25.92174118040152,
            25.93410056335281,
            25.947406454538122,
            25.960417718627017,
            25.972344308463615,
            25.985373036329875,
            25.99904689242784,
            26.011689118238166,
            26.024161631751458,
            26.03789333713939,
            26.05109174002113,
            26.063782205153018,
            26.07740791775238,
            26.089033149066623,
            26.102109304414384,
            26.11717534033741,
            26.1299161849946,
            26.142442414316378,
            26.156163562773393,
            26.16955386181337,
            26.182124122736198,
            26.19655883703406,
            26.21121005756988,
            26.223255419055675,
            26.235829482151637,
            26.250788955431716,
            26.265101646689644,
            26.278097822586744,
            26.29095133977561,
            26.306008144969184,
            26.321006307578962,
            26.33364752171275,
            26.34842156573248,
            26.36180532706149,
            26.37448548292396,
            26.389578714966774,
            26.404550641088555,
            26.420001635847086,
            26.435142492423793,
            26.447543524566015,
            26.459855057823006
        ],
        "S(J/mole.K)": [
            0,
            0.038837937492644414,
            0.16477749356272398,
            0.41749516185227553,
            0.8498102693469265,
            1.476541825407185,
            2.264961394941202,
            3.16492311871989,
            4.132530267514813,
            5.136796225755825,
            6.157838378891757,
            7.183295634410753,
            8.205396982637467,
            9.219066052253766,
            10.220827434062084,
            11.2082047265445,
            12.179394599933586,
            13.133087462592812,
            14.068355539477489,
            14.98457849976403,
            15.881389269823558,
            16.758626946686125,
            17.616297946716074,
            18.454543539957374,
            19.273611952547796,
            20.073834784897915,
            20.855606287809493,
            21.61936689448048,
            22.365590004107794,
            23.09477027711982,
            23.807414975801656,
            24.504037032002813,
            25.18514920160669,
            25.85125977642747,
            26.502868576318726,
            27.140464846884427,
            27.76452600709745,
            28.375515639505473,
            28.973882656797656,
            29.560060868367152,
            30.134468543497498,
            30.6975086204955,
            31.249568676561466,
            31.79102091093664,
            32.322222752904054,
            32.843517330350004,
            33.35523363158427,
            33.85768709294207,
            34.35118007511628,
            34.836002343299334,
            35.31243174802076,
            35.78073451503879,
            36.241165924425886,
            36.693970520922456,
            37.139382463411316,
            37.5776269282942,
            38.00891998108273,
            38.43346827087953,
            38.851470153642005,
            39.263116360700224,
            39.66859008097381,
            40.06806719379674,
            40.46171641124529,
            40.849699912715,
            41.23217384145246,
            41.609288407144774,
            41.981188191847465,
            42.34801167297264,
            42.70989283174567,
            43.06696101898269,
            43.41933910965599,
            43.76714691767411,
            44.11050161881431,
            44.44951405240718,
            44.78428933531978,
            45.114930725046726,
            45.44154018610279,
            45.764214624822486,
            46.083045863918954,
            46.398124229199304,
            46.70953719862446,
            47.01736803933454,
            47.321698762646704,
            47.62260873967462,
            47.92017296336562,
            48.21446544656938,
            48.50555918753089,
            48.79352317767771,
            49.07842282853089,
            49.360322665443526,
            49.6392876501166,
            49.9153792434794,
            50.188654711068374,
            50.45917257839464,
            50.726989697846875,
            50.99215912945802,
            51.25473394862493,
            51.514764662768,
            51.77230114231352,
            52.02739302650589,
            52.28008495082614,
            52.53042232489098,
            52.778453184214605,
            53.024220655414695,
            53.26776300709608,
            53.509120894841914,
            53.74833636134136,
            53.985448834314596,
            54.22049544654874,
            54.453511000327126,
            54.684532356457204,
            54.91359639258735,
            55.14073562233971,
            55.36598320857302,
            55.58937240000523,
            55.81093265923555,
            56.03069347035925,
            56.24868835161469,
            56.464947767699776,
            56.67949756441813,
            56.89236669480597,
            57.103581686684635,
            57.313166860253844,
            57.521151473070496,
            57.72756231796084,
            57.93242193307088,
            58.1357532963506,
            58.33758115709934,
            58.53793139394985,
            58.73682334991027,
            58.9342766891743,
            59.130318996212736,
            59.32497094325081,
            59.51824889671116,
            59.71017699230433,
            59.90077679685055,
            60.09006200434087,
            60.27805077542726,
            60.464767394842056,
            60.650230250951424,
            60.83445406914397,
            61.01745798751944,
            61.1992587028013,
            61.37987101498729,
            61.55931313802867,
            61.737602032117145,
            61.91475358090102,
            62.0907824271475,
            62.26570358986501,
            62.439533234306154,
            62.61228540012526,
            62.78397213752469,
            62.954608157924675,
            63.12421136875201,
            63.292792965933046,
            63.46036360420695,
            63.62694018694165,
            63.79253547377303,
            63.957158728125805,
            64.12082428439899,
            64.28354620755127,
            64.44533196729608,
            64.60619319030084,
            64.76614663651563,
            64.9252022443383,
            65.08336727043061,
            65.2406557558541,
            65.39708042608254,
            65.55264848711377,
            65.70737136191747,
            65.86125590678712,
            66.01431031425601,
            66.16655429262465,
            66.3179963029368,
            66.46863825287146,
            66.61849210972578,
            66.76756932909046,
            66.91587545516813,
            67.06342209720461,
            67.21022360718635,
            67.35628165390226,
            67.50159869714406,
            67.6461909162972,
            67.79007104117773,
            67.93324148850078,
            68.07570598826132,
            68.21747768916248,
            68.35856978703377,
            68.49898310584685,
            68.63872422140412,
            68.7778022122744,
            68.91621853990218,
            69.05398455685355,
            69.19111298969948,
            69.32761134902977,
            69.46348655339827,
            69.59873719332245,
            69.73336240913196
        ]
    },
    "Phonon_data": {
        "Numb_Node": 15,
        "total_n_kpoints": 100,
        "frequency": {
            "Node_1": [
                -0.07045823374738858,
                0.12612672563319322,
                2.0494577394095623,
                4.442695461811612,
                7.086734681706694,
                9.673284114126984,
                11.966988437419486,
                13.83015022787438,
                15.244624658600154,
                16.266161293429747,
                16.979405889947827,
                17.424435511557103,
                17.578952914106555,
                17.614128559746565,
                17.715793360336487,
                17.87034622598291,
                18.034571583181787,
                18.007726022323702,
                17.777712322068925,
                17.582620854717234,
                17.465354905905105,
                17.4276449448519,
                17.501817447668355,
                17.629535707163523,
                17.1643105416318,
                16.2839968596371,
                14.468664144027228,
                12.150726563918992,
                9.398228922517417,
                6.317353665651379,
                3.215049426154256,
                0.6743024731621774,
                -0.07045823374738858,
                -0.07045823374738858,
                -0.07045823374738858,
                -0.07045823374738858,
                -0.07045823374738858,
                -0.07045823374738858,
                -0.07045823374738858,
                -0.07045823374738858,
                -0.07045823374738858,
                -0.07045823374738858,
                -0.07045823374738858,
                -0.07045823374738858,
                -0.07045823374738858,
                0.12612672563319322,
                2.0494577394095623,
                4.442695461811612,
                7.086734681706694,
                9.673284114126984,
                11.966988437419486,
                13.83015022787438,
                15.244624658600154,
                16.266161293429747,
                16.979405889947827,
                17.424435511557103,
                17.578952914106555,
                17.614128559746565,
                17.715793360336487,
                17.87034622598291,
                18.034571583181787,
                18.007726022323702,
                17.777712322068925,
                17.582620854717234,
                17.465354905905105,
                17.4276449448519,
                17.501817447668355,
                17.629535707163523,
                17.1643105416318,
                16.2839968596371,
                14.468664144027228,
                12.150726563918992,
                9.398228922517417,
                6.317353665651379,
                3.215049426154256,
                0.6743024731621774,
                -0.07045823374738858,
                17.578952914106555,
                17.578952914106555,
                17.578952914106555,
                17.578952914106555,
                17.578952914106555,
                17.578952914106555,
                17.578952914106555,
                17.578952914106555,
                17.578952914106555,
                17.578952914106555,
                17.578952914106555,
                17.578952914106555,
                17.578952914106555,
                17.4276449448519,
                17.4276449448519,
                17.427644944851906,
                17.4276449448519,
                17.427644944851906,
                17.4276449448519,
                17.4276449448519,
                17.4276449448519,
                17.4276449448519,
                17.4276449448519,
                17.4276449448519,
                17.4276449448519,
                17.4276449448519
            ],
            "Node_2": [
                -0.032386672132468604,
                2.4670236343085667,
                4.900978620065589,
                7.2716571474731015,
                9.544198093576624,
                11.676882998697248,
                13.625203940023697,
                15.34024863780654,
                16.587289658698783,
                17.471337076359116,
                18.313168604747336,
                18.92982425965588,
                19.159092312373524,
                19.019034466687188,
                18.878064219980672,
                18.751153802138127,
                18.582418215996647,
                18.477951997616824,
                18.596400872798494,
                18.72678312903739,
                18.875786185248938,
                18.94381791566235,
                18.53466081118972,
                17.898855105617933,
                17.590445781516987,
                16.479814361238503,
                15.76930994730598,
                14.177572753017815,
                11.9012023232472,
                9.175379405168195,
                6.204852788537905,
                3.127165720735755,
                -0.032386672132468604,
                -0.032386672132468604,
                -0.032386672132468604,
                -0.032386672132468604,
                -0.032386672132468604,
                -0.032386672132468604,
                -0.032386672132468604,
                -0.032386672132468604,
                -0.032386672132468604,
                -0.032386672132468604,
                -0.032386672132468604,
                -0.032386672132468604,
                -0.032386672132468604,
                2.4670236343085667,
                4.900978620065589,
                7.2716571474731015,
                9.544198093576624,
                11.676882998697248,
                13.625203940023697,
                15.34024863780654,
                16.587289658698783,
                17.471337076359116,
                18.313168604747336,
                18.92982425965588,
                19.159092312373524,
                19.019034466687188,
                18.878064219980672,
                18.751153802138127,
                18.582418215996647,
                18.477951997616824,
                18.596400872798494,
                18.72678312903739,
                18.875786185248938,
                18.94381791566235,
                18.53466081118972,
                17.898855105617933,
                17.590445781516987,
                16.479814361238503,
                15.76930994730598,
                14.177572753017815,
                11.9012023232472,
                9.175379405168195,
                6.204852788537905,
                3.127165720735755,
                -0.032386672132468604,
                19.159092312373524,
                19.159092312373524,
                19.159092312373524,
                19.159092312373524,
                19.159092312373524,
                19.159092312373524,
                19.159092312373524,
                19.159092312373524,
                19.159092312373524,
                19.159092312373524,
                19.159092312373524,
                19.159092312373524,
                19.159092312373524,
                18.94381791566235,
                18.94381791566235,
                18.943817915662343,
                18.94381791566235,
                18.943817915662343,
                18.94381791566235,
                18.94381791566235,
                18.94381791566235,
                18.94381791566235,
                18.94381791566235,
                18.94381791566235,
                18.94381791566235,
                18.94381791566235
            ],
            "Node_3": [
                -0.025568622482705503,
                3.7826474549007134,
                7.32917028633063,
                10.332041030642147,
                12.538350546916119,
                13.976673745027954,
                14.949408800374199,
                15.763336365340795,
                16.768330808618447,
                17.858372046989544,
                18.60156328069058,
                19.030222154227165,
                19.170335363688,
                19.30040067061528,
                19.353481149304,
                18.982546406670192,
                18.68855821447829,
                18.665256698093597,
                18.781335815956943,
                18.98945819732977,
                19.181329113014893,
                19.266856279386435,
                19.181136606506687,
                18.65986393427363,
                17.76879079509621,
                17.232514082740767,
                15.985135347001497,
                15.053006809308906,
                14.030595213449496,
                12.127793946874847,
                9.014790064857689,
                4.790544889382757,
                -0.025568622482705503,
                -0.025568622482705503,
                -0.025568622482705503,
                -0.025568622482705503,
                -0.025568622482705503,
                -0.025568622482705503,
                -0.025568622482705503,
                -0.025568622482705503,
                -0.025568622482705503,
                -0.025568622482705503,
                -0.025568622482705503,
                -0.025568622482705503,
                -0.025568622482705503,
                3.7826474549007134,
                7.32917028633063,
                10.332041030642147,
                12.538350546916119,
                13.976673745027954,
                14.949408800374199,
                15.763336365340795,
                16.768330808618447,
                17.858372046989544,
                18.60156328069058,
                19.030222154227165,
                19.170335363688,
                19.30040067061528,
                19.353481149304,
                18.982546406670192,
                18.68855821447829,
                18.665256698093597,
                18.781335815956943,
                18.98945819732977,
                19.181329113014893,
                19.266856279386435,
                19.181136606506687,
                18.65986393427363,
                17.76879079509621,
                17.232514082740767,
                15.985135347001497,
                15.053006809308906,
                14.030595213449496,
                12.127793946874847,
                9.014790064857689,
                4.790544889382757,
                -0.025568622482705503,
                19.170335363688,
                19.170335363688,
                19.170335363688,
                19.170335363688,
                19.170335363688,
                19.170335363688,
                19.170335363688,
                19.170335363688,
                19.170335363688,
                19.170335363688,
                19.170335363688,
                19.170335363688,
                19.170335363688,
                19.266856279386435,
                19.266856279386435,
                19.26685627938644,
                19.266856279386435,
                19.26685627938644,
                19.266856279386435,
                19.266856279386435,
                19.266856279386435,
                19.266856279386435,
                19.266856279386435,
                19.266856279386435,
                19.266856279386435,
                19.266856279386435
            ],
            "Node_4": [
                11.711845754435835,
                11.868036584416988,
                12.310143628014439,
                12.995511530878016,
                13.863998148593835,
                14.850040832801888,
                15.883677262294661,
                16.909662572581883,
                17.884503638692003,
                18.766982935036346,
                19.490187540888584,
                19.964981669510088,
                20.129924148095505,
                19.882092766299568,
                19.513641927945407,
                19.526223064651568,
                19.57124486404153,
                19.587222224050354,
                19.56588146899071,
                19.495497253087642,
                19.37272783596213,
                19.308335959381285,
                19.49093430297628,
                19.58355661838823,
                19.31984262803913,
                18.57649986667455,
                17.463287528289086,
                16.12035221040767,
                14.749122077550549,
                13.603965019339096,
                12.636045405316178,
                11.962409503617886,
                11.711845754435835,
                11.711845754435835,
                11.711845754435835,
                11.711845754435835,
                11.711845754435835,
                11.711845754435835,
                11.711845754435835,
                11.711845754435835,
                11.711845754435835,
                11.711845754435835,
                11.711845754435835,
                11.711845754435835,
                11.711845754435835,
                11.868036584416988,
                12.310143628014439,
                12.995511530878016,
                13.863998148593835,
                14.850040832801888,
                15.883677262294661,
                16.909662572581883,
                17.884503638692003,
                18.766982935036346,
                19.490187540888584,
                19.964981669510088,
                20.129924148095505,
                19.882092766299568,
                19.513641927945407,
                19.526223064651568,
                19.57124486404153,
                19.587222224050354,
                19.56588146899071,
                19.495497253087642,
                19.37272783596213,
                19.308335959381285,
                19.49093430297628,
                19.58355661838823,
                19.31984262803913,
                18.57649986667455,
                17.463287528289086,
                16.12035221040767,
                14.749122077550549,
                13.603965019339096,
                12.636045405316178,
                11.962409503617886,
                11.711845754435835,
                20.129924148095505,
                20.129924148095505,
                20.129924148095505,
                20.129924148095505,
                20.129924148095505,
                20.129924148095505,
                20.129924148095505,
                20.129924148095505,
                20.129924148095505,
                20.129924148095505,
                20.129924148095505,
                20.129924148095505,
                20.129924148095505,
                19.308335959381285,
                19.308335959381285,
                19.308335959381292,
                19.308335959381285,
                19.308335959381292,
                19.308335959381285,
                19.308335959381285,
                19.308335959381285,
                19.308335959381285,
                19.308335959381285,
                19.308335959381285,
                19.308335959381285,
                19.308335959381285
            ],
            "Node_5": [
                11.724035235806161,
                12.049462974013545,
                12.842867107803883,
                13.80485054234877,
                14.796569538308209,
                15.815652627886765,
                16.873788839818,
                17.92676860976074,
                18.89500794736767,
                19.693290767879493,
                20.268299099291912,
                20.60556814102896,
                20.714768874369767,
                20.933433886662552,
                21.287490637737964,
                21.656861244171914,
                22.04116090933019,
                22.44294155563873,
                22.851589788662096,
                23.23938804542181,
                23.547632022353174,
                23.735870932976628,
                22.91607797448892,
                21.719922613061488,
                20.284948778773213,
                18.91693329517005,
                17.945090814335625,
                17.01526362022836,
                15.879165555712845,
                14.626400849047695,
                13.356018042759231,
                12.226558521777836,
                11.724035235806161,
                11.724035235806161,
                11.724035235806161,
                11.724035235806161,
                11.724035235806161,
                11.724035235806161,
                11.724035235806161,
                11.724035235806161,
                11.724035235806161,
                11.724035235806161,
                11.724035235806161,
                11.724035235806161,
                11.724035235806161,
                12.049462974013545,
                12.842867107803883,
                13.80485054234877,
                14.796569538308209,
                15.815652627886765,
                16.873788839818,
                17.92676860976074,
                18.89500794736767,
                19.693290767879493,
                20.268299099291912,
                20.60556814102896,
                20.714768874369767,
                20.933433886662552,
                21.287490637737964,
                21.656861244171914,
                22.04116090933019,
                22.44294155563873,
                22.851589788662096,
                23.23938804542181,
                23.547632022353174,
                23.735870932976628,
                22.91607797448892,
                21.719922613061488,
                20.284948778773213,
                18.91693329517005,
                17.945090814335625,
                17.01526362022836,
                15.879165555712845,
                14.626400849047695,
                13.356018042759231,
                12.226558521777836,
                11.724035235806161,
                20.714768874369767,
                20.714768874369767,
                20.714768874369767,
                20.714768874369767,
                20.714768874369767,
                20.714768874369767,
                20.714768874369767,
                20.714768874369767,
                20.714768874369767,
                20.714768874369767,
                20.714768874369767,
                20.714768874369767,
                20.714768874369767,
                23.735870932976628,
                23.735870932976628,
                23.73587093297662,
                23.735870932976628,
                23.73587093297662,
                23.735870932976628,
                23.735870932976628,
                23.735870932976628,
                23.735870932976628,
                23.735870932976628,
                23.735870932976628,
                23.735870932976628,
                23.735870932976628
            ],
            "Node_6": [
                17.916948821227464,
                17.677125508914955,
                17.398148259742886,
                17.303856164278113,
                17.503820616415183,
                18.076673703847696,
                18.99773413015009,
                20.141802483019987,
                21.320702641240256,
                22.132319273191726,
                22.595540952232813,
                22.900207662622417,
                23.007033687918028,
                22.910561473761817,
                22.789684537608224,
                22.77754777128143,
                22.87307793222605,
                23.034112421419884,
                23.226742560032157,
                23.437870626708353,
                23.679770560126492,
                23.763910097235502,
                23.90482448222988,
                23.728502260571823,
                23.10353896142129,
                22.05277328281522,
                20.712253539640077,
                19.30317522036193,
                18.115447668375744,
                17.422418841326422,
                17.30186512867002,
                17.579994663362903,
                17.916948821227464,
                17.916948821227464,
                17.916948821227464,
                17.916948821227464,
                17.916948821227464,
                17.916948821227464,
                17.916948821227464,
                17.916948821227464,
                17.916948821227464,
                17.916948821227464,
                17.916948821227464,
                17.916948821227464,
                17.916948821227464,
                17.677125508914955,
                17.398148259742886,
                17.303856164278113,
                17.503820616415183,
                18.076673703847696,
                18.99773413015009,
                20.141802483019987,
                21.320702641240256,
                22.132319273191726,
                22.595540952232813,
                22.900207662622417,
                23.007033687918028,
                22.910561473761817,
                22.789684537608224,
                22.77754777128143,
                22.87307793222605,
                23.034112421419884,
                23.226742560032157,
                23.437870626708353,
                23.679770560126492,
                23.763910097235502,
                23.90482448222988,
                23.728502260571823,
                23.10353896142129,
                22.05277328281522,
                20.712253539640077,
                19.30317522036193,
                18.115447668375744,
                17.422418841326422,
                17.30186512867002,
                17.579994663362903,
                17.916948821227464,
                23.007033687918028,
                23.007033687918028,
                23.007033687918028,
                23.007033687918028,
                23.007033687918028,
                23.007033687918028,
                23.007033687918028,
                23.007033687918028,
                23.007033687918028,
                23.007033687918028,
                23.007033687918028,
                23.007033687918028,
                23.007033687918028,
                23.763910097235502,
                23.763910097235502,
                23.7639100972355,
                23.763910097235502,
                23.7639100972355,
                23.763910097235502,
                23.763910097235502,
                23.763910097235502,
                23.763910097235502,
                23.763910097235502,
                23.763910097235502,
                23.763910097235502,
                23.763910097235502
            ],
            "Node_7": [
                17.935932015708595,
                18.004550963044125,
                18.244332433505207,
                18.62022204766296,
                19.10370051283498,
                19.667540408959507,
                20.28680736472174,
                20.93185977864312,
                21.564042766727503,
                22.359462857724825,
                23.164815442858313,
                23.759450738046343,
                24.10336254708382,
                24.334941258088346,
                24.56465927085856,
                24.615700833943954,
                24.65003630197453,
                24.647951046854004,
                24.584816633779905,
                24.43823516728385,
                24.196735034720376,
                24.036200731840225,
                24.359841401268067,
                24.583505170417894,
                24.56352082616035,
                23.917669087872355,
                22.617952473937393,
                21.145754595238575,
                19.91976002004903,
                19.04247042984396,
                18.43484289223798,
                18.060127813388036,
                17.935932015708595,
                17.935932015708595,
                17.935932015708595,
                17.935932015708595,
                17.935932015708595,
                17.935932015708595,
                17.935932015708595,
                17.935932015708595,
                17.935932015708595,
                17.935932015708595,
                17.935932015708595,
                17.935932015708595,
                17.935932015708595,
                18.004550963044125,
                18.244332433505207,
                18.62022204766296,
                19.10370051283498,
                19.667540408959507,
                20.28680736472174,
                20.93185977864312,
                21.564042766727503,
                22.359462857724825,
                23.164815442858313,
                23.759450738046343,
                24.10336254708382,
                24.334941258088346,
                24.56465927085856,
                24.615700833943954,
                24.65003630197453,
                24.647951046854004,
                24.584816633779905,
                24.43823516728385,
                24.196735034720376,
                24.036200731840225,
                24.359841401268067,
                24.583505170417894,
                24.56352082616035,
                23.917669087872355,
                22.617952473937393,
                21.145754595238575,
                19.91976002004903,
                19.04247042984396,
                18.43484289223798,
                18.060127813388036,
                17.935932015708595,
                24.10336254708382,
                24.10336254708382,
                24.10336254708382,
                24.10336254708382,
                24.10336254708382,
                24.10336254708382,
                24.10336254708382,
                24.10336254708382,
                24.10336254708382,
                24.10336254708382,
                24.10336254708382,
                24.10336254708382,
                24.10336254708382,
                24.036200731840225,
                24.036200731840225,
                24.036200731840246,
                24.036200731840225,
                24.036200731840246,
                24.036200731840225,
                24.036200731840225,
                24.036200731840225,
                24.036200731840225,
                24.036200731840225,
                24.036200731840225,
                24.036200731840225,
                24.036200731840225
            ],
            "Node_8": [
                18.520929795329742,
                18.9510436977618,
                19.817656914933753,
                21.057768499021357,
                22.662906671126233,
                24.423349910764195,
                25.980329910343134,
                26.705447040462886,
                26.435799788293416,
                25.91481254085308,
                25.3680919263572,
                24.857574195832207,
                24.52493219732105,
                24.546474886605747,
                24.895879245953008,
                25.57060535672605,
                26.319400694636457,
                27.088511982830315,
                27.824540504790793,
                28.473519489919706,
                28.990358574967132,
                29.292460103229615,
                28.74497889616597,
                28.02804618273657,
                27.334550977656214,
                27.096295497948837,
                27.37502323367729,
                26.317558854846837,
                24.381957133903974,
                22.246620672457773,
                20.414884472939086,
                19.14770823295597,
                18.520929795329742,
                18.520929795329742,
                18.520929795329742,
                18.520929795329742,
                18.520929795329742,
                18.520929795329742,
                18.520929795329742,
                18.520929795329742,
                18.520929795329742,
                18.520929795329742,
                18.520929795329742,
                18.520929795329742,
                18.520929795329742,
                18.9510436977618,
                19.817656914933753,
                21.057768499021357,
                22.662906671126233,
                24.423349910764195,
                25.980329910343134,
                26.705447040462886,
                26.435799788293416,
                25.91481254085308,
                25.3680919263572,
                24.857574195832207,
                24.52493219732105,
                24.546474886605747,
                24.895879245953008,
                25.57060535672605,
                26.319400694636457,
                27.088511982830315,
                27.824540504790793,
                28.473519489919706,
                28.990358574967132,
                29.292460103229615,
                28.74497889616597,
                28.02804618273657,
                27.334550977656214,
                27.096295497948837,
                27.37502323367729,
                26.317558854846837,
                24.381957133903974,
                22.246620672457773,
                20.414884472939086,
                19.14770823295597,
                18.520929795329742,
                24.52493219732105,
                24.52493219732105,
                24.52493219732105,
                24.52493219732105,
                24.52493219732105,
                24.52493219732105,
                24.52493219732105,
                24.52493219732105,
                24.52493219732105,
                24.52493219732105,
                24.52493219732105,
                24.52493219732105,
                24.52493219732105,
                29.292460103229615,
                29.292460103229615,
                29.292460103229615,
                29.292460103229615,
                29.292460103229615,
                29.292460103229615,
                29.292460103229615,
                29.292460103229615,
                29.292460103229615,
                29.292460103229615,
                29.292460103229615,
                29.292460103229615,
                29.292460103229615
            ],
            "Node_9": [
                29.782938243036178,
                29.767696403194638,
                29.694622333141467,
                29.509386182970267,
                29.18607778262784,
                28.760297623951256,
                28.367207878355167,
                28.486764816232135,
                29.204891111857528,
                29.772046473495596,
                30.051237877179275,
                30.139927875431585,
                30.15354810171961,
                30.15615346495565,
                30.15798816242432,
                30.146831660048143,
                30.11185240131944,
                30.0441457229198,
                29.935986359946234,
                29.7819674544997,
                29.57800214147756,
                29.37429874116972,
                29.60600564484132,
                29.525635101230588,
                29.23271175246318,
                28.713484151898623,
                27.84934465329809,
                28.052531528357438,
                28.688036913868586,
                29.233827211195326,
                29.58835918890123,
                29.746380779325087,
                29.782938243036178,
                29.782938243036178,
                29.782938243036178,
                29.782938243036178,
                29.782938243036178,
                29.782938243036178,
                29.782938243036178,
                29.782938243036178,
                29.782938243036178,
                29.782938243036178,
                29.782938243036178,
                29.782938243036178,
                29.782938243036178,
                29.767696403194638,
                29.694622333141467,
                29.509386182970267,
                29.18607778262784,
                28.760297623951256,
                28.367207878355167,
                28.486764816232135,
                29.204891111857528,
                29.772046473495596,
                30.051237877179275,
                30.139927875431585,
                30.15354810171961,
                30.15615346495565,
                30.15798816242432,
                30.146831660048143,
                30.11185240131944,
                30.0441457229198,
                29.935986359946234,
                29.7819674544997,
                29.57800214147756,
                29.37429874116972,
                29.60600564484132,
                29.525635101230588,
                29.23271175246318,
                28.713484151898623,
                27.84934465329809,
                28.052531528357438,
                28.688036913868586,
                29.233827211195326,
                29.58835918890123,
                29.746380779325087,
                29.782938243036178,
                30.15354810171961,
                30.15354810171961,
                30.15354810171961,
                30.15354810171961,
                30.15354810171961,
                30.15354810171961,
                30.15354810171961,
                30.15354810171961,
                30.15354810171961,
                30.15354810171961,
                30.15354810171961,
                30.15354810171961,
                30.15354810171961,
                29.37429874116972,
                29.37429874116972,
                29.37429874116971,
                29.37429874116972,
                29.37429874116971,
                29.37429874116972,
                29.37429874116972,
                29.37429874116972,
                29.37429874116972,
                29.37429874116972,
                29.37429874116972,
                29.37429874116972,
                29.37429874116972
            ],
            "Node_10": [
                53.016376067318355,
                53.07903781178244,
                53.2382276881278,
                52.85802052051051,
                52.665729648367495,
                52.71946175842452,
                52.98376207745871,
                53.40486706697041,
                53.87580504891238,
                54.25921569807905,
                54.53026529661147,
                54.70968909572155,
                54.77546662840309,
                54.813741277422146,
                54.91731959208043,
                55.05902895901213,
                55.208008348108315,
                55.34066918334786,
                55.44845564643637,
                55.531813243408976,
                55.588500691861455,
                55.57316762162648,
                55.278807777930375,
                54.87443466424331,
                54.42774420100674,
                53.9421250053463,
                53.410590544002424,
                52.89528187399552,
                52.58137842854078,
                52.63195556345232,
                53.02115948865463,
                53.093537024584286,
                53.016376067318355,
                53.016376067318355,
                53.016376067318355,
                53.016376067318355,
                53.016376067318355,
                53.016376067318355,
                53.016376067318355,
                53.016376067318355,
                53.016376067318355,
                53.016376067318355,
                53.016376067318355,
                53.016376067318355,
                53.016376067318355,
                53.07903781178244,
                53.2382276881278,
                52.85802052051051,
                52.665729648367495,
                52.71946175842452,
                52.98376207745871,
                53.40486706697041,
                53.87580504891238,
                54.25921569807905,
                54.53026529661147,
                54.70968909572155,
                54.77546662840309,
                54.813741277422146,
                54.91731959208043,
                55.05902895901213,
                55.208008348108315,
                55.34066918334786,
                55.44845564643637,
                55.531813243408976,
                55.588500691861455,
                55.57316762162648,
                55.278807777930375,
                54.87443466424331,
                54.42774420100674,
                53.9421250053463,
                53.410590544002424,
                52.89528187399552,
                52.58137842854078,
                52.63195556345232,
                53.02115948865463,
                53.093537024584286,
                53.016376067318355,
                54.77546662840309,
                54.77546662840309,
                54.77546662840309,
                54.77546662840309,
                54.77546662840309,
                54.77546662840309,
                54.77546662840309,
                54.77546662840309,
                54.77546662840309,
                54.77546662840309,
                54.77546662840309,
                54.77546662840309,
                54.77546662840309,
                55.57316762162648,
                55.57316762162648,
                55.57316762162651,
                55.57316762162648,
                55.57316762162651,
                55.57316762162648,
                55.57316762162648,
                55.57316762162648,
                55.57316762162648,
                55.57316762162648,
                55.57316762162648,
                55.57316762162648,
                55.57316762162648
            ],
            "Node_11": [
                53.904199571015006,
                53.71254542419105,
                53.308535923070544,
                53.58237862066676,
                53.898759344701126,
                54.17240392525594,
                54.430996574357124,
                54.71282947077202,
                55.06837056750423,
                55.57966422431359,
                56.100056003284884,
                56.27956847923278,
                56.329137962446566,
                56.301461606266294,
                56.251845803335264,
                56.23087733046887,
                56.26106328673455,
                56.339655367430176,
                56.259625137158615,
                56.066204319484825,
                55.902708731846474,
                55.80703452894402,
                55.86752018817836,
                55.81905992989315,
                55.55306088510957,
                55.22117415672215,
                54.92198422683175,
                54.63368097938564,
                54.31754960597832,
                53.89756881284124,
                53.4829347157832,
                53.66426224916702,
                53.904199571015006,
                53.904199571015006,
                53.904199571015006,
                53.904199571015006,
                53.904199571015006,
                53.904199571015006,
                53.904199571015006,
                53.904199571015006,
                53.904199571015006,
                53.904199571015006,
                53.904199571015006,
                53.904199571015006,
                53.904199571015006,
                53.71254542419105,
                53.308535923070544,
                53.58237862066676,
                53.898759344701126,
                54.17240392525594,
                54.430996574357124,
                54.71282947077202,
                55.06837056750423,
                55.57966422431359,
                56.100056003284884,
                56.27956847923278,
                56.329137962446566,
                56.301461606266294,
                56.251845803335264,
                56.23087733046887,
                56.26106328673455,
                56.339655367430176,
                56.259625137158615,
                56.066204319484825,
                55.902708731846474,
                55.80703452894402,
                55.86752018817836,
                55.81905992989315,
                55.55306088510957,
                55.22117415672215,
                54.92198422683175,
                54.63368097938564,
                54.31754960597832,
                53.89756881284124,
                53.4829347157832,
                53.66426224916702,
                53.904199571015006,
                56.329137962446566,
                56.329137962446566,
                56.329137962446566,
                56.329137962446566,
                56.329137962446566,
                56.329137962446566,
                56.329137962446566,
                56.329137962446566,
                56.329137962446566,
                56.329137962446566,
                56.329137962446566,
                56.329137962446566,
                56.329137962446566,
                55.80703452894402,
                55.80703452894402,
                55.807034528944044,
                55.80703452894402,
                55.807034528944044,
                55.80703452894402,
                55.80703452894402,
                55.80703452894402,
                55.80703452894402,
                55.80703452894402,
                55.80703452894402,
                55.80703452894402,
                55.80703452894402
            ],
            "Node_12": [
                54.9913628395602,
                54.943328979402125,
                54.843945583959766,
                54.805701926400126,
                54.911265551277936,
                55.116621272287304,
                55.33034501194512,
                55.548553965391605,
                55.77973951337528,
                56.01324776117699,
                56.31872074561413,
                56.876601823053676,
                57.33214089156891,
                57.28091680755253,
                57.15387539269379,
                56.96118954628945,
                56.72693304240556,
                56.484057686816115,
                56.448061690674855,
                56.56280872099699,
                56.669280903355634,
                56.757402546259456,
                56.85961916816172,
                56.997032826185894,
                57.071947760917865,
                56.46865530438863,
                55.80646459711778,
                55.278080817824,
                54.92292635084445,
                54.78124254670609,
                54.817388147371304,
                54.931340652480394,
                54.9913628395602,
                54.9913628395602,
                54.9913628395602,
                54.9913628395602,
                54.9913628395602,
                54.9913628395602,
                54.9913628395602,
                54.9913628395602,
                54.9913628395602,
                54.9913628395602,
                54.9913628395602,
                54.9913628395602,
                54.9913628395602,
                54.943328979402125,
                54.843945583959766,
                54.805701926400126,
                54.911265551277936,
                55.116621272287304,
                55.33034501194512,
                55.548553965391605,
                55.77973951337528,
                56.01324776117699,
                56.31872074561413,
                56.876601823053676,
                57.33214089156891,
                57.28091680755253,
                57.15387539269379,
                56.96118954628945,
                56.72693304240556,
                56.484057686816115,
                56.448061690674855,
                56.56280872099699,
                56.669280903355634,
                56.757402546259456,
                56.85961916816172,
                56.997032826185894,
                57.071947760917865,
                56.46865530438863,
                55.80646459711778,
                55.278080817824,
                54.92292635084445,
                54.78124254670609,
                54.817388147371304,
                54.931340652480394,
                54.9913628395602,
                57.33214089156891,
                57.33214089156891,
                57.33214089156891,
                57.33214089156891,
                57.33214089156891,
                57.33214089156891,
                57.33214089156891,
                57.33214089156891,
                57.33214089156891,
                57.33214089156891,
                57.33214089156891,
                57.33214089156891,
                57.33214089156891,
                56.757402546259456,
                56.757402546259456,
                56.757402546259456,
                56.757402546259456,
                56.757402546259456,
                56.757402546259456,
                56.757402546259456,
                56.757402546259456,
                56.757402546259456,
                56.757402546259456,
                56.757402546259456,
                56.757402546259456,
                56.757402546259456
            ],
            "Node_13": [
                55.48646454893461,
                55.391784314797206,
                55.24203256121367,
                55.16946624657968,
                55.20214628347878,
                55.32426298220598,
                55.52050814714275,
                55.848495388913506,
                56.446851853736014,
                57.264540864163735,
                57.82659967498304,
                57.732461402270495,
                57.42033140213222,
                57.50093332978779,
                57.67460954527891,
                57.861831397860385,
                58.00499217418706,
                58.08653384172701,
                58.12100160964293,
                58.13120368967368,
                58.127947769147895,
                58.09423899215839,
                57.91705430084716,
                57.59019858747663,
                57.10118013427167,
                56.69196085871119,
                56.04829804983856,
                55.51939469964123,
                55.20095370824974,
                55.077720771055674,
                55.1369464550813,
                55.33439145496646,
                55.48646454893461,
                55.48646454893461,
                55.48646454893461,
                55.48646454893461,
                55.48646454893461,
                55.48646454893461,
                55.48646454893461,
                55.48646454893461,
                55.48646454893461,
                55.48646454893461,
                55.48646454893461,
                55.48646454893461,
                55.48646454893461,
                55.391784314797206,
                55.24203256121367,
                55.16946624657968,
                55.20214628347878,
                55.32426298220598,
                55.52050814714275,
                55.848495388913506,
                56.446851853736014,
                57.264540864163735,
                57.82659967498304,
                57.732461402270495,
                57.42033140213222,
                57.50093332978779,
                57.67460954527891,
                57.861831397860385,
                58.00499217418706,
                58.08653384172701,
                58.12100160964293,
                58.13120368967368,
                58.127947769147895,
                58.09423899215839,
                57.91705430084716,
                57.59019858747663,
                57.10118013427167,
                56.69196085871119,
                56.04829804983856,
                55.51939469964123,
                55.20095370824974,
                55.077720771055674,
                55.1369464550813,
                55.33439145496646,
                55.48646454893461,
                57.42033140213222,
                57.42033140213222,
                57.42033140213222,
                57.42033140213222,
                57.42033140213222,
                57.42033140213222,
                57.42033140213222,
                57.42033140213222,
                57.42033140213222,
                57.42033140213222,
                57.42033140213222,
                57.42033140213222,
                57.42033140213222,
                58.09423899215839,
                58.09423899215839,
                58.094238992158395,
                58.09423899215839,
                58.094238992158395,
                58.09423899215839,
                58.09423899215839,
                58.09423899215839,
                58.09423899215839,
                58.09423899215839,
                58.09423899215839,
                58.09423899215839,
                58.09423899215839
            ],
            "Node_14": [
                57.26788756682323,
                57.34088689809805,
                57.41526451798357,
                57.47887235398674,
                57.564911536142596,
                57.68079748646133,
                57.81280216453978,
                57.94756638881367,
                58.08169006929548,
                58.20349100902663,
                58.43450257242446,
                58.76598465446541,
                58.84659669371842,
                58.8452903553293,
                58.841256155765876,
                58.83147892143349,
                58.81079086125701,
                58.77849025677982,
                58.7335976571,
                58.667125757167064,
                58.589781691649215,
                58.551894070502655,
                58.62389329910722,
                58.64826004568163,
                58.51266340304194,
                58.4132455804641,
                58.207897929737406,
                57.97891627463013,
                57.785979243873484,
                57.584208135966804,
                57.411322244078285,
                57.310982564859735,
                57.26788756682323,
                57.26788756682323,
                57.26788756682323,
                57.26788756682323,
                57.26788756682323,
                57.26788756682323,
                57.26788756682323,
                57.26788756682323,
                57.26788756682323,
                57.26788756682323,
                57.26788756682323,
                57.26788756682323,
                57.26788756682323,
                57.34088689809805,
                57.41526451798357,
                57.47887235398674,
                57.564911536142596,
                57.68079748646133,
                57.81280216453978,
                57.94756638881367,
                58.08169006929548,
                58.20349100902663,
                58.43450257242446,
                58.76598465446541,
                58.84659669371842,
                58.8452903553293,
                58.841256155765876,
                58.83147892143349,
                58.81079086125701,
                58.77849025677982,
                58.7335976571,
                58.667125757167064,
                58.589781691649215,
                58.551894070502655,
                58.62389329910722,
                58.64826004568163,
                58.51266340304194,
                58.4132455804641,
                58.207897929737406,
                57.97891627463013,
                57.785979243873484,
                57.584208135966804,
                57.411322244078285,
                57.310982564859735,
                57.26788756682323,
                58.84659669371842,
                58.84659669371842,
                58.84659669371842,
                58.84659669371842,
                58.84659669371842,
                58.84659669371842,
                58.84659669371842,
                58.84659669371842,
                58.84659669371842,
                58.84659669371842,
                58.84659669371842,
                58.84659669371842,
                58.84659669371842,
                58.551894070502655,
                58.551894070502655,
                58.551894070502655,
                58.551894070502655,
                58.551894070502655,
                58.551894070502655,
                58.551894070502655,
                58.551894070502655,
                58.551894070502655,
                58.551894070502655,
                58.551894070502655,
                58.551894070502655,
                58.551894070502655
            ],
            "Node_15": [
                57.43839760032165,
                57.50528227000735,
                57.744758707017525,
                58.07676107516524,
                58.442693421883924,
                58.76449816623607,
                58.963247733052384,
                59.02941536441276,
                59.01706244289354,
                59.002234044494095,
                59.07516510346568,
                59.32049271867519,
                59.484146699518064,
                59.47302689399855,
                59.44259374143894,
                59.39931850875669,
                59.350190996806234,
                59.3024117331197,
                59.268542596903316,
                59.268223637687896,
                59.306655898744495,
                59.36451133511136,
                59.42736326990571,
                59.378668203656204,
                59.22737007458276,
                59.10083514692045,
                59.16937757805689,
                59.19565221801436,
                59.008444747220814,
                58.62007538835452,
                58.1326929533547,
                57.66390760306688,
                57.43839760032165,
                57.43839760032165,
                57.43839760032165,
                57.43839760032165,
                57.43839760032165,
                57.43839760032165,
                57.43839760032165,
                57.43839760032165,
                57.43839760032165,
                57.43839760032165,
                57.43839760032165,
                57.43839760032165,
                57.43839760032165,
                57.50528227000735,
                57.744758707017525,
                58.07676107516524,
                58.442693421883924,
                58.76449816623607,
                58.963247733052384,
                59.02941536441276,
                59.01706244289354,
                59.002234044494095,
                59.07516510346568,
                59.32049271867519,
                59.484146699518064,
                59.47302689399855,
                59.44259374143894,
                59.39931850875669,
                59.350190996806234,
                59.3024117331197,
                59.268542596903316,
                59.268223637687896,
                59.306655898744495,
                59.36451133511136,
                59.42736326990571,
                59.378668203656204,
                59.22737007458276,
                59.10083514692045,
                59.16937757805689,
                59.19565221801436,
                59.008444747220814,
                58.62007538835452,
                58.1326929533547,
                57.66390760306688,
                57.43839760032165,
                59.484146699518064,
                59.484146699518064,
                59.484146699518064,
                59.484146699518064,
                59.484146699518064,
                59.484146699518064,
                59.484146699518064,
                59.484146699518064,
                59.484146699518064,
                59.484146699518064,
                59.484146699518064,
                59.484146699518064,
                59.484146699518064,
                59.36451133511136,
                59.36451133511136,
                59.36451133511136,
                59.36451133511136,
                59.36451133511136,
                59.36451133511136,
                59.36451133511136,
                59.36451133511136,
                59.36451133511136,
                59.36451133511136,
                59.36451133511136,
                59.36451133511136,
                59.36451133511136
            ]
        }
    },
    "Phonon_DOS": {
        "DOS": [
            0.0,
            0.002,
            0.0,
            0.0,
            0.004,
            0.0,
            0.0,
            0.004,
            0.0,
            0.004,
            0.004,
            0.005333333333333333,
            0.0026666666666666666,
            0.005333333333333333,
            0.016,
            0.012,
            0.017333333333333333,
            0.029333333333333333,
            0.03333333333333333,
            0.07266666666666667,
            0.06066666666666667,
            0.06266666666666666,
            0.02666666666666667,
            0.029333333333333333,
            0.03133333333333333,
            0.02666666666666667,
            0.032,
            0.012,
            0.02,
            0.018666666666666668,
            0.021333333333333333,
            0.034,
            0.012666666666666666,
            0.0,
            0.0,
            0.0,
            0.0,
            0.0,
            0.0,
            0.0,
            0.0,
            0.0,
            0.0,
            0.0,
            0.0,
            0.0,
            0.0,
            0.0,
            0.0,
            0.0,
            0.0,
            0.0,
            0.0,
            0.0,
            0.013333333333333334,
            0.024,
            0.052000000000000005,
            0.08266666666666668,
            0.054000000000000006,
            0.064,
            0.06133333333333334,
            0.048,
            0.0006666666666666666,
            0.0
        ],
        "Energy(meV)": [
            -1.5,
            -0.5,
            0.5,
            1.5,
            2.5,
            3.5,
            4.5,
            5.5,
            6.5,
            7.5,
            8.5,
            9.5,
            10.5,
            11.5,
            12.5,
            13.5,
            14.5,
            15.5,
            16.5,
            17.5,
            18.5,
            19.5,
            20.5,
            21.5,
            22.5,
            23.5,
            24.5,
            25.5,
            26.5,
            27.5,
            28.5,
            29.5,
            30.5,
            31.5,
            32.5,
            33.5,
            34.5,
            35.5,
            36.5,
            37.5,
            38.5,
            39.5,
            40.5,
            41.5,
            42.5,
            43.5,
            44.5,
            45.5,
            46.5,
            47.5,
            48.5,
            49.5,
            50.5,
            51.5,
            52.5,
            53.5,
            54.5,
            55.5,
            56.5,
            57.5,
            58.5,
            59.5,
            60.5,
            61.5
        ]
    }
}